zip_code,carrier_code,das_type
01002,01,DAS
01002,02,DAS
01005,01,EDAS
01005,02,EDAS
01007,01,DAS
01007,02,DAS
01008,01,EDAS
01008,02,EDAS
01010,01,DAS
01010,02,DAS
01011,01,EDAS
01011,02,EDAS
01012,01,EDAS
01012,02,EDAS
01026,01,REM
01026,02,REM
01029,01,DAS
01029,02,DAS
01031,01,EDAS
01031,02,EDAS
01032,01,DAS
01032,02,DAS
01033,01,EDAS
01033,02,DAS
01034,01,EDAS
01034,02,EDAS
01036,01,DAS
01036,02,DAS
01037,01,EDAS
01037,02,EDAS
01038,01,DAS
01038,02,DAS
01039,01,DAS
01039,02,DAS
01050,01,EDAS
01050,02,EDAS
01054,01,EDAS
01054,02,EDAS
01056,01,DAS
01056,02,DAS
01057,01,DAS
01057,02,DAS
01062,01,DAS
01066,01,EDAS
01066,02,EDAS
01068,01,EDAS
01068,02,EDAS
01069,01,DAS
01069,02,DAS
01070,01,EDAS
01070,02,EDAS
01071,01,EDAS
01071,02,EDAS
01072,01,REM
01072,02,REM
01073,01,DAS
01073,02,DAS
01074,01,EDAS
01074,02,EDAS
01077,01,DAS
01079,01,DAS
01079,02,DAS
01080,01,DAS
01080,02,DAS
01081,01,EDAS
01081,02,EDAS
01082,01,DAS
01082,02,DAS
01083,01,DAS
01083,02,DAS
01084,01,EDAS
01084,02,EDAS
01088,01,DAS
01088,02,DAS
01092,01,EDAS
01092,02,EDAS
01093,01,DAS
01093,02,DAS
01094,01,DAS
01094,02,DAS
01096,01,EDAS
01096,02,EDAS
01097,01,DAS
01097,02,DAS
01098,01,EDAS
01098,02,EDAS
01220,01,DAS
01220,02,DAS
01222,01,EDAS
01222,02,EDAS
01223,01,EDAS
01223,02,EDAS
01224,01,DAS
01224,02,DAS
01225,01,DAS
01225,02,DAS
01226,01,DAS
01226,02,DAS
01227,01,DAS
01227,02,DAS
01229,01,EDAS
01229,02,EDAS
01230,01,EDAS
01230,02,EDAS
01235,01,EDAS
01235,02,EDAS
01236,01,DAS
01236,02,DAS
01237,01,EDAS
01237,02,EDAS
01240,01,DAS
01240,02,DAS
01243,01,EDAS
01243,02,EDAS
01244,01,EDAS
01244,02,EDAS
01245,01,EDAS
01245,02,EDAS
01247,01,DAS
01247,02,DAS
01252,01,DAS
01252,02,DAS
01253,01,EDAS
01253,02,EDAS
01254,01,EDAS
01254,02,EDAS
01255,01,EDAS
01255,02,EDAS
01256,01,EDAS
01256,02,EDAS
01257,01,DAS
01257,02,DAS
01258,01,EDAS
01258,02,EDAS
01259,01,EDAS
01259,02,EDAS
01260,01,DAS
01260,02,DAS
01262,01,EDAS
01262,02,EDAS
01263,01,EDAS
01263,02,EDAS
01264,01,EDAS
01264,02,EDAS
01266,01,EDAS
01266,02,EDAS
01267,01,DAS
01267,02,DAS
01270,01,EDAS
01270,02,EDAS
01330,01,EDAS
01330,02,EDAS
01331,01,DAS
01331,02,DAS
01337,01,DAS
01337,02,DAS
01338,01,DAS
01338,02,DAS
01339,01,EDAS
01339,02,EDAS
01340,01,EDAS
01340,02,EDAS
01341,01,EDAS
01341,02,EDAS
01343,01,EDAS
01343,02,EDAS
01344,01,EDAS
01344,02,EDAS
01346,01,EDAS
01346,02,EDAS
01349,01,DAS
01349,02,DAS
01350,01,EDAS
01350,02,EDAS
01351,01,DAS
01351,02,DAS
01355,01,EDAS
01355,02,EDAS
01360,01,EDAS
01360,02,EDAS
01364,01,DAS
01364,02,DAS
01366,01,EDAS
01366,02,EDAS
01367,01,EDAS
01367,02,EDAS
01368,01,REM
01368,02,REM
01370,01,EDAS
01370,02,EDAS
01375,01,DAS
01375,02,DAS
01376,01,DAS
01376,02,DAS
01378,01,EDAS
01378,02,EDAS
01379,01,EDAS
01379,02,EDAS
01380,01,DAS
01380,02,DAS
01420,01,DAS
01420,02,DAS
01430,01,DAS
01430,02,DAS
01431,01,DAS
01431,02,DAS
01432,01,DAS
01432,02,DAS
01436,01,DAS
01436,02,DAS
01438,01,DAS
01438,02,DAS
01450,01,DAS
01450,02,DAS
01451,01,DAS
01451,02,DAS
01452,01,EDAS
01452,02,EDAS
01462,01,DAS
01462,02,DAS
01463,01,DAS
01463,02,DAS
01464,01,DAS
01464,02,DAS
01468,01,DAS
01468,02,DAS
01469,01,DAS
01469,02,DAS
01470,01,DAS
01470,02,DAS
01471,01,DAS
01471,02,DAS
01473,01,DAS
01473,02,DAS
01474,01,DAS
01474,02,DAS
01475,01,EDAS
01475,02,EDAS
01503,01,DAS
01503,02,DAS
01504,01,DAS
01504,02,DAS
01506,01,DAS
01506,02,DAS
01507,01,EDAS
01507,02,EDAS
01509,01,DAS
01509,02,DAS
01515,01,DAS
01515,02,DAS
01516,01,DAS
01516,02,DAS
01518,01,DAS
01518,02,DAS
01520,01,DAS
01521,01,DAS
01521,02,DAS
01522,01,DAS
01522,02,DAS
01523,01,DAS
01523,02,DAS
01529,01,DAS
01529,02,DAS
01531,01,EDAS
01531,02,EDAS
01535,01,DAS
01535,02,DAS
01541,01,DAS
01541,02,DAS
01542,01,DAS
01542,02,DAS
01543,01,EDAS
01543,02,DAS
01550,01,DAS
01550,02,DAS
01561,01,EDAS
01561,02,EDAS
01562,01,DAS
01562,02,DAS
01566,01,DAS
01566,02,DAS
01568,01,DAS
01568,02,DAS
01585,01,EDAS
01585,02,EDAS
01590,01,DAS
01590,02,DAS
01611,01,DAS
01611,02,DAS
01612,01,DAS
01612,02,DAS
01720,01,DAS
01720,02,DAS
01741,01,DAS
01741,02,DAS
01754,01,DAS
01754,02,DAS
01756,01,EDAS
01756,02,EDAS
01770,01,DAS
01770,02,DAS
01773,01,DAS
01773,02,DAS
01775,01,DAS
01775,02,DAS
01826,01,DAS
01826,02,DAS
01827,01,DAS
01827,02,DAS
01830,01,DAS
01830,02,DAS
01832,01,DAS
01832,02,DAS
01833,01,DAS
01833,02,DAS
01860,01,DAS
01860,02,DAS
01879,01,DAS
01879,02,DAS
01885,01,EDAS
01885,02,EDAS
01921,01,DAS
01921,02,DAS
01922,01,DAS
01922,02,DAS
01929,01,DAS
01929,02,DAS
01930,01,DAS
01930,02,DAS
01936,01,DAS
01936,02,DAS
01938,01,DAS
01938,02,DAS
01944,01,DAS
01944,02,DAS
01949,01,DAS
01949,02,DAS
01950,01,DAS
01950,02,DAS
01951,01,DAS
01951,02,DAS
01952,01,DAS
01952,02,DAS
01966,01,DAS
01966,02,DAS
01969,01,DAS
01969,02,DAS
01982,01,DAS
01982,02,DAS
01983,01,DAS
01983,02,DAS
01985,01,DAS
01985,02,DAS
02025,01,DAS
02025,02,DAS
02030,01,DAS
02030,02,DAS
02031,01,DAS
02031,02,DAS
02045,01,DAS
02045,02,DAS
02047,01,EDAS
02047,02,EDAS
02053,01,DAS
02053,02,DAS
02054,01,DAS
02054,02,DAS
02056,01,DAS
02056,02,DAS
02066,01,DAS
02066,02,DAS
02108,01,DAS
02108,02,DAS
02109,01,DAS
02109,02,DAS
02110,01,DAS
02110,02,DAS
02111,01,DAS
02113,01,DAS
02114,01,DAS
02116,01,DAS
02127,01,DAS
02127,02,DAS
02203,01,DAS
02203,02,DAS
02210,01,DAS
02210,02,DAS
02269,01,DAS
02269,02,DAS
02330,01,DAS
02330,02,DAS
02332,01,DAS
02332,02,DAS
02338,01,DAS
02338,02,DAS
02341,01,DAS
02341,02,DAS
02347,01,DAS
02347,02,DAS
02364,01,DAS
02364,02,DAS
02366,01,DAS
02366,02,DAS
02367,01,DAS
02367,02,DAS
02493,01,DAS
02534,01,DAS
02534,02,DAS
02535,01,REM
02535,02,REM
02536,01,DAS
02536,02,DAS
02538,01,DAS
02538,02,DAS
02539,01,REM
02539,02,REM
02540,01,DAS
02540,02,DAS
02541,01,DAS
02541,02,DAS
02542,01,DAS
02542,02,DAS
02552,01,REM
02552,02,REM
02554,01,REM
02554,02,REM
02557,01,REM
02557,02,REM
02563,01,DAS
02564,01,REM
02564,02,REM
02568,01,REM
02568,02,REM
02574,01,EDAS
02574,02,EDAS
02575,01,REM
02575,02,REM
02584,01,REM
02584,02,REM
02630,01,DAS
02630,02,DAS
02631,01,DAS
02631,02,DAS
02633,01,DAS
02633,02,DAS
02635,01,DAS
02635,02,DAS
02638,01,DAS
02638,02,DAS
02639,01,DAS
02639,02,DAS
02641,01,DAS
02641,02,DAS
02642,01,DAS
02642,02,DAS
02643,01,DAS
02643,02,DAS
02645,01,DAS
02645,02,DAS
02646,01,DAS
02646,02,DAS
02647,01,DAS
02647,02,DAS
02648,01,DAS
02648,02,DAS
02650,01,DAS
02650,02,DAS
02651,01,DAS
02651,02,DAS
02652,01,DAS
02652,02,DAS
02653,01,DAS
02653,02,DAS
02655,01,DAS
02655,02,DAS
02657,01,DAS
02657,02,DAS
02659,01,DAS
02659,02,DAS
02660,01,DAS
02660,02,DAS
02662,01,DAS
02662,02,DAS
02663,01,EDAS
02663,02,EDAS
02666,01,EDAS
02666,02,EDAS
02667,01,EDAS
02667,02,EDAS
02668,01,DAS
02668,02,DAS
02669,01,DAS
02669,02,DAS
02670,01,DAS
02670,02,DAS
02671,01,DAS
02671,02,DAS
02675,01,DAS
02675,02,DAS
02702,01,DAS
02702,02,DAS
02713,01,EDAS
02713,02,EDAS
02715,01,DAS
02715,02,DAS
02717,01,DAS
02717,02,DAS
02722,01,DAS
02722,02,DAS
02739,01,DAS
02739,02,DAS
02743,01,DAS
02743,02,DAS
02744,01,DAS
02744,02,DAS
02748,01,DAS
02748,02,DAS
02769,01,EDAS
02769,02,EDAS
02770,01,EDAS
02770,02,EDAS
02777,01,DAS
02777,02,DAS
02779,01,DAS
02779,02,DAS
02790,01,DAS
02790,02,DAS
02791,01,EDAS
02791,02,EDAS
02801,02,DAS
02804,01,DAS
02804,02,DAS
02807,01,REM
02807,02,REM
02808,01,EDAS
02808,02,EDAS
02812,01,DAS
02812,02,DAS
02813,01,EDAS
02813,02,EDAS
02814,01,DAS
02814,02,DAS
02815,01,EDAS
02815,02,EDAS
02816,01,DAS
02816,02,DAS
02817,01,DAS
02817,02,DAS
02818,01,DAS
02818,02,DAS
02822,01,EDAS
02822,02,EDAS
02825,01,EDAS
02825,02,EDAS
02827,01,EDAS
02827,02,EDAS
02829,01,DAS
02829,02,DAS
02830,01,EDAS
02830,02,EDAS
02832,01,EDAS
02832,02,EDAS
02833,01,EDAS
02833,02,EDAS
02835,01,DAS
02835,02,DAS
02836,02,DAS
02837,01,DAS
02837,02,DAS
02838,01,DAS
02838,02,DAS
02839,01,DAS
02839,02,DAS
02857,01,EDAS
02857,02,EDAS
02858,01,DAS
02858,02,DAS
02859,01,DAS
02859,02,DAS
02872,01,EDAS
02872,02,EDAS
02873,01,DAS
02873,02,DAS
02874,01,EDAS
02874,02,EDAS
02875,01,EDAS
02875,02,EDAS
02876,01,DAS
02876,02,DAS
02877,01,DAS
02877,02,DAS
02878,01,DAS
02878,02,DAS
02879,01,DAS
02879,02,DAS
02880,01,DAS
02880,02,DAS
02883,01,EDAS
02883,02,EDAS
02891,01,DAS
02891,02,DAS
02892,01,EDAS
02892,02,EDAS
02894,01,EDAS
02894,02,EDAS
02896,01,DAS
02896,02,DAS
02898,01,REM
02898,02,REM
03032,01,DAS
03032,02,DAS
03033,01,DAS
03033,02,DAS
03034,01,DAS
03034,02,DAS
03036,01,EDAS
03036,02,DAS
03037,01,EDAS
03037,02,EDAS
03040,01,DAS
03040,02,DAS
03042,01,DAS
03043,01,EDAS
03043,02,EDAS
03044,01,EDAS
03044,02,EDAS
03045,01,DAS
03045,02,DAS
03046,01,DAS
03046,02,DAS
03047,01,EDAS
03047,02,EDAS
03048,01,DAS
03048,02,DAS
03049,01,DAS
03049,02,DAS
03055,01,DAS
03055,02,DAS
03057,01,DAS
03057,02,DAS
03070,01,DAS
03070,02,DAS
03071,01,EDAS
03071,02,EDAS
03082,01,EDAS
03082,02,EDAS
03084,01,DAS
03084,02,DAS
03086,01,DAS
03086,02,DAS
03215,01,EDAS
03215,02,EDAS
03216,01,EDAS
03216,02,EDAS
03217,01,EDAS
03217,02,EDAS
03218,01,EDAS
03218,02,EDAS
03220,01,DAS
03220,02,DAS
03221,01,EDAS
03221,02,EDAS
03222,01,EDAS
03222,02,EDAS
03223,01,EDAS
03223,02,EDAS
03224,01,EDAS
03224,02,EDAS
03225,01,EDAS
03225,02,EDAS
03226,01,DAS
03226,02,DAS
03227,01,EDAS
03227,02,EDAS
03229,01,DAS
03229,02,DAS
03230,01,EDAS
03230,02,EDAS
03231,01,EDAS
03231,02,EDAS
03233,01,DAS
03233,02,DAS
03234,01,EDAS
03234,02,EDAS
03235,01,DAS
03235,02,DAS
03237,01,EDAS
03237,02,EDAS
03238,01,DAS
03238,02,DAS
03240,01,EDAS
03240,02,EDAS
03241,01,EDAS
03241,02,EDAS
03242,01,EDAS
03242,02,EDAS
03243,01,EDAS
03243,02,EDAS
03244,01,EDAS
03244,02,EDAS
03245,01,EDAS
03245,02,EDAS
03246,01,DAS
03246,02,DAS
03249,01,DAS
03249,02,DAS
03251,01,EDAS
03251,02,EDAS
03252,01,DAS
03252,02,DAS
03253,01,EDAS
03253,02,EDAS
03254,01,EDAS
03254,02,DAS
03255,01,EDAS
03255,02,EDAS
03256,01,EDAS
03256,02,EDAS
03257,01,DAS
03257,02,DAS
03258,01,DAS
03258,02,DAS
03259,01,EDAS
03259,02,EDAS
03260,01,EDAS
03260,02,EDAS
03261,01,EDAS
03261,02,EDAS
03262,01,EDAS
03262,02,EDAS
03263,01,EDAS
03263,02,EDAS
03264,01,DAS
03264,02,DAS
03266,01,EDAS
03266,02,EDAS
03268,01,EDAS
03268,02,EDAS
03269,01,EDAS
03269,02,EDAS
03272,01,EDAS
03272,02,EDAS
03273,01,EDAS
03273,02,EDAS
03275,01,DAS
03275,02,DAS
03278,01,EDAS
03278,02,EDAS
03279,01,EDAS
03279,02,EDAS
03280,01,REM
03280,02,REM
03281,01,DAS
03281,02,DAS
03282,01,EDAS
03282,02,EDAS
03284,01,EDAS
03284,02,EDAS
03285,01,EDAS
03285,02,EDAS
03287,01,EDAS
03287,02,EDAS
03290,01,EDAS
03290,02,EDAS
03291,01,DAS
03291,02,DAS
03293,01,DAS
03293,02,DAS
03303,01,DAS
03303,02,DAS
03304,01,DAS
03304,02,DAS
03307,01,EDAS
03307,02,EDAS
03440,01,EDAS
03440,02,EDAS
03441,01,EDAS
03441,02,EDAS
03442,01,EDAS
03442,02,EDAS
03443,01,EDAS
03443,02,EDAS
03444,01,EDAS
03444,02,EDAS
03445,01,EDAS
03445,02,EDAS
03446,01,DAS
03446,02,DAS
03447,01,EDAS
03447,02,EDAS
03448,01,DAS
03448,02,DAS
03449,01,DAS
03449,02,DAS
03450,01,EDAS
03450,02,EDAS
03451,01,DAS
03451,02,DAS
03452,01,DAS
03452,02,DAS
03455,01,EDAS
03455,02,EDAS
03456,01,EDAS
03456,02,EDAS
03457,01,EDAS
03457,02,EDAS
03458,01,DAS
03458,02,DAS
03461,01,DAS
03461,02,DAS
03462,01,EDAS
03462,02,EDAS
03464,01,EDAS
03464,02,EDAS
03465,01,EDAS
03465,02,EDAS
03466,01,DAS
03466,02,DAS
03467,01,DAS
03467,02,DAS
03469,01,DAS
03469,02,DAS
03470,01,DAS
03470,02,DAS
03561,01,EDAS
03561,02,EDAS
03570,01,DAS
03570,02,DAS
03574,01,EDAS
03574,02,EDAS
03575,01,DAS
03575,02,DAS
03576,01,EDAS
03576,02,EDAS
03579,01,EDAS
03579,02,EDAS
03580,01,EDAS
03580,02,EDAS
03581,01,DAS
03581,02,DAS
03582,01,EDAS
03582,02,EDAS
03583,01,EDAS
03583,02,EDAS
03584,01,DAS
03584,02,DAS
03585,01,DAS
03585,02,DAS
03586,01,EDAS
03586,02,EDAS
03588,01,REM
03588,02,REM
03590,01,EDAS
03590,02,EDAS
03592,01,REM
03592,02,EDAS
03593,01,EDAS
03593,02,EDAS
03595,01,EDAS
03595,02,EDAS
03597,01,REM
03597,02,REM
03598,01,DAS
03598,02,DAS
03601,01,EDAS
03601,02,EDAS
03602,01,EDAS
03602,02,EDAS
03603,01,EDAS
03603,02,EDAS
03605,01,EDAS
03605,02,EDAS
03607,01,EDAS
03607,02,EDAS
03608,01,DAS
03608,02,DAS
03609,01,EDAS
03609,02,EDAS
03740,01,EDAS
03740,02,EDAS
03741,01,DAS
03741,02,DAS
03743,01,DAS
03743,02,DAS
03745,01,EDAS
03745,02,EDAS
03746,01,EDAS
03746,02,EDAS
03748,01,DAS
03748,02,DAS
03750,01,EDAS
03750,02,EDAS
03751,01,EDAS
03751,02,EDAS
03752,01,EDAS
03752,02,EDAS
03753,01,DAS
03753,02,DAS
03754,01,DAS
03754,02,DAS
03765,01,EDAS
03765,02,EDAS
03768,01,EDAS
03768,02,EDAS
03769,01,DAS
03769,02,DAS
03770,01,DAS
03770,02,DAS
03771,01,DAS
03771,02,DAS
03773,01,DAS
03773,02,DAS
03774,01,DAS
03774,02,DAS
03777,01,EDAS
03777,02,EDAS
03779,01,EDAS
03779,02,EDAS
03780,01,EDAS
03780,02,EDAS
03781,01,EDAS
03781,02,EDAS
03782,01,EDAS
03782,02,EDAS
03785,01,DAS
03785,02,DAS
03809,01,EDAS
03809,02,EDAS
03810,01,EDAS
03810,02,EDAS
03811,01,DAS
03811,02,DAS
03812,01,EDAS
03812,02,EDAS
03813,01,EDAS
03813,02,EDAS
03814,01,EDAS
03814,02,EDAS
03815,01,EDAS
03815,02,EDAS
03816,01,EDAS
03816,02,EDAS
03817,01,EDAS
03817,02,EDAS
03818,01,EDAS
03818,02,EDAS
03819,01,DAS
03819,02,DAS
03823,01,DAS
03823,02,DAS
03824,01,DAS
03824,02,DAS
03825,01,DAS
03825,02,DAS
03827,01,DAS
03827,02,DAS
03830,01,EDAS
03830,02,EDAS
03832,01,EDAS
03832,02,EDAS
03835,01,EDAS
03835,02,EDAS
03836,01,EDAS
03836,02,EDAS
03837,01,EDAS
03837,02,EDAS
03838,01,DAS
03838,02,DAS
03841,01,DAS
03841,02,DAS
03844,01,DAS
03844,02,DAS
03845,01,EDAS
03845,02,EDAS
03846,01,EDAS
03846,02,EDAS
03848,01,DAS
03848,02,DAS
03849,01,EDAS
03849,02,EDAS
03850,01,DAS
03850,02,DAS
03851,01,EDAS
03851,02,EDAS
03852,01,EDAS
03852,02,EDAS
03853,01,EDAS
03853,02,EDAS
03855,01,EDAS
03855,02,EDAS
03856,01,DAS
03856,02,DAS
03860,01,EDAS
03860,02,EDAS
03861,01,DAS
03861,02,DAS
03864,01,EDAS
03864,02,EDAS
03868,01,DAS
03868,02,DAS
03869,01,DAS
03869,02,DAS
03870,01,DAS
03870,02,DAS
03872,01,EDAS
03872,02,EDAS
03873,01,EDAS
03873,02,DAS
03875,01,EDAS
03875,02,EDAS
03882,01,EDAS
03882,02,EDAS
03883,01,EDAS
03883,02,EDAS
03884,01,EDAS
03884,02,EDAS
03886,01,EDAS
03886,02,EDAS
03887,01,EDAS
03887,02,EDAS
03890,01,EDAS
03890,02,EDAS
03894,01,EDAS
03894,02,EDAS
03896,01,EDAS
03896,02,EDAS
03897,01,EDAS
03897,02,EDAS
03901,01,DAS
03901,02,DAS
03902,01,DAS
03902,02,DAS
03903,01,DAS
03903,02,DAS
03905,01,DAS
03905,02,DAS
03907,01,DAS
03907,02,DAS
03908,01,DAS
03908,02,DAS
04001,01,EDAS
04001,02,EDAS
04002,01,EDAS
04002,02,DAS
04003,01,EDAS
04003,02,EDAS
04008,01,EDAS
04008,02,EDAS
04009,01,EDAS
04009,02,EDAS
04010,01,EDAS
04010,02,EDAS
04013,01,EDAS
04013,02,EDAS
04015,01,EDAS
04015,02,EDAS
04016,01,EDAS
04016,02,EDAS
04017,01,REM
04017,02,REM
04019,01,REM
04019,02,REM
04020,01,EDAS
04020,02,EDAS
04021,01,DAS
04021,02,DAS
04022,01,EDAS
04022,02,EDAS
04024,01,EDAS
04024,02,EDAS
04027,01,EDAS
04027,02,EDAS
04029,01,EDAS
04029,02,EDAS
04030,01,DAS
04030,02,DAS
04032,01,EDAS
04032,02,EDAS
04033,01,DAS
04033,02,DAS
04034,01,EDAS
04034,02,EDAS
04037,01,EDAS
04037,02,EDAS
04038,01,DAS
04038,02,DAS
04039,01,DAS
04039,02,DAS
04040,01,EDAS
04040,02,EDAS
04041,01,EDAS
04041,02,EDAS
04042,01,DAS
04042,02,DAS
04046,01,DAS
04046,02,DAS
04047,01,EDAS
04047,02,EDAS
04048,01,EDAS
04048,02,EDAS
04049,01,EDAS
04049,02,EDAS
04050,01,REM
04050,02,REM
04051,01,EDAS
04051,02,EDAS
04053,01,EDAS
04053,02,EDAS
04054,01,DAS
04054,02,DAS
04055,01,EDAS
04055,02,EDAS
04056,01,EDAS
04056,02,EDAS
04057,01,EDAS
04057,02,EDAS
04061,01,DAS
04061,02,DAS
04062,01,DAS
04062,02,DAS
04063,01,EDAS
04063,02,EDAS
04066,01,EDAS
04066,02,EDAS
04068,01,EDAS
04068,02,EDAS
04069,01,EDAS
04069,02,EDAS
04071,01,EDAS
04071,02,EDAS
04073,01,DAS
04073,02,DAS
04075,01,EDAS
04075,02,EDAS
04076,01,EDAS
04076,02,EDAS
04077,01,EDAS
04077,02,EDAS
04078,01,EDAS
04078,02,EDAS
04079,01,EDAS
04079,02,EDAS
04083,01,DAS
04083,02,DAS
04084,01,DAS
04084,02,DAS
04085,01,DAS
04085,02,DAS
04086,01,DAS
04086,02,DAS
04087,01,DAS
04087,02,DAS
04088,01,EDAS
04088,02,EDAS
04090,01,DAS
04090,02,DAS
04091,01,EDAS
04091,02,EDAS
04093,01,DAS
04093,02,DAS
04095,01,EDAS
04095,02,EDAS
04096,01,DAS
04096,02,DAS
04097,01,DAS
04097,02,DAS
04108,01,REM
04108,02,REM
04109,01,EDAS
04109,02,EDAS
04216,01,EDAS
04216,02,EDAS
04217,01,EDAS
04217,02,EDAS
04219,01,EDAS
04219,02,EDAS
04220,01,EDAS
04220,02,EDAS
04221,01,EDAS
04221,02,EDAS
04222,01,DAS
04222,02,DAS
04224,01,EDAS
04224,02,EDAS
04225,01,DAS
04225,02,DAS
04226,01,EDAS
04226,02,EDAS
04227,01,EDAS
04227,02,EDAS
04228,01,DAS
04228,02,DAS
04230,01,DAS
04230,02,DAS
04231,01,EDAS
04231,02,EDAS
04234,01,EDAS
04234,02,EDAS
04236,01,DAS
04236,02,DAS
04237,01,EDAS
04237,02,EDAS
04238,01,DAS
04238,02,DAS
04239,01,DAS
04239,02,DAS
04250,01,DAS
04250,02,DAS
04252,01,DAS
04252,02,DAS
04253,01,EDAS
04253,02,EDAS
04254,01,DAS
04254,02,DAS
04255,01,EDAS
04255,02,EDAS
04256,01,DAS
04256,02,DAS
04257,01,DAS
04257,02,DAS
04258,01,EDAS
04258,02,EDAS
04259,01,DAS
04259,02,DAS
04260,01,DAS
04260,02,DAS
04261,01,EDAS
04261,02,EDAS
04263,01,DAS
04263,02,DAS
04265,01,DAS
04265,02,DAS
04266,01,DAS
04266,02,DAS
04267,01,EDAS
04267,02,EDAS
04268,01,DAS
04268,02,DAS
04270,01,DAS
04270,02,DAS
04271,02,DAS
04274,01,DAS
04274,02,DAS
04275,01,EDAS
04275,02,EDAS
04276,01,EDAS
04276,02,EDAS
04278,01,EDAS
04278,02,EDAS
04280,01,DAS
04280,02,DAS
04281,01,DAS
04281,02,DAS
04282,01,DAS
04282,02,DAS
04284,01,DAS
04284,02,DAS
04285,01,REM
04285,02,REM
04286,01,DAS
04286,02,DAS
04287,01,EDAS
04287,02,EDAS
04288,01,EDAS
04288,02,EDAS
04289,01,EDAS
04289,02,EDAS
04290,01,EDAS
04290,02,EDAS
04291,01,DAS
04291,02,DAS
04292,01,EDAS
04292,02,EDAS
04294,01,EDAS
04294,02,EDAS
04341,01,DAS
04341,02,DAS
04342,01,EDAS
04342,02,EDAS
04343,02,DAS
04345,01,DAS
04345,02,DAS
04348,01,EDAS
04348,02,EDAS
04349,01,EDAS
04349,02,EDAS
04350,01,DAS
04350,02,DAS
04351,01,DAS
04351,02,DAS
04352,01,REM
04352,02,REM
04353,01,REM
04353,02,REM
04354,01,REM
04354,02,REM
04355,01,DAS
04355,02,DAS
04357,01,DAS
04357,02,DAS
04358,01,REM
04358,02,REM
04360,01,EDAS
04360,02,EDAS
04363,01,EDAS
04363,02,EDAS
04364,01,EDAS
04364,02,EDAS
04401,01,DAS
04406,01,REM
04406,02,REM
04408,01,EDAS
04408,02,EDAS
04410,01,EDAS
04410,02,EDAS
04411,01,EDAS
04411,02,EDAS
04413,01,REM
04413,02,REM
04414,01,EDAS
04414,02,EDAS
04415,01,DAS
04415,02,DAS
04416,01,REM
04416,02,REM
04417,01,REM
04417,02,REM
04418,01,EDAS
04418,02,EDAS
04419,01,DAS
04419,02,DAS
04420,01,EDAS
04420,02,EDAS
04421,01,EDAS
04421,02,EDAS
04422,01,EDAS
04422,02,EDAS
04423,01,EDAS
04423,02,EDAS
04424,01,EDAS
04424,02,EDAS
04426,01,REM
04426,02,REM
04427,01,EDAS
04427,02,EDAS
04428,01,EDAS
04428,02,EDAS
04429,01,EDAS
04430,01,EDAS
04430,02,EDAS
04431,01,EDAS
04431,02,EDAS
04434,01,EDAS
04434,02,EDAS
04435,01,EDAS
04435,02,EDAS
04438,01,EDAS
04438,02,EDAS
04441,01,EDAS
04441,02,EDAS
04442,01,REM
04442,02,EDAS
04443,01,EDAS
04443,02,EDAS
04444,01,DAS
04444,02,DAS
04448,01,EDAS
04448,02,EDAS
04449,01,EDAS
04449,02,EDAS
04450,01,EDAS
04450,02,EDAS
04451,01,EDAS
04451,02,EDAS
04453,01,EDAS
04453,02,EDAS
04454,01,REM
04454,02,REM
04455,01,EDAS
04455,02,EDAS
04456,01,DAS
04456,02,DAS
04457,01,EDAS
04457,02,EDAS
04459,01,EDAS
04459,02,EDAS
04460,01,EDAS
04460,02,EDAS
04461,01,EDAS
04461,02,EDAS
04462,01,EDAS
04462,02,EDAS
04463,01,EDAS
04463,02,EDAS
04464,01,EDAS
04464,02,EDAS
04467,01,EDAS
04467,02,EDAS
04468,01,DAS
04468,02,DAS
04471,01,EDAS
04471,02,EDAS
04472,01,EDAS
04472,02,EDAS
04473,01,DAS
04473,02,DAS
04474,01,DAS
04474,02,DAS
04475,01,EDAS
04475,02,EDAS
04476,01,EDAS
04476,02,EDAS
04478,01,EDAS
04478,02,EDAS
04479,01,EDAS
04479,02,EDAS
04481,01,EDAS
04481,02,EDAS
04485,01,EDAS
04485,02,EDAS
04487,01,REM
04487,02,REM
04488,01,EDAS
04488,02,EDAS
04489,01,EDAS
04489,02,EDAS
04490,01,REM
04490,02,REM
04491,01,EDAS
04491,02,EDAS
04492,01,REM
04492,02,REM
04493,01,EDAS
04493,02,EDAS
04495,01,REM
04495,02,REM
04496,01,DAS
04496,02,DAS
04497,01,EDAS
04497,02,EDAS
04530,01,DAS
04530,02,DAS
04535,01,EDAS
04535,02,EDAS
04537,01,DAS
04537,02,DAS
04538,01,DAS
04538,02,DAS
04539,01,EDAS
04539,02,EDAS
04541,01,DAS
04541,02,DAS
04543,01,DAS
04543,02,DAS
04544,01,EDAS
04544,02,EDAS
04547,01,EDAS
04547,02,EDAS
04548,01,REM
04548,02,REM
04551,01,EDAS
04551,02,EDAS
04552,01,EDAS
04552,02,EDAS
04553,01,DAS
04553,02,DAS
04554,01,REM
04554,02,REM
04555,01,EDAS
04555,02,EDAS
04556,01,EDAS
04556,02,EDAS
04558,01,EDAS
04558,02,EDAS
04562,01,EDAS
04562,02,EDAS
04563,01,EDAS
04563,02,EDAS
04564,01,EDAS
04564,02,EDAS
04565,01,DAS
04565,02,DAS
04567,01,EDAS
04567,02,EDAS
04568,01,EDAS
04568,02,EDAS
04570,01,EDAS
04570,02,EDAS
04571,01,EDAS
04571,02,EDAS
04572,01,EDAS
04572,02,EDAS
04573,01,DAS
04573,02,DAS
04574,01,REM
04574,02,REM
04575,01,EDAS
04575,02,EDAS
04576,01,EDAS
04576,02,EDAS
04578,01,EDAS
04578,02,EDAS
04579,01,DAS
04579,02,DAS
04605,01,EDAS
04605,02,EDAS
04606,01,REM
04606,02,REM
04607,01,EDAS
04607,02,EDAS
04609,01,DAS
04609,02,DAS
04611,01,EDAS
04611,02,EDAS
04612,01,EDAS
04612,02,EDAS
04613,01,EDAS
04613,02,EDAS
04614,01,EDAS
04614,02,EDAS
04615,01,EDAS
04615,02,EDAS
04616,01,EDAS
04616,02,EDAS
04617,01,EDAS
04617,02,EDAS
04619,01,EDAS
04622,01,EDAS
04622,02,EDAS
04623,01,EDAS
04623,02,EDAS
04624,01,EDAS
04624,02,EDAS
04625,01,REM
04625,02,REM
04626,01,EDAS
04626,02,EDAS
04627,01,EDAS
04627,02,EDAS
04628,01,EDAS
04628,02,EDAS
04629,01,EDAS
04629,02,EDAS
04630,01,REM
04630,02,REM
04631,01,EDAS
04631,02,EDAS
04634,01,EDAS
04634,02,EDAS
04635,01,EDAS
04635,02,EDAS
04637,01,DAS
04637,02,DAS
04640,01,EDAS
04640,02,EDAS
04642,01,EDAS
04642,02,EDAS
04643,01,EDAS
04643,02,EDAS
04644,01,DAS
04644,02,EDAS
04645,01,REM
04645,02,REM
04646,01,EDAS
04646,02,EDAS
04648,01,EDAS
04648,02,EDAS
04649,01,EDAS
04649,02,EDAS
04650,01,EDAS
04650,02,EDAS
04652,01,EDAS
04652,02,EDAS
04653,01,EDAS
04653,02,EDAS
04654,01,EDAS
04654,02,EDAS
04655,01,EDAS
04655,02,EDAS
04656,01,EDAS
04656,02,EDAS
04657,01,EDAS
04657,02,EDAS
04658,01,EDAS
04658,02,EDAS
04660,01,EDAS
04660,02,EDAS
04662,01,DAS
04662,02,DAS
04664,01,EDAS
04664,02,EDAS
04665,01,DAS
04665,02,DAS
04666,01,EDAS
04666,02,EDAS
04667,01,EDAS
04667,02,EDAS
04668,01,EDAS
04668,02,EDAS
04669,01,DAS
04669,02,DAS
04671,01,EDAS
04671,02,EDAS
04672,01,DAS
04672,02,DAS
04673,01,EDAS
04673,02,EDAS
04674,01,EDAS
04674,02,EDAS
04675,01,DAS
04675,02,DAS
04676,01,EDAS
04676,02,EDAS
04677,01,EDAS
04677,02,EDAS
04679,01,EDAS
04679,02,EDAS
04680,01,EDAS
04680,02,EDAS
04681,01,EDAS
04681,02,EDAS
04683,01,EDAS
04683,02,EDAS
04684,01,EDAS
04684,02,EDAS
04685,01,REM
04685,02,REM
04686,01,EDAS
04686,02,EDAS
04690,01,DAS
04690,02,DAS
04691,01,EDAS
04691,02,EDAS
04693,01,EDAS
04693,02,EDAS
04694,01,EDAS
04694,02,EDAS
04730,01,EDAS
04732,01,EDAS
04732,02,EDAS
04733,01,EDAS
04733,02,EDAS
04734,01,EDAS
04734,02,EDAS
04735,01,EDAS
04735,02,EDAS
04736,01,EDAS
04737,01,EDAS
04737,02,EDAS
04738,01,DAS
04738,02,DAS
04739,01,EDAS
04739,02,EDAS
04740,01,DAS
04740,02,DAS
04741,01,EDAS
04741,02,EDAS
04742,01,DAS
04742,02,DAS
04743,01,REM
04743,02,REM
04744,01,EDAS
04744,02,EDAS
04745,01,EDAS
04745,02,EDAS
04746,01,REM
04746,02,REM
04747,01,EDAS
04747,02,EDAS
04750,01,EDAS
04750,02,EDAS
04751,01,DAS
04751,02,DAS
04756,01,EDAS
04756,02,EDAS
04757,01,EDAS
04757,02,EDAS
04758,01,EDAS
04758,02,EDAS
04759,01,EDAS
04759,02,EDAS
04760,01,EDAS
04760,02,EDAS
04761,01,EDAS
04761,02,EDAS
04762,01,REM
04762,02,REM
04763,01,EDAS
04763,02,EDAS
04764,01,REM
04764,02,REM
04765,01,EDAS
04765,02,EDAS
04766,01,EDAS
04766,02,EDAS
04768,01,EDAS
04768,02,EDAS
04772,01,EDAS
04772,02,EDAS
04773,01,EDAS
04773,02,EDAS
04774,01,EDAS
04774,02,EDAS
04776,01,EDAS
04776,02,EDAS
04777,01,EDAS
04777,02,EDAS
04779,01,EDAS
04779,02,EDAS
04780,01,EDAS
04780,02,EDAS
04781,01,EDAS
04781,02,EDAS
04783,01,REM
04783,02,REM
04785,01,EDAS
04785,02,EDAS
04786,01,EDAS
04786,02,EDAS
04787,01,EDAS
04787,02,EDAS
04841,01,REM
04841,02,REM
04843,01,DAS
04843,02,DAS
04847,01,EDAS
04847,02,EDAS
04848,01,REM
04848,02,REM
04849,01,DAS
04849,02,DAS
04850,01,DAS
04850,02,DAS
04851,01,EDAS
04851,02,EDAS
04852,01,REM
04852,02,REM
04853,01,REM
04853,02,REM
04854,01,DAS
04854,02,DAS
04855,01,EDAS
04855,02,EDAS
04856,01,DAS
04856,02,DAS
04857,01,EDAS
04857,02,EDAS
04858,01,EDAS
04858,02,EDAS
04859,01,EDAS
04859,02,EDAS
04860,01,EDAS
04860,02,EDAS
04861,01,DAS
04861,02,DAS
04862,01,EDAS
04862,02,EDAS
04863,01,EDAS
04863,02,EDAS
04864,01,EDAS
04864,02,EDAS
04865,01,DAS
04865,02,DAS
04910,01,EDAS
04910,02,EDAS
04911,01,REM
04911,02,REM
04912,01,EDAS
04912,02,EDAS
04915,01,DAS
04915,02,DAS
04917,01,DAS
04917,02,DAS
04918,01,DAS
04918,02,DAS
04920,01,EDAS
04920,02,EDAS
04921,01,EDAS
04921,02,EDAS
04922,01,EDAS
04922,02,EDAS
04923,01,EDAS
04923,02,EDAS
04924,01,REM
04924,02,REM
04925,01,EDAS
04925,02,EDAS
04926,01,EDAS
04926,02,EDAS
04927,01,DAS
04927,02,DAS
04928,01,EDAS
04928,02,EDAS
04929,01,EDAS
04929,02,EDAS
04930,01,EDAS
04930,02,EDAS
04932,01,EDAS
04932,02,EDAS
04933,01,DAS
04933,02,DAS
04936,01,REM
04936,02,REM
04937,01,DAS
04937,02,DAS
04938,01,DAS
04938,02,DAS
04939,01,EDAS
04939,02,EDAS
04941,01,REM
04941,02,REM
04942,01,REM
04942,02,REM
04943,01,REM
04943,02,REM
04944,01,DAS
04944,02,DAS
04945,01,EDAS
04945,02,EDAS
04947,01,EDAS
04947,02,EDAS
04949,01,EDAS
04949,02,EDAS
04950,01,EDAS
04950,02,EDAS
04951,01,EDAS
04951,02,EDAS
04952,01,EDAS
04952,02,EDAS
04953,01,EDAS
04954,01,EDAS
04954,02,EDAS
04955,01,REM
04955,02,REM
04956,01,EDAS
04956,02,EDAS
04957,01,EDAS
04957,02,EDAS
04958,01,REM
04958,02,REM
04961,01,EDAS
04961,02,EDAS
04962,01,DAS
04962,02,DAS
04963,01,DAS
04963,02,DAS
04964,01,REM
04964,02,REM
04965,01,EDAS
04965,02,EDAS
04966,01,EDAS
04966,02,EDAS
04967,01,EDAS
04969,01,EDAS
04969,02,EDAS
04970,01,REM
04970,02,REM
04971,01,EDAS
04971,02,EDAS
04972,01,DAS
04972,02,DAS
04973,01,EDAS
04973,02,EDAS
04974,01,EDAS
04974,02,EDAS
04976,01,EDAS
04978,01,EDAS
04978,02,EDAS
04979,01,EDAS
04979,02,EDAS
04981,01,DAS
04981,02,DAS
04982,01,REM
04982,02,REM
04983,01,EDAS
04983,02,EDAS
04984,01,EDAS
04984,02,EDAS
04985,01,REM
04985,02,REM
04986,01,EDAS
04986,02,EDAS
04987,01,EDAS
04987,02,EDAS
04988,01,EDAS
04988,02,EDAS
04989,01,REM
04989,02,REM
04992,02,DAS
05001,01,DAS
05001,02,DAS
05030,01,DAS
05030,02,DAS
05031,01,EDAS
05031,02,EDAS
05032,01,EDAS
05032,02,EDAS
05033,01,DAS
05033,02,DAS
05034,01,EDAS
05034,02,EDAS
05035,01,EDAS
05035,02,EDAS
05036,01,EDAS
05036,02,EDAS
05037,01,EDAS
05037,02,EDAS
05038,01,EDAS
05038,02,EDAS
05039,01,EDAS
05039,02,EDAS
05040,01,EDAS
05040,02,EDAS
05041,01,EDAS
05041,02,EDAS
05042,01,EDAS
05042,02,EDAS
05043,01,EDAS
05043,02,EDAS
05045,01,EDAS
05045,02,EDAS
05046,01,EDAS
05046,02,EDAS
05047,01,EDAS
05047,02,EDAS
05048,01,EDAS
05048,02,EDAS
05049,01,EDAS
05049,02,EDAS
05050,02,DAS
05051,01,EDAS
05051,02,EDAS
05052,01,EDAS
05052,02,EDAS
05053,01,DAS
05053,02,DAS
05055,01,DAS
05055,02,DAS
05056,01,EDAS
05056,02,EDAS
05058,01,EDAS
05058,02,EDAS
05059,01,EDAS
05059,02,EDAS
05060,01,DAS
05060,02,DAS
05061,01,DAS
05061,02,DAS
05062,01,EDAS
05062,02,EDAS
05065,01,EDAS
05065,02,EDAS
05067,01,EDAS
05067,02,EDAS
05068,01,EDAS
05068,02,EDAS
05069,01,EDAS
05069,02,EDAS
05070,01,EDAS
05070,02,EDAS
05071,01,EDAS
05071,02,EDAS
05072,01,EDAS
05072,02,EDAS
05073,01,DAS
05073,02,DAS
05074,01,EDAS
05074,02,EDAS
05075,01,EDAS
05075,02,EDAS
05076,01,REM
05076,02,REM
05077,01,EDAS
05077,02,EDAS
05079,01,EDAS
05079,02,EDAS
05081,01,EDAS
05081,02,EDAS
05083,01,EDAS
05083,02,EDAS
05084,01,REM
05084,02,REM
05085,01,EDAS
05085,02,EDAS
05086,01,EDAS
05086,02,EDAS
05089,01,DAS
05089,02,DAS
05091,01,DAS
05091,02,DAS
05101,01,DAS
05101,02,DAS
05141,01,DAS
05141,02,DAS
05142,01,EDAS
05142,02,EDAS
05143,01,EDAS
05143,02,EDAS
05146,01,EDAS
05146,02,EDAS
05148,01,EDAS
05148,02,EDAS
05149,01,EDAS
05149,02,EDAS
05150,01,DAS
05150,02,DAS
05151,01,EDAS
05151,02,EDAS
05152,01,EDAS
05152,02,EDAS
05153,01,EDAS
05153,02,EDAS
05154,01,DAS
05154,02,DAS
05155,01,EDAS
05155,02,EDAS
05156,01,DAS
05156,02,DAS
05158,01,DAS
05158,02,DAS
05159,02,DAS
05161,01,EDAS
05161,02,EDAS
05201,01,DAS
05201,02,DAS
05250,01,EDAS
05250,02,EDAS
05251,01,EDAS
05251,02,EDAS
05252,01,EDAS
05252,02,EDAS
05253,01,DAS
05253,02,DAS
05254,01,DAS
05254,02,DAS
05255,01,DAS
05255,02,DAS
05257,01,EDAS
05257,02,EDAS
05260,01,EDAS
05260,02,EDAS
05261,01,EDAS
05261,02,EDAS
05262,01,EDAS
05262,02,EDAS
05301,01,DAS
05301,02,DAS
05302,01,DAS
05302,02,DAS
05303,01,DAS
05303,02,DAS
05304,01,DAS
05304,02,DAS
05340,01,EDAS
05340,02,EDAS
05341,01,EDAS
05341,02,EDAS
05342,01,EDAS
05342,02,EDAS
05343,01,EDAS
05343,02,EDAS
05344,01,EDAS
05344,02,EDAS
05345,01,EDAS
05345,02,EDAS
05346,01,DAS
05346,02,DAS
05350,01,EDAS
05350,02,EDAS
05351,01,EDAS
05351,02,EDAS
05352,01,EDAS
05352,02,EDAS
05353,01,EDAS
05353,02,EDAS
05354,01,DAS
05354,02,DAS
05355,01,EDAS
05355,02,EDAS
05356,01,EDAS
05356,02,EDAS
05357,01,DAS
05357,02,DAS
05358,01,EDAS
05358,02,EDAS
05359,01,EDAS
05359,02,EDAS
05360,01,EDAS
05360,02,EDAS
05361,01,EDAS
05361,02,EDAS
05362,01,EDAS
05362,02,EDAS
05363,01,EDAS
05363,02,EDAS
05440,01,REM
05440,02,REM
05441,01,EDAS
05441,02,EDAS
05442,01,EDAS
05442,02,EDAS
05443,01,DAS
05443,02,DAS
05444,01,EDAS
05444,02,EDAS
05445,01,DAS
05445,02,DAS
05447,01,EDAS
05447,02,EDAS
05448,01,REM
05448,02,REM
05450,01,EDAS
05450,02,EDAS
05454,01,DAS
05454,02,DAS
05455,01,EDAS
05455,02,EDAS
05456,01,EDAS
05456,02,EDAS
05457,01,EDAS
05457,02,EDAS
05458,01,EDAS
05458,02,EDAS
05459,01,EDAS
05459,02,EDAS
05460,01,EDAS
05460,02,EDAS
05461,01,DAS
05461,02,DAS
05462,01,EDAS
05462,02,EDAS
05463,01,EDAS
05463,02,EDAS
05464,01,EDAS
05464,02,EDAS
05465,01,DAS
05465,02,DAS
05466,01,EDAS
05466,02,EDAS
05469,01,DAS
05469,02,DAS
05470,01,EDAS
05470,02,EDAS
05471,01,EDAS
05471,02,EDAS
05472,01,EDAS
05472,02,EDAS
05473,01,DAS
05473,02,DAS
05474,01,EDAS
05474,02,EDAS
05476,01,EDAS
05476,02,EDAS
05477,01,DAS
05477,02,DAS
05481,01,EDAS
05481,02,EDAS
05483,01,REM
05483,02,REM
05485,01,REM
05485,02,REM
05486,01,EDAS
05486,02,EDAS
05487,01,REM
05487,02,REM
05488,01,EDAS
05488,02,EDAS
05489,01,EDAS
05489,02,EDAS
05490,01,EDAS
05490,02,EDAS
05491,01,EDAS
05491,02,EDAS
05492,01,EDAS
05492,02,EDAS
05494,01,DAS
05494,02,DAS
05602,01,DAS
05602,02,DAS
05640,01,EDAS
05640,02,EDAS
05641,01,DAS
05641,02,DAS
05647,01,EDAS
05647,02,EDAS
05648,01,EDAS
05648,02,EDAS
05649,01,DAS
05649,02,DAS
05650,01,EDAS
05650,02,EDAS
05651,01,EDAS
05651,02,EDAS
05652,01,EDAS
05652,02,EDAS
05653,01,EDAS
05653,02,EDAS
05654,01,DAS
05654,02,DAS
05655,01,EDAS
05655,02,EDAS
05656,01,DAS
05656,02,DAS
05657,01,DAS
05657,02,DAS
05658,01,EDAS
05658,02,EDAS
05660,01,EDAS
05660,02,EDAS
05661,01,DAS
05661,02,DAS
05662,01,DAS
05662,02,DAS
05663,01,DAS
05663,02,DAS
05664,01,DAS
05664,02,DAS
05665,01,DAS
05665,02,DAS
05666,01,EDAS
05666,02,EDAS
05667,01,EDAS
05667,02,EDAS
05669,01,EDAS
05669,02,EDAS
05670,01,DAS
05670,02,DAS
05671,02,DAS
05672,01,DAS
05672,02,DAS
05673,01,EDAS
05673,02,EDAS
05674,01,EDAS
05674,02,EDAS
05675,01,EDAS
05675,02,EDAS
05676,01,DAS
05676,02,DAS
05677,01,DAS
05677,02,DAS
05678,01,DAS
05678,02,DAS
05679,01,EDAS
05679,02,EDAS
05680,01,EDAS
05680,02,EDAS
05681,01,EDAS
05681,02,EDAS
05682,01,EDAS
05682,02,EDAS
05730,01,EDAS
05730,02,EDAS
05731,01,DAS
05731,02,DAS
05732,01,EDAS
05732,02,EDAS
05733,01,EDAS
05733,02,EDAS
05734,01,EDAS
05734,02,EDAS
05735,01,EDAS
05735,02,EDAS
05736,01,DAS
05736,02,DAS
05737,01,EDAS
05737,02,EDAS
05738,01,EDAS
05738,02,EDAS
05739,01,EDAS
05739,02,EDAS
05740,01,DAS
05740,02,DAS
05741,01,EDAS
05741,02,EDAS
05742,01,EDAS
05742,02,EDAS
05743,01,EDAS
05743,02,EDAS
05744,01,EDAS
05744,02,EDAS
05745,01,DAS
05745,02,EDAS
05746,01,DAS
05746,02,EDAS
05747,01,EDAS
05747,02,EDAS
05748,01,EDAS
05748,02,EDAS
05750,01,DAS
05750,02,EDAS
05751,01,EDAS
05751,02,EDAS
05753,01,DAS
05753,02,DAS
05757,01,EDAS
05757,02,EDAS
05758,01,EDAS
05758,02,EDAS
05760,01,EDAS
05760,02,EDAS
05761,01,EDAS
05761,02,EDAS
05762,01,EDAS
05762,02,EDAS
05763,01,EDAS
05763,02,EDAS
05764,01,EDAS
05764,02,EDAS
05765,01,DAS
05765,02,DAS
05766,01,EDAS
05766,02,EDAS
05767,01,EDAS
05767,02,EDAS
05768,01,DAS
05768,02,DAS
05769,01,EDAS
05769,02,EDAS
05770,01,EDAS
05770,02,EDAS
05772,01,EDAS
05772,02,EDAS
05773,01,EDAS
05773,02,EDAS
05774,01,EDAS
05774,02,EDAS
05775,01,EDAS
05775,02,EDAS
05776,01,EDAS
05776,02,EDAS
05777,01,EDAS
05777,02,EDAS
05778,01,EDAS
05778,02,EDAS
05819,01,DAS
05819,02,DAS
05820,01,EDAS
05820,02,EDAS
05821,01,EDAS
05821,02,EDAS
05822,01,EDAS
05822,02,EDAS
05823,01,DAS
05823,02,DAS
05824,01,REM
05824,02,REM
05825,01,EDAS
05825,02,EDAS
05826,01,EDAS
05826,02,EDAS
05827,01,EDAS
05827,02,EDAS
05828,01,EDAS
05828,02,EDAS
05829,01,DAS
05829,02,DAS
05830,01,DAS
05830,02,DAS
05832,01,EDAS
05832,02,EDAS
05833,01,EDAS
05833,02,EDAS
05836,01,EDAS
05836,02,EDAS
05837,01,EDAS
05837,02,EDAS
05839,01,EDAS
05839,02,EDAS
05840,01,REM
05840,02,REM
05841,01,EDAS
05841,02,EDAS
05842,01,EDAS
05842,02,EDAS
05843,01,EDAS
05843,02,EDAS
05845,01,REM
05845,02,REM
05846,01,EDAS
05846,02,EDAS
05847,01,EDAS
05847,02,EDAS
05848,01,DAS
05848,02,DAS
05849,01,EDAS
05849,02,EDAS
05850,01,DAS
05850,02,DAS
05851,01,DAS
05851,02,DAS
05853,01,REM
05853,02,REM
05855,01,DAS
05855,02,DAS
05857,01,EDAS
05857,02,EDAS
05858,01,EDAS
05858,02,EDAS
05859,01,EDAS
05859,02,EDAS
05860,01,EDAS
05860,02,EDAS
05861,01,EDAS
05861,02,EDAS
05862,01,EDAS
05862,02,EDAS
05863,01,DAS
05863,02,DAS
05866,01,EDAS
05866,02,EDAS
05867,01,REM
05867,02,REM
05868,01,EDAS
05868,02,EDAS
05871,01,EDAS
05871,02,EDAS
05872,01,EDAS
05872,02,EDAS
05873,01,EDAS
05873,02,EDAS
05874,01,EDAS
05874,02,EDAS
05875,01,EDAS
05875,02,EDAS
05901,01,REM
05901,02,REM
05902,01,EDAS
05902,02,EDAS
05903,01,EDAS
05903,02,EDAS
05904,01,EDAS
05904,02,EDAS
05905,01,REM
05905,02,REM
05906,01,EDAS
05906,02,EDAS
05907,01,EDAS
05907,02,EDAS
06001,01,DAS
06001,02,DAS
06013,01,DAS
06013,02,DAS
06016,01,DAS
06016,02,DAS
06018,01,DAS
06018,02,DAS
06019,01,DAS
06019,02,DAS
06020,01,DAS
06020,02,DAS
06021,01,EDAS
06021,02,EDAS
06022,01,DAS
06022,02,DAS
06024,01,EDAS
06024,02,EDAS
06026,01,DAS
06026,02,DAS
06027,01,EDAS
06027,02,EDAS
06031,01,DAS
06031,02,DAS
06035,01,DAS
06035,02,DAS
06039,01,DAS
06039,02,DAS
06043,01,DAS
06043,02,DAS
06057,01,DAS
06057,02,DAS
06058,01,EDAS
06058,02,EDAS
06059,01,DAS
06059,02,DAS
06060,01,DAS
06060,02,DAS
06061,01,EDAS
06061,02,EDAS
06062,01,DAS
06062,02,DAS
06063,01,EDAS
06063,02,EDAS
06065,01,EDAS
06065,02,EDAS
06068,01,EDAS
06068,02,EDAS
06069,01,EDAS
06069,02,EDAS
06071,01,DAS
06071,02,DAS
06073,01,DAS
06073,02,DAS
06075,01,DAS
06075,02,DAS
06076,01,DAS
06076,02,DAS
06078,01,DAS
06078,02,DAS
06079,01,EDAS
06079,02,EDAS
06081,01,DAS
06081,02,DAS
06084,01,DAS
06084,02,DAS
06085,01,DAS
06085,02,DAS
06087,01,EDAS
06087,02,EDAS
06089,01,DAS
06089,02,DAS
06090,01,DAS
06090,02,DAS
06091,01,EDAS
06091,02,EDAS
06092,01,DAS
06092,02,DAS
06093,01,DAS
06093,02,DAS
06094,01,DAS
06094,02,DAS
06098,01,EDAS
06098,02,EDAS
06230,01,DAS
06230,02,DAS
06231,01,DAS
06231,02,DAS
06232,01,DAS
06232,02,DAS
06234,01,EDAS
06234,02,EDAS
06235,01,EDAS
06235,02,EDAS
06237,01,DAS
06237,02,DAS
06238,01,DAS
06238,02,DAS
06239,01,DAS
06239,02,DAS
06242,01,EDAS
06242,02,EDAS
06243,01,DAS
06243,02,DAS
06244,01,EDAS
06244,02,EDAS
06246,01,DAS
06246,02,DAS
06247,01,EDAS
06247,02,EDAS
06248,01,DAS
06248,02,DAS
06249,01,EDAS
06249,02,DAS
06250,01,DAS
06250,02,DAS
06251,01,DAS
06251,02,DAS
06254,01,DAS
06254,02,DAS
06255,01,DAS
06255,02,DAS
06258,01,EDAS
06258,02,EDAS
06259,01,EDAS
06259,02,EDAS
06262,01,DAS
06262,02,DAS
06264,01,DAS
06264,02,DAS
06266,01,DAS
06266,02,DAS
06267,01,DAS
06267,02,DAS
06268,01,EDAS
06268,02,DAS
06277,01,DAS
06277,02,DAS
06278,01,EDAS
06278,02,EDAS
06279,01,DAS
06279,02,DAS
06280,01,DAS
06280,02,DAS
06281,01,EDAS
06281,02,EDAS
06282,01,EDAS
06282,02,EDAS
06330,01,DAS
06330,02,DAS
06331,01,EDAS
06331,02,DAS
06333,01,DAS
06333,02,DAS
06334,01,EDAS
06334,02,EDAS
06335,01,DAS
06335,02,DAS
06336,01,EDAS
06336,02,EDAS
06339,01,DAS
06339,02,DAS
06350,01,EDAS
06350,02,EDAS
06351,01,DAS
06351,02,DAS
06353,01,DAS
06353,02,DAS
06354,01,DAS
06354,02,DAS
06355,01,DAS
06355,02,DAS
06357,01,DAS
06357,02,DAS
06359,01,EDAS
06359,02,EDAS
06360,01,DAS
06360,02,DAS
06365,01,EDAS
06365,02,EDAS
06370,01,DAS
06370,02,DAS
06371,01,DAS
06371,02,DAS
06372,01,DAS
06372,02,DAS
06373,01,EDAS
06373,02,EDAS
06374,01,DAS
06374,02,DAS
06375,01,DAS
06375,02,DAS
06376,01,DAS
06376,02,DAS
06377,01,EDAS
06377,02,EDAS
06378,01,DAS
06378,02,DAS
06379,01,DAS
06383,01,DAS
06383,02,DAS
06384,01,EDAS
06384,02,EDAS
06387,01,DAS
06387,02,DAS
06388,01,DAS
06388,02,DAS
06390,01,REM
06390,02,REM
06401,01,DAS
06401,02,DAS
06403,01,DAS
06403,02,DAS
06404,01,DAS
06404,02,DAS
06409,01,DAS
06409,02,DAS
06412,01,DAS
06412,02,DAS
06414,01,DAS
06414,02,DAS
06415,01,DAS
06415,02,DAS
06417,01,DAS
06417,02,DAS
06419,01,DAS
06419,02,DAS
06420,01,EDAS
06420,02,EDAS
06422,01,DAS
06422,02,DAS
06423,01,EDAS
06423,02,DAS
06424,01,DAS
06424,02,DAS
06426,01,DAS
06426,02,DAS
06437,01,DAS
06437,02,DAS
06438,01,DAS
06438,02,DAS
06439,01,DAS
06439,02,DAS
06440,01,DAS
06440,02,DAS
06441,01,DAS
06441,02,DAS
06442,01,DAS
06442,02,DAS
06443,01,DAS
06443,02,DAS
06447,01,DAS
06447,02,DAS
06469,01,DAS
06469,02,DAS
06470,01,DAS
06470,02,DAS
06474,01,DAS
06474,02,DAS
06475,01,DAS
06475,02,DAS
06478,01,DAS
06478,02,DAS
06479,01,DAS
06479,02,DAS
06480,01,DAS
06480,02,DAS
06481,01,DAS
06481,02,DAS
06482,01,DAS
06482,02,DAS
06483,01,DAS
06483,02,DAS
06487,01,DAS
06487,02,DAS
06488,01,DAS
06488,02,DAS
06498,01,DAS
06498,02,DAS
06524,01,DAS
06524,02,DAS
06525,01,DAS
06525,02,DAS
06612,01,DAS
06612,02,DAS
06704,01,DAS
06704,02,DAS
06712,01,DAS
06712,02,DAS
06716,01,DAS
06716,02,DAS
06749,01,DAS
06749,02,DAS
06750,01,EDAS
06750,02,EDAS
06751,01,DAS
06751,02,DAS
06752,01,EDAS
06752,02,EDAS
06753,01,EDAS
06753,02,EDAS
06754,01,EDAS
06754,02,EDAS
06755,01,EDAS
06755,02,EDAS
06756,01,EDAS
06756,02,EDAS
06757,01,EDAS
06757,02,EDAS
06758,01,EDAS
06758,02,EDAS
06759,01,DAS
06759,02,DAS
06762,01,DAS
06762,02,DAS
06763,01,EDAS
06763,02,EDAS
06776,01,DAS
06776,02,DAS
06777,01,EDAS
06777,02,EDAS
06778,01,DAS
06778,02,DAS
06779,01,DAS
06779,02,DAS
06782,01,DAS
06782,02,DAS
06783,01,EDAS
06783,02,EDAS
06784,01,EDAS
06784,02,EDAS
06785,01,EDAS
06785,02,EDAS
06786,01,DAS
06786,02,DAS
06787,01,DAS
06787,02,DAS
06790,01,DAS
06790,02,DAS
06791,01,DAS
06791,02,DAS
06793,01,DAS
06793,02,DAS
06794,01,EDAS
06794,02,EDAS
06795,01,DAS
06795,02,DAS
06796,01,EDAS
06796,02,EDAS
06798,01,DAS
06798,02,DAS
06801,01,DAS
06801,02,DAS
06812,01,DAS
06812,02,DAS
06831,01,DAS
06840,01,DAS
06840,02,DAS
06877,01,DAS
06877,02,DAS
06883,01,DAS
06883,02,DAS
06896,01,DAS
06896,02,DAS
06897,01,DAS
06897,02,DAS
06903,01,DAS
06903,02,DAS
07005,01,DAS
07005,02,DAS
07045,01,DAS
07045,02,DAS
07416,01,DAS
07416,02,DAS
07418,01,DAS
07418,02,DAS
07419,01,DAS
07419,02,DAS
07421,01,DAS
07421,02,DAS
07422,01,DAS
07422,02,DAS
07428,01,DAS
07428,02,DAS
07435,01,EDAS
07435,02,EDAS
07438,01,DAS
07438,02,DAS
07439,01,DAS
07439,02,DAS
07456,01,DAS
07456,02,DAS
07460,01,EDAS
07460,02,EDAS
07461,01,DAS
07461,02,DAS
07462,01,DAS
07462,02,DAS
07465,01,DAS
07465,02,DAS
07480,01,DAS
07480,02,DAS
07710,01,DAS
07710,02,DAS
07716,01,DAS
07716,02,DAS
07717,01,DAS
07717,02,DAS
07719,01,DAS
07719,02,DAS
07720,01,DAS
07720,02,DAS
07722,01,DAS
07722,02,DAS
07727,01,DAS
07727,02,DAS
07732,01,DAS
07732,02,DAS
07738,01,DAS
07738,02,DAS
07762,01,DAS
07762,02,DAS
07803,01,DAS
07803,02,DAS
07821,01,DAS
07821,02,DAS
07822,01,DAS
07822,02,DAS
07823,01,DAS
07823,02,DAS
07825,01,EDAS
07825,02,EDAS
07826,01,EDAS
07826,02,EDAS
07827,01,EDAS
07827,02,EDAS
07830,01,DAS
07830,02,DAS
07832,01,EDAS
07832,02,EDAS
07833,01,DAS
07833,02,EDAS
07838,01,EDAS
07838,02,EDAS
07839,01,DAS
07839,02,DAS
07844,01,EDAS
07844,02,EDAS
07846,01,DAS
07846,02,DAS
07847,01,DAS
07847,02,DAS
07848,01,DAS
07848,02,DAS
07849,01,DAS
07849,02,DAS
07851,01,EDAS
07851,02,EDAS
07853,01,DAS
07853,02,DAS
07855,01,DAS
07855,02,DAS
07856,01,DAS
07856,02,DAS
07860,01,DAS
07860,02,DAS
07863,01,EDAS
07863,02,EDAS
07865,01,EDAS
07865,02,EDAS
07870,01,DAS
07870,02,DAS
07871,01,DAS
07871,02,DAS
07875,01,DAS
07875,02,EDAS
07879,02,DAS
07880,01,DAS
07880,02,EDAS
07881,01,REM
07881,02,REM
07882,01,DAS
07882,02,DAS
07890,01,EDAS
07890,02,EDAS
07924,01,DAS
07924,02,DAS
07930,01,DAS
07930,02,DAS
07931,01,EDAS
07931,02,EDAS
07934,01,DAS
07934,02,DAS
07935,01,DAS
07935,02,DAS
07938,01,DAS
07938,02,DAS
07945,01,DAS
07945,02,DAS
07976,01,DAS
07976,02,DAS
07977,01,DAS
07977,02,DAS
07979,01,DAS
07979,02,DAS
07980,01,DAS
07980,02,DAS
08001,01,DAS
08001,02,DAS
08004,01,DAS
08004,02,DAS
08005,01,DAS
08005,02,DAS
08006,01,EDAS
08006,02,EDAS
08008,01,DAS
08008,02,DAS
08011,01,DAS
08011,02,DAS
08014,01,DAS
08014,02,DAS
08015,01,DAS
08015,02,DAS
08019,01,EDAS
08019,02,EDAS
08022,01,DAS
08022,02,DAS
08025,02,DAS
08037,01,DAS
08037,02,DAS
08038,01,DAS
08038,02,DAS
08041,01,EDAS
08041,02,EDAS
08042,02,DAS
08050,01,DAS
08050,02,DAS
08064,01,EDAS
08064,02,EDAS
08067,01,DAS
08067,02,DAS
08068,01,DAS
08068,02,DAS
08069,01,DAS
08069,02,DAS
08070,01,DAS
08070,02,DAS
08072,01,DAS
08072,02,DAS
08073,01,DAS
08073,02,DAS
08079,01,DAS
08079,02,DAS
08087,01,DAS
08087,02,DAS
08088,01,DAS
08088,02,DAS
08089,01,DAS
08089,02,DAS
08092,01,DAS
08092,02,DAS
08095,01,DAS
08095,02,DAS
08098,01,DAS
08098,02,DAS
08201,01,DAS
08201,02,DAS
08202,01,DAS
08202,02,DAS
08203,01,DAS
08203,02,DAS
08204,01,DAS
08204,02,DAS
08205,01,DAS
08205,02,DAS
08210,01,DAS
08210,02,DAS
08212,01,DAS
08212,02,DAS
08213,01,DAS
08213,02,DAS
08214,01,DAS
08214,02,DAS
08215,01,DAS
08215,02,DAS
08217,01,DAS
08217,02,DAS
08219,01,EDAS
08219,02,EDAS
08220,01,DAS
08220,02,DAS
08221,01,DAS
08221,02,DAS
08223,01,DAS
08223,02,DAS
08224,01,DAS
08224,02,DAS
08225,01,DAS
08225,02,DAS
08226,01,DAS
08226,02,DAS
08230,01,DAS
08230,02,DAS
08232,01,DAS
08232,02,DAS
08240,01,DAS
08240,02,DAS
08241,01,DAS
08241,02,DAS
08242,01,DAS
08242,02,DAS
08243,01,DAS
08243,02,DAS
08245,01,DAS
08245,02,DAS
08246,01,EDAS
08246,02,EDAS
08247,01,DAS
08247,02,DAS
08248,01,DAS
08248,02,DAS
08250,01,EDAS
08250,02,EDAS
08251,01,DAS
08251,02,DAS
08252,01,EDAS
08252,02,EDAS
08260,01,DAS
08260,02,DAS
08270,01,EDAS
08270,02,EDAS
08302,01,DAS
08302,02,DAS
08310,01,DAS
08310,02,DAS
08311,01,EDAS
08311,02,EDAS
08312,01,DAS
08312,02,DAS
08313,01,DAS
08313,02,DAS
08314,01,EDAS
08314,02,EDAS
08315,01,EDAS
08315,02,EDAS
08316,01,EDAS
08316,02,EDAS
08317,01,DAS
08317,02,DAS
08318,01,DAS
08318,02,DAS
08319,01,EDAS
08319,02,EDAS
08320,01,DAS
08320,02,DAS
08321,01,EDAS
08321,02,EDAS
08322,01,DAS
08322,02,DAS
08323,01,EDAS
08323,02,EDAS
08324,01,EDAS
08324,02,EDAS
08326,01,DAS
08326,02,DAS
08327,01,EDAS
08327,02,EDAS
08328,01,DAS
08328,02,DAS
08329,01,DAS
08329,02,DAS
08330,01,DAS
08330,02,DAS
08340,01,EDAS
08340,02,EDAS
08341,01,DAS
08341,02,DAS
08342,01,DAS
08342,02,DAS
08343,01,DAS
08343,02,DAS
08344,01,DAS
08344,02,DAS
08345,01,EDAS
08345,02,EDAS
08346,01,EDAS
08346,02,EDAS
08348,01,DAS
08348,02,DAS
08349,01,REM
08349,02,REM
08350,01,DAS
08350,02,DAS
08352,01,DAS
08352,02,DAS
08361,01,DAS
08361,02,DAS
08402,01,DAS
08402,02,DAS
08403,01,DAS
08403,02,DAS
08405,01,DAS
08405,02,DAS
08406,01,DAS
08406,02,DAS
08501,01,DAS
08501,02,DAS
08502,01,DAS
08502,02,DAS
08510,01,DAS
08510,02,DAS
08511,01,DAS
08511,02,DAS
08514,01,DAS
08514,02,DAS
08515,01,DAS
08515,02,DAS
08525,01,DAS
08525,02,DAS
08530,01,DAS
08530,02,DAS
08533,01,DAS
08533,02,DAS
08535,01,DAS
08535,02,DAS
08551,01,DAS
08551,02,DAS
08553,01,DAS
08553,02,DAS
08554,01,DAS
08554,02,DAS
08555,01,DAS
08555,02,DAS
08556,01,DAS
08556,02,DAS
08557,01,EDAS
08557,02,EDAS
08558,01,DAS
08559,01,EDAS
08559,02,EDAS
08560,01,DAS
08560,02,DAS
08562,01,DAS
08562,02,DAS
08721,01,DAS
08721,02,DAS
08731,01,DAS
08731,02,DAS
08732,01,DAS
08732,02,DAS
08735,01,DAS
08735,02,DAS
08736,01,DAS
08736,02,DAS
08740,01,DAS
08740,02,DAS
08751,01,DAS
08751,02,DAS
08752,01,DAS
08752,02,DAS
08757,01,DAS
08757,02,DAS
08758,01,DAS
08758,02,DAS
08759,01,DAS
08759,02,DAS
08802,01,DAS
08802,02,DAS
08804,01,DAS
08804,02,DAS
08809,01,DAS
08809,02,DAS
08812,01,DAS
08812,02,DAS
08823,01,DAS
08823,02,DAS
08824,01,DAS
08824,02,DAS
08825,01,DAS
08825,02,DAS
08826,01,DAS
08826,02,DAS
08827,01,DAS
08827,02,DAS
08829,01,DAS
08829,02,DAS
08836,01,DAS
08836,02,DAS
08844,01,DAS
08844,02,DAS
08848,01,DAS
08848,02,DAS
08852,01,DAS
08852,02,DAS
08853,01,DAS
08853,02,DAS
08858,01,DAS
08858,02,DAS
08865,01,DAS
08865,02,DAS
08867,01,EDAS
08867,02,EDAS
08868,01,DAS
08868,02,DAS
08870,01,DAS
08870,02,DAS
08886,01,DAS
08886,02,DAS
08889,01,DAS
08889,02,DAS
10001,01,DAS
10001,02,DAS
10002,01,DAS
10002,02,DAS
10003,01,DAS
10003,02,DAS
10004,01,DAS
10004,02,DAS
10005,01,DAS
10005,02,DAS
10006,01,DAS
10006,02,DAS
10007,01,DAS
10007,02,DAS
10008,01,DAS
10008,02,DAS
10009,01,DAS
10009,02,DAS
10010,01,DAS
10010,02,DAS
10011,01,DAS
10011,02,DAS
10012,01,DAS
10012,02,DAS
10013,01,DAS
10013,02,DAS
10014,01,DAS
10014,02,DAS
10016,01,DAS
10016,02,DAS
10017,01,DAS
10017,02,DAS
10018,01,DAS
10018,02,DAS
10019,01,DAS
10019,02,DAS
10020,01,DAS
10020,02,DAS
10022,01,DAS
10022,02,DAS
10029,01,DAS
10029,02,DAS
10036,01,DAS
10036,02,DAS
10038,01,DAS
10038,02,DAS
10041,01,DAS
10041,02,DAS
10045,01,DAS
10045,02,DAS
10055,01,DAS
10055,02,DAS
10081,01,DAS
10081,02,DAS
10101,01,DAS
10101,02,DAS
10103,01,DAS
10103,02,DAS
10104,01,DAS
10104,02,DAS
10105,01,DAS
10105,02,DAS
10107,01,DAS
10107,02,DAS
10110,01,DAS
10110,02,DAS
10111,01,DAS
10111,02,DAS
10112,01,DAS
10112,02,DAS
10116,01,DAS
10116,02,DAS
10118,01,DAS
10118,02,DAS
10119,01,DAS
10119,02,DAS
10120,01,DAS
10120,02,DAS
10121,01,DAS
10121,02,DAS
10122,01,DAS
10122,02,DAS
10123,01,DAS
10123,02,DAS
10150,01,DAS
10150,02,DAS
10151,01,DAS
10151,02,DAS
10152,01,DAS
10152,02,DAS
10153,01,DAS
10153,02,DAS
10154,01,DAS
10154,02,DAS
10155,01,DAS
10155,02,DAS
10158,01,DAS
10158,02,DAS
10165,01,DAS
10165,02,DAS
10166,01,DAS
10166,02,DAS
10167,01,DAS
10167,02,DAS
10168,01,DAS
10168,02,DAS
10169,01,DAS
10169,02,DAS
10170,01,DAS
10170,02,DAS
10171,01,DAS
10171,02,DAS
10173,01,DAS
10173,02,DAS
10174,01,DAS
10174,02,DAS
10175,01,DAS
10175,02,DAS
10176,01,DAS
10176,02,DAS
10177,01,DAS
10177,02,DAS
10178,01,DAS
10178,02,DAS
10179,01,DAS
10179,02,DAS
10199,01,DAS
10199,02,DAS
10270,01,DAS
10270,02,DAS
10271,01,DAS
10271,02,DAS
10278,01,DAS
10278,02,DAS
10279,01,DAS
10279,02,DAS
10280,01,DAS
10280,02,DAS
10282,01,DAS
10282,02,DAS
10452,01,DAS
10452,02,DAS
10453,01,DAS
10453,02,DAS
10456,01,DAS
10456,02,DAS
10457,01,DAS
10457,02,DAS
10458,01,DAS
10458,02,DAS
10459,01,DAS
10459,02,DAS
10460,01,DAS
10460,02,DAS
10467,01,DAS
10467,02,DAS
10469,01,DAS
10469,02,DAS
10470,01,DAS
10470,02,DAS
10471,01,DAS
10471,02,DAS
10475,01,DAS
10475,02,DAS
10505,01,DAS
10505,02,DAS
10506,01,DAS
10506,02,DAS
10509,01,DAS
10509,02,DAS
10512,01,DAS
10516,01,DAS
10516,02,DAS
10518,01,DAS
10518,02,DAS
10519,01,DAS
10519,02,DAS
10524,01,DAS
10524,02,DAS
10526,01,DAS
10526,02,DAS
10536,01,DAS
10536,02,DAS
10541,01,DAS
10541,02,DAS
10542,01,DAS
10542,02,DAS
10552,01,DAS
10552,02,DAS
10560,01,DAS
10560,02,DAS
10566,01,DAS
10566,02,DAS
10576,01,DAS
10576,02,DAS
10578,01,DAS
10578,02,DAS
10579,01,DAS
10579,02,DAS
10588,01,DAS
10588,02,DAS
10590,01,DAS
10590,02,DAS
10597,01,DAS
10597,02,DAS
10910,01,EDAS
10910,02,EDAS
10911,01,EDAS
10911,02,EDAS
10916,01,DAS
10916,02,DAS
10919,01,DAS
10919,02,DAS
10922,01,DAS
10922,02,DAS
10924,01,DAS
10924,02,DAS
10925,01,DAS
10925,02,DAS
10928,01,EDAS
10928,02,EDAS
10930,01,DAS
10930,02,DAS
10931,01,DAS
10931,02,DAS
10933,01,DAS
10933,02,DAS
10958,01,DAS
10958,02,DAS
10963,01,DAS
10963,02,DAS
10964,01,DAS
10964,02,DAS
10968,01,DAS
10968,02,DAS
10969,01,EDAS
10969,02,EDAS
10973,01,DAS
10973,02,DAS
10974,01,DAS
10974,02,DAS
10975,01,DAS
10975,02,DAS
10979,01,DAS
10979,02,DAS
10985,01,DAS
10985,02,DAS
10986,01,DAS
10986,02,DAS
10987,01,DAS
10987,02,DAS
10990,01,DAS
10990,02,DAS
10998,01,DAS
10998,02,DAS
11212,01,DAS
11212,02,DAS
11221,01,DAS
11221,02,DAS
11226,01,DAS
11226,02,DAS
11239,01,DAS
11239,02,DAS
11560,01,DAS
11569,01,DAS
11569,02,DAS
11770,01,REM
11770,02,REM
11771,01,DAS
11792,01,DAS
11792,02,DAS
11930,01,DAS
11930,02,DAS
11932,01,DAS
11932,02,DAS
11933,01,DAS
11933,02,DAS
11935,01,DAS
11935,02,DAS
11937,01,DAS
11937,02,DAS
11939,01,DAS
11939,02,DAS
11941,01,DAS
11941,02,DAS
11942,01,DAS
11942,02,DAS
11944,01,DAS
11944,02,DAS
11946,01,DAS
11946,02,DAS
11948,01,DAS
11948,02,DAS
11949,01,DAS
11949,02,DAS
11952,01,DAS
11952,02,DAS
11954,01,DAS
11954,02,DAS
11955,01,DAS
11955,02,DAS
11956,01,DAS
11956,02,DAS
11957,01,DAS
11957,02,DAS
11958,01,DAS
11958,02,DAS
11959,01,DAS
11959,02,DAS
11960,01,DAS
11960,02,DAS
11961,01,DAS
11961,02,DAS
11962,01,DAS
11962,02,DAS
11963,01,DAS
11963,02,DAS
11964,01,EDAS
11964,02,EDAS
11965,01,REM
11965,02,REM
11968,01,DAS
11968,02,DAS
11970,01,DAS
11970,02,DAS
11971,01,DAS
11971,02,DAS
11972,01,DAS
11972,02,DAS
11975,01,DAS
11975,02,DAS
11976,01,DAS
11976,02,DAS
11977,01,DAS
11977,02,DAS
11978,01,DAS
11978,02,DAS
12007,01,EDAS
12007,02,EDAS
12008,01,DAS
12008,02,DAS
12009,01,DAS
12009,02,DAS
12015,01,DAS
12015,02,DAS
12016,01,EDAS
12016,02,EDAS
12017,01,EDAS
12017,02,EDAS
12018,01,DAS
12018,02,DAS
12019,01,DAS
12019,02,DAS
12020,01,DAS
12020,02,DAS
12022,01,EDAS
12022,02,EDAS
12023,01,EDAS
12023,02,EDAS
12024,01,EDAS
12024,02,EDAS
12025,01,EDAS
12025,02,EDAS
12027,01,DAS
12027,02,DAS
12028,01,EDAS
12028,02,EDAS
12029,01,EDAS
12029,02,EDAS
12031,01,EDAS
12031,02,EDAS
12032,01,EDAS
12032,02,EDAS
12033,01,DAS
12033,02,DAS
12035,01,EDAS
12035,02,EDAS
12036,01,EDAS
12036,02,EDAS
12037,01,EDAS
12037,02,EDAS
12040,01,EDAS
12040,02,EDAS
12041,01,DAS
12041,02,DAS
12042,01,EDAS
12042,02,EDAS
12043,01,DAS
12043,02,DAS
12046,01,EDAS
12046,02,EDAS
12050,01,DAS
12050,02,DAS
12052,01,EDAS
12052,02,EDAS
12053,01,EDAS
12053,02,EDAS
12055,01,EDAS
12055,02,EDAS
12056,01,EDAS
12056,02,EDAS
12057,01,EDAS
12057,02,EDAS
12058,01,EDAS
12058,02,EDAS
12059,01,DAS
12059,02,DAS
12060,01,EDAS
12060,02,EDAS
12062,01,EDAS
12062,02,EDAS
12063,01,DAS
12063,02,DAS
12064,01,EDAS
12064,02,EDAS
12066,01,EDAS
12066,02,EDAS
12067,01,DAS
12067,02,DAS
12068,01,EDAS
12068,02,EDAS
12069,01,DAS
12069,02,DAS
12070,01,EDAS
12070,02,EDAS
12071,01,EDAS
12071,02,EDAS
12072,01,EDAS
12072,02,EDAS
12073,01,DAS
12073,02,DAS
12074,01,DAS
12074,02,DAS
12075,01,EDAS
12075,02,EDAS
12076,01,EDAS
12076,02,EDAS
12078,01,DAS
12078,02,DAS
12082,01,EDAS
12082,02,EDAS
12083,01,DAS
12083,02,DAS
12086,01,DAS
12086,02,DAS
12087,01,EDAS
12087,02,EDAS
12090,01,DAS
12090,02,DAS
12092,01,EDAS
12092,02,EDAS
12093,01,EDAS
12093,02,EDAS
12094,01,EDAS
12094,02,EDAS
12106,01,DAS
12106,02,DAS
12107,01,EDAS
12107,02,EDAS
12108,01,EDAS
12108,02,EDAS
12115,01,DAS
12115,02,DAS
12116,01,REM
12116,02,REM
12117,01,EDAS
12117,02,EDAS
12118,01,DAS
12118,02,DAS
12120,01,EDAS
12120,02,EDAS
12121,01,EDAS
12121,02,EDAS
12122,01,EDAS
12122,02,EDAS
12123,01,DAS
12123,02,DAS
12125,01,EDAS
12125,02,EDAS
12131,01,REM
12131,02,REM
12132,01,DAS
12132,02,DAS
12133,01,DAS
12133,02,DAS
12134,01,EDAS
12134,02,EDAS
12136,01,EDAS
12136,02,EDAS
12137,01,EDAS
12137,02,EDAS
12138,01,EDAS
12138,02,EDAS
12139,01,EDAS
12139,02,EDAS
12140,01,DAS
12140,02,DAS
12141,01,DAS
12141,02,DAS
12143,01,DAS
12143,02,DAS
12147,01,EDAS
12147,02,EDAS
12148,01,DAS
12148,02,DAS
12149,01,EDAS
12149,02,EDAS
12150,01,DAS
12150,02,DAS
12151,01,DAS
12151,02,DAS
12153,01,EDAS
12153,02,EDAS
12154,01,DAS
12154,02,DAS
12155,01,EDAS
12155,02,EDAS
12156,01,EDAS
12156,02,EDAS
12157,01,EDAS
12157,02,EDAS
12160,01,EDAS
12160,02,EDAS
12164,01,EDAS
12164,02,EDAS
12165,01,EDAS
12165,02,EDAS
12166,01,EDAS
12166,02,EDAS
12167,01,EDAS
12167,02,EDAS
12168,01,EDAS
12168,02,EDAS
12169,01,EDAS
12169,02,EDAS
12170,01,EDAS
12170,02,EDAS
12173,01,DAS
12173,02,DAS
12174,01,DAS
12174,02,DAS
12175,01,EDAS
12175,02,EDAS
12176,01,EDAS
12176,02,EDAS
12177,01,DAS
12177,02,DAS
12184,01,DAS
12184,02,DAS
12185,01,DAS
12185,02,DAS
12186,01,DAS
12186,02,DAS
12187,01,EDAS
12187,02,EDAS
12190,01,EDAS
12190,02,EDAS
12192,01,DAS
12192,02,DAS
12193,01,EDAS
12193,02,EDAS
12194,01,EDAS
12194,02,EDAS
12195,01,EDAS
12195,02,EDAS
12196,01,DAS
12196,02,DAS
12197,01,EDAS
12197,02,EDAS
12236,01,DAS
12236,02,DAS
12307,01,DAS
12307,02,DAS
12404,01,EDAS
12404,02,EDAS
12405,01,EDAS
12405,02,EDAS
12406,01,EDAS
12406,02,EDAS
12407,01,DAS
12407,02,DAS
12409,01,EDAS
12409,02,EDAS
12410,01,EDAS
12410,02,EDAS
12411,01,EDAS
12411,02,EDAS
12412,01,EDAS
12412,02,EDAS
12413,01,EDAS
12413,02,EDAS
12414,01,DAS
12414,02,DAS
12416,01,EDAS
12416,02,EDAS
12417,01,DAS
12417,02,DAS
12418,01,EDAS
12418,02,EDAS
12419,01,DAS
12419,02,DAS
12420,01,DAS
12420,02,DAS
12421,01,EDAS
12421,02,EDAS
12422,01,EDAS
12422,02,EDAS
12423,01,DAS
12423,02,DAS
12424,01,EDAS
12424,02,EDAS
12427,01,EDAS
12427,02,EDAS
12428,01,EDAS
12428,02,EDAS
12430,01,EDAS
12430,02,EDAS
12431,01,DAS
12431,02,DAS
12432,01,DAS
12432,02,DAS
12433,01,DAS
12433,02,DAS
12434,01,EDAS
12434,02,EDAS
12435,01,EDAS
12435,02,EDAS
12436,01,DAS
12436,02,DAS
12438,01,EDAS
12438,02,EDAS
12439,01,EDAS
12439,02,EDAS
12440,01,DAS
12440,02,DAS
12441,01,EDAS
12441,02,EDAS
12442,01,EDAS
12442,02,EDAS
12443,01,DAS
12443,02,DAS
12444,01,EDAS
12444,02,EDAS
12446,01,EDAS
12446,02,EDAS
12448,01,EDAS
12448,02,EDAS
12450,01,EDAS
12450,02,EDAS
12451,01,DAS
12451,02,DAS
12452,01,EDAS
12452,02,EDAS
12453,01,DAS
12453,02,DAS
12454,01,EDAS
12454,02,EDAS
12455,01,EDAS
12455,02,EDAS
12456,01,DAS
12456,02,DAS
12457,01,EDAS
12457,02,EDAS
12458,01,DAS
12458,02,DAS
12459,01,EDAS
12459,02,EDAS
12460,01,EDAS
12460,02,EDAS
12461,01,EDAS
12461,02,EDAS
12463,01,EDAS
12463,02,EDAS
12464,01,EDAS
12464,02,EDAS
12465,01,EDAS
12465,02,EDAS
12466,01,DAS
12466,02,DAS
12468,01,EDAS
12468,02,EDAS
12469,01,EDAS
12469,02,EDAS
12470,01,EDAS
12470,02,EDAS
12472,01,DAS
12472,02,DAS
12473,01,DAS
12473,02,DAS
12474,01,EDAS
12474,02,EDAS
12475,01,EDAS
12475,02,EDAS
12477,01,DAS
12477,02,DAS
12480,01,EDAS
12480,02,EDAS
12481,01,EDAS
12481,02,EDAS
12482,01,DAS
12482,02,DAS
12483,01,EDAS
12483,02,EDAS
12484,01,DAS
12484,02,DAS
12485,01,EDAS
12485,02,EDAS
12486,01,DAS
12486,02,DAS
12487,01,DAS
12487,02,DAS
12489,01,EDAS
12489,02,EDAS
12490,01,EDAS
12490,02,EDAS
12491,01,DAS
12491,02,DAS
12492,01,EDAS
12492,02,EDAS
12493,01,EDAS
12493,02,EDAS
12494,01,EDAS
12494,02,EDAS
12495,01,EDAS
12495,02,EDAS
12496,01,EDAS
12496,02,EDAS
12498,01,DAS
12498,02,DAS
12501,01,EDAS
12501,02,EDAS
12502,01,EDAS
12502,02,EDAS
12503,01,EDAS
12503,02,EDAS
12504,01,DAS
12504,02,DAS
12506,01,DAS
12506,02,DAS
12507,01,DAS
12507,02,DAS
12513,01,DAS
12513,02,DAS
12514,01,DAS
12514,02,DAS
12515,01,DAS
12515,02,DAS
12516,01,EDAS
12516,02,EDAS
12517,01,EDAS
12517,02,EDAS
12521,01,EDAS
12521,02,EDAS
12522,01,EDAS
12522,02,EDAS
12523,01,EDAS
12523,02,EDAS
12525,01,DAS
12525,02,DAS
12526,01,EDAS
12526,02,EDAS
12528,01,DAS
12528,02,DAS
12529,01,EDAS
12529,02,EDAS
12530,01,DAS
12530,02,DAS
12531,01,DAS
12531,02,DAS
12533,01,DAS
12533,02,DAS
12534,01,DAS
12534,02,DAS
12538,01,DAS
12538,02,DAS
12540,01,DAS
12541,01,DAS
12541,02,DAS
12542,01,DAS
12542,02,DAS
12544,01,DAS
12544,02,DAS
12545,01,DAS
12545,02,DAS
12546,01,EDAS
12546,02,EDAS
12547,01,DAS
12547,02,DAS
12548,01,DAS
12548,02,DAS
12561,01,DAS
12561,02,DAS
12563,01,DAS
12563,02,DAS
12564,01,DAS
12564,02,DAS
12565,01,DAS
12565,02,DAS
12566,01,DAS
12566,02,DAS
12567,01,EDAS
12567,02,EDAS
12568,01,DAS
12568,02,DAS
12569,01,DAS
12569,02,DAS
12570,01,DAS
12570,02,DAS
12571,01,DAS
12571,02,DAS
12572,01,DAS
12572,02,DAS
12574,01,DAS
12574,02,DAS
12575,01,DAS
12575,02,DAS
12578,01,DAS
12578,02,DAS
12580,01,DAS
12580,02,DAS
12581,01,EDAS
12581,02,EDAS
12582,01,DAS
12582,02,DAS
12583,01,EDAS
12583,02,EDAS
12585,01,DAS
12585,02,DAS
12588,01,EDAS
12588,02,EDAS
12592,01,DAS
12592,02,DAS
12594,01,DAS
12594,02,DAS
12602,02,DAS
12701,01,DAS
12701,02,DAS
12719,01,EDAS
12719,02,EDAS
12720,01,EDAS
12720,02,EDAS
12721,01,DAS
12721,02,DAS
12722,01,DAS
12722,02,DAS
12723,01,EDAS
12723,02,EDAS
12724,01,DAS
12724,02,DAS
12725,01,EDAS
12725,02,EDAS
12726,01,REM
12726,02,REM
12727,01,EDAS
12727,02,EDAS
12729,01,DAS
12729,02,DAS
12732,01,EDAS
12732,02,EDAS
12733,01,DAS
12733,02,DAS
12734,01,EDAS
12734,02,EDAS
12736,01,EDAS
12736,02,EDAS
12737,01,EDAS
12737,02,EDAS
12738,01,EDAS
12738,02,EDAS
12740,01,EDAS
12740,02,EDAS
12741,01,EDAS
12741,02,EDAS
12742,01,DAS
12742,02,DAS
12743,01,EDAS
12743,02,EDAS
12745,01,EDAS
12745,02,EDAS
12746,01,EDAS
12746,02,EDAS
12747,01,EDAS
12747,02,EDAS
12748,01,EDAS
12748,02,EDAS
12749,01,EDAS
12749,02,EDAS
12750,01,EDAS
12750,02,EDAS
12751,01,EDAS
12751,02,EDAS
12752,01,EDAS
12752,02,EDAS
12754,01,DAS
12754,02,DAS
12758,01,EDAS
12758,02,EDAS
12759,01,DAS
12759,02,DAS
12760,01,EDAS
12760,02,EDAS
12762,01,EDAS
12762,02,EDAS
12763,01,EDAS
12763,02,EDAS
12764,01,EDAS
12764,02,EDAS
12765,01,EDAS
12765,02,EDAS
12766,01,EDAS
12766,02,EDAS
12767,01,DAS
12767,02,DAS
12768,01,REM
12768,02,REM
12769,01,DAS
12769,02,DAS
12770,01,EDAS
12770,02,EDAS
12771,01,DAS
12771,02,DAS
12775,01,DAS
12775,02,DAS
12776,01,EDAS
12776,02,EDAS
12777,01,EDAS
12777,02,EDAS
12778,01,EDAS
12778,02,EDAS
12779,01,DAS
12779,02,DAS
12780,01,EDAS
12780,02,EDAS
12781,01,DAS
12781,02,DAS
12782,01,EDAS
12782,02,EDAS
12783,01,EDAS
12783,02,EDAS
12784,01,EDAS
12784,02,EDAS
12785,01,DAS
12785,02,DAS
12786,01,EDAS
12786,02,EDAS
12787,01,DAS
12787,02,DAS
12788,01,EDAS
12788,02,EDAS
12789,01,EDAS
12789,02,EDAS
12790,01,EDAS
12790,02,EDAS
12791,01,EDAS
12791,02,EDAS
12792,01,EDAS
12792,02,EDAS
12803,01,DAS
12803,02,DAS
12804,01,DAS
12804,02,DAS
12808,01,EDAS
12808,02,EDAS
12809,01,EDAS
12809,02,EDAS
12810,01,EDAS
12810,02,EDAS
12811,01,EDAS
12811,02,EDAS
12812,01,EDAS
12812,02,EDAS
12814,01,EDAS
12814,02,EDAS
12815,01,EDAS
12815,02,EDAS
12816,01,EDAS
12816,02,EDAS
12817,01,EDAS
12817,02,EDAS
12819,01,REM
12819,02,REM
12820,01,DAS
12820,02,DAS
12821,01,DAS
12821,02,DAS
12822,01,EDAS
12822,02,EDAS
12823,01,EDAS
12823,02,EDAS
12824,01,EDAS
12824,02,EDAS
12827,01,EDAS
12827,02,EDAS
12828,01,EDAS
12828,02,EDAS
12831,01,DAS
12831,02,DAS
12832,01,EDAS
12832,02,EDAS
12833,01,DAS
12833,02,DAS
12834,01,DAS
12834,02,DAS
12835,01,EDAS
12835,02,EDAS
12836,01,EDAS
12836,02,EDAS
12837,01,EDAS
12837,02,EDAS
12838,01,EDAS
12838,02,EDAS
12839,01,DAS
12839,02,DAS
12841,01,REM
12841,02,REM
12842,01,EDAS
12842,02,EDAS
12843,01,EDAS
12843,02,EDAS
12844,01,EDAS
12844,02,EDAS
12845,01,DAS
12845,02,DAS
12846,01,EDAS
12846,02,EDAS
12847,01,REM
12847,02,REM
12848,01,DAS
12848,02,DAS
12849,01,EDAS
12849,02,EDAS
12850,01,EDAS
12850,02,EDAS
12851,01,EDAS
12851,02,EDAS
12852,01,EDAS
12852,02,EDAS
12853,01,EDAS
12853,02,EDAS
12854,01,DAS
12854,02,DAS
12855,01,EDAS
12855,02,EDAS
12856,01,EDAS
12856,02,EDAS
12857,01,EDAS
12857,02,EDAS
12858,01,REM
12858,02,REM
12859,01,EDAS
12859,02,EDAS
12860,01,EDAS
12860,02,EDAS
12861,01,REM
12861,02,REM
12862,01,REM
12862,02,REM
12863,01,DAS
12863,02,DAS
12865,01,EDAS
12865,02,EDAS
12870,01,EDAS
12870,02,EDAS
12871,01,EDAS
12871,02,EDAS
12872,01,REM
12872,02,REM
12873,01,EDAS
12873,02,EDAS
12874,01,EDAS
12874,02,EDAS
12878,01,EDAS
12878,02,EDAS
12879,01,EDAS
12879,02,EDAS
12883,01,EDAS
12883,02,EDAS
12884,01,DAS
12884,02,DAS
12885,01,EDAS
12885,02,EDAS
12886,01,DAS
12886,02,DAS
12887,01,EDAS
12887,02,EDAS
12910,01,EDAS
12910,02,EDAS
12911,01,DAS
12911,02,DAS
12912,01,EDAS
12912,02,EDAS
12913,01,EDAS
12913,02,EDAS
12914,01,EDAS
12914,02,EDAS
12915,01,DAS
12915,02,DAS
12916,01,REM
12916,02,REM
12917,01,EDAS
12917,02,EDAS
12918,01,EDAS
12918,02,EDAS
12920,01,EDAS
12920,02,EDAS
12921,01,DAS
12921,02,DAS
12922,01,EDAS
12922,02,EDAS
12923,01,EDAS
12923,02,EDAS
12924,01,DAS
12924,02,DAS
12926,01,REM
12926,02,REM
12927,01,EDAS
12927,02,EDAS
12928,01,EDAS
12928,02,EDAS
12930,01,EDAS
12930,02,EDAS
12932,01,EDAS
12932,02,EDAS
12933,01,DAS
12933,02,DAS
12934,01,EDAS
12934,02,EDAS
12935,01,EDAS
12935,02,EDAS
12936,01,EDAS
12936,02,EDAS
12937,01,EDAS
12937,02,EDAS
12939,01,EDAS
12939,02,EDAS
12941,01,EDAS
12941,02,EDAS
12942,01,EDAS
12942,02,EDAS
12943,01,EDAS
12943,02,EDAS
12944,01,EDAS
12944,02,EDAS
12945,01,EDAS
12945,02,EDAS
12946,01,DAS
12946,02,DAS
12949,01,DAS
12949,02,DAS
12950,01,EDAS
12950,02,EDAS
12952,01,EDAS
12952,02,EDAS
12953,01,DAS
12953,02,DAS
12955,01,EDAS
12955,02,EDAS
12956,01,EDAS
12956,02,EDAS
12957,01,EDAS
12957,02,EDAS
12958,01,DAS
12958,02,DAS
12959,01,EDAS
12959,02,EDAS
12960,01,EDAS
12960,02,EDAS
12961,01,EDAS
12961,02,EDAS
12962,01,DAS
12962,02,DAS
12964,01,EDAS
12964,02,EDAS
12965,01,EDAS
12965,02,EDAS
12966,01,EDAS
12966,02,EDAS
12967,01,EDAS
12967,02,EDAS
12969,01,EDAS
12969,02,EDAS
12970,01,EDAS
12970,02,EDAS
12972,01,DAS
12972,02,DAS
12973,01,EDAS
12973,02,EDAS
12974,01,EDAS
12974,02,EDAS
12975,01,DAS
12975,02,DAS
12976,01,EDAS
12976,02,EDAS
12977,01,DAS
12977,02,DAS
12978,01,DAS
12978,02,DAS
12979,01,DAS
12979,02,DAS
12980,01,EDAS
12980,02,EDAS
12981,01,EDAS
12981,02,EDAS
12983,01,DAS
12983,02,DAS
12985,01,EDAS
12985,02,EDAS
12986,01,REM
12986,02,REM
12987,01,EDAS
12987,02,EDAS
12989,01,EDAS
12989,02,EDAS
12992,01,DAS
12992,02,DAS
12993,01,EDAS
12993,02,EDAS
12995,01,DAS
12995,02,DAS
12996,01,EDAS
12996,02,EDAS
12997,01,EDAS
12997,02,EDAS
12998,01,EDAS
12998,02,EDAS
13026,01,EDAS
13026,02,EDAS
13028,01,EDAS
13028,02,EDAS
13030,01,DAS
13030,02,DAS
13032,01,DAS
13032,02,DAS
13033,01,DAS
13033,02,DAS
13034,01,EDAS
13034,02,EDAS
13035,01,DAS
13035,02,DAS
13036,01,DAS
13036,02,DAS
13037,01,DAS
13037,02,DAS
13040,01,EDAS
13040,02,EDAS
13042,01,EDAS
13042,02,EDAS
13043,01,DAS
13043,02,DAS
13044,01,EDAS
13044,02,EDAS
13045,01,DAS
13045,02,DAS
13052,01,EDAS
13052,02,EDAS
13053,01,EDAS
13053,02,EDAS
13054,01,EDAS
13054,02,EDAS
13056,01,DAS
13056,02,DAS
13060,01,DAS
13060,02,DAS
13061,01,EDAS
13061,02,EDAS
13062,02,DAS
13063,01,EDAS
13063,02,EDAS
13064,01,DAS
13064,02,DAS
13065,01,DAS
13065,02,DAS
13068,01,DAS
13068,02,DAS
13069,01,DAS
13069,02,DAS
13071,01,EDAS
13071,02,EDAS
13072,01,EDAS
13072,02,EDAS
13073,01,DAS
13073,02,DAS
13074,01,DAS
13074,02,DAS
13076,01,DAS
13076,02,DAS
13077,01,EDAS
13077,02,EDAS
13078,01,DAS
13078,02,DAS
13080,01,DAS
13080,02,DAS
13081,01,EDAS
13081,02,EDAS
13082,01,DAS
13082,02,DAS
13083,01,EDAS
13083,02,EDAS
13084,01,DAS
13084,02,DAS
13087,01,EDAS
13087,02,EDAS
13092,01,EDAS
13092,02,EDAS
13093,01,DAS
13093,02,DAS
13101,01,EDAS
13101,02,EDAS
13102,01,EDAS
13102,02,EDAS
13103,01,DAS
13103,02,DAS
13107,01,DAS
13107,02,DAS
13108,01,DAS
13108,02,DAS
13110,01,EDAS
13110,02,EDAS
13111,01,EDAS
13111,02,EDAS
13112,01,DAS
13112,02,DAS
13114,01,EDAS
13114,02,EDAS
13117,01,DAS
13117,02,DAS
13118,01,EDAS
13118,02,EDAS
13119,01,DAS
13119,02,DAS
13120,01,DAS
13120,02,DAS
13121,01,DAS
13121,02,DAS
13122,01,EDAS
13122,02,EDAS
13123,01,EDAS
13123,02,EDAS
13124,01,EDAS
13124,02,EDAS
13126,01,DAS
13126,02,DAS
13131,01,DAS
13131,02,DAS
13132,01,DAS
13132,02,DAS
13135,01,DAS
13135,02,DAS
13136,01,EDAS
13136,02,EDAS
13138,01,DAS
13138,02,DAS
13139,01,DAS
13139,02,DAS
13140,01,EDAS
13140,02,EDAS
13141,01,EDAS
13141,02,EDAS
13142,01,DAS
13142,02,DAS
13143,01,EDAS
13143,02,EDAS
13144,01,EDAS
13144,02,EDAS
13145,01,EDAS
13145,02,EDAS
13146,01,EDAS
13146,02,EDAS
13147,01,EDAS
13147,02,EDAS
13148,01,DAS
13148,02,DAS
13152,01,DAS
13152,02,DAS
13154,01,DAS
13154,02,DAS
13155,01,EDAS
13155,02,EDAS
13156,01,EDAS
13156,02,EDAS
13158,01,EDAS
13158,02,EDAS
13159,01,DAS
13159,02,DAS
13160,01,EDAS
13160,02,EDAS
13162,01,EDAS
13162,02,EDAS
13164,01,DAS
13164,02,DAS
13166,01,DAS
13166,02,DAS
13167,01,DAS
13167,02,DAS
13301,01,DAS
13301,02,DAS
13302,01,EDAS
13302,02,EDAS
13303,01,EDAS
13303,02,EDAS
13304,01,DAS
13304,02,DAS
13305,01,DAS
13305,02,DAS
13308,01,DAS
13308,02,DAS
13309,01,EDAS
13309,02,EDAS
13310,01,DAS
13310,02,DAS
13312,01,EDAS
13312,02,EDAS
13313,01,DAS
13313,02,DAS
13314,01,DAS
13314,02,DAS
13315,01,EDAS
13315,02,EDAS
13316,01,EDAS
13316,02,EDAS
13317,01,EDAS
13317,02,EDAS
13318,01,EDAS
13318,02,EDAS
13320,01,EDAS
13320,02,EDAS
13322,01,EDAS
13322,02,EDAS
13324,01,EDAS
13324,02,EDAS
13325,01,EDAS
13325,02,EDAS
13326,01,DAS
13326,02,DAS
13327,01,EDAS
13327,02,EDAS
13328,01,DAS
13328,02,DAS
13329,01,EDAS
13329,02,EDAS
13331,01,EDAS
13331,02,EDAS
13332,01,EDAS
13332,02,EDAS
13333,01,EDAS
13333,02,EDAS
13334,01,EDAS
13334,02,EDAS
13335,01,DAS
13335,02,DAS
13337,01,DAS
13337,02,DAS
13338,01,EDAS
13338,02,EDAS
13339,01,EDAS
13339,02,EDAS
13342,01,EDAS
13342,02,EDAS
13343,01,EDAS
13343,02,EDAS
13345,01,EDAS
13345,02,EDAS
13346,01,DAS
13346,02,DAS
13348,01,EDAS
13348,02,EDAS
13352,01,DAS
13352,02,DAS
13353,01,EDAS
13353,02,EDAS
13354,01,DAS
13354,02,DAS
13355,01,REM
13355,02,REM
13357,01,DAS
13357,02,DAS
13360,01,EDAS
13360,02,EDAS
13361,01,EDAS
13361,02,EDAS
13363,01,DAS
13363,02,DAS
13364,01,DAS
13364,02,DAS
13365,01,EDAS
13365,02,EDAS
13367,01,EDAS
13367,02,EDAS
13368,01,EDAS
13368,02,EDAS
13401,01,DAS
13401,02,DAS
13402,01,DAS
13402,02,DAS
13404,01,REM
13404,02,REM
13406,01,EDAS
13406,02,EDAS
13407,01,DAS
13407,02,DAS
13408,01,DAS
13408,02,DAS
13409,01,DAS
13409,02,DAS
13411,01,EDAS
13411,02,EDAS
13415,01,DAS
13415,02,DAS
13416,01,EDAS
13416,02,EDAS
13418,01,EDAS
13418,02,EDAS
13420,01,EDAS
13420,02,EDAS
13425,01,DAS
13425,02,DAS
13426,01,DAS
13426,02,EDAS
13428,01,DAS
13428,02,DAS
13431,01,EDAS
13431,02,EDAS
13433,01,EDAS
13433,02,EDAS
13435,01,EDAS
13435,02,EDAS
13436,01,EDAS
13436,02,EDAS
13437,01,EDAS
13437,02,EDAS
13438,01,EDAS
13438,02,EDAS
13439,01,EDAS
13439,02,EDAS
13450,01,EDAS
13450,02,EDAS
13452,01,EDAS
13452,02,EDAS
13454,01,EDAS
13454,02,EDAS
13455,02,DAS
13456,01,DAS
13456,02,DAS
13457,01,DAS
13457,02,EDAS
13459,01,EDAS
13459,02,EDAS
13460,01,EDAS
13460,02,EDAS
13461,01,DAS
13461,02,DAS
13464,01,EDAS
13464,02,EDAS
13468,01,EDAS
13468,02,EDAS
13469,01,DAS
13469,02,DAS
13470,01,EDAS
13470,02,EDAS
13471,01,EDAS
13471,02,EDAS
13472,01,EDAS
13472,02,EDAS
13473,01,EDAS
13473,02,EDAS
13475,01,DAS
13475,02,DAS
13476,01,DAS
13476,02,DAS
13477,01,EDAS
13477,02,EDAS
13480,01,DAS
13480,02,DAS
13482,01,DAS
13482,02,DAS
13483,01,EDAS
13483,02,EDAS
13484,01,EDAS
13484,02,EDAS
13485,01,EDAS
13485,02,EDAS
13486,01,EDAS
13486,02,EDAS
13488,01,EDAS
13488,02,EDAS
13489,01,EDAS
13489,02,EDAS
13490,01,DAS
13490,02,DAS
13491,01,EDAS
13491,02,EDAS
13493,01,EDAS
13493,02,EDAS
13494,01,EDAS
13494,02,EDAS
13602,01,EDAS
13602,02,EDAS
13605,01,DAS
13605,02,DAS
13606,01,DAS
13606,02,DAS
13607,01,DAS
13607,02,DAS
13608,01,EDAS
13608,02,EDAS
13611,01,DAS
13611,02,DAS
13612,01,DAS
13612,02,DAS
13613,01,EDAS
13613,02,EDAS
13614,01,EDAS
13614,02,EDAS
13615,01,DAS
13615,02,DAS
13616,01,DAS
13616,02,DAS
13617,01,DAS
13617,02,DAS
13618,01,EDAS
13618,02,EDAS
13619,01,DAS
13619,02,DAS
13620,01,EDAS
13620,02,EDAS
13621,01,EDAS
13621,02,EDAS
13622,01,EDAS
13622,02,EDAS
13623,01,DAS
13623,02,DAS
13624,01,DAS
13624,02,DAS
13625,01,EDAS
13625,02,EDAS
13626,01,EDAS
13626,02,EDAS
13627,01,DAS
13627,02,DAS
13628,01,DAS
13628,02,DAS
13630,01,EDAS
13630,02,EDAS
13631,01,EDAS
13631,02,EDAS
13632,01,EDAS
13632,02,EDAS
13633,01,EDAS
13633,02,EDAS
13634,01,DAS
13634,02,DAS
13635,01,EDAS
13635,02,EDAS
13636,01,DAS
13636,02,DAS
13637,01,EDAS
13637,02,EDAS
13638,01,DAS
13638,02,DAS
13639,01,EDAS
13639,02,EDAS
13640,01,DAS
13640,02,DAS
13641,01,EDAS
13641,02,EDAS
13642,01,DAS
13642,02,DAS
13643,01,EDAS
13643,02,EDAS
13645,01,DAS
13645,02,DAS
13646,01,EDAS
13646,02,EDAS
13647,01,DAS
13647,02,DAS
13648,01,EDAS
13648,02,EDAS
13649,01,DAS
13649,02,DAS
13650,01,EDAS
13650,02,EDAS
13651,01,DAS
13651,02,DAS
13652,01,EDAS
13652,02,EDAS
13654,01,EDAS
13654,02,EDAS
13655,01,EDAS
13655,02,EDAS
13656,01,EDAS
13656,02,EDAS
13657,01,DAS
13657,02,DAS
13658,01,EDAS
13658,02,EDAS
13659,01,EDAS
13659,02,EDAS
13660,01,EDAS
13660,02,EDAS
13661,01,EDAS
13661,02,EDAS
13664,01,EDAS
13664,02,EDAS
13665,01,EDAS
13665,02,EDAS
13666,01,EDAS
13666,02,EDAS
13667,01,EDAS
13667,02,EDAS
13668,01,EDAS
13668,02,EDAS
13670,01,EDAS
13670,02,EDAS
13671,01,EDAS
13671,02,EDAS
13672,01,EDAS
13672,02,EDAS
13673,01,EDAS
13673,02,EDAS
13674,01,EDAS
13674,02,EDAS
13675,01,EDAS
13675,02,EDAS
13676,01,DAS
13676,02,DAS
13677,01,DAS
13677,02,DAS
13678,01,DAS
13678,02,EDAS
13679,01,EDAS
13679,02,EDAS
13680,01,EDAS
13680,02,EDAS
13681,01,EDAS
13681,02,EDAS
13682,01,EDAS
13682,02,EDAS
13684,01,EDAS
13684,02,EDAS
13685,01,DAS
13685,02,DAS
13687,01,EDAS
13687,02,EDAS
13688,01,DAS
13688,02,DAS
13690,01,EDAS
13690,02,EDAS
13691,01,EDAS
13691,02,EDAS
13692,01,EDAS
13692,02,EDAS
13693,01,EDAS
13693,02,EDAS
13694,01,EDAS
13694,02,EDAS
13695,01,EDAS
13695,02,EDAS
13696,01,EDAS
13696,02,EDAS
13697,01,REM
13697,02,REM
13730,01,EDAS
13730,02,EDAS
13731,01,EDAS
13731,02,EDAS
13732,01,DAS
13732,02,DAS
13733,01,EDAS
13733,02,EDAS
13734,01,EDAS
13734,02,EDAS
13736,01,EDAS
13736,02,EDAS
13738,01,DAS
13738,02,DAS
13739,01,EDAS
13739,02,EDAS
13740,01,EDAS
13740,02,EDAS
13743,01,EDAS
13743,02,EDAS
13744,01,DAS
13744,02,DAS
13746,01,EDAS
13746,02,EDAS
13750,01,EDAS
13750,02,EDAS
13751,01,EDAS
13751,02,EDAS
13752,01,EDAS
13752,02,EDAS
13753,01,EDAS
13753,02,EDAS
13754,01,EDAS
13754,02,EDAS
13755,01,EDAS
13755,02,EDAS
13756,01,EDAS
13756,02,EDAS
13757,01,EDAS
13757,02,EDAS
13758,01,DAS
13758,02,DAS
13774,01,EDAS
13774,02,EDAS
13775,01,EDAS
13775,02,EDAS
13776,01,EDAS
13776,02,EDAS
13777,01,DAS
13777,02,DAS
13778,01,DAS
13778,02,DAS
13780,01,EDAS
13780,02,EDAS
13782,01,EDAS
13782,02,EDAS
13783,01,EDAS
13783,02,EDAS
13784,02,DAS
13786,01,EDAS
13786,02,EDAS
13787,01,EDAS
13787,02,EDAS
13788,01,EDAS
13788,02,EDAS
13794,01,DAS
13794,02,DAS
13795,01,DAS
13795,02,DAS
13796,01,EDAS
13796,02,EDAS
13797,01,EDAS
13797,02,EDAS
13801,01,EDAS
13801,02,EDAS
13802,01,DAS
13802,02,DAS
13803,01,EDAS
13803,02,EDAS
13804,01,REM
13804,02,REM
13806,01,EDAS
13806,02,EDAS
13807,01,EDAS
13807,02,EDAS
13808,01,EDAS
13808,02,EDAS
13809,01,EDAS
13809,02,EDAS
13810,01,EDAS
13810,02,EDAS
13811,01,EDAS
13811,02,EDAS
13813,01,EDAS
13813,02,EDAS
13815,01,DAS
13815,02,DAS
13820,01,DAS
13820,02,DAS
13825,01,EDAS
13825,02,EDAS
13826,01,DAS
13826,02,DAS
13827,01,DAS
13827,02,DAS
13830,01,EDAS
13830,02,EDAS
13832,01,REM
13832,02,REM
13833,01,DAS
13833,02,DAS
13834,02,DAS
13835,01,EDAS
13835,02,EDAS
13837,01,DAS
13837,02,DAS
13838,01,DAS
13838,02,DAS
13839,01,EDAS
13839,02,EDAS
13840,01,DAS
13840,02,DAS
13841,01,EDAS
13841,02,EDAS
13842,01,EDAS
13842,02,EDAS
13843,01,EDAS
13843,02,EDAS
13844,01,EDAS
13844,02,EDAS
13845,01,DAS
13845,02,DAS
13846,01,EDAS
13846,02,EDAS
13847,01,REM
13847,02,REM
13848,01,DAS
13848,02,DAS
13849,01,EDAS
13849,02,EDAS
13856,01,EDAS
13856,02,EDAS
13859,01,EDAS
13859,02,EDAS
13861,01,DAS
13861,02,DAS
13862,01,EDAS
13862,02,EDAS
13863,01,EDAS
13863,02,EDAS
13864,01,EDAS
13864,02,EDAS
13865,01,EDAS
13865,02,EDAS
14001,01,DAS
14001,02,DAS
14005,01,DAS
14005,02,DAS
14008,01,EDAS
14008,02,EDAS
14009,01,DAS
14009,02,DAS
14011,01,DAS
14011,02,DAS
14012,01,EDAS
14012,02,EDAS
14013,01,EDAS
14013,02,EDAS
14020,01,DAS
14020,02,DAS
14024,01,EDAS
14024,02,EDAS
14025,01,DAS
14025,02,DAS
14027,01,DAS
14027,02,DAS
14028,01,EDAS
14028,02,EDAS
14029,01,DAS
14029,02,DAS
14030,01,DAS
14030,02,DAS
14033,01,DAS
14033,02,DAS
14034,01,EDAS
14034,02,EDAS
14035,01,EDAS
14035,02,EDAS
14036,01,DAS
14036,02,DAS
14037,01,EDAS
14037,02,EDAS
14039,01,REM
14039,02,REM
14040,01,EDAS
14040,02,EDAS
14041,01,DAS
14041,02,DAS
14042,01,EDAS
14042,02,EDAS
14054,01,EDAS
14054,02,EDAS
14055,01,EDAS
14055,02,EDAS
14057,01,DAS
14057,02,DAS
14058,01,EDAS
14058,02,EDAS
14060,01,EDAS
14060,02,EDAS
14061,01,DAS
14061,02,DAS
14062,01,EDAS
14062,02,EDAS
14063,01,DAS
14063,02,DAS
14065,01,EDAS
14065,02,EDAS
14066,01,EDAS
14066,02,EDAS
14067,01,EDAS
14067,02,EDAS
14069,01,EDAS
14069,02,EDAS
14070,01,DAS
14070,02,DAS
14080,01,DAS
14080,02,DAS
14081,01,DAS
14081,02,DAS
14082,01,EDAS
14082,02,EDAS
14083,01,EDAS
14083,02,EDAS
14091,01,EDAS
14091,02,EDAS
14098,01,EDAS
14098,02,EDAS
14101,01,EDAS
14101,02,EDAS
14103,01,DAS
14103,02,DAS
14105,01,DAS
14105,02,DAS
14108,01,DAS
14108,02,DAS
14109,01,EDAS
14109,02,EDAS
14111,01,DAS
14111,02,DAS
14113,01,EDAS
14113,02,EDAS
14125,01,EDAS
14125,02,EDAS
14126,01,DAS
14126,02,DAS
14129,01,DAS
14129,02,DAS
14131,01,DAS
14131,02,DAS
14132,01,DAS
14132,02,DAS
14133,01,DAS
14133,02,DAS
14134,01,DAS
14134,02,DAS
14135,02,DAS
14136,01,DAS
14136,02,DAS
14138,01,EDAS
14138,02,EDAS
14139,01,DAS
14139,02,DAS
14141,01,DAS
14141,02,DAS
14143,01,DAS
14143,02,DAS
14145,01,EDAS
14145,02,EDAS
14166,01,EDAS
14166,02,EDAS
14167,01,EDAS
14167,02,EDAS
14168,02,DAS
14169,01,DAS
14169,02,DAS
14170,01,DAS
14170,02,DAS
14171,01,EDAS
14171,02,EDAS
14172,01,DAS
14172,02,DAS
14173,01,DAS
14173,02,DAS
14174,01,DAS
14174,02,DAS
14206,01,DAS
14206,02,DAS
14411,01,DAS
14411,02,DAS
14413,01,DAS
14413,02,DAS
14414,01,DAS
14414,02,DAS
14415,01,DAS
14415,02,EDAS
14416,01,DAS
14416,02,DAS
14418,01,EDAS
14418,02,EDAS
14422,01,DAS
14422,02,DAS
14423,01,DAS
14423,02,DAS
14424,01,DAS
14424,02,DAS
14427,01,EDAS
14427,02,EDAS
14428,01,DAS
14428,02,DAS
14429,01,DAS
14429,02,DAS
14432,01,DAS
14432,02,DAS
14433,01,EDAS
14433,02,EDAS
14435,01,EDAS
14435,02,EDAS
14437,01,DAS
14437,02,DAS
14443,01,DAS
14443,02,DAS
14449,02,DAS
14452,01,DAS
14452,02,DAS
14454,01,DAS
14454,02,DAS
14456,01,DAS
14456,02,DAS
14461,01,EDAS
14461,02,EDAS
14462,01,EDAS
14462,02,EDAS
14464,01,DAS
14464,02,DAS
14466,01,EDAS
14466,02,EDAS
14468,01,DAS
14469,01,DAS
14469,02,DAS
14470,01,DAS
14470,02,DAS
14471,01,EDAS
14471,02,EDAS
14472,01,DAS
14472,02,DAS
14475,01,DAS
14475,02,DAS
14476,01,EDAS
14476,02,EDAS
14477,01,EDAS
14477,02,EDAS
14478,01,DAS
14478,02,DAS
14479,01,DAS
14479,02,DAS
14480,01,DAS
14480,02,DAS
14481,01,EDAS
14481,02,EDAS
14482,01,DAS
14482,02,DAS
14485,01,DAS
14485,02,DAS
14486,01,EDAS
14486,02,EDAS
14487,01,DAS
14487,02,DAS
14489,01,DAS
14489,02,DAS
14504,01,DAS
14504,02,DAS
14505,01,DAS
14505,02,DAS
14506,01,DAS
14506,02,DAS
14507,01,EDAS
14507,02,EDAS
14510,01,EDAS
14510,02,EDAS
14511,01,DAS
14511,02,DAS
14512,01,EDAS
14512,02,EDAS
14516,01,EDAS
14516,02,EDAS
14517,01,EDAS
14517,02,EDAS
14518,01,DAS
14518,02,DAS
14519,01,DAS
14519,02,DAS
14520,02,DAS
14521,01,EDAS
14521,02,EDAS
14522,01,DAS
14522,02,DAS
14525,01,EDAS
14525,02,EDAS
14527,01,DAS
14527,02,DAS
14530,01,DAS
14530,02,DAS
14532,01,DAS
14532,02,DAS
14533,01,DAS
14533,02,DAS
14536,01,EDAS
14536,02,EDAS
14538,01,DAS
14538,02,DAS
14539,01,EDAS
14539,02,EDAS
14541,01,EDAS
14541,02,EDAS
14543,01,DAS
14543,02,DAS
14544,01,DAS
14544,02,DAS
14545,01,DAS
14545,02,DAS
14546,01,DAS
14546,02,DAS
14547,01,EDAS
14547,02,EDAS
14548,01,DAS
14548,02,DAS
14549,01,EDAS
14549,02,EDAS
14550,01,EDAS
14550,02,EDAS
14551,01,DAS
14551,02,DAS
14555,01,DAS
14555,02,DAS
14556,01,DAS
14556,02,DAS
14557,01,DAS
14557,02,DAS
14560,01,EDAS
14560,02,EDAS
14561,01,EDAS
14561,02,EDAS
14563,01,DAS
14563,02,DAS
14568,01,DAS
14568,02,DAS
14569,01,DAS
14569,02,DAS
14571,01,EDAS
14571,02,EDAS
14572,01,DAS
14572,02,DAS
14589,01,DAS
14589,02,DAS
14590,01,EDAS
14590,02,EDAS
14591,01,EDAS
14591,02,EDAS
14592,01,DAS
14592,02,DAS
14701,01,DAS
14701,02,DAS
14706,01,EDAS
14706,02,EDAS
14707,02,DAS
14708,01,EDAS
14708,02,EDAS
14709,01,EDAS
14709,02,EDAS
14710,01,DAS
14710,02,DAS
14711,01,EDAS
14711,02,EDAS
14712,01,DAS
14712,02,DAS
14714,01,EDAS
14714,02,EDAS
14715,01,EDAS
14715,02,EDAS
14716,01,DAS
14716,02,DAS
14717,01,EDAS
14717,02,EDAS
14718,01,EDAS
14718,02,EDAS
14719,01,EDAS
14719,02,EDAS
14720,01,DAS
14720,02,DAS
14721,01,EDAS
14721,02,EDAS
14723,01,EDAS
14723,02,EDAS
14724,01,EDAS
14724,02,EDAS
14726,01,EDAS
14726,02,EDAS
14727,01,EDAS
14727,02,EDAS
14728,01,EDAS
14728,02,EDAS
14729,01,EDAS
14729,02,EDAS
14730,01,EDAS
14730,02,EDAS
14731,01,EDAS
14731,02,EDAS
14732,01,DAS
14732,02,DAS
14733,01,DAS
14733,02,DAS
14735,01,EDAS
14735,02,EDAS
14736,01,EDAS
14736,02,EDAS
14737,01,EDAS
14737,02,EDAS
14738,01,EDAS
14738,02,EDAS
14739,01,EDAS
14739,02,EDAS
14740,01,EDAS
14740,02,EDAS
14741,01,EDAS
14741,02,EDAS
14743,01,EDAS
14743,02,EDAS
14744,01,EDAS
14744,02,EDAS
14745,01,DAS
14745,02,DAS
14747,01,EDAS
14747,02,EDAS
14748,01,EDAS
14748,02,EDAS
14751,01,REM
14751,02,REM
14752,02,DAS
14753,01,EDAS
14753,02,EDAS
14754,01,EDAS
14754,02,EDAS
14755,01,EDAS
14755,02,EDAS
14757,01,DAS
14757,02,DAS
14758,01,EDAS
14758,02,EDAS
14760,01,DAS
14760,02,DAS
14766,01,DAS
14766,02,DAS
14767,01,EDAS
14767,02,EDAS
14769,01,EDAS
14769,02,EDAS
14770,01,EDAS
14770,02,EDAS
14772,01,EDAS
14772,02,EDAS
14774,01,EDAS
14774,02,EDAS
14775,01,EDAS
14775,02,EDAS
14777,01,EDAS
14777,02,EDAS
14779,01,EDAS
14779,02,EDAS
14781,01,EDAS
14781,02,EDAS
14782,01,EDAS
14782,02,EDAS
14783,01,DAS
14783,02,DAS
14784,01,EDAS
14784,02,EDAS
14786,01,DAS
14786,02,DAS
14787,01,DAS
14787,02,DAS
14788,01,DAS
14788,02,DAS
14801,01,EDAS
14801,02,EDAS
14802,01,DAS
14802,02,DAS
14803,01,EDAS
14803,02,EDAS
14804,01,EDAS
14804,02,EDAS
14805,01,EDAS
14805,02,EDAS
14806,01,EDAS
14806,02,EDAS
14807,01,EDAS
14807,02,EDAS
14808,01,EDAS
14808,02,EDAS
14809,01,EDAS
14809,02,EDAS
14810,01,DAS
14810,02,DAS
14812,01,EDAS
14812,02,EDAS
14813,01,EDAS
14813,02,EDAS
14815,01,EDAS
14815,02,EDAS
14816,01,DAS
14816,02,DAS
14817,01,DAS
14817,02,DAS
14818,01,DAS
14818,02,DAS
14819,01,EDAS
14819,02,EDAS
14820,01,EDAS
14820,02,EDAS
14821,01,EDAS
14821,02,EDAS
14822,01,EDAS
14822,02,EDAS
14823,01,EDAS
14823,02,EDAS
14824,01,DAS
14824,02,DAS
14825,01,DAS
14825,02,DAS
14826,01,EDAS
14826,02,EDAS
14830,01,DAS
14830,02,DAS
14831,01,DAS
14831,02,DAS
14836,01,EDAS
14836,02,EDAS
14837,01,EDAS
14837,02,EDAS
14838,01,DAS
14838,02,DAS
14839,01,EDAS
14839,02,EDAS
14840,01,EDAS
14840,02,EDAS
14841,01,EDAS
14841,02,EDAS
14842,01,EDAS
14842,02,EDAS
14843,01,DAS
14843,02,DAS
14846,01,EDAS
14846,02,EDAS
14847,01,DAS
14847,02,DAS
14854,01,DAS
14854,02,DAS
14855,01,EDAS
14855,02,EDAS
14857,01,DAS
14857,02,DAS
14858,01,EDAS
14858,02,EDAS
14859,01,EDAS
14859,02,EDAS
14860,01,EDAS
14860,02,EDAS
14861,01,EDAS
14861,02,EDAS
14863,01,DAS
14863,02,DAS
14864,01,DAS
14864,02,DAS
14865,01,DAS
14865,02,DAS
14867,01,DAS
14867,02,DAS
14869,01,DAS
14869,02,DAS
14871,01,DAS
14871,02,DAS
14872,01,DAS
14872,02,DAS
14873,01,EDAS
14873,02,EDAS
14874,01,DAS
14874,02,EDAS
14876,01,DAS
14876,02,DAS
14877,01,EDAS
14877,02,EDAS
14878,01,EDAS
14878,02,EDAS
14879,01,EDAS
14879,02,EDAS
14880,01,EDAS
14880,02,EDAS
14881,01,DAS
14881,02,DAS
14882,01,DAS
14882,02,DAS
14883,01,EDAS
14883,02,EDAS
14884,01,EDAS
14884,02,EDAS
14885,01,EDAS
14885,02,EDAS
14886,01,DAS
14886,02,DAS
14887,01,DAS
14887,02,DAS
14889,01,EDAS
14889,02,EDAS
14891,01,DAS
14891,02,DAS
14893,01,DAS
14893,02,DAS
14894,01,DAS
14894,02,DAS
14895,01,EDAS
14895,02,EDAS
14897,01,EDAS
14897,02,EDAS
14898,01,EDAS
14898,02,EDAS
15001,01,DAS
15018,01,EDAS
15018,02,EDAS
15019,01,DAS
15019,02,DAS
15020,01,DAS
15020,02,DAS
15021,01,EDAS
15021,02,EDAS
15026,01,DAS
15026,02,DAS
15030,01,DAS
15030,02,DAS
15031,01,DAS
15031,02,DAS
15033,01,DAS
15033,02,DAS
15036,01,EDAS
15036,02,EDAS
15037,01,DAS
15037,02,DAS
15043,01,EDAS
15043,02,EDAS
15050,01,DAS
15050,02,DAS
15052,01,DAS
15052,02,DAS
15053,01,DAS
15053,02,DAS
15054,01,DAS
15054,02,DAS
15057,01,DAS
15057,02,DAS
15059,01,DAS
15059,02,DAS
15060,01,DAS
15060,02,DAS
15064,01,EDAS
15064,02,EDAS
15072,01,DAS
15072,02,DAS
15075,01,DAS
15075,02,DAS
15076,01,DAS
15076,02,DAS
15077,01,DAS
15077,02,DAS
15078,01,EDAS
15078,02,EDAS
15081,01,DAS
15081,02,DAS
15083,01,EDAS
15083,02,EDAS
15088,01,DAS
15088,02,DAS
15126,01,DAS
15126,02,DAS
15310,01,REM
15310,02,REM
15311,01,EDAS
15311,02,EDAS
15312,01,EDAS
15312,02,EDAS
15313,01,DAS
15313,02,DAS
15314,01,DAS
15314,02,DAS
15315,01,DAS
15315,02,DAS
15316,01,DAS
15316,02,DAS
15320,01,DAS
15320,02,DAS
15322,01,EDAS
15322,02,EDAS
15323,01,EDAS
15323,02,EDAS
15324,01,DAS
15324,02,DAS
15325,01,DAS
15325,02,DAS
15327,01,DAS
15327,02,DAS
15329,01,EDAS
15329,02,EDAS
15330,01,DAS
15330,02,DAS
15331,01,DAS
15331,02,DAS
15332,01,DAS
15332,02,DAS
15333,01,EDAS
15333,02,EDAS
15334,01,DAS
15334,02,DAS
15337,01,EDAS
15337,02,EDAS
15338,01,EDAS
15338,02,EDAS
15340,01,DAS
15340,02,DAS
15341,01,EDAS
15341,02,EDAS
15344,01,DAS
15344,02,DAS
15345,01,EDAS
15345,02,EDAS
15346,01,DAS
15346,02,DAS
15347,01,DAS
15347,02,DAS
15348,01,DAS
15348,02,DAS
15349,01,EDAS
15349,02,EDAS
15351,01,DAS
15351,02,DAS
15352,01,EDAS
15352,02,EDAS
15354,01,EDAS
15354,02,EDAS
15357,01,DAS
15357,02,DAS
15358,01,DAS
15358,02,DAS
15359,01,EDAS
15359,02,EDAS
15360,01,EDAS
15360,02,EDAS
15362,01,REM
15362,02,REM
15364,01,EDAS
15364,02,EDAS
15365,02,DAS
15366,02,DAS
15368,01,DAS
15368,02,DAS
15370,01,DAS
15370,02,DAS
15376,01,EDAS
15376,02,EDAS
15377,01,REM
15377,02,REM
15379,01,DAS
15379,02,DAS
15380,01,EDAS
15380,02,EDAS
15410,01,EDAS
15410,02,EDAS
15411,01,EDAS
15411,02,EDAS
15412,01,EDAS
15412,02,EDAS
15413,01,DAS
15413,02,DAS
15415,01,DAS
15415,02,DAS
15417,01,DAS
15417,02,DAS
15420,01,DAS
15420,02,DAS
15421,01,DAS
15421,02,DAS
15422,02,DAS
15423,01,DAS
15423,02,DAS
15424,01,EDAS
15424,02,EDAS
15427,01,DAS
15427,02,DAS
15428,01,DAS
15428,02,DAS
15429,02,DAS
15430,01,DAS
15430,02,DAS
15431,01,DAS
15431,02,DAS
15433,01,EDAS
15433,02,EDAS
15435,01,DAS
15435,02,DAS
15437,01,DAS
15437,02,DAS
15438,01,DAS
15438,02,DAS
15439,01,DAS
15439,02,DAS
15440,01,EDAS
15440,02,EDAS
15442,01,DAS
15442,02,DAS
15443,01,DAS
15443,02,DAS
15444,01,DAS
15444,02,DAS
15445,01,DAS
15445,02,DAS
15446,01,DAS
15446,02,DAS
15447,01,DAS
15447,02,DAS
15449,02,DAS
15450,01,DAS
15450,02,DAS
15451,01,EDAS
15451,02,EDAS
15454,01,DAS
15454,02,DAS
15458,01,DAS
15458,02,DAS
15459,01,EDAS
15459,02,EDAS
15460,01,DAS
15460,02,DAS
15461,01,DAS
15461,02,DAS
15462,01,DAS
15462,02,DAS
15463,01,DAS
15463,02,DAS
15464,01,EDAS
15464,02,EDAS
15466,01,DAS
15466,02,DAS
15467,01,DAS
15467,02,EDAS
15468,01,DAS
15468,02,DAS
15469,01,DAS
15469,02,DAS
15470,01,EDAS
15470,02,EDAS
15473,01,DAS
15473,02,DAS
15474,01,DAS
15474,02,DAS
15475,01,DAS
15475,02,DAS
15477,01,DAS
15477,02,DAS
15478,01,DAS
15478,02,DAS
15479,01,DAS
15479,02,DAS
15480,01,DAS
15480,02,DAS
15482,01,DAS
15482,02,DAS
15483,01,DAS
15483,02,DAS
15484,01,DAS
15484,02,DAS
15485,01,EDAS
15485,02,EDAS
15486,01,EDAS
15486,02,EDAS
15488,01,EDAS
15488,02,EDAS
15490,01,DAS
15490,02,DAS
15501,01,DAS
15501,02,DAS
15510,01,EDAS
15510,02,EDAS
15520,02,DAS
15521,01,DAS
15521,02,DAS
15522,01,DAS
15522,02,DAS
15530,01,EDAS
15530,02,EDAS
15531,01,EDAS
15531,02,EDAS
15532,01,EDAS
15532,02,EDAS
15533,01,EDAS
15533,02,EDAS
15534,01,EDAS
15534,02,EDAS
15535,01,REM
15535,02,REM
15536,01,EDAS
15536,02,EDAS
15537,01,DAS
15537,02,DAS
15538,01,REM
15538,02,REM
15539,01,DAS
15539,02,DAS
15540,01,EDAS
15540,02,EDAS
15541,01,DAS
15541,02,DAS
15542,01,EDAS
15542,02,EDAS
15544,01,EDAS
15544,02,EDAS
15545,01,EDAS
15545,02,EDAS
15546,01,DAS
15546,02,DAS
15547,01,EDAS
15547,02,EDAS
15548,01,DAS
15548,02,DAS
15549,01,DAS
15549,02,DAS
15550,01,EDAS
15550,02,EDAS
15551,01,EDAS
15551,02,EDAS
15552,01,EDAS
15552,02,EDAS
15553,01,DAS
15553,02,DAS
15554,01,DAS
15554,02,DAS
15555,01,DAS
15555,02,DAS
15557,01,EDAS
15557,02,EDAS
15558,01,EDAS
15558,02,EDAS
15559,01,EDAS
15559,02,EDAS
15560,01,REM
15560,02,REM
15562,01,DAS
15562,02,DAS
15563,01,EDAS
15563,02,EDAS
15564,01,EDAS
15564,02,EDAS
15565,01,DAS
15565,02,DAS
15610,01,DAS
15610,02,DAS
15612,01,DAS
15612,02,DAS
15613,01,DAS
15613,02,DAS
15617,01,DAS
15617,02,DAS
15618,01,DAS
15618,02,DAS
15622,01,DAS
15622,02,DAS
15627,01,DAS
15627,02,DAS
15628,01,DAS
15628,02,DAS
15630,01,DAS
15630,02,DAS
15641,01,DAS
15641,02,DAS
15646,01,DAS
15646,02,DAS
15655,01,EDAS
15655,02,EDAS
15656,01,DAS
15656,02,DAS
15658,01,DAS
15658,02,DAS
15670,01,DAS
15670,02,DAS
15671,01,DAS
15671,02,DAS
15673,01,EDAS
15673,02,EDAS
15677,01,EDAS
15677,02,EDAS
15679,01,DAS
15679,02,DAS
15680,01,DAS
15680,02,DAS
15681,01,DAS
15681,02,DAS
15682,01,DAS
15682,02,DAS
15684,01,DAS
15684,02,DAS
15686,01,EDAS
15686,02,EDAS
15687,01,EDAS
15687,02,EDAS
15688,01,DAS
15688,02,DAS
15690,01,EDAS
15690,02,EDAS
15693,01,EDAS
15693,02,EDAS
15698,01,DAS
15698,02,DAS
15710,01,DAS
15710,02,DAS
15711,01,EDAS
15711,02,EDAS
15712,01,DAS
15712,02,DAS
15713,01,DAS
15713,02,EDAS
15714,01,DAS
15714,02,DAS
15716,01,EDAS
15716,02,EDAS
15717,01,DAS
15717,02,DAS
15721,01,DAS
15721,02,DAS
15722,01,DAS
15722,02,DAS
15723,01,DAS
15723,02,DAS
15724,01,EDAS
15724,02,EDAS
15725,01,EDAS
15725,02,EDAS
15727,01,DAS
15727,02,EDAS
15728,01,DAS
15728,02,DAS
15729,01,EDAS
15729,02,EDAS
15730,01,DAS
15730,02,DAS
15731,02,DAS
15732,01,EDAS
15732,02,EDAS
15734,01,DAS
15734,02,DAS
15736,01,EDAS
15736,02,EDAS
15737,01,EDAS
15737,02,EDAS
15738,02,DAS
15739,01,DAS
15739,02,DAS
15741,01,DAS
15741,02,DAS
15742,01,EDAS
15742,02,EDAS
15745,01,EDAS
15745,02,EDAS
15746,01,EDAS
15746,02,EDAS
15747,01,EDAS
15747,02,EDAS
15748,01,DAS
15748,02,DAS
15750,01,DAS
15750,02,DAS
15752,01,DAS
15752,02,DAS
15753,01,EDAS
15753,02,EDAS
15754,01,DAS
15754,02,DAS
15756,01,EDAS
15756,02,EDAS
15757,01,EDAS
15757,02,EDAS
15758,01,EDAS
15758,02,EDAS
15759,01,EDAS
15759,02,EDAS
15760,01,DAS
15760,02,DAS
15762,01,DAS
15762,02,DAS
15763,01,REM
15763,02,REM
15764,01,DAS
15764,02,DAS
15765,01,EDAS
15765,02,EDAS
15767,01,EDAS
15767,02,EDAS
15770,01,EDAS
15770,02,EDAS
15771,01,EDAS
15771,02,EDAS
15772,01,EDAS
15772,02,EDAS
15773,01,EDAS
15773,02,EDAS
15774,01,EDAS
15774,02,EDAS
15775,01,DAS
15775,02,DAS
15776,01,DAS
15776,02,DAS
15777,01,DAS
15777,02,DAS
15778,01,DAS
15778,02,EDAS
15779,01,EDAS
15779,02,EDAS
15780,01,EDAS
15780,02,EDAS
15783,01,DAS
15783,02,DAS
15821,01,EDAS
15821,02,EDAS
15823,01,DAS
15823,02,DAS
15824,01,DAS
15824,02,DAS
15825,01,DAS
15825,02,DAS
15827,01,DAS
15827,02,DAS
15828,01,EDAS
15828,02,EDAS
15829,01,EDAS
15829,02,EDAS
15831,01,EDAS
15831,02,EDAS
15832,01,EDAS
15832,02,EDAS
15834,01,EDAS
15834,02,EDAS
15840,01,DAS
15840,02,DAS
15841,02,DAS
15845,01,DAS
15845,02,DAS
15846,01,DAS
15846,02,DAS
15847,01,EDAS
15847,02,EDAS
15848,01,EDAS
15848,02,EDAS
15849,01,EDAS
15849,02,EDAS
15851,01,DAS
15851,02,DAS
15853,01,DAS
15853,02,DAS
15856,01,EDAS
15856,02,EDAS
15857,01,DAS
15857,02,DAS
15860,01,EDAS
15860,02,EDAS
15861,01,EDAS
15861,02,EDAS
15863,01,EDAS
15863,02,EDAS
15864,01,EDAS
15864,02,EDAS
15865,01,DAS
15865,02,DAS
15866,01,DAS
15866,02,DAS
15868,01,EDAS
15868,02,EDAS
15870,01,EDAS
15870,02,EDAS
15906,01,DAS
15906,02,DAS
15909,01,DAS
15909,02,DAS
15920,01,DAS
15920,02,DAS
15922,01,DAS
15922,02,DAS
15923,01,EDAS
15923,02,EDAS
15924,01,EDAS
15924,02,EDAS
15926,01,EDAS
15926,02,EDAS
15927,01,DAS
15927,02,DAS
15928,01,DAS
15928,02,DAS
15929,01,DAS
15929,02,EDAS
15930,01,DAS
15930,02,DAS
15931,01,DAS
15931,02,DAS
15934,01,DAS
15934,02,DAS
15935,01,DAS
15935,02,DAS
15936,01,EDAS
15936,02,EDAS
15937,01,DAS
15937,02,DAS
15938,01,DAS
15938,02,DAS
15940,01,EDAS
15940,02,EDAS
15942,01,EDAS
15942,02,EDAS
15943,01,DAS
15943,02,DAS
15944,01,EDAS
15944,02,EDAS
15946,01,DAS
15946,02,DAS
15949,01,DAS
15949,02,DAS
15953,01,DAS
15953,02,DAS
15954,01,DAS
15954,02,DAS
15955,01,EDAS
15955,02,EDAS
15957,01,EDAS
15957,02,EDAS
15958,01,DAS
15958,02,DAS
15960,01,DAS
15960,02,DAS
15961,01,EDAS
15961,02,EDAS
15963,01,DAS
15963,02,DAS
16002,01,DAS
16002,02,DAS
16020,01,EDAS
16020,02,EDAS
16021,01,EDAS
16021,02,EDAS
16022,01,DAS
16022,02,DAS
16023,01,DAS
16023,02,DAS
16024,01,DAS
16024,02,DAS
16025,01,DAS
16025,02,DAS
16027,01,DAS
16027,02,DAS
16028,01,EDAS
16028,02,EDAS
16030,01,DAS
16030,02,DAS
16033,01,DAS
16033,02,DAS
16034,01,EDAS
16034,02,EDAS
16035,01,EDAS
16035,02,EDAS
16036,01,EDAS
16036,02,EDAS
16037,01,DAS
16037,02,DAS
16038,01,DAS
16038,02,DAS
16039,01,DAS
16039,02,DAS
16040,01,EDAS
16040,02,EDAS
16041,01,EDAS
16041,02,EDAS
16048,01,DAS
16048,02,DAS
16049,01,EDAS
16049,02,EDAS
16050,01,EDAS
16050,02,EDAS
16051,01,DAS
16051,02,DAS
16052,01,DAS
16052,02,DAS
16053,01,DAS
16053,02,DAS
16055,01,DAS
16055,02,DAS
16056,01,DAS
16056,02,DAS
16057,01,DAS
16057,02,DAS
16058,01,REM
16058,02,REM
16059,01,DAS
16061,01,DAS
16061,02,DAS
16102,01,DAS
16102,02,DAS
16105,01,DAS
16105,02,DAS
16110,01,EDAS
16110,02,EDAS
16111,01,EDAS
16111,02,EDAS
16112,01,DAS
16112,02,DAS
16113,01,DAS
16113,02,DAS
16114,01,EDAS
16114,02,EDAS
16115,01,EDAS
16115,02,EDAS
16116,01,DAS
16116,02,DAS
16117,01,DAS
16117,02,DAS
16120,01,EDAS
16120,02,EDAS
16123,01,DAS
16123,02,DAS
16124,01,EDAS
16124,02,EDAS
16125,01,DAS
16125,02,DAS
16130,01,EDAS
16130,02,EDAS
16131,01,EDAS
16131,02,EDAS
16132,01,DAS
16132,02,DAS
16133,01,DAS
16133,02,DAS
16134,01,DAS
16134,02,DAS
16136,01,DAS
16136,02,DAS
16137,01,DAS
16137,02,DAS
16140,01,DAS
16140,02,DAS
16141,01,EDAS
16141,02,EDAS
16142,01,DAS
16142,02,DAS
16143,01,DAS
16143,02,DAS
16145,01,EDAS
16145,02,EDAS
16150,01,DAS
16150,02,DAS
16151,01,DAS
16151,02,DAS
16153,01,DAS
16153,02,DAS
16154,01,DAS
16154,02,DAS
16155,01,DAS
16155,02,DAS
16156,01,DAS
16156,02,DAS
16157,01,EDAS
16157,02,EDAS
16159,01,DAS
16159,02,DAS
16160,01,DAS
16160,02,DAS
16172,01,DAS
16172,02,DAS
16201,01,DAS
16201,02,DAS
16210,01,EDAS
16210,02,EDAS
16212,01,EDAS
16212,02,EDAS
16213,01,DAS
16213,02,EDAS
16217,01,DAS
16217,02,DAS
16218,01,EDAS
16218,02,EDAS
16220,01,REM
16220,02,REM
16221,01,EDAS
16221,02,EDAS
16222,01,EDAS
16222,02,EDAS
16223,01,DAS
16223,02,DAS
16224,01,EDAS
16224,02,EDAS
16225,01,REM
16225,02,REM
16226,01,EDAS
16226,02,EDAS
16229,01,DAS
16229,02,DAS
16230,01,EDAS
16230,02,EDAS
16232,01,DAS
16232,02,DAS
16233,01,EDAS
16233,02,EDAS
16234,01,EDAS
16234,02,EDAS
16235,01,EDAS
16235,02,EDAS
16236,01,EDAS
16236,02,EDAS
16239,01,EDAS
16239,02,EDAS
16240,01,EDAS
16240,02,EDAS
16242,01,EDAS
16242,02,EDAS
16244,01,EDAS
16244,02,EDAS
16245,01,EDAS
16245,02,EDAS
16246,01,DAS
16246,02,DAS
16248,01,EDAS
16248,02,EDAS
16249,01,EDAS
16249,02,EDAS
16250,01,DAS
16250,02,DAS
16253,01,DAS
16253,02,DAS
16254,01,DAS
16254,02,DAS
16255,01,EDAS
16255,02,EDAS
16256,01,EDAS
16256,02,EDAS
16258,01,EDAS
16258,02,EDAS
16259,01,EDAS
16259,02,EDAS
16260,01,EDAS
16260,02,EDAS
16262,01,DAS
16262,02,DAS
16263,01,EDAS
16263,02,EDAS
16301,01,DAS
16301,02,DAS
16311,01,DAS
16311,02,DAS
16312,01,EDAS
16312,02,EDAS
16313,01,EDAS
16313,02,EDAS
16314,01,DAS
16314,02,DAS
16316,01,DAS
16316,02,DAS
16317,01,EDAS
16317,02,EDAS
16319,01,DAS
16319,02,DAS
16321,01,DAS
16321,02,DAS
16322,01,REM
16322,02,REM
16323,01,DAS
16323,02,DAS
16326,01,DAS
16326,02,DAS
16327,01,DAS
16327,02,DAS
16328,01,DAS
16328,02,DAS
16329,01,EDAS
16329,02,EDAS
16331,01,DAS
16331,02,DAS
16332,01,EDAS
16332,02,EDAS
16333,01,DAS
16333,02,DAS
16334,01,EDAS
16334,02,EDAS
16340,01,EDAS
16340,02,EDAS
16341,01,EDAS
16341,02,EDAS
16342,01,EDAS
16342,02,EDAS
16345,01,EDAS
16345,02,EDAS
16346,01,DAS
16346,02,DAS
16347,01,EDAS
16347,02,EDAS
16350,01,EDAS
16350,02,EDAS
16351,01,EDAS
16351,02,EDAS
16352,01,EDAS
16352,02,EDAS
16353,01,EDAS
16353,02,EDAS
16354,01,DAS
16354,02,DAS
16360,01,DAS
16360,02,DAS
16361,01,DAS
16361,02,EDAS
16362,01,EDAS
16362,02,EDAS
16364,01,EDAS
16364,02,EDAS
16365,01,DAS
16365,02,DAS
16366,01,DAS
16366,02,DAS
16367,01,DAS
16367,02,DAS
16369,01,DAS
16369,02,DAS
16370,01,EDAS
16370,02,EDAS
16371,01,EDAS
16371,02,EDAS
16372,01,DAS
16372,02,DAS
16373,01,EDAS
16373,02,EDAS
16374,01,EDAS
16374,02,EDAS
16375,01,DAS
16375,02,DAS
16401,01,DAS
16401,02,DAS
16402,01,EDAS
16402,02,EDAS
16403,01,DAS
16403,02,DAS
16404,01,EDAS
16404,02,EDAS
16405,01,EDAS
16405,02,EDAS
16406,01,EDAS
16406,02,EDAS
16407,01,DAS
16407,02,DAS
16410,01,DAS
16410,02,DAS
16411,01,DAS
16411,02,DAS
16412,01,DAS
16412,02,DAS
16413,01,DAS
16413,02,DAS
16416,01,DAS
16416,02,DAS
16417,01,DAS
16417,02,DAS
16420,01,EDAS
16420,02,EDAS
16422,02,DAS
16424,01,DAS
16424,02,DAS
16426,01,DAS
16426,02,DAS
16428,01,DAS
16428,02,DAS
16430,01,DAS
16430,02,DAS
16432,01,DAS
16432,02,DAS
16433,01,DAS
16433,02,DAS
16434,01,EDAS
16434,02,EDAS
16435,01,EDAS
16435,02,EDAS
16436,01,EDAS
16436,02,EDAS
16438,01,DAS
16438,02,DAS
16440,01,DAS
16440,02,DAS
16441,01,DAS
16441,02,DAS
16442,01,EDAS
16442,02,EDAS
16443,01,DAS
16443,02,DAS
16475,01,DAS
16475,02,DAS
16611,01,EDAS
16611,02,EDAS
16613,01,DAS
16613,02,DAS
16614,01,DAS
16614,02,DAS
16616,01,EDAS
16616,02,EDAS
16619,01,EDAS
16619,02,EDAS
16620,01,DAS
16620,02,DAS
16621,01,EDAS
16621,02,EDAS
16622,01,EDAS
16622,02,EDAS
16623,01,EDAS
16623,02,EDAS
16624,01,DAS
16624,02,DAS
16625,01,EDAS
16625,02,EDAS
16627,01,EDAS
16627,02,EDAS
16630,01,DAS
16630,02,DAS
16633,02,DAS
16634,01,EDAS
16634,02,EDAS
16636,01,EDAS
16636,02,EDAS
16637,01,DAS
16637,02,DAS
16638,01,EDAS
16638,02,EDAS
16639,01,EDAS
16639,02,EDAS
16640,01,DAS
16640,02,DAS
16641,01,DAS
16641,02,DAS
16644,01,EDAS
16644,02,EDAS
16645,01,EDAS
16645,02,EDAS
16646,01,DAS
16646,02,DAS
16647,01,EDAS
16647,02,EDAS
16650,01,EDAS
16650,02,EDAS
16651,01,EDAS
16651,02,EDAS
16652,01,EDAS
16652,02,EDAS
16654,01,DAS
16654,02,DAS
16655,01,EDAS
16655,02,EDAS
16656,01,EDAS
16656,02,EDAS
16657,01,EDAS
16657,02,EDAS
16659,01,DAS
16659,02,DAS
16660,01,DAS
16660,02,DAS
16661,01,EDAS
16661,02,EDAS
16662,01,DAS
16662,02,DAS
16663,01,EDAS
16663,02,EDAS
16664,01,EDAS
16664,02,EDAS
16666,01,EDAS
16666,02,EDAS
16667,01,EDAS
16667,02,EDAS
16668,01,EDAS
16668,02,EDAS
16669,01,EDAS
16669,02,EDAS
16670,01,DAS
16670,02,DAS
16671,01,DAS
16671,02,DAS
16672,01,EDAS
16672,02,EDAS
16674,01,EDAS
16674,02,EDAS
16675,01,DAS
16675,02,DAS
16677,01,EDAS
16677,02,EDAS
16678,01,EDAS
16678,02,EDAS
16679,01,EDAS
16679,02,EDAS
16680,01,EDAS
16680,02,EDAS
16681,01,DAS
16681,02,DAS
16683,01,EDAS
16683,02,EDAS
16684,01,DAS
16684,02,DAS
16685,01,EDAS
16685,02,EDAS
16686,01,DAS
16686,02,DAS
16689,01,EDAS
16689,02,EDAS
16691,01,EDAS
16691,02,EDAS
16692,01,EDAS
16692,02,EDAS
16693,01,EDAS
16693,02,EDAS
16694,01,EDAS
16694,02,EDAS
16695,01,EDAS
16695,02,EDAS
16698,01,EDAS
16698,02,EDAS
16701,01,DAS
16701,02,DAS
16720,01,EDAS
16720,02,EDAS
16724,01,DAS
16724,02,DAS
16725,02,DAS
16726,01,EDAS
16726,02,EDAS
16727,01,EDAS
16727,02,EDAS
16729,01,EDAS
16729,02,EDAS
16730,01,EDAS
16730,02,EDAS
16731,01,EDAS
16731,02,EDAS
16732,01,EDAS
16732,02,EDAS
16733,01,EDAS
16733,02,EDAS
16734,01,EDAS
16734,02,EDAS
16735,01,EDAS
16735,02,EDAS
16738,01,EDAS
16738,02,EDAS
16740,01,EDAS
16740,02,EDAS
16743,01,EDAS
16743,02,EDAS
16744,01,EDAS
16744,02,EDAS
16745,01,EDAS
16745,02,EDAS
16746,01,REM
16746,02,REM
16748,01,EDAS
16748,02,EDAS
16749,01,EDAS
16749,02,EDAS
16750,01,EDAS
16750,02,EDAS
16751,01,EDAS
16751,02,EDAS
16801,01,DAS
16803,01,DAS
16820,01,EDAS
16820,02,EDAS
16821,01,DAS
16821,02,DAS
16822,01,EDAS
16822,02,EDAS
16823,01,DAS
16823,02,DAS
16826,01,EDAS
16826,02,EDAS
16827,01,DAS
16827,02,DAS
16828,01,DAS
16828,02,DAS
16829,01,EDAS
16829,02,EDAS
16830,01,EDAS
16830,02,EDAS
16832,01,EDAS
16832,02,EDAS
16833,01,DAS
16833,02,DAS
16834,01,EDAS
16834,02,EDAS
16835,01,EDAS
16835,02,EDAS
16836,01,EDAS
16836,02,EDAS
16837,01,REM
16837,02,REM
16838,01,EDAS
16838,02,EDAS
16839,01,EDAS
16839,02,EDAS
16840,01,DAS
16840,02,DAS
16841,01,EDAS
16841,02,EDAS
16844,01,DAS
16844,02,DAS
16845,01,EDAS
16845,02,EDAS
16847,01,DAS
16847,02,DAS
16848,01,DAS
16848,02,DAS
16849,01,EDAS
16849,02,EDAS
16851,01,DAS
16851,02,DAS
16852,01,EDAS
16852,02,EDAS
16854,01,EDAS
16854,02,EDAS
16855,01,EDAS
16855,02,EDAS
16856,01,EDAS
16856,02,EDAS
16858,01,EDAS
16858,02,EDAS
16859,01,EDAS
16859,02,EDAS
16860,01,EDAS
16860,02,EDAS
16861,01,EDAS
16861,02,EDAS
16863,01,EDAS
16863,02,EDAS
16864,01,REM
16864,02,REM
16865,01,EDAS
16865,02,EDAS
16866,01,EDAS
16866,02,EDAS
16870,01,DAS
16870,02,DAS
16871,01,REM
16871,02,REM
16872,01,EDAS
16872,02,EDAS
16873,01,DAS
16873,02,DAS
16874,01,EDAS
16874,02,EDAS
16875,01,EDAS
16875,02,EDAS
16876,01,DAS
16876,02,DAS
16877,01,DAS
16877,02,DAS
16878,01,EDAS
16878,02,EDAS
16879,01,DAS
16879,02,DAS
16881,01,EDAS
16881,02,EDAS
16882,01,EDAS
16882,02,EDAS
16901,01,DAS
16901,02,DAS
16910,01,DAS
16910,02,DAS
16911,01,EDAS
16911,02,EDAS
16912,01,EDAS
16912,02,EDAS
16914,01,EDAS
16914,02,EDAS
16915,01,EDAS
16915,02,EDAS
16917,01,EDAS
16917,02,EDAS
16918,01,EDAS
16918,02,EDAS
16920,01,DAS
16920,02,DAS
16921,01,REM
16921,02,REM
16922,01,EDAS
16922,02,EDAS
16923,01,EDAS
16923,02,EDAS
16925,01,EDAS
16925,02,EDAS
16926,01,EDAS
16926,02,EDAS
16927,01,EDAS
16927,02,EDAS
16928,01,EDAS
16928,02,EDAS
16929,01,EDAS
16929,02,EDAS
16930,01,EDAS
16930,02,EDAS
16932,01,EDAS
16932,02,EDAS
16933,01,DAS
16933,02,DAS
16935,01,REM
16935,02,REM
16936,01,REM
16936,02,REM
16937,01,EDAS
16937,02,EDAS
16938,01,EDAS
16938,02,EDAS
16939,01,EDAS
16939,02,EDAS
16940,01,EDAS
16940,02,EDAS
16941,01,EDAS
16941,02,EDAS
16942,01,REM
16942,02,REM
16943,01,EDAS
16943,02,EDAS
16945,01,EDAS
16945,02,EDAS
16946,01,EDAS
16946,02,EDAS
16947,01,EDAS
16947,02,EDAS
16948,01,EDAS
16948,02,EDAS
16950,01,REM
16950,02,REM
17002,01,EDAS
17002,02,EDAS
17004,01,EDAS
17004,02,EDAS
17006,01,EDAS
17006,02,EDAS
17007,01,DAS
17007,02,DAS
17009,01,DAS
17009,02,DAS
17014,01,DAS
17014,02,DAS
17017,01,EDAS
17017,02,EDAS
17018,01,DAS
17018,02,DAS
17019,01,DAS
17020,01,DAS
17020,02,DAS
17021,01,EDAS
17021,02,EDAS
17023,01,DAS
17023,02,DAS
17024,01,DAS
17024,02,DAS
17026,01,DAS
17026,02,DAS
17028,01,DAS
17028,02,DAS
17029,01,EDAS
17029,02,EDAS
17030,01,EDAS
17030,02,EDAS
17032,01,DAS
17032,02,DAS
17035,01,EDAS
17035,02,EDAS
17037,01,EDAS
17037,02,EDAS
17040,01,EDAS
17040,02,EDAS
17041,01,DAS
17041,02,DAS
17044,01,EDAS
17044,02,EDAS
17045,01,EDAS
17045,02,EDAS
17047,01,EDAS
17047,02,EDAS
17048,01,EDAS
17048,02,EDAS
17049,01,EDAS
17049,02,EDAS
17051,01,EDAS
17051,02,EDAS
17052,01,EDAS
17052,02,EDAS
17053,01,DAS
17053,02,DAS
17054,01,DAS
17054,02,DAS
17056,01,DAS
17056,02,DAS
17058,01,EDAS
17058,02,EDAS
17059,01,EDAS
17059,02,EDAS
17060,01,EDAS
17060,02,EDAS
17061,01,DAS
17061,02,DAS
17062,01,EDAS
17062,02,EDAS
17063,01,EDAS
17063,02,EDAS
17065,01,DAS
17065,02,DAS
17066,01,EDAS
17066,02,EDAS
17067,01,DAS
17067,02,DAS
17068,01,EDAS
17068,02,EDAS
17071,01,EDAS
17071,02,EDAS
17073,01,DAS
17073,02,DAS
17074,01,DAS
17074,02,DAS
17075,01,EDAS
17075,02,EDAS
17076,01,REM
17076,02,REM
17080,01,DAS
17080,02,DAS
17082,01,EDAS
17082,02,EDAS
17084,02,DAS
17086,01,EDAS
17086,02,EDAS
17087,01,EDAS
17087,02,EDAS
17090,01,DAS
17090,02,DAS
17094,01,DAS
17094,02,DAS
17097,01,EDAS
17097,02,EDAS
17098,01,DAS
17098,02,DAS
17099,01,EDAS
17099,02,EDAS
17210,01,EDAS
17210,02,EDAS
17211,01,REM
17211,02,REM
17212,01,EDAS
17212,02,EDAS
17213,01,EDAS
17213,02,EDAS
17214,01,DAS
17214,02,DAS
17215,01,EDAS
17215,02,EDAS
17217,01,EDAS
17217,02,EDAS
17219,01,EDAS
17219,02,EDAS
17220,01,EDAS
17220,02,EDAS
17221,01,DAS
17221,02,DAS
17222,01,EDAS
17222,02,EDAS
17223,01,DAS
17223,02,DAS
17224,01,EDAS
17224,02,EDAS
17225,01,DAS
17225,02,DAS
17228,01,EDAS
17228,02,EDAS
17229,01,EDAS
17229,02,EDAS
17232,01,DAS
17232,02,DAS
17233,01,DAS
17233,02,DAS
17235,01,DAS
17235,02,DAS
17236,01,DAS
17236,02,DAS
17237,01,DAS
17237,02,DAS
17238,01,EDAS
17238,02,EDAS
17239,01,EDAS
17239,02,EDAS
17240,01,EDAS
17240,02,EDAS
17241,01,DAS
17241,02,DAS
17243,01,EDAS
17243,02,EDAS
17244,01,EDAS
17244,02,EDAS
17246,01,EDAS
17246,02,EDAS
17249,01,DAS
17249,02,DAS
17251,01,EDAS
17251,02,EDAS
17252,01,DAS
17252,02,DAS
17253,02,DAS
17255,01,EDAS
17255,02,EDAS
17256,01,DAS
17256,02,DAS
17257,01,DAS
17257,02,DAS
17260,01,EDAS
17260,02,EDAS
17261,01,DAS
17261,02,DAS
17262,01,EDAS
17262,02,EDAS
17263,01,EDAS
17263,02,EDAS
17264,01,EDAS
17264,02,EDAS
17265,01,EDAS
17265,02,EDAS
17266,01,DAS
17266,02,DAS
17267,01,EDAS
17267,02,EDAS
17270,01,DAS
17270,02,DAS
17271,01,EDAS
17271,02,EDAS
17301,01,DAS
17301,02,DAS
17302,01,EDAS
17302,02,EDAS
17303,01,DAS
17303,02,DAS
17304,01,DAS
17304,02,DAS
17306,01,DAS
17306,02,DAS
17307,01,DAS
17307,02,DAS
17309,01,DAS
17309,02,DAS
17314,01,DAS
17314,02,DAS
17315,01,DAS
17315,02,DAS
17316,01,DAS
17316,02,DAS
17318,01,DAS
17318,02,DAS
17320,01,DAS
17320,02,DAS
17321,01,DAS
17321,02,DAS
17322,01,DAS
17322,02,DAS
17324,01,EDAS
17324,02,EDAS
17325,01,DAS
17325,02,DAS
17327,01,DAS
17327,02,DAS
17329,01,DAS
17329,02,DAS
17337,01,EDAS
17337,02,EDAS
17340,01,DAS
17340,02,DAS
17342,01,EDAS
17342,02,EDAS
17349,01,DAS
17349,02,DAS
17350,01,DAS
17350,02,DAS
17352,01,DAS
17352,02,DAS
17353,01,REM
17353,02,REM
17358,01,DAS
17358,02,DAS
17360,01,DAS
17360,02,DAS
17362,01,DAS
17362,02,DAS
17363,01,DAS
17363,02,DAS
17364,01,DAS
17364,02,DAS
17365,01,DAS
17365,02,DAS
17372,01,DAS
17372,02,DAS
17375,01,DAS
17375,02,EDAS
17502,01,DAS
17502,02,DAS
17503,01,DAS
17503,02,DAS
17505,01,DAS
17505,02,DAS
17506,01,DAS
17506,02,DAS
17507,01,DAS
17507,02,DAS
17509,01,EDAS
17509,02,EDAS
17516,01,DAS
17516,02,DAS
17518,01,EDAS
17518,02,EDAS
17519,01,DAS
17519,02,DAS
17528,01,DAS
17528,02,DAS
17529,01,DAS
17529,02,DAS
17532,01,DAS
17532,02,DAS
17534,01,DAS
17534,02,DAS
17535,01,DAS
17535,02,DAS
17536,01,EDAS
17536,02,EDAS
17555,01,EDAS
17555,02,EDAS
17562,01,DAS
17562,02,DAS
17563,01,EDAS
17563,02,EDAS
17565,01,DAS
17565,02,DAS
17566,01,DAS
17566,02,DAS
17567,01,DAS
17567,02,DAS
17569,01,DAS
17569,02,DAS
17572,01,DAS
17572,02,DAS
17578,01,DAS
17578,02,DAS
17579,01,DAS
17579,02,DAS
17581,01,DAS
17581,02,DAS
17582,01,DAS
17582,02,DAS
17702,01,DAS
17702,02,DAS
17720,01,DAS
17720,02,DAS
17721,01,DAS
17721,02,DAS
17723,01,DAS
17723,02,DAS
17724,01,EDAS
17724,02,EDAS
17726,01,DAS
17726,02,DAS
17727,01,DAS
17727,02,DAS
17728,01,DAS
17728,02,DAS
17729,01,REM
17729,02,REM
17731,01,DAS
17731,02,DAS
17735,01,EDAS
17735,02,EDAS
17737,01,DAS
17737,02,DAS
17738,01,EDAS
17738,02,EDAS
17740,01,DAS
17740,02,DAS
17742,01,EDAS
17742,02,EDAS
17744,01,DAS
17744,02,DAS
17745,01,DAS
17745,02,DAS
17747,01,EDAS
17747,02,EDAS
17748,01,DAS
17748,02,DAS
17750,01,DAS
17750,02,DAS
17751,01,DAS
17751,02,DAS
17752,01,DAS
17752,02,DAS
17756,01,EDAS
17756,02,EDAS
17758,01,EDAS
17758,02,EDAS
17760,01,EDAS
17760,02,EDAS
17762,01,DAS
17762,02,DAS
17763,01,DAS
17763,02,EDAS
17764,01,EDAS
17764,02,EDAS
17765,01,EDAS
17765,02,EDAS
17767,01,DAS
17767,02,DAS
17768,01,REM
17768,02,REM
17769,01,DAS
17769,02,DAS
17771,01,EDAS
17771,02,EDAS
17772,01,DAS
17772,02,DAS
17774,01,EDAS
17774,02,EDAS
17776,01,EDAS
17776,02,EDAS
17777,01,DAS
17777,02,DAS
17778,01,REM
17778,02,REM
17801,01,DAS
17801,02,DAS
17810,01,DAS
17810,02,DAS
17812,01,EDAS
17812,02,EDAS
17813,01,EDAS
17813,02,EDAS
17814,01,EDAS
17814,02,EDAS
17820,01,DAS
17820,02,DAS
17821,01,EDAS
17821,02,EDAS
17823,01,EDAS
17823,02,EDAS
17824,01,EDAS
17824,02,EDAS
17825,01,EDAS
17825,02,EDAS
17827,01,DAS
17827,02,DAS
17828,01,EDAS
17828,02,EDAS
17830,01,EDAS
17830,02,EDAS
17832,01,DAS
17832,02,DAS
17833,01,DAS
17833,02,DAS
17834,01,DAS
17834,02,DAS
17835,01,DAS
17835,02,DAS
17836,01,EDAS
17836,02,EDAS
17840,01,DAS
17840,02,DAS
17841,01,EDAS
17841,02,EDAS
17842,01,DAS
17842,02,DAS
17843,01,EDAS
17843,02,EDAS
17844,01,DAS
17844,02,DAS
17845,01,EDAS
17845,02,EDAS
17846,01,DAS
17846,02,DAS
17847,01,DAS
17847,02,DAS
17850,01,DAS
17850,02,DAS
17851,01,DAS
17851,02,DAS
17853,01,EDAS
17853,02,EDAS
17855,01,DAS
17855,02,DAS
17856,01,DAS
17856,02,DAS
17857,01,DAS
17857,02,DAS
17858,01,DAS
17858,02,DAS
17859,01,EDAS
17859,02,EDAS
17860,01,DAS
17860,02,DAS
17861,01,DAS
17861,02,EDAS
17862,01,EDAS
17862,02,EDAS
17864,01,DAS
17864,02,DAS
17867,01,DAS
17867,02,EDAS
17872,01,DAS
17872,02,DAS
17876,01,DAS
17876,02,DAS
17877,01,EDAS
17877,02,EDAS
17878,01,EDAS
17878,02,EDAS
17880,01,DAS
17880,02,DAS
17881,01,DAS
17881,02,DAS
17882,01,DAS
17882,02,DAS
17883,01,EDAS
17883,02,EDAS
17885,01,EDAS
17885,02,EDAS
17888,01,EDAS
17888,02,EDAS
17889,01,DAS
17889,02,DAS
17921,01,DAS
17921,02,DAS
17922,01,DAS
17922,02,DAS
17923,01,EDAS
17923,02,EDAS
17925,01,DAS
17925,02,DAS
17927,01,EDAS
17927,02,EDAS
17932,01,DAS
17932,02,DAS
17933,01,DAS
17933,02,DAS
17934,01,DAS
17934,02,DAS
17935,01,DAS
17935,02,DAS
17936,01,DAS
17936,02,DAS
17938,01,EDAS
17938,02,EDAS
17941,01,EDAS
17941,02,EDAS
17942,01,DAS
17942,02,DAS
17943,01,DAS
17943,02,DAS
17945,01,DAS
17945,02,DAS
17946,01,DAS
17946,02,DAS
17948,01,DAS
17948,02,DAS
17949,01,DAS
17949,02,DAS
17951,01,DAS
17951,02,DAS
17952,01,DAS
17952,02,EDAS
17959,01,DAS
17959,02,DAS
17960,01,EDAS
17960,02,EDAS
17963,01,DAS
17963,02,DAS
17964,01,EDAS
17964,02,EDAS
17966,01,DAS
17966,02,DAS
17967,01,DAS
17967,02,DAS
17968,01,EDAS
17968,02,EDAS
17974,02,DAS
17976,01,DAS
17976,02,DAS
17978,01,DAS
17978,02,DAS
17980,01,DAS
17980,02,DAS
17981,01,DAS
17981,02,DAS
17983,01,EDAS
17983,02,EDAS
17985,01,EDAS
17985,02,EDAS
18012,01,DAS
18012,02,DAS
18013,01,DAS
18013,02,DAS
18036,01,DAS
18038,01,DAS
18038,02,DAS
18039,01,EDAS
18039,02,EDAS
18051,01,DAS
18051,02,DAS
18053,01,DAS
18053,02,DAS
18054,01,DAS
18054,02,DAS
18055,01,DAS
18055,02,DAS
18056,01,DAS
18056,02,DAS
18058,01,EDAS
18058,02,EDAS
18063,01,EDAS
18063,02,EDAS
18065,01,EDAS
18065,02,EDAS
18066,01,EDAS
18066,02,EDAS
18069,01,DAS
18069,02,DAS
18070,01,DAS
18070,02,DAS
18071,01,DAS
18071,02,DAS
18073,01,DAS
18074,01,DAS
18074,02,DAS
18077,01,DAS
18077,02,DAS
18080,01,DAS
18080,02,DAS
18083,01,DAS
18083,02,DAS
18084,01,DAS
18084,02,DAS
18092,01,DAS
18092,02,DAS
18201,01,DAS
18201,02,DAS
18210,01,DAS
18210,02,DAS
18211,01,DAS
18211,02,DAS
18212,01,DAS
18212,02,DAS
18214,01,DAS
18214,02,DAS
18216,01,DAS
18216,02,DAS
18219,01,DAS
18219,02,DAS
18220,01,EDAS
18220,02,EDAS
18222,01,DAS
18222,02,DAS
18224,01,DAS
18224,02,DAS
18229,01,DAS
18229,02,DAS
18230,01,DAS
18230,02,DAS
18231,01,DAS
18231,02,DAS
18235,01,DAS
18235,02,DAS
18237,01,DAS
18237,02,DAS
18240,01,DAS
18240,02,DAS
18241,01,EDAS
18241,02,EDAS
18242,01,DAS
18242,02,EDAS
18243,01,EDAS
18243,02,EDAS
18244,02,DAS
18246,01,EDAS
18246,02,EDAS
18247,01,DAS
18247,02,DAS
18248,01,EDAS
18248,02,EDAS
18249,01,EDAS
18249,02,EDAS
18250,01,DAS
18250,02,DAS
18251,02,DAS
18252,01,DAS
18252,02,DAS
18254,01,DAS
18254,02,DAS
18255,01,DAS
18255,02,DAS
18256,01,DAS
18256,02,DAS
18301,01,DAS
18301,02,DAS
18302,01,DAS
18302,02,DAS
18320,01,DAS
18320,02,DAS
18323,01,EDAS
18323,02,EDAS
18324,01,EDAS
18324,02,EDAS
18325,01,EDAS
18325,02,EDAS
18326,01,DAS
18326,02,DAS
18327,01,EDAS
18327,02,EDAS
18328,01,DAS
18328,02,DAS
18330,01,DAS
18330,02,DAS
18331,01,DAS
18331,02,DAS
18332,01,DAS
18332,02,DAS
18333,01,DAS
18333,02,DAS
18334,01,EDAS
18334,02,EDAS
18335,01,EDAS
18335,02,EDAS
18336,01,DAS
18336,02,DAS
18337,01,DAS
18337,02,DAS
18340,01,EDAS
18340,02,EDAS
18341,01,DAS
18341,02,DAS
18342,01,DAS
18342,02,DAS
18343,01,DAS
18343,02,DAS
18346,01,DAS
18346,02,DAS
18347,01,DAS
18347,02,DAS
18348,01,EDAS
18348,02,EDAS
18350,01,EDAS
18350,02,EDAS
18351,01,EDAS
18351,02,EDAS
18352,01,DAS
18352,02,DAS
18353,01,DAS
18353,02,DAS
18354,01,DAS
18354,02,DAS
18355,01,DAS
18355,02,DAS
18356,01,DAS
18356,02,DAS
18357,01,EDAS
18357,02,EDAS
18360,01,DAS
18360,02,DAS
18370,01,DAS
18370,02,DAS
18371,01,EDAS
18371,02,EDAS
18401,01,EDAS
18401,02,EDAS
18405,01,EDAS
18405,02,EDAS
18407,01,DAS
18407,02,DAS
18411,01,EDAS
18411,02,EDAS
18413,01,EDAS
18413,02,EDAS
18414,01,DAS
18414,02,DAS
18415,01,REM
18415,02,REM
18417,01,EDAS
18417,02,EDAS
18419,01,EDAS
18419,02,EDAS
18420,01,EDAS
18420,02,EDAS
18421,01,EDAS
18421,02,EDAS
18424,01,DAS
18424,02,DAS
18425,01,EDAS
18425,02,EDAS
18426,01,EDAS
18426,02,EDAS
18427,01,DAS
18427,02,DAS
18428,01,EDAS
18428,02,EDAS
18430,01,DAS
18430,02,DAS
18431,01,DAS
18431,02,DAS
18433,01,DAS
18433,02,DAS
18435,01,EDAS
18435,02,EDAS
18436,01,DAS
18436,02,DAS
18437,01,EDAS
18437,02,EDAS
18438,01,DAS
18438,02,DAS
18439,01,EDAS
18439,02,EDAS
18440,01,DAS
18440,02,DAS
18441,01,EDAS
18441,02,EDAS
18443,01,EDAS
18443,02,EDAS
18444,01,DAS
18444,02,DAS
18445,01,EDAS
18445,02,EDAS
18446,01,EDAS
18446,02,EDAS
18447,01,DAS
18447,02,DAS
18449,01,EDAS
18449,02,EDAS
18451,01,DAS
18451,02,DAS
18453,01,EDAS
18453,02,EDAS
18454,01,EDAS
18454,02,EDAS
18455,01,REM
18455,02,REM
18456,01,EDAS
18456,02,EDAS
18457,01,EDAS
18457,02,EDAS
18458,01,EDAS
18458,02,EDAS
18459,01,DAS
18459,02,DAS
18460,01,EDAS
18460,02,EDAS
18461,01,EDAS
18461,02,EDAS
18462,01,EDAS
18462,02,EDAS
18463,01,DAS
18463,02,DAS
18464,01,EDAS
18464,02,EDAS
18465,01,EDAS
18465,02,EDAS
18466,01,EDAS
18466,02,EDAS
18469,01,EDAS
18469,02,EDAS
18470,01,EDAS
18470,02,EDAS
18472,01,DAS
18472,02,DAS
18473,01,EDAS
18473,02,EDAS
18503,01,DAS
18503,02,DAS
18601,01,DAS
18601,02,DAS
18603,01,DAS
18603,02,DAS
18610,01,DAS
18610,02,DAS
18611,01,EDAS
18611,02,EDAS
18612,01,DAS
18612,02,DAS
18614,01,EDAS
18614,02,EDAS
18615,01,DAS
18615,02,DAS
18616,01,EDAS
18616,02,EDAS
18617,01,DAS
18617,02,DAS
18618,01,DAS
18618,02,DAS
18619,01,EDAS
18619,02,EDAS
18621,01,DAS
18621,02,DAS
18622,01,EDAS
18622,02,EDAS
18623,01,EDAS
18623,02,EDAS
18624,01,EDAS
18624,02,EDAS
18625,01,EDAS
18625,02,EDAS
18626,01,EDAS
18626,02,EDAS
18628,01,EDAS
18628,02,EDAS
18629,01,REM
18629,02,REM
18630,01,REM
18630,02,REM
18631,01,EDAS
18631,02,EDAS
18632,01,EDAS
18632,02,EDAS
18634,01,DAS
18635,01,EDAS
18635,02,EDAS
18636,01,EDAS
18636,02,EDAS
18644,01,DAS
18644,02,DAS
18653,01,DAS
18653,02,DAS
18654,01,DAS
18654,02,DAS
18655,01,DAS
18655,02,DAS
18656,01,EDAS
18656,02,EDAS
18657,01,DAS
18657,02,DAS
18660,01,DAS
18660,02,DAS
18661,01,EDAS
18661,02,EDAS
18707,01,DAS
18707,02,DAS
18708,01,DAS
18708,02,DAS
18801,01,EDAS
18801,02,EDAS
18810,01,DAS
18810,02,DAS
18812,01,REM
18812,02,REM
18814,01,DAS
18814,02,DAS
18815,01,EDAS
18815,02,EDAS
18816,01,EDAS
18816,02,EDAS
18817,01,DAS
18817,02,DAS
18818,01,EDAS
18818,02,EDAS
18821,01,DAS
18821,02,DAS
18822,01,DAS
18822,02,DAS
18823,01,EDAS
18823,02,EDAS
18824,01,EDAS
18824,02,EDAS
18825,01,EDAS
18825,02,EDAS
18826,01,DAS
18826,02,DAS
18827,01,DAS
18827,02,DAS
18828,01,EDAS
18828,02,EDAS
18829,01,REM
18829,02,REM
18830,01,EDAS
18830,02,EDAS
18831,01,REM
18831,02,REM
18832,01,REM
18832,02,REM
18833,01,REM
18833,02,REM
18834,01,DAS
18834,02,DAS
18837,01,EDAS
18837,02,EDAS
18839,01,EDAS
18839,02,EDAS
18840,01,EDAS
18840,02,EDAS
18842,01,EDAS
18842,02,EDAS
18843,01,DAS
18843,02,DAS
18844,01,EDAS
18844,02,EDAS
18845,01,EDAS
18845,02,EDAS
18846,01,EDAS
18846,02,EDAS
18847,01,DAS
18847,02,DAS
18848,01,DAS
18848,02,DAS
18850,01,EDAS
18850,02,EDAS
18851,01,EDAS
18851,02,EDAS
18853,01,EDAS
18853,02,EDAS
18854,01,EDAS
18854,02,EDAS
18911,02,DAS
18917,01,DAS
18917,02,DAS
18920,01,EDAS
18920,02,EDAS
18922,01,DAS
18922,02,DAS
18923,01,DAS
18923,02,DAS
18927,01,DAS
18927,02,DAS
18928,01,EDAS
18928,02,EDAS
18930,01,DAS
18930,02,DAS
18933,01,EDAS
18933,02,EDAS
18934,01,DAS
18934,02,DAS
18938,01,DAS
18938,02,DAS
18942,01,DAS
18942,02,DAS
18944,01,DAS
18944,02,DAS
18947,01,DAS
18947,02,DAS
18949,01,DAS
18949,02,DAS
18951,01,DAS
18951,02,DAS
18953,01,DAS
18953,02,DAS
18963,01,DAS
18963,02,DAS
18972,01,DAS
18972,02,DAS
18981,01,DAS
18981,02,DAS
18991,01,DAS
18991,02,DAS
19009,01,DAS
19009,02,DAS
19052,01,DAS
19052,02,EDAS
19310,01,DAS
19310,02,DAS
19330,01,DAS
19330,02,DAS
19343,01,DAS
19343,02,DAS
19344,01,DAS
19344,02,DAS
19350,01,DAS
19350,02,DAS
19362,01,DAS
19362,02,DAS
19363,01,DAS
19363,02,DAS
19390,01,DAS
19390,02,DAS
19421,01,DAS
19421,02,DAS
19425,01,DAS
19425,02,DAS
19435,01,DAS
19435,02,DAS
19451,01,DAS
19451,02,DAS
19465,01,DAS
19465,02,DAS
19470,01,DAS
19470,02,DAS
19472,01,DAS
19472,02,DAS
19474,01,DAS
19474,02,DAS
19475,01,DAS
19475,02,DAS
19481,01,DAS
19481,02,DAS
19494,01,DAS
19494,02,DAS
19504,01,DAS
19504,02,DAS
19506,01,DAS
19506,02,DAS
19507,01,EDAS
19507,02,EDAS
19508,01,DAS
19508,02,DAS
19512,01,DAS
19512,02,DAS
19516,01,EDAS
19516,02,EDAS
19518,01,DAS
19518,02,DAS
19519,01,DAS
19519,02,DAS
19522,01,DAS
19522,02,DAS
19525,01,DAS
19525,02,DAS
19526,01,DAS
19526,02,DAS
19529,01,EDAS
19529,02,EDAS
19530,01,DAS
19530,02,DAS
19534,01,DAS
19534,02,DAS
19535,01,DAS
19535,02,DAS
19536,01,DAS
19536,02,DAS
19539,01,DAS
19539,02,DAS
19540,01,DAS
19540,02,DAS
19541,01,DAS
19541,02,DAS
19543,01,DAS
19543,02,DAS
19544,01,EDAS
19544,02,EDAS
19545,01,DAS
19545,02,DAS
19547,01,DAS
19547,02,DAS
19548,01,DAS
19548,02,DAS
19549,01,DAS
19549,02,DAS
19551,01,DAS
19551,02,DAS
19554,01,DAS
19554,02,DAS
19555,01,DAS
19555,02,DAS
19564,02,DAS
19565,01,DAS
19565,02,DAS
19567,01,DAS
19567,02,DAS
19640,01,DAS
19640,02,DAS
19706,01,DAS
19706,02,DAS
19716,01,DAS
19716,02,DAS
19730,01,DAS
19730,02,DAS
19734,01,DAS
19734,02,DAS
19735,01,DAS
19735,02,DAS
19736,01,EDAS
19736,02,EDAS
19807,01,DAS
19930,01,DAS
19930,02,DAS
19931,01,DAS
19931,02,DAS
19933,01,DAS
19933,02,DAS
19934,01,DAS
19934,02,DAS
19938,01,DAS
19938,02,DAS
19939,01,DAS
19939,02,DAS
19940,01,DAS
19940,02,DAS
19941,01,DAS
19941,02,DAS
19943,01,DAS
19943,02,DAS
19944,01,DAS
19944,02,DAS
19945,01,DAS
19945,02,DAS
19946,01,DAS
19946,02,DAS
19947,01,DAS
19947,02,DAS
19950,01,DAS
19950,02,DAS
19951,01,DAS
19951,02,DAS
19952,01,DAS
19952,02,DAS
19953,01,EDAS
19953,02,EDAS
19954,01,DAS
19954,02,DAS
19955,01,EDAS
19955,02,EDAS
19956,01,DAS
19956,02,DAS
19960,01,DAS
19960,02,DAS
19962,01,DAS
19962,02,DAS
19963,01,DAS
19963,02,DAS
19964,01,EDAS
19964,02,EDAS
19966,01,DAS
19968,01,DAS
19968,02,DAS
19970,01,DAS
19975,01,EDAS
19975,02,EDAS
19977,01,DAS
19977,02,DAS
19979,01,DAS
19979,02,DAS
19980,01,EDAS
19980,02,EDAS
20106,01,DAS
20106,02,DAS
20107,01,DAS
20107,02,DAS
20112,01,DAS
20112,02,DAS
20115,01,EDAS
20115,02,EDAS
20116,01,EDAS
20116,02,EDAS
20117,01,EDAS
20117,02,EDAS
20118,01,REM
20118,02,REM
20119,01,DAS
20119,02,DAS
20124,01,DAS
20124,02,DAS
20128,01,EDAS
20128,02,EDAS
20129,01,DAS
20129,02,DAS
20130,01,REM
20130,02,REM
20131,01,DAS
20131,02,DAS
20132,01,DAS
20132,02,DAS
20134,01,DAS
20134,02,DAS
20135,01,DAS
20135,02,DAS
20137,01,DAS
20137,02,DAS
20138,01,DAS
20138,02,DAS
20139,01,DAS
20139,02,DAS
20140,01,DAS
20140,02,DAS
20141,01,DAS
20141,02,DAS
20142,01,DAS
20142,02,DAS
20143,01,DAS
20143,02,DAS
20144,01,EDAS
20144,02,EDAS
20158,01,DAS
20158,02,DAS
20160,01,DAS
20160,02,DAS
20169,01,DAS
20175,01,DAS
20180,01,EDAS
20180,02,EDAS
20181,01,EDAS
20181,02,EDAS
20182,01,DAS
20182,02,DAS
20184,01,DAS
20184,02,DAS
20186,01,DAS
20186,02,DAS
20187,01,DAS
20187,02,DAS
20197,01,DAS
20197,02,DAS
20198,01,EDAS
20198,02,EDAS
20242,01,DAS
20242,02,DAS
20602,01,DAS
20602,02,DAS
20604,01,DAS
20604,02,DAS
20606,01,EDAS
20606,02,EDAS
20607,01,DAS
20607,02,DAS
20608,01,EDAS
20608,02,EDAS
20609,01,EDAS
20609,02,EDAS
20611,01,DAS
20611,02,DAS
20612,01,DAS
20612,02,DAS
20613,01,DAS
20613,02,DAS
20615,01,DAS
20615,02,DAS
20616,01,DAS
20616,02,DAS
20617,01,DAS
20617,02,DAS
20618,01,EDAS
20618,02,EDAS
20620,01,DAS
20620,02,DAS
20621,01,EDAS
20621,02,EDAS
20622,01,DAS
20622,02,DAS
20623,01,DAS
20623,02,DAS
20624,01,EDAS
20624,02,EDAS
20625,01,EDAS
20625,02,EDAS
20626,01,EDAS
20626,02,EDAS
20627,01,DAS
20627,02,DAS
20628,01,EDAS
20628,02,EDAS
20629,01,DAS
20629,02,DAS
20630,01,EDAS
20630,02,EDAS
20632,01,DAS
20632,02,DAS
20634,01,DAS
20634,02,DAS
20635,01,DAS
20635,02,DAS
20636,01,DAS
20636,02,DAS
20637,01,DAS
20637,02,DAS
20639,01,EDAS
20639,02,EDAS
20640,01,DAS
20640,02,DAS
20643,01,DAS
20643,02,DAS
20645,01,EDAS
20645,02,EDAS
20646,01,DAS
20646,02,DAS
20650,01,DAS
20650,02,DAS
20653,01,DAS
20653,02,DAS
20656,01,EDAS
20656,02,EDAS
20657,01,DAS
20657,02,DAS
20658,01,DAS
20658,02,DAS
20659,01,DAS
20659,02,DAS
20660,01,DAS
20660,02,DAS
20661,01,REM
20661,02,REM
20662,01,EDAS
20662,02,EDAS
20664,01,EDAS
20664,02,EDAS
20667,01,DAS
20667,02,DAS
20670,01,EDAS
20670,02,EDAS
20674,01,EDAS
20674,02,EDAS
20675,01,DAS
20675,02,DAS
20676,01,DAS
20676,02,DAS
20677,01,DAS
20677,02,DAS
20678,01,DAS
20678,02,DAS
20680,01,EDAS
20680,02,EDAS
20682,01,EDAS
20682,02,EDAS
20684,01,DAS
20684,02,DAS
20685,01,EDAS
20685,02,EDAS
20686,01,REM
20686,02,REM
20687,01,EDAS
20687,02,EDAS
20688,01,DAS
20688,02,DAS
20689,01,DAS
20689,02,DAS
20690,01,DAS
20690,02,DAS
20692,01,EDAS
20692,02,EDAS
20693,01,DAS
20693,02,DAS
20695,01,DAS
20695,02,DAS
20711,01,DAS
20711,02,DAS
20732,01,DAS
20732,02,DAS
20733,01,DAS
20733,02,DAS
20736,01,DAS
20736,02,DAS
20744,01,DAS
20744,02,DAS
20749,01,DAS
20749,02,DAS
20751,01,DAS
20751,02,DAS
20754,01,DAS
20754,02,DAS
20758,01,DAS
20758,02,DAS
20764,01,DAS
20764,02,DAS
20765,01,DAS
20765,02,DAS
20770,01,DAS
20770,02,DAS
20776,01,DAS
20776,02,DAS
20777,01,DAS
20777,02,DAS
20778,01,DAS
20778,02,DAS
20779,01,DAS
20779,02,DAS
20833,01,DAS
20833,02,DAS
20837,01,EDAS
20837,02,EDAS
20838,01,EDAS
20838,02,EDAS
20839,01,EDAS
20839,02,EDAS
20841,01,DAS
20841,02,DAS
20842,01,EDAS
20842,02,EDAS
20860,01,DAS
20860,02,DAS
20861,01,DAS
20861,02,DAS
20862,01,DAS
20862,02,DAS
20872,01,DAS
20872,02,DAS
20882,01,DAS
20882,02,DAS
20993,01,DAS
20993,02,DAS
21005,01,DAS
21005,02,DAS
21010,01,DAS
21010,02,DAS
21013,01,DAS
21013,02,DAS
21020,01,DAS
21020,02,DAS
21023,02,DAS
21028,01,DAS
21028,02,DAS
21032,01,DAS
21032,02,DAS
21034,01,EDAS
21034,02,EDAS
21035,01,EDAS
21035,02,EDAS
21036,01,DAS
21036,02,DAS
21037,01,DAS
21037,02,DAS
21042,01,DAS
21042,02,DAS
21047,01,DAS
21047,02,DAS
21048,01,DAS
21048,02,DAS
21050,01,DAS
21050,02,DAS
21051,01,DAS
21051,02,DAS
21053,01,EDAS
21053,02,EDAS
21056,01,DAS
21056,02,DAS
21057,01,DAS
21057,02,DAS
21071,01,DAS
21071,02,DAS
21074,01,DAS
21074,02,DAS
21078,01,DAS
21078,02,DAS
21082,01,DAS
21082,02,DAS
21084,01,DAS
21084,02,DAS
21102,01,DAS
21102,02,DAS
21104,01,DAS
21104,02,DAS
21111,01,EDAS
21111,02,DAS
21120,01,EDAS
21120,02,EDAS
21131,01,DAS
21131,02,DAS
21132,01,EDAS
21132,02,EDAS
21136,01,DAS
21136,02,DAS
21153,01,DAS
21153,02,DAS
21154,01,EDAS
21154,02,EDAS
21155,01,DAS
21155,02,DAS
21156,01,DAS
21156,02,DAS
21157,01,DAS
21157,02,DAS
21158,01,DAS
21158,02,DAS
21160,01,EDAS
21160,02,EDAS
21161,01,EDAS
21161,02,EDAS
21163,01,DAS
21163,02,DAS
21520,01,EDAS
21520,02,EDAS
21521,01,EDAS
21521,02,EDAS
21522,01,DAS
21522,02,DAS
21523,01,EDAS
21523,02,EDAS
21524,01,EDAS
21524,02,EDAS
21529,01,DAS
21529,02,DAS
21530,01,REM
21530,02,EDAS
21531,01,EDAS
21531,02,EDAS
21532,01,DAS
21532,02,DAS
21536,01,EDAS
21536,02,EDAS
21538,01,EDAS
21538,02,EDAS
21539,01,DAS
21539,02,DAS
21541,01,DAS
21541,02,DAS
21542,01,DAS
21542,02,DAS
21543,01,EDAS
21543,02,EDAS
21545,01,DAS
21545,02,DAS
21550,01,DAS
21550,02,DAS
21555,01,EDAS
21555,02,EDAS
21556,01,DAS
21556,02,DAS
21557,01,REM
21557,02,REM
21561,01,EDAS
21561,02,EDAS
21562,01,DAS
21562,02,DAS
21601,01,DAS
21601,02,DAS
21607,01,EDAS
21607,02,EDAS
21610,01,REM
21610,02,REM
21612,01,EDAS
21612,02,EDAS
21613,01,DAS
21613,02,DAS
21617,01,DAS
21617,02,DAS
21619,01,DAS
21619,02,DAS
21620,01,DAS
21620,02,DAS
21622,01,EDAS
21622,02,EDAS
21623,01,DAS
21623,02,DAS
21624,01,EDAS
21624,02,EDAS
21625,01,EDAS
21625,02,EDAS
21626,01,REM
21626,02,REM
21627,01,EDAS
21627,02,EDAS
21628,01,DAS
21628,02,DAS
21629,01,DAS
21629,02,DAS
21631,01,EDAS
21631,02,EDAS
21632,01,DAS
21632,02,DAS
21634,01,EDAS
21634,02,EDAS
21635,01,REM
21635,02,REM
21636,01,EDAS
21636,02,EDAS
21638,01,DAS
21638,02,DAS
21639,01,DAS
21639,02,DAS
21640,01,EDAS
21640,02,EDAS
21641,01,EDAS
21641,02,EDAS
21643,01,DAS
21643,02,DAS
21644,01,EDAS
21644,02,EDAS
21645,01,EDAS
21645,02,EDAS
21647,01,DAS
21647,02,DAS
21648,01,EDAS
21648,02,EDAS
21649,01,DAS
21649,02,DAS
21650,01,EDAS
21650,02,EDAS
21651,01,DAS
21651,02,DAS
21652,01,DAS
21652,02,DAS
21653,02,DAS
21654,01,DAS
21654,02,DAS
21655,01,DAS
21655,02,DAS
21657,01,EDAS
21657,02,EDAS
21658,01,EDAS
21658,02,EDAS
21659,01,EDAS
21659,02,EDAS
21660,01,DAS
21660,02,DAS
21661,01,EDAS
21661,02,EDAS
21662,01,EDAS
21662,02,EDAS
21663,01,DAS
21663,02,DAS
21664,01,DAS
21664,02,DAS
21665,01,EDAS
21665,02,EDAS
21666,01,DAS
21666,02,DAS
21667,01,EDAS
21667,02,EDAS
21668,01,EDAS
21668,02,EDAS
21669,01,REM
21669,02,REM
21670,01,DAS
21670,02,DAS
21671,01,DAS
21671,02,DAS
21672,01,EDAS
21672,02,EDAS
21673,01,EDAS
21673,02,EDAS
21675,01,EDAS
21675,02,EDAS
21676,01,EDAS
21676,02,EDAS
21677,01,EDAS
21677,02,EDAS
21678,01,EDAS
21678,02,EDAS
21679,01,EDAS
21679,02,EDAS
21710,01,DAS
21710,02,DAS
21711,01,EDAS
21711,02,EDAS
21713,01,DAS
21713,02,DAS
21715,01,DAS
21715,02,DAS
21716,01,DAS
21716,02,DAS
21719,01,DAS
21719,02,DAS
21720,02,DAS
21721,01,DAS
21721,02,DAS
21722,01,DAS
21722,02,DAS
21723,01,DAS
21723,02,DAS
21727,01,DAS
21727,02,DAS
21733,01,DAS
21733,02,DAS
21737,01,DAS
21737,02,DAS
21738,01,DAS
21738,02,DAS
21746,01,DAS
21746,02,DAS
21750,01,EDAS
21750,02,EDAS
21754,01,DAS
21754,02,DAS
21755,01,DAS
21755,02,DAS
21756,01,DAS
21756,02,DAS
21757,01,EDAS
21757,02,EDAS
21758,01,DAS
21758,02,DAS
21762,01,EDAS
21762,02,EDAS
21765,01,EDAS
21765,02,EDAS
21766,01,EDAS
21766,02,EDAS
21769,01,DAS
21769,02,DAS
21771,01,DAS
21771,02,DAS
21773,01,DAS
21773,02,DAS
21774,01,DAS
21774,02,DAS
21776,01,DAS
21776,02,DAS
21777,01,DAS
21777,02,DAS
21778,01,EDAS
21778,02,EDAS
21779,01,DAS
21779,02,DAS
21780,01,DAS
21780,02,DAS
21781,01,DAS
21781,02,DAS
21782,01,DAS
21782,02,DAS
21783,01,DAS
21783,02,DAS
21784,01,DAS
21784,02,DAS
21787,01,DAS
21787,02,DAS
21788,01,DAS
21788,02,DAS
21790,01,DAS
21790,02,EDAS
21791,01,DAS
21791,02,DAS
21794,01,DAS
21794,02,DAS
21797,01,DAS
21797,02,DAS
21798,01,DAS
21798,02,DAS
21810,01,DAS
21810,02,DAS
21811,01,DAS
21811,02,DAS
21813,01,DAS
21813,02,DAS
21814,01,EDAS
21814,02,EDAS
21817,01,EDAS
21817,02,EDAS
21821,01,EDAS
21821,02,EDAS
21822,01,EDAS
21822,02,EDAS
21824,01,REM
21824,02,REM
21829,01,EDAS
21829,02,EDAS
21830,01,DAS
21830,02,DAS
21835,01,EDAS
21835,02,EDAS
21836,01,EDAS
21836,02,EDAS
21837,01,EDAS
21837,02,EDAS
21838,01,REM
21838,02,REM
21840,01,EDAS
21840,02,EDAS
21841,01,EDAS
21841,02,EDAS
21849,01,DAS
21849,02,DAS
21850,01,DAS
21850,02,DAS
21851,01,DAS
21851,02,DAS
21853,01,EDAS
21853,02,EDAS
21856,01,EDAS
21856,02,EDAS
21857,01,EDAS
21857,02,EDAS
21861,01,EDAS
21861,02,EDAS
21862,01,DAS
21862,02,DAS
21863,01,EDAS
21863,02,EDAS
21864,01,EDAS
21864,02,EDAS
21865,01,EDAS
21865,02,EDAS
21866,01,REM
21866,02,REM
21867,01,REM
21867,02,REM
21869,01,EDAS
21869,02,EDAS
21871,01,EDAS
21871,02,EDAS
21872,01,EDAS
21872,02,EDAS
21874,01,DAS
21874,02,DAS
21875,01,DAS
21875,02,DAS
21890,01,DAS
21890,02,DAS
21901,01,DAS
21901,02,DAS
21903,01,DAS
21903,02,DAS
21904,01,DAS
21904,02,DAS
21911,01,DAS
21911,02,DAS
21912,01,EDAS
21912,02,EDAS
21913,01,EDAS
21913,02,EDAS
21915,01,EDAS
21915,02,EDAS
21917,01,DAS
21917,02,DAS
21918,01,EDAS
21918,02,EDAS
21919,01,EDAS
21919,02,EDAS
21920,01,EDAS
21920,02,EDAS
21921,01,DAS
21921,02,DAS
21922,01,DAS
21922,02,DAS
21930,01,EDAS
21930,02,EDAS
22037,01,DAS
22037,02,DAS
22039,01,DAS
22039,02,DAS
22066,01,EDAS
22066,02,DAS
22134,01,DAS
22134,02,DAS
22135,01,DAS
22135,02,DAS
22172,01,DAS
22172,02,DAS
22406,01,DAS
22427,01,EDAS
22427,02,EDAS
22432,01,EDAS
22432,02,EDAS
22433,01,DAS
22433,02,DAS
22435,01,EDAS
22435,02,EDAS
22436,01,EDAS
22436,02,EDAS
22437,01,EDAS
22437,02,EDAS
22438,01,REM
22438,02,REM
22442,01,EDAS
22442,02,EDAS
22443,01,EDAS
22443,02,EDAS
22446,01,EDAS
22446,02,EDAS
22451,01,DAS
22451,02,DAS
22454,01,EDAS
22454,02,EDAS
22460,01,EDAS
22460,02,EDAS
22469,01,EDAS
22469,02,EDAS
22472,01,EDAS
22472,02,EDAS
22473,01,EDAS
22473,02,EDAS
22476,01,EDAS
22476,02,EDAS
22480,01,DAS
22480,02,DAS
22481,01,DAS
22481,02,DAS
22482,01,EDAS
22482,02,EDAS
22485,01,DAS
22485,02,DAS
22488,01,EDAS
22488,02,EDAS
22503,01,EDAS
22503,02,EDAS
22504,01,EDAS
22504,02,EDAS
22507,01,DAS
22507,02,DAS
22508,01,DAS
22508,02,DAS
22509,01,REM
22509,02,REM
22511,01,EDAS
22511,02,EDAS
22513,01,EDAS
22513,02,EDAS
22514,01,EDAS
22514,02,EDAS
22517,01,DAS
22517,02,DAS
22520,01,EDAS
22520,02,EDAS
22523,01,EDAS
22523,02,EDAS
22524,01,DAS
22524,02,DAS
22526,01,EDAS
22526,02,EDAS
22529,01,EDAS
22529,02,EDAS
22530,01,EDAS
22530,02,EDAS
22534,01,EDAS
22534,02,EDAS
22535,01,EDAS
22535,02,EDAS
22538,01,REM
22538,02,REM
22539,01,EDAS
22539,02,EDAS
22542,01,EDAS
22542,02,EDAS
22544,01,DAS
22544,02,DAS
22546,01,EDAS
22546,02,EDAS
22548,01,EDAS
22548,02,EDAS
22551,01,EDAS
22551,02,DAS
22552,01,DAS
22552,02,DAS
22553,01,DAS
22553,02,DAS
22558,01,EDAS
22558,02,EDAS
22560,01,DAS
22560,02,DAS
22565,01,DAS
22565,02,EDAS
22567,01,EDAS
22567,02,EDAS
22570,01,EDAS
22570,02,EDAS
22572,01,EDAS
22572,02,EDAS
22576,01,EDAS
22576,02,EDAS
22578,01,EDAS
22578,02,EDAS
22579,01,EDAS
22579,02,EDAS
22580,01,EDAS
22580,02,EDAS
22610,01,EDAS
22610,02,EDAS
22611,01,DAS
22611,02,DAS
22620,01,DAS
22620,02,DAS
22623,01,DAS
22623,02,DAS
22625,01,DAS
22625,02,DAS
22626,01,DAS
22626,02,DAS
22627,01,EDAS
22627,02,EDAS
22637,01,EDAS
22637,02,EDAS
22639,01,EDAS
22639,02,EDAS
22640,01,EDAS
22640,02,EDAS
22641,01,EDAS
22641,02,EDAS
22642,01,DAS
22642,02,DAS
22643,01,EDAS
22643,02,EDAS
22644,01,EDAS
22644,02,EDAS
22645,01,DAS
22645,02,DAS
22646,01,DAS
22646,02,DAS
22649,01,DAS
22649,02,DAS
22650,01,EDAS
22650,02,EDAS
22652,01,EDAS
22652,02,EDAS
22654,01,EDAS
22654,02,EDAS
22657,01,DAS
22657,02,DAS
22660,01,DAS
22660,02,DAS
22663,01,DAS
22663,02,DAS
22664,01,DAS
22664,02,DAS
22701,01,DAS
22701,02,DAS
22709,01,EDAS
22709,02,EDAS
22711,01,EDAS
22711,02,EDAS
22712,01,DAS
22712,02,DAS
22713,01,EDAS
22713,02,EDAS
22714,01,EDAS
22714,02,EDAS
22715,01,EDAS
22715,02,EDAS
22716,01,EDAS
22716,02,EDAS
22718,01,EDAS
22718,02,EDAS
22719,01,EDAS
22719,02,EDAS
22720,01,DAS
22720,02,DAS
22721,01,EDAS
22721,02,EDAS
22722,01,DAS
22722,02,DAS
22723,01,EDAS
22723,02,EDAS
22724,01,DAS
22724,02,DAS
22725,01,DAS
22725,02,DAS
22726,01,EDAS
22726,02,EDAS
22727,01,EDAS
22727,02,EDAS
22728,01,DAS
22728,02,DAS
22729,01,REM
22729,02,REM
22730,01,EDAS
22730,02,EDAS
22731,01,DAS
22731,02,DAS
22732,01,EDAS
22732,02,EDAS
22733,01,EDAS
22733,02,EDAS
22734,01,DAS
22734,02,DAS
22735,01,EDAS
22735,02,EDAS
22736,01,EDAS
22736,02,EDAS
22737,01,EDAS
22737,02,EDAS
22738,01,EDAS
22738,02,EDAS
22740,01,EDAS
22740,02,EDAS
22741,01,EDAS
22741,02,EDAS
22742,01,DAS
22742,02,DAS
22743,01,EDAS
22743,02,EDAS
22746,01,EDAS
22746,02,EDAS
22747,01,EDAS
22747,02,EDAS
22748,01,DAS
22748,02,DAS
22749,01,EDAS
22749,02,EDAS
22802,01,DAS
22802,02,DAS
22803,01,DAS
22803,02,DAS
22810,01,EDAS
22810,02,EDAS
22811,01,REM
22811,02,REM
22815,01,DAS
22815,02,DAS
22820,01,EDAS
22820,02,EDAS
22821,01,DAS
22821,02,DAS
22824,01,DAS
22824,02,DAS
22827,01,DAS
22827,02,DAS
22830,01,REM
22830,02,REM
22831,01,DAS
22831,02,DAS
22832,01,EDAS
22832,02,EDAS
22834,01,EDAS
22834,02,EDAS
22835,01,DAS
22835,02,DAS
22840,01,DAS
22840,02,DAS
22841,01,EDAS
22841,02,EDAS
22842,01,EDAS
22842,02,EDAS
22843,01,EDAS
22843,02,EDAS
22844,01,DAS
22844,02,DAS
22845,01,DAS
22845,02,DAS
22846,01,DAS
22846,02,DAS
22847,01,EDAS
22847,02,EDAS
22848,01,EDAS
22848,02,EDAS
22849,01,EDAS
22849,02,EDAS
22850,01,EDAS
22850,02,EDAS
22851,01,EDAS
22851,02,EDAS
22853,01,DAS
22853,02,DAS
22920,01,EDAS
22920,02,EDAS
22922,01,EDAS
22922,02,EDAS
22923,01,DAS
22923,02,DAS
22931,01,EDAS
22931,02,EDAS
22932,01,DAS
22932,02,DAS
22935,01,EDAS
22935,02,EDAS
22936,01,DAS
22936,02,DAS
22937,01,EDAS
22937,02,EDAS
22938,01,EDAS
22938,02,EDAS
22940,01,EDAS
22940,02,EDAS
22942,01,DAS
22942,02,DAS
22943,01,EDAS
22943,02,EDAS
22946,01,EDAS
22946,02,EDAS
22947,01,DAS
22947,02,DAS
22948,01,EDAS
22948,02,EDAS
22949,01,EDAS
22949,02,EDAS
22952,01,EDAS
22952,02,EDAS
22954,01,EDAS
22954,02,EDAS
22957,01,DAS
22957,02,DAS
22958,01,DAS
22958,02,DAS
22959,01,EDAS
22959,02,EDAS
22960,01,DAS
22960,02,DAS
22963,01,DAS
22963,02,DAS
22964,01,DAS
22964,02,DAS
22965,01,DAS
22965,02,DAS
22967,01,EDAS
22967,02,EDAS
22968,01,DAS
22968,02,DAS
22969,01,EDAS
22969,02,EDAS
22971,01,EDAS
22971,02,EDAS
22972,01,EDAS
22972,02,EDAS
22973,01,EDAS
22973,02,EDAS
22974,01,DAS
22974,02,DAS
22976,01,DAS
22976,02,EDAS
22989,01,DAS
22989,02,DAS
23001,01,DAS
23001,02,DAS
23002,01,EDAS
23002,02,EDAS
23003,01,EDAS
23003,02,EDAS
23004,01,EDAS
23004,02,EDAS
23009,01,EDAS
23009,02,EDAS
23011,01,EDAS
23011,02,EDAS
23014,01,DAS
23014,02,DAS
23015,01,EDAS
23015,02,EDAS
23021,01,EDAS
23021,02,EDAS
23022,01,EDAS
23022,02,EDAS
23023,01,EDAS
23023,02,EDAS
23024,01,EDAS
23024,02,EDAS
23025,01,EDAS
23025,02,EDAS
23027,01,EDAS
23027,02,EDAS
23030,01,EDAS
23030,02,EDAS
23031,01,EDAS
23031,02,EDAS
23032,01,EDAS
23032,02,EDAS
23035,01,EDAS
23035,02,EDAS
23038,01,EDAS
23038,02,EDAS
23039,01,EDAS
23039,02,EDAS
23040,01,EDAS
23040,02,EDAS
23043,01,DAS
23043,02,DAS
23045,01,EDAS
23045,02,EDAS
23047,01,EDAS
23047,02,EDAS
23050,01,EDAS
23050,02,EDAS
23055,01,EDAS
23055,02,EDAS
23056,01,EDAS
23056,02,EDAS
23061,01,EDAS
23061,02,DAS
23063,01,REM
23063,02,REM
23064,01,DAS
23064,02,DAS
23065,01,EDAS
23065,02,EDAS
23066,01,DAS
23066,02,DAS
23067,01,EDAS
23067,02,EDAS
23068,01,EDAS
23068,02,EDAS
23069,01,DAS
23069,02,DAS
23070,01,EDAS
23070,02,EDAS
23071,01,EDAS
23071,02,EDAS
23072,01,DAS
23072,02,DAS
23076,01,EDAS
23076,02,EDAS
23079,01,REM
23079,02,REM
23083,01,REM
23083,02,REM
23084,01,EDAS
23084,02,EDAS
23085,01,REM
23085,02,REM
23086,01,EDAS
23086,02,EDAS
23089,01,EDAS
23089,02,EDAS
23091,01,EDAS
23091,02,EDAS
23092,01,DAS
23092,02,DAS
23093,01,EDAS
23093,02,EDAS
23102,01,DAS
23102,02,DAS
23103,01,EDAS
23103,02,DAS
23106,01,EDAS
23106,02,EDAS
23108,01,EDAS
23108,02,EDAS
23109,01,EDAS
23109,02,EDAS
23110,01,EDAS
23110,02,EDAS
23115,01,EDAS
23115,02,EDAS
23117,01,EDAS
23117,02,EDAS
23119,01,EDAS
23119,02,EDAS
23120,01,DAS
23120,02,DAS
23123,01,REM
23123,02,REM
23124,01,DAS
23124,02,DAS
23125,01,DAS
23125,02,DAS
23126,01,EDAS
23126,02,EDAS
23128,01,EDAS
23128,02,EDAS
23129,01,DAS
23129,02,DAS
23130,01,EDAS
23130,02,EDAS
23131,01,DAS
23131,02,DAS
23138,01,EDAS
23138,02,EDAS
23139,01,EDAS
23139,02,DAS
23140,01,EDAS
23140,02,EDAS
23141,01,DAS
23141,02,DAS
23146,01,DAS
23146,02,DAS
23147,01,DAS
23147,02,DAS
23148,01,REM
23148,02,EDAS
23149,01,EDAS
23149,02,EDAS
23153,01,EDAS
23153,02,EDAS
23154,01,EDAS
23154,02,EDAS
23156,01,EDAS
23156,02,EDAS
23160,01,DAS
23160,02,DAS
23161,01,EDAS
23161,02,EDAS
23163,01,EDAS
23163,02,EDAS
23168,01,DAS
23169,01,EDAS
23169,02,EDAS
23175,01,EDAS
23175,02,EDAS
23176,01,EDAS
23176,02,EDAS
23177,01,EDAS
23177,02,EDAS
23178,01,EDAS
23178,02,EDAS
23180,01,REM
23180,02,REM
23181,01,EDAS
23181,02,EDAS
23184,01,DAS
23184,02,DAS
23192,01,EDAS
23192,02,EDAS
23301,01,EDAS
23301,02,EDAS
23302,01,EDAS
23302,02,EDAS
23303,01,EDAS
23303,02,EDAS
23306,01,EDAS
23306,02,EDAS
23307,01,EDAS
23307,02,EDAS
23308,01,EDAS
23308,02,EDAS
23310,01,EDAS
23310,02,EDAS
23313,01,REM
23313,02,REM
23314,01,DAS
23315,01,EDAS
23315,02,EDAS
23316,01,REM
23316,02,REM
23322,01,DAS
23322,02,DAS
23336,01,EDAS
23336,02,EDAS
23337,01,DAS
23337,02,DAS
23341,01,REM
23341,02,REM
23345,01,EDAS
23345,02,EDAS
23347,01,EDAS
23347,02,EDAS
23350,01,EDAS
23350,02,EDAS
23354,01,REM
23354,02,REM
23356,01,EDAS
23356,02,EDAS
23357,01,EDAS
23357,02,EDAS
23358,01,EDAS
23358,02,EDAS
23359,01,EDAS
23359,02,EDAS
23389,01,REM
23389,02,REM
23395,01,EDAS
23395,02,EDAS
23396,01,EDAS
23396,02,EDAS
23397,01,DAS
23397,02,DAS
23398,01,REM
23398,02,REM
23399,01,EDAS
23399,02,EDAS
23401,01,EDAS
23401,02,EDAS
23404,01,EDAS
23404,02,EDAS
23405,01,EDAS
23405,02,EDAS
23407,01,REM
23407,02,REM
23408,01,EDAS
23408,02,EDAS
23409,01,REM
23409,02,REM
23410,01,EDAS
23410,02,EDAS
23412,01,EDAS
23412,02,EDAS
23413,01,REM
23413,02,REM
23414,01,REM
23414,02,REM
23415,01,EDAS
23415,02,EDAS
23416,01,EDAS
23416,02,EDAS
23417,01,EDAS
23417,02,EDAS
23418,01,DAS
23418,02,DAS
23419,01,EDAS
23419,02,EDAS
23420,01,REM
23420,02,REM
23421,01,EDAS
23421,02,EDAS
23422,01,EDAS
23422,02,EDAS
23423,01,EDAS
23423,02,EDAS
23426,01,EDAS
23426,02,EDAS
23427,01,EDAS
23427,02,EDAS
23429,01,EDAS
23429,02,EDAS
23430,01,DAS
23430,02,DAS
23431,01,DAS
23431,02,DAS
23432,01,EDAS
23432,02,EDAS
23434,01,DAS
23434,02,DAS
23437,01,EDAS
23437,02,EDAS
23438,01,EDAS
23438,02,EDAS
23440,01,REM
23440,02,REM
23441,01,EDAS
23441,02,EDAS
23442,01,DAS
23442,02,DAS
23443,01,REM
23443,02,REM
23457,01,EDAS
23457,02,EDAS
23480,01,EDAS
23480,02,EDAS
23483,01,DAS
23483,02,DAS
23486,01,EDAS
23486,02,EDAS
23487,01,EDAS
23487,02,EDAS
23488,01,REM
23488,02,REM
23651,01,DAS
23651,02,DAS
23691,01,DAS
23691,02,DAS
23803,01,DAS
23803,02,DAS
23804,01,DAS
23804,02,DAS
23805,01,DAS
23805,02,DAS
23806,01,DAS
23806,02,DAS
23821,01,EDAS
23821,02,EDAS
23824,01,DAS
23824,02,DAS
23827,01,EDAS
23827,02,EDAS
23828,01,EDAS
23828,02,EDAS
23829,01,DAS
23829,02,DAS
23830,01,EDAS
23830,02,EDAS
23833,01,EDAS
23833,02,EDAS
23837,01,EDAS
23837,02,EDAS
23838,01,DAS
23838,02,DAS
23839,01,EDAS
23839,02,EDAS
23840,01,EDAS
23840,02,EDAS
23841,01,EDAS
23841,02,EDAS
23842,01,DAS
23842,02,DAS
23843,01,EDAS
23843,02,EDAS
23844,01,EDAS
23844,02,EDAS
23845,01,EDAS
23845,02,EDAS
23846,01,EDAS
23846,02,EDAS
23847,01,DAS
23847,02,DAS
23850,01,EDAS
23850,02,EDAS
23851,01,DAS
23851,02,DAS
23856,01,EDAS
23856,02,EDAS
23857,01,EDAS
23857,02,EDAS
23860,01,DAS
23860,02,DAS
23866,01,EDAS
23866,02,EDAS
23867,01,EDAS
23867,02,EDAS
23868,01,EDAS
23868,02,EDAS
23870,01,DAS
23870,02,DAS
23872,01,REM
23872,02,REM
23873,01,REM
23873,02,REM
23874,01,EDAS
23874,02,EDAS
23876,01,EDAS
23876,02,EDAS
23878,01,EDAS
23878,02,EDAS
23879,01,EDAS
23879,02,EDAS
23881,01,REM
23881,02,REM
23882,01,EDAS
23882,02,EDAS
23883,01,EDAS
23883,02,EDAS
23884,01,DAS
23884,02,DAS
23885,01,EDAS
23885,02,EDAS
23887,01,EDAS
23887,02,EDAS
23888,01,EDAS
23888,02,EDAS
23889,01,EDAS
23889,02,EDAS
23890,01,EDAS
23890,02,EDAS
23891,02,DAS
23893,01,EDAS
23893,02,EDAS
23894,01,EDAS
23894,02,EDAS
23897,01,EDAS
23897,02,EDAS
23898,01,EDAS
23898,02,EDAS
23899,01,DAS
23899,02,DAS
23901,01,DAS
23901,02,DAS
23909,01,DAS
23909,02,DAS
23915,01,EDAS
23915,02,EDAS
23917,01,EDAS
23917,02,EDAS
23919,01,DAS
23919,02,DAS
23920,01,EDAS
23920,02,EDAS
23921,01,REM
23921,02,REM
23922,01,EDAS
23922,02,EDAS
23923,01,EDAS
23923,02,EDAS
23924,01,EDAS
23924,02,EDAS
23927,01,EDAS
23927,02,EDAS
23930,01,EDAS
23930,02,EDAS
23934,01,EDAS
23934,02,EDAS
23936,01,EDAS
23936,02,EDAS
23937,01,EDAS
23937,02,EDAS
23938,01,EDAS
23938,02,EDAS
23939,01,DAS
23939,02,DAS
23942,01,REM
23942,02,REM
23944,01,EDAS
23944,02,EDAS
23947,01,EDAS
23947,02,EDAS
23950,01,DAS
23950,02,DAS
23952,01,EDAS
23952,02,EDAS
23954,01,REM
23954,02,REM
23955,01,DAS
23955,02,DAS
23958,01,EDAS
23958,02,EDAS
23959,01,EDAS
23959,02,EDAS
23960,01,REM
23960,02,REM
23962,01,EDAS
23962,02,EDAS
23963,01,EDAS
23963,02,EDAS
23964,01,EDAS
23964,02,EDAS
23966,01,EDAS
23966,02,EDAS
23967,01,EDAS
23967,02,EDAS
23968,01,EDAS
23968,02,EDAS
23970,01,DAS
23970,02,DAS
23974,01,EDAS
23974,02,EDAS
23976,01,EDAS
23976,02,EDAS
24053,01,REM
24053,02,REM
24054,01,EDAS
24054,02,EDAS
24055,01,EDAS
24055,02,EDAS
24058,01,DAS
24058,02,DAS
24059,01,EDAS
24059,02,EDAS
24064,01,DAS
24064,02,DAS
24065,01,EDAS
24065,02,EDAS
24066,01,EDAS
24066,02,EDAS
24067,01,REM
24067,02,REM
24069,01,EDAS
24069,02,EDAS
24070,01,EDAS
24070,02,EDAS
24072,01,EDAS
24072,02,EDAS
24076,01,REM
24076,02,REM
24078,01,DAS
24078,02,DAS
24079,01,EDAS
24079,02,EDAS
24082,01,EDAS
24082,02,EDAS
24083,01,DAS
24083,02,DAS
24085,01,EDAS
24085,02,EDAS
24086,01,EDAS
24086,02,EDAS
24087,01,EDAS
24087,02,EDAS
24088,01,REM
24088,02,REM
24089,01,DAS
24089,02,DAS
24090,01,EDAS
24090,02,EDAS
24091,01,REM
24091,02,REM
24092,01,DAS
24092,02,DAS
24093,01,DAS
24093,02,DAS
24094,01,EDAS
24094,02,EDAS
24095,01,DAS
24095,02,DAS
24101,01,EDAS
24101,02,EDAS
24102,01,EDAS
24102,02,EDAS
24104,01,REM
24104,02,EDAS
24105,01,EDAS
24105,02,EDAS
24112,01,DAS
24112,02,DAS
24115,01,DAS
24115,02,DAS
24120,01,REM
24120,02,REM
24121,01,EDAS
24121,02,EDAS
24122,01,DAS
24122,02,DAS
24124,01,EDAS
24124,02,EDAS
24127,01,REM
24127,02,REM
24128,01,REM
24128,02,REM
24130,01,EDAS
24130,02,EDAS
24131,01,REM
24131,02,REM
24132,01,EDAS
24132,02,EDAS
24133,01,EDAS
24133,02,EDAS
24134,01,DAS
24134,02,DAS
24136,01,EDAS
24136,02,EDAS
24137,01,REM
24137,02,REM
24138,01,REM
24138,02,REM
24139,01,EDAS
24139,02,EDAS
24147,01,EDAS
24147,02,EDAS
24148,01,EDAS
24148,02,EDAS
24149,01,EDAS
24149,02,EDAS
24150,01,EDAS
24150,02,EDAS
24151,01,DAS
24151,02,DAS
24157,01,DAS
24157,02,DAS
24161,01,EDAS
24161,02,EDAS
24162,01,REM
24162,02,REM
24165,01,EDAS
24165,02,EDAS
24167,01,EDAS
24167,02,EDAS
24168,01,DAS
24168,02,DAS
24171,01,REM
24171,02,REM
24174,01,DAS
24174,02,DAS
24175,01,DAS
24175,02,DAS
24176,01,DAS
24176,02,DAS
24177,01,DAS
24177,02,DAS
24179,01,DAS
24179,02,DAS
24184,01,DAS
24184,02,DAS
24185,01,EDAS
24185,02,EDAS
24202,01,DAS
24202,02,DAS
24210,01,DAS
24210,02,DAS
24211,01,DAS
24211,02,DAS
24212,01,DAS
24212,02,DAS
24216,01,DAS
24216,02,DAS
24217,01,REM
24217,02,REM
24218,01,DAS
24218,02,DAS
24219,01,EDAS
24219,02,EDAS
24220,01,REM
24220,02,REM
24221,01,REM
24221,02,REM
24224,01,EDAS
24224,02,EDAS
24225,01,EDAS
24225,02,EDAS
24226,01,REM
24226,02,REM
24228,01,REM
24228,02,REM
24230,01,EDAS
24230,02,EDAS
24236,01,EDAS
24236,02,EDAS
24237,01,EDAS
24237,02,EDAS
24239,01,REM
24239,02,REM
24243,01,REM
24243,02,REM
24244,01,REM
24244,02,REM
24245,01,REM
24245,02,REM
24246,01,EDAS
24246,02,EDAS
24248,01,EDAS
24248,02,EDAS
24250,01,REM
24250,02,REM
24251,01,EDAS
24251,02,EDAS
24256,01,EDAS
24256,02,EDAS
24258,01,EDAS
24258,02,EDAS
24260,01,EDAS
24260,02,EDAS
24263,01,REM
24263,02,REM
24265,01,REM
24265,02,REM
24266,01,DAS
24266,02,DAS
24269,01,EDAS
24269,02,EDAS
24270,01,EDAS
24270,02,EDAS
24271,01,EDAS
24271,02,EDAS
24272,01,REM
24272,02,REM
24273,01,DAS
24273,02,DAS
24277,01,DAS
24277,02,DAS
24279,01,EDAS
24279,02,EDAS
24280,01,EDAS
24280,02,EDAS
24281,01,EDAS
24281,02,EDAS
24282,01,REM
24282,02,REM
24283,01,EDAS
24283,02,EDAS
24285,01,EDAS
24285,02,EDAS
24290,01,DAS
24290,02,DAS
24292,01,EDAS
24292,02,EDAS
24293,01,DAS
24293,02,DAS
24301,01,DAS
24301,02,DAS
24311,01,DAS
24311,02,DAS
24312,01,EDAS
24312,02,EDAS
24313,01,EDAS
24313,02,EDAS
24314,01,EDAS
24314,02,EDAS
24315,01,EDAS
24315,02,EDAS
24316,01,DAS
24316,02,DAS
24317,01,EDAS
24317,02,EDAS
24318,01,EDAS
24318,02,EDAS
24319,01,EDAS
24319,02,EDAS
24322,01,EDAS
24322,02,EDAS
24323,01,EDAS
24323,02,EDAS
24324,01,REM
24324,02,REM
24325,01,REM
24325,02,REM
24326,01,REM
24326,02,REM
24327,01,EDAS
24327,02,EDAS
24328,01,EDAS
24328,02,EDAS
24330,01,REM
24330,02,REM
24333,01,DAS
24333,02,DAS
24340,01,EDAS
24340,02,EDAS
24343,01,EDAS
24343,02,EDAS
24347,01,EDAS
24347,02,EDAS
24348,01,EDAS
24348,02,EDAS
24350,01,EDAS
24350,02,EDAS
24351,01,EDAS
24351,02,EDAS
24352,01,EDAS
24352,02,EDAS
24354,01,DAS
24354,02,DAS
24360,01,EDAS
24360,02,EDAS
24361,01,EDAS
24361,02,EDAS
24363,01,EDAS
24363,02,EDAS
24366,01,REM
24366,02,REM
24368,01,EDAS
24368,02,EDAS
24370,01,EDAS
24370,02,EDAS
24374,01,EDAS
24374,02,EDAS
24375,01,EDAS
24375,02,EDAS
24377,01,REM
24377,02,REM
24378,01,EDAS
24378,02,EDAS
24380,01,EDAS
24380,02,EDAS
24381,01,EDAS
24381,02,EDAS
24382,01,DAS
24382,02,DAS
24411,01,REM
24411,02,REM
24412,01,DAS
24412,02,DAS
24413,01,EDAS
24413,02,EDAS
24415,01,DAS
24415,02,DAS
24416,01,DAS
24416,02,DAS
24421,01,EDAS
24421,02,EDAS
24422,01,EDAS
24422,02,EDAS
24426,01,EDAS
24426,02,EDAS
24430,01,EDAS
24430,02,EDAS
24431,01,DAS
24431,02,DAS
24432,01,EDAS
24432,02,EDAS
24433,01,EDAS
24433,02,EDAS
24435,01,EDAS
24435,02,EDAS
24437,01,DAS
24437,02,DAS
24439,01,EDAS
24439,02,EDAS
24440,01,DAS
24440,02,DAS
24441,01,DAS
24441,02,DAS
24442,01,REM
24442,02,REM
24445,01,EDAS
24445,02,EDAS
24448,01,EDAS
24448,02,EDAS
24450,01,DAS
24450,02,DAS
24457,01,DAS
24457,02,DAS
24458,01,EDAS
24458,02,EDAS
24459,01,EDAS
24459,02,EDAS
24460,01,REM
24460,02,REM
24464,01,EDAS
24464,02,EDAS
24465,01,REM
24465,02,REM
24467,01,DAS
24467,02,DAS
24468,01,EDAS
24468,02,EDAS
24469,01,DAS
24469,02,DAS
24471,01,DAS
24471,02,DAS
24472,01,EDAS
24472,02,EDAS
24473,01,EDAS
24473,02,EDAS
24474,01,EDAS
24474,02,EDAS
24476,01,EDAS
24476,02,EDAS
24479,01,EDAS
24479,02,EDAS
24483,01,EDAS
24483,02,EDAS
24484,01,REM
24484,02,REM
24485,01,EDAS
24485,02,EDAS
24486,01,DAS
24486,02,DAS
24487,01,EDAS
24487,02,EDAS
24517,01,DAS
24517,02,DAS
24520,01,EDAS
24520,02,EDAS
24521,01,EDAS
24521,02,EDAS
24522,01,EDAS
24522,02,EDAS
24523,01,EDAS
24523,02,DAS
24526,01,REM
24526,02,REM
24527,01,DAS
24527,02,DAS
24528,01,EDAS
24528,02,EDAS
24529,01,EDAS
24529,02,EDAS
24530,01,REM
24530,02,REM
24531,01,EDAS
24531,02,EDAS
24533,01,EDAS
24533,02,EDAS
24534,01,EDAS
24534,02,EDAS
24536,01,EDAS
24536,02,EDAS
24538,01,EDAS
24538,02,EDAS
24539,01,EDAS
24539,02,EDAS
24540,01,DAS
24540,02,DAS
24541,01,DAS
24541,02,DAS
24543,01,DAS
24543,02,DAS
24549,01,EDAS
24549,02,EDAS
24550,01,DAS
24550,02,DAS
24553,01,EDAS
24553,02,EDAS
24554,01,EDAS
24554,02,EDAS
24555,01,EDAS
24555,02,EDAS
24556,01,REM
24556,02,REM
24557,01,EDAS
24557,02,EDAS
24558,01,EDAS
24558,02,EDAS
24562,01,EDAS
24562,02,EDAS
24563,01,EDAS
24563,02,EDAS
24565,01,REM
24565,02,REM
24566,01,EDAS
24566,02,EDAS
24569,01,EDAS
24569,02,EDAS
24570,01,DAS
24570,02,DAS
24571,01,EDAS
24571,02,EDAS
24572,01,DAS
24572,02,DAS
24574,01,EDAS
24574,02,EDAS
24576,01,EDAS
24576,02,EDAS
24577,01,EDAS
24577,02,EDAS
24578,01,EDAS
24578,02,EDAS
24579,01,EDAS
24579,02,EDAS
24580,01,REM
24580,02,REM
24581,01,DAS
24581,02,DAS
24585,01,EDAS
24585,02,EDAS
24586,01,EDAS
24586,02,EDAS
24588,01,DAS
24588,02,DAS
24589,01,EDAS
24589,02,EDAS
24590,01,EDAS
24590,02,EDAS
24592,01,EDAS
24592,02,EDAS
24593,01,EDAS
24593,02,EDAS
24594,01,REM
24594,02,REM
24595,01,EDAS
24595,02,EDAS
24597,01,EDAS
24597,02,EDAS
24598,01,REM
24598,02,EDAS
24599,01,EDAS
24599,02,EDAS
24601,01,DAS
24601,02,DAS
24602,01,REM
24602,02,REM
24603,01,EDAS
24603,02,EDAS
24605,01,DAS
24605,02,DAS
24606,01,DAS
24606,02,DAS
24607,01,EDAS
24607,02,EDAS
24609,01,EDAS
24609,02,EDAS
24612,01,DAS
24612,02,DAS
24613,01,EDAS
24613,02,EDAS
24614,01,EDAS
24614,02,EDAS
24618,01,EDAS
24618,02,EDAS
24619,01,EDAS
24619,02,EDAS
24620,01,REM
24620,02,REM
24622,01,EDAS
24622,02,EDAS
24624,01,EDAS
24624,02,EDAS
24627,01,EDAS
24627,02,EDAS
24628,01,REM
24628,02,REM
24630,01,EDAS
24630,02,EDAS
24631,01,EDAS
24631,02,EDAS
24634,01,EDAS
24634,02,EDAS
24635,01,DAS
24635,02,DAS
24637,01,DAS
24637,02,DAS
24639,01,EDAS
24639,02,EDAS
24640,01,EDAS
24640,02,EDAS
24641,01,DAS
24641,02,DAS
24646,01,EDAS
24646,02,EDAS
24649,01,EDAS
24649,02,EDAS
24651,01,EDAS
24651,02,EDAS
24656,01,EDAS
24656,02,EDAS
24657,01,REM
24657,02,REM
24658,01,EDAS
24658,02,EDAS
24701,01,DAS
24701,02,DAS
24712,01,DAS
24712,02,DAS
24714,01,EDAS
24714,02,EDAS
24715,01,EDAS
24715,02,EDAS
24716,01,EDAS
24716,02,EDAS
24719,01,EDAS
24719,02,EDAS
24724,01,DAS
24724,02,DAS
24726,01,REM
24726,02,REM
24731,01,DAS
24731,02,DAS
24733,01,EDAS
24733,02,EDAS
24736,01,REM
24736,02,REM
24737,01,DAS
24737,02,DAS
24738,01,DAS
24738,02,DAS
24739,01,DAS
24739,02,DAS
24740,01,DAS
24740,02,DAS
24747,01,REM
24747,02,REM
24751,01,DAS
24751,02,DAS
24801,01,EDAS
24801,02,EDAS
24808,01,EDAS
24808,02,EDAS
24811,01,REM
24811,02,REM
24813,01,EDAS
24813,02,EDAS
24815,01,REM
24815,02,REM
24817,01,REM
24817,02,REM
24818,01,EDAS
24818,02,EDAS
24821,01,EDAS
24821,02,EDAS
24822,01,EDAS
24822,02,EDAS
24823,01,EDAS
24823,02,EDAS
24824,01,EDAS
24824,02,EDAS
24825,01,EDAS
24825,02,EDAS
24826,01,EDAS
24826,02,EDAS
24827,01,REM
24827,02,REM
24828,01,REM
24828,02,REM
24829,01,DAS
24829,02,DAS
24830,01,EDAS
24830,02,EDAS
24831,01,EDAS
24831,02,EDAS
24832,01,EDAS
24832,02,EDAS
24834,01,EDAS
24834,02,EDAS
24836,01,EDAS
24836,02,EDAS
24839,01,EDAS
24839,02,EDAS
24841,01,EDAS
24841,02,EDAS
24842,01,EDAS
24842,02,EDAS
24843,01,DAS
24843,02,DAS
24844,01,REM
24844,02,REM
24845,01,EDAS
24845,02,EDAS
24846,01,EDAS
24846,02,EDAS
24847,01,EDAS
24847,02,EDAS
24848,01,REM
24848,02,REM
24849,01,REM
24849,02,REM
24850,01,REM
24850,02,REM
24851,01,EDAS
24851,02,EDAS
24852,01,EDAS
24852,02,EDAS
24853,01,EDAS
24853,02,EDAS
24855,01,DAS
24855,02,DAS
24856,01,EDAS
24856,02,EDAS
24857,01,DAS
24857,02,DAS
24859,01,EDAS
24859,02,EDAS
24860,01,EDAS
24860,02,EDAS
24861,01,EDAS
24861,02,EDAS
24862,01,EDAS
24862,02,EDAS
24866,01,REM
24866,02,REM
24867,01,EDAS
24867,02,EDAS
24868,01,EDAS
24868,02,EDAS
24869,01,EDAS
24869,02,EDAS
24870,01,EDAS
24870,02,EDAS
24871,01,EDAS
24871,02,EDAS
24872,01,REM
24872,02,REM
24873,01,REM
24873,02,REM
24874,01,EDAS
24874,02,EDAS
24877,01,EDAS
24877,02,EDAS
24878,01,EDAS
24878,02,EDAS
24879,01,EDAS
24879,02,EDAS
24880,01,EDAS
24880,02,EDAS
24881,01,DAS
24881,02,DAS
24882,01,EDAS
24882,02,EDAS
24883,01,EDAS
24883,02,EDAS
24884,01,REM
24884,02,REM
24887,01,EDAS
24887,02,EDAS
24888,01,EDAS
24888,02,EDAS
24892,01,EDAS
24892,02,EDAS
24894,01,EDAS
24894,02,EDAS
24895,01,EDAS
24895,02,EDAS
24898,01,EDAS
24898,02,EDAS
24899,01,EDAS
24899,02,EDAS
24901,01,DAS
24901,02,DAS
24910,01,EDAS
24910,02,EDAS
24915,01,EDAS
24915,02,EDAS
24916,01,EDAS
24916,02,EDAS
24917,01,EDAS
24917,02,EDAS
24918,01,REM
24918,02,REM
24919,01,EDAS
24919,02,EDAS
24920,01,REM
24920,02,REM
24924,01,EDAS
24924,02,EDAS
24925,01,EDAS
24925,02,EDAS
24927,01,REM
24927,02,REM
24931,01,EDAS
24931,02,EDAS
24934,01,REM
24934,02,REM
24935,01,EDAS
24935,02,EDAS
24936,01,EDAS
24936,02,EDAS
24938,01,EDAS
24938,02,EDAS
24941,01,EDAS
24941,02,EDAS
24942,01,EDAS
24942,02,EDAS
24943,01,EDAS
24943,02,EDAS
24944,01,EDAS
24944,02,EDAS
24945,01,EDAS
24945,02,EDAS
24946,01,EDAS
24946,02,EDAS
24950,01,EDAS
24950,02,EDAS
24951,01,EDAS
24951,02,EDAS
24954,01,EDAS
24954,02,EDAS
24957,01,DAS
24957,02,DAS
24958,01,EDAS
24958,02,EDAS
24961,01,DAS
24961,02,DAS
24962,01,REM
24962,02,REM
24963,01,EDAS
24963,02,EDAS
24966,01,REM
24966,02,REM
24970,01,DAS
24970,02,DAS
24974,01,REM
24974,02,REM
24976,01,EDAS
24976,02,EDAS
24977,01,EDAS
24977,02,EDAS
24981,01,EDAS
24981,02,EDAS
24983,01,EDAS
24983,02,EDAS
24984,01,REM
24984,02,REM
24985,01,EDAS
24985,02,EDAS
24986,01,DAS
24986,02,DAS
24991,01,EDAS
24991,02,EDAS
24993,01,REM
24993,02,REM
25002,01,EDAS
25002,02,EDAS
25003,01,EDAS
25003,02,EDAS
25004,01,EDAS
25004,02,EDAS
25005,01,EDAS
25005,02,EDAS
25007,01,EDAS
25007,02,EDAS
25008,01,EDAS
25008,02,EDAS
25009,01,REM
25009,02,REM
25010,01,EDAS
25010,02,EDAS
25015,01,DAS
25015,02,DAS
25018,01,EDAS
25018,02,EDAS
25019,01,EDAS
25019,02,EDAS
25021,01,EDAS
25021,02,EDAS
25022,01,EDAS
25022,02,EDAS
25024,01,DAS
25024,02,DAS
25025,01,DAS
25025,02,EDAS
25028,01,EDAS
25028,02,EDAS
25030,01,REM
25030,02,REM
25031,01,EDAS
25031,02,EDAS
25033,01,DAS
25033,02,DAS
25035,01,EDAS
25035,02,EDAS
25036,01,EDAS
25036,02,EDAS
25039,01,EDAS
25039,02,EDAS
25040,01,DAS
25040,02,DAS
25043,01,REM
25043,02,REM
25044,01,EDAS
25044,02,EDAS
25045,01,EDAS
25045,02,EDAS
25046,01,EDAS
25046,02,EDAS
25047,01,REM
25047,02,REM
25048,01,EDAS
25048,02,EDAS
25049,01,EDAS
25049,02,EDAS
25051,01,DAS
25051,02,DAS
25053,01,EDAS
25053,02,EDAS
25054,01,EDAS
25054,02,EDAS
25057,01,EDAS
25057,02,EDAS
25059,01,EDAS
25059,02,EDAS
25060,01,REM
25060,02,REM
25061,01,EDAS
25061,02,EDAS
25062,01,EDAS
25062,02,EDAS
25063,01,REM
25063,02,REM
25067,01,EDAS
25067,02,EDAS
25070,01,DAS
25070,02,DAS
25071,01,EDAS
25071,02,EDAS
25075,01,EDAS
25075,02,EDAS
25076,01,DAS
25076,02,DAS
25081,01,DAS
25081,02,DAS
25082,01,EDAS
25082,02,EDAS
25083,01,REM
25083,02,REM
25085,01,EDAS
25085,02,EDAS
25086,01,DAS
25086,02,DAS
25088,01,REM
25088,02,REM
25090,01,DAS
25090,02,DAS
25093,01,EDAS
25093,02,EDAS
25102,01,EDAS
25102,02,EDAS
25103,01,DAS
25103,02,DAS
25106,01,EDAS
25106,02,EDAS
25107,01,EDAS
25107,02,EDAS
25108,01,DAS
25108,02,DAS
25109,01,EDAS
25109,02,EDAS
25110,01,DAS
25110,02,DAS
25111,01,REM
25111,02,REM
25113,01,REM
25113,02,REM
25114,01,EDAS
25114,02,EDAS
25115,01,EDAS
25115,02,EDAS
25118,01,EDAS
25118,02,EDAS
25119,01,EDAS
25119,02,EDAS
25121,01,EDAS
25121,02,EDAS
25122,01,EDAS
25122,02,EDAS
25123,01,REM
25123,02,REM
25124,01,EDAS
25124,02,EDAS
25125,01,REM
25125,02,REM
25126,01,EDAS
25126,02,EDAS
25130,01,EDAS
25130,02,EDAS
25132,01,EDAS
25132,02,EDAS
25133,01,REM
25133,02,REM
25134,01,EDAS
25134,02,EDAS
25136,01,EDAS
25136,02,EDAS
25139,01,DAS
25139,02,DAS
25140,01,EDAS
25140,02,EDAS
25141,01,EDAS
25141,02,EDAS
25142,01,EDAS
25142,02,EDAS
25143,01,DAS
25143,02,DAS
25148,01,EDAS
25148,02,EDAS
25149,01,EDAS
25149,02,EDAS
25150,01,EDAS
25150,02,EDAS
25152,01,EDAS
25152,02,EDAS
25154,01,EDAS
25154,02,EDAS
25156,01,DAS
25156,02,DAS
25159,01,DAS
25159,02,DAS
25160,01,EDAS
25160,02,EDAS
25161,01,EDAS
25161,02,EDAS
25162,01,DAS
25162,02,DAS
25164,01,REM
25164,02,REM
25165,01,DAS
25165,02,DAS
25168,01,DAS
25168,02,DAS
25169,01,EDAS
25169,02,EDAS
25173,01,EDAS
25173,02,EDAS
25174,01,EDAS
25174,02,EDAS
25180,01,REM
25180,02,REM
25181,01,EDAS
25181,02,EDAS
25182,01,EDAS
25182,02,EDAS
25183,01,EDAS
25183,02,EDAS
25185,02,DAS
25186,01,DAS
25186,02,DAS
25187,01,EDAS
25187,02,EDAS
25193,01,EDAS
25193,02,EDAS
25201,01,EDAS
25201,02,EDAS
25202,01,DAS
25202,02,DAS
25203,01,EDAS
25203,02,EDAS
25204,01,REM
25204,02,REM
25205,01,EDAS
25205,02,EDAS
25206,01,EDAS
25206,02,EDAS
25208,01,EDAS
25208,02,EDAS
25209,01,EDAS
25209,02,EDAS
25211,01,REM
25211,02,REM
25213,01,DAS
25213,02,DAS
25214,01,EDAS
25214,02,EDAS
25231,01,EDAS
25231,02,EDAS
25234,01,REM
25234,02,REM
25235,01,REM
25235,02,REM
25239,01,EDAS
25239,02,EDAS
25241,01,EDAS
25241,02,EDAS
25243,01,REM
25243,02,REM
25244,01,EDAS
25244,02,EDAS
25245,01,EDAS
25245,02,EDAS
25247,01,EDAS
25247,02,EDAS
25248,01,EDAS
25248,02,EDAS
25250,01,EDAS
25250,02,EDAS
25251,01,EDAS
25251,02,EDAS
25252,01,REM
25252,02,REM
25253,01,REM
25253,02,REM
25258,01,EDAS
25258,02,EDAS
25259,01,REM
25259,02,REM
25260,01,DAS
25260,02,DAS
25261,01,EDAS
25261,02,EDAS
25262,01,DAS
25262,02,DAS
25264,01,DAS
25264,02,DAS
25266,01,REM
25266,02,REM
25267,01,REM
25267,02,REM
25268,01,REM
25268,02,REM
25270,01,REM
25270,02,REM
25271,01,REM
25271,02,REM
25275,01,REM
25275,02,REM
25276,01,EDAS
25276,02,EDAS
25279,01,EDAS
25279,02,EDAS
25281,01,EDAS
25281,02,EDAS
25283,01,EDAS
25283,02,EDAS
25285,01,EDAS
25285,02,EDAS
25286,01,REM
25286,02,REM
25287,01,REM
25287,02,REM
25306,01,DAS
25306,02,DAS
25311,01,DAS
25311,02,DAS
25312,01,EDAS
25312,02,EDAS
25315,01,DAS
25315,02,DAS
25320,01,EDAS
25320,02,EDAS
25404,01,DAS
25404,02,DAS
25410,01,DAS
25410,02,DAS
25411,01,EDAS
25411,02,EDAS
25413,01,EDAS
25413,02,EDAS
25414,01,DAS
25414,02,DAS
25420,01,DAS
25420,02,DAS
25421,01,DAS
25421,02,DAS
25422,01,REM
25422,02,REM
25425,01,DAS
25425,02,DAS
25427,01,EDAS
25427,02,EDAS
25429,01,DAS
25429,02,DAS
25430,01,DAS
25430,02,DAS
25431,01,REM
25431,02,REM
25432,01,DAS
25432,02,DAS
25434,01,REM
25434,02,REM
25437,01,REM
25437,02,REM
25441,01,EDAS
25441,02,EDAS
25442,01,EDAS
25442,02,EDAS
25443,01,DAS
25443,02,DAS
25444,01,REM
25444,02,REM
25446,01,EDAS
25446,02,EDAS
25501,01,EDAS
25501,02,EDAS
25502,01,EDAS
25502,02,EDAS
25503,01,EDAS
25503,02,EDAS
25505,01,EDAS
25505,02,EDAS
25506,01,EDAS
25506,02,EDAS
25508,01,EDAS
25508,02,EDAS
25510,01,DAS
25510,02,DAS
25511,01,REM
25511,02,REM
25512,01,REM
25512,02,REM
25514,01,REM
25514,02,REM
25515,01,REM
25515,02,REM
25517,01,REM
25517,02,REM
25520,01,REM
25520,02,REM
25521,01,REM
25521,02,REM
25523,01,EDAS
25523,02,EDAS
25524,01,REM
25524,02,REM
25526,01,DAS
25526,02,DAS
25529,01,EDAS
25529,02,EDAS
25530,01,DAS
25530,02,DAS
25534,01,REM
25534,02,REM
25535,01,DAS
25535,02,DAS
25537,01,EDAS
25537,02,EDAS
25540,01,EDAS
25540,02,EDAS
25541,01,EDAS
25541,02,EDAS
25544,01,REM
25544,02,REM
25545,01,DAS
25545,02,DAS
25547,01,DAS
25547,02,DAS
25550,01,EDAS
25550,02,EDAS
25555,01,EDAS
25555,02,EDAS
25557,01,REM
25557,02,REM
25559,01,DAS
25559,02,DAS
25560,01,DAS
25560,02,DAS
25562,01,DAS
25562,02,DAS
25564,01,EDAS
25564,02,EDAS
25565,01,EDAS
25565,02,EDAS
25567,01,EDAS
25567,02,EDAS
25570,01,DAS
25570,02,DAS
25571,01,EDAS
25571,02,EDAS
25572,01,EDAS
25572,02,EDAS
25573,01,EDAS
25573,02,EDAS
25601,01,DAS
25601,02,DAS
25606,01,DAS
25606,02,DAS
25607,01,EDAS
25607,02,EDAS
25608,01,EDAS
25608,02,EDAS
25611,01,DAS
25611,02,DAS
25612,01,DAS
25612,02,DAS
25614,01,DAS
25614,02,DAS
25617,01,EDAS
25617,02,EDAS
25621,01,EDAS
25621,02,EDAS
25624,01,DAS
25624,02,DAS
25625,01,EDAS
25625,02,EDAS
25628,01,DAS
25628,02,DAS
25630,01,DAS
25630,02,DAS
25632,01,REM
25632,02,REM
25634,01,EDAS
25634,02,EDAS
25635,01,EDAS
25635,02,EDAS
25636,01,EDAS
25636,02,EDAS
25637,01,EDAS
25637,02,EDAS
25638,01,EDAS
25638,02,EDAS
25639,01,DAS
25639,02,DAS
25644,01,EDAS
25644,02,EDAS
25645,01,EDAS
25645,02,EDAS
25646,01,EDAS
25646,02,EDAS
25647,01,EDAS
25647,02,EDAS
25649,01,EDAS
25649,02,EDAS
25650,01,EDAS
25650,02,EDAS
25651,01,EDAS
25651,02,EDAS
25652,01,DAS
25652,02,DAS
25653,02,DAS
25654,01,REM
25654,02,REM
25661,01,EDAS
25661,02,EDAS
25665,01,EDAS
25665,02,EDAS
25666,01,EDAS
25666,02,EDAS
25667,01,DAS
25667,02,DAS
25669,01,REM
25669,02,REM
25670,01,EDAS
25670,02,EDAS
25671,01,REM
25671,02,REM
25672,01,EDAS
25672,02,EDAS
25674,01,EDAS
25674,02,EDAS
25676,01,EDAS
25676,02,EDAS
25678,01,EDAS
25678,02,EDAS
25682,01,EDAS
25682,02,EDAS
25685,01,EDAS
25685,02,EDAS
25686,01,REM
25686,02,REM
25687,01,EDAS
25687,02,EDAS
25688,01,REM
25688,02,REM
25690,01,DAS
25690,02,DAS
25692,01,REM
25692,02,REM
25694,01,EDAS
25694,02,EDAS
25696,01,DAS
25696,02,EDAS
25699,01,REM
25699,02,REM
25810,01,DAS
25810,02,DAS
25811,01,EDAS
25811,02,EDAS
25812,01,EDAS
25812,02,EDAS
25813,01,DAS
25813,02,DAS
25816,01,EDAS
25816,02,EDAS
25817,01,EDAS
25817,02,EDAS
25820,01,REM
25820,02,REM
25823,01,DAS
25823,02,DAS
25825,01,EDAS
25825,02,EDAS
25826,02,DAS
25831,01,EDAS
25831,02,EDAS
25836,01,EDAS
25836,02,EDAS
25837,01,EDAS
25837,02,EDAS
25839,01,EDAS
25839,02,EDAS
25840,01,DAS
25840,02,DAS
25841,01,EDAS
25841,02,EDAS
25843,01,EDAS
25843,02,EDAS
25844,01,EDAS
25844,02,EDAS
25845,01,EDAS
25845,02,EDAS
25846,01,EDAS
25846,02,EDAS
25847,01,EDAS
25847,02,EDAS
25848,01,EDAS
25848,02,EDAS
25849,01,DAS
25849,02,DAS
25851,01,REM
25851,02,REM
25853,01,DAS
25853,02,DAS
25854,01,REM
25854,02,REM
25855,01,DAS
25855,02,DAS
25856,01,EDAS
25856,02,EDAS
25857,01,EDAS
25857,02,EDAS
25862,01,EDAS
25862,02,EDAS
25864,01,EDAS
25864,02,EDAS
25865,01,EDAS
25865,02,EDAS
25866,01,DAS
25866,02,EDAS
25868,01,EDAS
25868,02,EDAS
25870,01,EDAS
25870,02,EDAS
25873,01,DAS
25873,02,DAS
25875,01,EDAS
25875,02,EDAS
25876,01,EDAS
25876,02,EDAS
25878,01,DAS
25878,02,DAS
25879,01,EDAS
25879,02,EDAS
25880,01,EDAS
25880,02,EDAS
25882,01,EDAS
25882,02,EDAS
25901,01,DAS
25901,02,DAS
25902,01,REM
25902,02,REM
25904,01,EDAS
25904,02,EDAS
25907,01,EDAS
25907,02,EDAS
25908,01,REM
25908,02,REM
25909,01,DAS
25909,02,DAS
25911,01,DAS
25911,02,DAS
25913,01,EDAS
25913,02,EDAS
25915,01,EDAS
25915,02,EDAS
25917,01,EDAS
25917,02,EDAS
25918,01,EDAS
25918,02,EDAS
25920,01,EDAS
25920,02,EDAS
25922,01,EDAS
25922,02,EDAS
25928,01,EDAS
25928,02,EDAS
25932,01,EDAS
25932,02,EDAS
25936,01,DAS
25936,02,DAS
25938,01,REM
25938,02,REM
25942,01,REM
25942,02,REM
25951,01,EDAS
25951,02,EDAS
25958,01,EDAS
25958,02,EDAS
25962,01,EDAS
25962,02,EDAS
25965,01,DAS
25965,02,DAS
25966,01,EDAS
25966,02,EDAS
25967,01,EDAS
25967,02,EDAS
25969,01,EDAS
25969,02,EDAS
25971,01,EDAS
25971,02,EDAS
25972,01,DAS
25972,02,DAS
25976,01,EDAS
25976,02,EDAS
25977,01,EDAS
25977,02,EDAS
25978,01,EDAS
25978,02,EDAS
25979,01,EDAS
25979,02,EDAS
25981,01,REM
25981,02,REM
25984,01,EDAS
25984,02,EDAS
25985,01,EDAS
25985,02,EDAS
25986,01,DAS
25986,02,DAS
25988,01,EDAS
25988,02,EDAS
25989,01,EDAS
25989,02,EDAS
26030,01,DAS
26030,02,DAS
26031,01,DAS
26031,02,DAS
26032,01,EDAS
26032,02,EDAS
26033,01,EDAS
26033,02,EDAS
26034,01,EDAS
26034,02,EDAS
26035,01,DAS
26035,02,DAS
26036,01,EDAS
26036,02,EDAS
26037,01,DAS
26037,02,DAS
26039,01,REM
26039,02,REM
26041,01,DAS
26041,02,DAS
26047,01,EDAS
26047,02,EDAS
26050,01,DAS
26050,02,DAS
26055,01,REM
26055,02,REM
26056,01,EDAS
26056,02,EDAS
26058,01,DAS
26058,02,DAS
26060,01,DAS
26060,02,DAS
26062,01,DAS
26062,02,DAS
26070,01,EDAS
26070,02,EDAS
26075,01,DAS
26075,02,DAS
26104,01,DAS
26104,02,DAS
26120,01,DAS
26120,02,DAS
26121,01,EDAS
26121,02,EDAS
26133,01,REM
26133,02,REM
26134,01,DAS
26134,02,DAS
26135,01,EDAS
26135,02,EDAS
26136,01,EDAS
26136,02,EDAS
26137,01,EDAS
26137,02,EDAS
26138,01,EDAS
26138,02,EDAS
26141,01,REM
26141,02,REM
26142,01,EDAS
26142,02,EDAS
26143,01,EDAS
26143,02,EDAS
26146,01,EDAS
26146,02,EDAS
26147,01,EDAS
26147,02,EDAS
26148,01,EDAS
26148,02,EDAS
26149,01,EDAS
26149,02,EDAS
26150,01,DAS
26150,02,DAS
26151,01,REM
26151,02,REM
26152,01,REM
26152,02,REM
26155,01,DAS
26155,02,DAS
26159,01,DAS
26159,02,DAS
26160,01,REM
26160,02,REM
26161,01,REM
26161,02,REM
26162,01,REM
26162,02,REM
26164,01,DAS
26164,02,DAS
26167,01,REM
26167,02,REM
26169,01,REM
26169,02,REM
26170,01,EDAS
26170,02,EDAS
26173,01,EDAS
26173,02,EDAS
26175,01,EDAS
26175,02,EDAS
26178,01,REM
26178,02,REM
26180,01,EDAS
26180,02,EDAS
26181,01,DAS
26181,02,DAS
26184,01,REM
26184,02,REM
26186,01,EDAS
26186,02,EDAS
26187,01,DAS
26187,02,DAS
26201,01,DAS
26201,02,DAS
26202,01,EDAS
26202,02,EDAS
26203,01,REM
26203,02,REM
26205,01,EDAS
26205,02,EDAS
26206,01,REM
26206,02,REM
26208,01,EDAS
26208,02,EDAS
26209,01,EDAS
26209,02,EDAS
26210,01,EDAS
26210,02,EDAS
26215,01,REM
26215,02,REM
26217,01,REM
26217,02,REM
26218,01,REM
26218,02,REM
26222,01,REM
26222,02,REM
26224,01,REM
26224,02,REM
26228,01,REM
26228,02,REM
26229,01,EDAS
26229,02,EDAS
26230,01,REM
26230,02,REM
26234,01,REM
26234,02,REM
26236,01,EDAS
26236,02,EDAS
26237,01,REM
26237,02,REM
26238,01,EDAS
26238,02,EDAS
26241,01,DAS
26241,02,DAS
26250,01,EDAS
26250,02,EDAS
26253,01,EDAS
26253,02,EDAS
26254,01,REM
26254,02,REM
26257,01,EDAS
26257,02,EDAS
26259,01,DAS
26259,02,DAS
26260,01,EDAS
26260,02,EDAS
26261,01,EDAS
26261,02,EDAS
26263,01,EDAS
26263,02,EDAS
26264,01,REM
26264,02,REM
26266,01,EDAS
26266,02,EDAS
26267,01,EDAS
26267,02,EDAS
26268,01,REM
26268,02,REM
26269,01,EDAS
26269,02,EDAS
26270,01,REM
26270,02,REM
26271,01,EDAS
26271,02,EDAS
26273,01,REM
26273,02,REM
26275,01,DAS
26275,02,DAS
26276,01,EDAS
26276,02,EDAS
26278,01,EDAS
26278,02,EDAS
26280,01,EDAS
26280,02,EDAS
26282,01,REM
26282,02,REM
26283,01,EDAS
26283,02,EDAS
26285,01,EDAS
26285,02,EDAS
26287,01,EDAS
26287,02,EDAS
26288,01,REM
26288,02,REM
26289,01,EDAS
26289,02,EDAS
26291,01,EDAS
26291,02,EDAS
26292,01,DAS
26292,02,DAS
26293,01,EDAS
26293,02,EDAS
26294,01,REM
26294,02,REM
26296,01,REM
26296,02,REM
26298,01,EDAS
26298,02,EDAS
26320,01,REM
26320,02,REM
26321,01,REM
26321,02,REM
26325,01,REM
26325,02,REM
26327,01,EDAS
26327,02,EDAS
26328,01,EDAS
26328,02,EDAS
26332,01,EDAS
26332,02,EDAS
26334,01,EDAS
26334,02,EDAS
26335,01,REM
26335,02,REM
26337,01,EDAS
26337,02,EDAS
26338,01,REM
26338,02,REM
26339,01,REM
26339,02,REM
26342,01,REM
26342,02,REM
26343,01,REM
26343,02,REM
26346,01,DAS
26346,02,DAS
26347,01,DAS
26347,02,DAS
26348,01,EDAS
26348,02,EDAS
26351,01,REM
26351,02,REM
26354,01,EDAS
26354,02,EDAS
26361,01,EDAS
26361,02,EDAS
26362,01,REM
26362,02,REM
26366,01,DAS
26366,02,DAS
26369,01,DAS
26369,02,DAS
26372,01,REM
26372,02,REM
26374,01,EDAS
26374,02,EDAS
26375,01,EDAS
26375,02,EDAS
26376,01,EDAS
26376,02,EDAS
26377,01,EDAS
26377,02,EDAS
26378,01,DAS
26378,02,DAS
26384,01,REM
26384,02,REM
26385,01,EDAS
26385,02,EDAS
26386,01,DAS
26386,02,DAS
26404,01,DAS
26404,02,DAS
26405,01,EDAS
26405,02,EDAS
26408,01,EDAS
26408,02,EDAS
26410,01,REM
26410,02,REM
26411,01,REM
26411,02,REM
26412,01,REM
26412,02,REM
26415,01,EDAS
26415,02,EDAS
26416,01,EDAS
26416,02,EDAS
26419,01,REM
26419,02,REM
26421,01,REM
26421,02,REM
26422,02,DAS
26424,01,DAS
26424,02,DAS
26425,01,REM
26425,02,REM
26426,01,EDAS
26426,02,EDAS
26430,01,EDAS
26430,02,EDAS
26431,01,DAS
26431,02,DAS
26434,01,EDAS
26434,02,EDAS
26435,01,EDAS
26435,02,EDAS
26436,01,EDAS
26436,02,EDAS
26437,01,REM
26437,02,REM
26438,01,DAS
26438,02,DAS
26440,01,REM
26440,02,REM
26443,01,REM
26443,02,REM
26444,01,REM
26444,02,REM
26447,01,REM
26447,02,REM
26448,01,REM
26448,02,REM
26452,01,DAS
26452,02,DAS
26456,01,REM
26456,02,REM
26461,01,EDAS
26461,02,EDAS
26501,01,DAS
26501,02,DAS
26508,01,DAS
26508,02,DAS
26519,01,EDAS
26519,02,EDAS
26520,01,DAS
26520,02,DAS
26521,01,EDAS
26521,02,EDAS
26524,01,DAS
26524,02,DAS
26525,01,REM
26525,02,REM
26527,01,DAS
26527,02,DAS
26529,01,EDAS
26529,02,EDAS
26531,01,DAS
26531,02,DAS
26534,01,DAS
26534,02,DAS
26535,01,EDAS
26535,02,EDAS
26537,01,EDAS
26537,02,EDAS
26541,01,EDAS
26541,02,EDAS
26542,01,DAS
26542,02,DAS
26543,01,DAS
26543,02,DAS
26544,01,DAS
26544,02,DAS
26546,01,EDAS
26546,02,EDAS
26547,01,DAS
26547,02,DAS
26554,01,DAS
26554,02,DAS
26559,01,EDAS
26559,02,EDAS
26560,01,DAS
26560,02,DAS
26561,01,EDAS
26561,02,EDAS
26562,01,REM
26562,02,REM
26563,01,EDAS
26563,02,EDAS
26566,01,DAS
26566,02,DAS
26568,01,DAS
26568,02,DAS
26570,01,EDAS
26570,02,EDAS
26571,01,EDAS
26571,02,EDAS
26572,01,EDAS
26572,02,EDAS
26574,01,DAS
26574,02,DAS
26575,01,EDAS
26575,02,EDAS
26576,01,DAS
26576,02,DAS
26581,01,REM
26581,02,REM
26582,01,REM
26582,02,REM
26585,01,REM
26585,02,REM
26586,01,DAS
26586,02,EDAS
26587,01,DAS
26587,02,DAS
26588,01,DAS
26588,02,DAS
26589,01,EDAS
26589,02,EDAS
26590,01,EDAS
26590,02,EDAS
26591,01,DAS
26591,02,DAS
26601,01,REM
26601,02,REM
26610,01,REM
26610,02,REM
26611,01,REM
26611,02,REM
26615,01,REM
26615,02,REM
26617,01,REM
26617,02,REM
26619,01,REM
26619,02,REM
26621,01,REM
26621,02,REM
26623,01,REM
26623,02,REM
26624,01,EDAS
26624,02,EDAS
26627,01,REM
26627,02,REM
26629,01,EDAS
26629,02,EDAS
26631,01,REM
26631,02,REM
26634,01,EDAS
26634,02,EDAS
26636,01,REM
26636,02,REM
26638,01,REM
26638,02,REM
26639,01,EDAS
26639,02,EDAS
26641,01,EDAS
26641,02,EDAS
26651,01,EDAS
26651,02,EDAS
26656,01,EDAS
26656,02,EDAS
26660,01,EDAS
26660,02,EDAS
26662,01,EDAS
26662,02,EDAS
26667,01,DAS
26667,02,DAS
26671,01,REM
26671,02,REM
26674,01,EDAS
26674,02,EDAS
26675,01,EDAS
26675,02,EDAS
26676,01,EDAS
26676,02,EDAS
26678,01,EDAS
26678,02,EDAS
26679,01,REM
26679,02,REM
26680,01,REM
26680,02,REM
26681,01,EDAS
26681,02,EDAS
26684,01,EDAS
26684,02,EDAS
26690,01,EDAS
26690,02,EDAS
26691,01,EDAS
26691,02,EDAS
26704,01,EDAS
26704,02,EDAS
26705,01,REM
26705,02,REM
26707,01,REM
26707,02,REM
26710,01,EDAS
26710,02,EDAS
26711,01,EDAS
26711,02,EDAS
26714,01,REM
26714,02,REM
26716,01,REM
26716,02,REM
26717,01,REM
26717,02,REM
26719,01,DAS
26719,02,DAS
26720,01,REM
26720,02,REM
26722,01,REM
26722,02,REM
26726,01,DAS
26726,02,DAS
26731,01,REM
26731,02,REM
26734,01,EDAS
26734,02,EDAS
26739,01,REM
26739,02,REM
26743,01,EDAS
26743,02,EDAS
26750,01,DAS
26750,02,DAS
26753,01,DAS
26753,02,DAS
26755,01,REM
26755,02,REM
26757,01,EDAS
26757,02,EDAS
26761,01,EDAS
26761,02,EDAS
26763,01,EDAS
26763,02,EDAS
26764,01,REM
26764,02,REM
26767,01,DAS
26767,02,DAS
26801,01,REM
26801,02,REM
26802,01,EDAS
26802,02,EDAS
26804,01,REM
26804,02,REM
26807,01,REM
26807,02,REM
26808,01,EDAS
26808,02,EDAS
26810,01,EDAS
26810,02,EDAS
26812,01,REM
26812,02,REM
26814,01,REM
26814,02,REM
26815,01,REM
26815,02,REM
26817,01,EDAS
26817,02,EDAS
26818,01,REM
26818,02,REM
26823,01,REM
26823,02,REM
26824,01,EDAS
26824,02,EDAS
26833,01,EDAS
26833,02,EDAS
26836,01,EDAS
26836,02,EDAS
26838,01,REM
26838,02,REM
26845,01,EDAS
26845,02,EDAS
26847,01,DAS
26847,02,DAS
26851,01,REM
26851,02,REM
26852,01,REM
26852,02,REM
26855,01,DAS
26855,02,DAS
26865,01,REM
26865,02,REM
26866,01,REM
26866,02,REM
26884,01,REM
26884,02,REM
26886,01,EDAS
26886,02,EDAS
27006,01,DAS
27006,02,DAS
27007,01,EDAS
27007,02,EDAS
27009,01,DAS
27009,02,DAS
27011,01,EDAS
27011,02,EDAS
27013,01,EDAS
27013,02,EDAS
27016,01,REM
27016,02,REM
27017,01,EDAS
27017,02,EDAS
27018,01,DAS
27018,02,DAS
27019,01,DAS
27019,02,DAS
27020,01,EDAS
27020,02,EDAS
27021,01,DAS
27021,02,DAS
27022,01,EDAS
27022,02,EDAS
27024,01,EDAS
27024,02,EDAS
27025,01,EDAS
27025,02,DAS
27027,01,EDAS
27027,02,EDAS
27028,01,DAS
27028,02,DAS
27030,01,DAS
27030,02,DAS
27040,01,DAS
27041,01,DAS
27041,02,DAS
27042,01,DAS
27042,02,DAS
27043,01,DAS
27043,02,DAS
27045,01,DAS
27045,02,DAS
27046,01,EDAS
27046,02,EDAS
27047,01,EDAS
27047,02,EDAS
27048,01,EDAS
27048,02,EDAS
27049,01,DAS
27049,02,DAS
27050,01,DAS
27050,02,DAS
27052,01,EDAS
27052,02,EDAS
27053,01,EDAS
27053,02,EDAS
27054,01,EDAS
27054,02,EDAS
27055,01,DAS
27055,02,DAS
27099,01,DAS
27099,02,DAS
27202,01,DAS
27202,02,DAS
27205,01,DAS
27205,02,DAS
27207,01,EDAS
27207,02,EDAS
27208,01,EDAS
27208,02,EDAS
27209,01,DAS
27209,02,DAS
27212,01,EDAS
27212,02,EDAS
27213,01,EDAS
27213,02,EDAS
27214,01,DAS
27214,02,DAS
27217,01,DAS
27217,02,DAS
27228,01,DAS
27228,02,DAS
27229,01,EDAS
27229,02,EDAS
27231,01,EDAS
27231,02,EDAS
27233,01,DAS
27233,02,DAS
27239,01,EDAS
27239,02,EDAS
27242,01,EDAS
27242,02,EDAS
27243,01,EDAS
27243,02,EDAS
27244,01,DAS
27244,02,DAS
27247,01,EDAS
27247,02,EDAS
27248,01,DAS
27248,02,DAS
27249,01,DAS
27249,02,DAS
27252,01,EDAS
27252,02,EDAS
27253,01,DAS
27253,02,DAS
27256,01,DAS
27256,02,DAS
27258,01,DAS
27258,02,DAS
27259,01,DAS
27259,02,DAS
27278,01,DAS
27278,02,DAS
27281,01,EDAS
27281,02,EDAS
27283,01,DAS
27283,02,DAS
27288,01,DAS
27288,02,DAS
27289,01,DAS
27289,02,DAS
27291,01,REM
27291,02,REM
27292,01,DAS
27292,02,DAS
27293,01,DAS
27293,02,DAS
27294,01,DAS
27294,02,DAS
27295,01,DAS
27295,02,DAS
27298,01,DAS
27298,02,DAS
27299,01,EDAS
27299,02,EDAS
27305,01,EDAS
27305,02,EDAS
27306,01,REM
27306,02,REM
27310,01,DAS
27311,01,EDAS
27311,02,EDAS
27312,01,DAS
27312,02,DAS
27313,01,DAS
27313,02,DAS
27314,01,REM
27314,02,REM
27315,01,EDAS
27315,02,EDAS
27316,01,EDAS
27316,02,EDAS
27317,01,DAS
27317,02,DAS
27320,01,DAS
27320,02,DAS
27321,01,DAS
27321,02,DAS
27323,01,DAS
27323,02,DAS
27325,01,EDAS
27325,02,EDAS
27326,01,EDAS
27326,02,EDAS
27330,01,DAS
27330,02,DAS
27331,01,DAS
27331,02,DAS
27332,01,DAS
27340,01,EDAS
27340,02,EDAS
27341,01,REM
27341,02,REM
27343,01,REM
27343,02,REM
27344,01,EDAS
27344,02,EDAS
27349,01,EDAS
27349,02,EDAS
27350,01,DAS
27350,02,DAS
27351,01,DAS
27351,02,DAS
27355,01,EDAS
27355,02,EDAS
27356,01,EDAS
27356,02,EDAS
27357,01,DAS
27357,02,DAS
27358,01,DAS
27358,02,DAS
27359,01,DAS
27359,02,DAS
27370,01,DAS
27370,02,DAS
27371,01,EDAS
27371,02,EDAS
27375,01,DAS
27375,02,DAS
27376,01,DAS
27376,02,DAS
27379,01,EDAS
27379,02,EDAS
27501,01,DAS
27501,02,DAS
27503,01,DAS
27503,02,DAS
27504,01,DAS
27504,02,DAS
27505,01,EDAS
27505,02,EDAS
27506,01,EDAS
27506,02,EDAS
27507,01,EDAS
27507,02,EDAS
27508,01,DAS
27508,02,DAS
27521,01,EDAS
27521,02,EDAS
27522,01,DAS
27522,02,DAS
27524,01,EDAS
27524,02,EDAS
27525,01,DAS
27525,02,DAS
27527,01,DAS
27527,02,DAS
27530,01,DAS
27530,02,DAS
27533,01,DAS
27533,02,DAS
27536,01,DAS
27536,02,DAS
27537,01,DAS
27537,02,DAS
27541,01,EDAS
27541,02,EDAS
27542,01,DAS
27542,02,DAS
27544,01,EDAS
27544,02,EDAS
27546,01,DAS
27546,02,DAS
27549,01,EDAS
27549,02,EDAS
27551,01,EDAS
27551,02,EDAS
27553,01,EDAS
27553,02,EDAS
27555,01,DAS
27555,02,DAS
27556,01,DAS
27556,02,DAS
27557,01,EDAS
27557,02,EDAS
27559,01,EDAS
27559,02,EDAS
27562,01,DAS
27562,02,DAS
27563,01,EDAS
27563,02,EDAS
27565,01,EDAS
27565,02,EDAS
27568,01,DAS
27568,02,DAS
27569,01,EDAS
27569,02,EDAS
27570,01,EDAS
27570,02,EDAS
27572,01,EDAS
27572,02,EDAS
27573,01,DAS
27573,02,DAS
27574,01,EDAS
27574,02,EDAS
27576,01,DAS
27576,02,DAS
27581,01,DAS
27581,02,DAS
27582,01,EDAS
27582,02,EDAS
27583,01,EDAS
27583,02,EDAS
27584,01,DAS
27584,02,DAS
27586,01,DAS
27586,02,DAS
27589,01,EDAS
27589,02,EDAS
27591,01,DAS
27591,02,DAS
27592,01,DAS
27592,02,DAS
27593,01,DAS
27593,02,DAS
27594,01,DAS
27594,02,DAS
27596,01,DAS
27596,02,DAS
27597,01,DAS
27597,02,DAS
27801,01,DAS
27801,02,DAS
27802,01,DAS
27802,02,DAS
27803,01,DAS
27803,02,DAS
27805,01,EDAS
27805,02,EDAS
27806,01,EDAS
27806,02,EDAS
27807,01,DAS
27807,02,DAS
27808,01,REM
27808,02,REM
27809,01,DAS
27809,02,DAS
27810,01,EDAS
27810,02,EDAS
27812,01,EDAS
27812,02,EDAS
27813,01,DAS
27813,02,DAS
27814,01,EDAS
27814,02,EDAS
27816,01,EDAS
27816,02,EDAS
27817,01,EDAS
27817,02,EDAS
27818,01,EDAS
27818,02,EDAS
27819,02,DAS
27820,01,EDAS
27820,02,EDAS
27821,01,EDAS
27821,02,EDAS
27822,01,EDAS
27822,02,EDAS
27823,01,DAS
27823,02,DAS
27824,01,EDAS
27824,02,EDAS
27825,02,DAS
27826,01,EDAS
27826,02,EDAS
27828,01,DAS
27828,02,DAS
27829,01,EDAS
27829,02,EDAS
27830,01,EDAS
27830,02,EDAS
27831,01,EDAS
27831,02,EDAS
27832,01,EDAS
27832,02,EDAS
27837,01,DAS
27837,02,DAS
27839,01,EDAS
27839,02,EDAS
27840,01,EDAS
27840,02,EDAS
27841,01,DAS
27841,02,DAS
27842,01,EDAS
27842,02,EDAS
27843,01,EDAS
27843,02,EDAS
27844,01,EDAS
27844,02,EDAS
27845,01,REM
27845,02,REM
27846,01,REM
27846,02,REM
27847,01,EDAS
27847,02,EDAS
27849,01,EDAS
27849,02,EDAS
27850,01,EDAS
27850,02,EDAS
27851,01,EDAS
27851,02,EDAS
27852,01,EDAS
27852,02,EDAS
27853,01,EDAS
27853,02,EDAS
27855,01,DAS
27855,02,DAS
27856,01,DAS
27856,02,DAS
27857,01,EDAS
27857,02,EDAS
27860,01,EDAS
27860,02,EDAS
27861,01,EDAS
27861,02,EDAS
27862,01,EDAS
27862,02,EDAS
27863,01,DAS
27863,02,DAS
27864,01,DAS
27864,02,DAS
27865,01,REM
27865,02,REM
27866,01,REM
27866,02,REM
27867,01,DAS
27867,02,DAS
27868,01,DAS
27868,02,DAS
27869,01,EDAS
27869,02,EDAS
27870,01,DAS
27870,02,DAS
27871,01,EDAS
27871,02,EDAS
27872,01,EDAS
27872,02,EDAS
27873,01,EDAS
27873,02,EDAS
27874,01,EDAS
27874,02,EDAS
27875,01,EDAS
27875,02,EDAS
27876,01,EDAS
27876,02,EDAS
27877,01,EDAS
27877,02,EDAS
27878,01,EDAS
27878,02,EDAS
27880,01,DAS
27880,02,DAS
27881,01,DAS
27881,02,DAS
27882,01,EDAS
27882,02,EDAS
27883,01,EDAS
27883,02,EDAS
27884,01,EDAS
27884,02,EDAS
27885,01,EDAS
27885,02,EDAS
27886,01,DAS
27886,02,DAS
27887,01,EDAS
27887,02,EDAS
27888,01,EDAS
27888,02,EDAS
27889,01,DAS
27889,02,DAS
27890,01,EDAS
27890,02,EDAS
27891,01,DAS
27891,02,DAS
27892,01,DAS
27892,02,DAS
27897,01,EDAS
27897,02,EDAS
27906,01,DAS
27906,02,DAS
27909,01,DAS
27909,02,DAS
27910,01,DAS
27910,02,DAS
27915,01,EDAS
27915,02,EDAS
27916,01,DAS
27916,02,DAS
27917,01,DAS
27917,02,DAS
27919,01,EDAS
27919,02,EDAS
27920,01,EDAS
27920,02,EDAS
27921,01,EDAS
27921,02,EDAS
27922,01,EDAS
27922,02,EDAS
27923,01,EDAS
27923,02,EDAS
27924,01,EDAS
27924,02,EDAS
27925,01,EDAS
27925,02,EDAS
27926,01,EDAS
27926,02,EDAS
27927,01,EDAS
27927,02,EDAS
27928,01,EDAS
27928,02,EDAS
27929,01,DAS
27929,02,DAS
27930,01,DAS
27930,02,DAS
27932,01,DAS
27932,02,DAS
27935,01,EDAS
27935,02,EDAS
27936,01,REM
27936,02,REM
27937,01,EDAS
27937,02,EDAS
27938,01,EDAS
27938,02,EDAS
27939,01,DAS
27939,02,DAS
27941,01,DAS
27941,02,DAS
27942,01,EDAS
27942,02,EDAS
27943,01,EDAS
27943,02,EDAS
27944,01,DAS
27944,02,DAS
27946,01,EDAS
27946,02,EDAS
27947,01,DAS
27947,02,DAS
27948,01,DAS
27948,02,DAS
27949,01,EDAS
27949,02,EDAS
27950,01,EDAS
27950,02,EDAS
27953,01,EDAS
27953,02,EDAS
27954,01,EDAS
27954,02,EDAS
27956,01,EDAS
27956,02,EDAS
27957,01,EDAS
27957,02,EDAS
27958,01,DAS
27958,02,DAS
27959,01,EDAS
27959,02,EDAS
27960,01,EDAS
27960,02,EDAS
27962,01,EDAS
27962,02,EDAS
27964,01,DAS
27964,02,DAS
27965,01,EDAS
27965,02,EDAS
27966,01,DAS
27966,02,DAS
27967,01,DAS
27967,02,EDAS
27968,01,EDAS
27968,02,EDAS
27969,01,EDAS
27969,02,EDAS
27970,01,EDAS
27970,02,EDAS
27972,01,EDAS
27972,02,EDAS
27973,01,EDAS
27973,02,EDAS
27974,01,EDAS
27974,02,EDAS
27976,01,EDAS
27976,02,EDAS
27978,01,EDAS
27978,02,EDAS
27979,01,EDAS
27979,02,EDAS
27980,01,REM
27980,02,REM
27981,01,DAS
27981,02,DAS
27982,01,DAS
27982,02,DAS
27983,01,EDAS
27983,02,EDAS
27985,01,EDAS
27985,02,EDAS
27986,01,DAS
27986,02,DAS
28001,01,DAS
28001,02,DAS
28002,01,DAS
28002,02,DAS
28006,01,EDAS
28006,02,EDAS
28007,01,EDAS
28007,02,EDAS
28009,01,DAS
28009,02,DAS
28010,01,EDAS
28010,02,EDAS
28016,01,DAS
28016,02,DAS
28017,01,DAS
28017,02,DAS
28018,01,EDAS
28018,02,EDAS
28020,01,EDAS
28020,02,EDAS
28021,01,DAS
28021,02,DAS
28023,01,DAS
28023,02,DAS
28024,01,DAS
28024,02,DAS
28025,01,DAS
28033,01,DAS
28033,02,DAS
28034,01,DAS
28034,02,DAS
28036,01,DAS
28039,01,DAS
28039,02,DAS
28040,01,DAS
28040,02,DAS
28042,01,EDAS
28042,02,EDAS
28043,01,DAS
28043,02,DAS
28071,01,EDAS
28071,02,EDAS
28073,01,DAS
28073,02,DAS
28074,01,EDAS
28074,02,EDAS
28076,01,EDAS
28076,02,EDAS
28077,01,DAS
28077,02,DAS
28080,01,EDAS
28080,02,EDAS
28086,01,DAS
28086,02,DAS
28090,01,EDAS
28090,02,EDAS
28091,01,EDAS
28091,02,EDAS
28092,01,DAS
28092,02,DAS
28097,01,DAS
28097,02,DAS
28102,01,REM
28102,02,REM
28103,01,EDAS
28103,02,EDAS
28107,01,DAS
28107,02,DAS
28108,01,DAS
28108,02,DAS
28109,01,EDAS
28109,02,EDAS
28111,01,DAS
28111,02,DAS
28112,01,DAS
28112,02,DAS
28114,01,EDAS
28114,02,EDAS
28115,01,DAS
28115,02,DAS
28119,01,REM
28119,02,EDAS
28123,01,DAS
28123,02,DAS
28124,01,DAS
28124,02,DAS
28125,01,EDAS
28125,02,EDAS
28127,01,EDAS
28127,02,EDAS
28128,01,EDAS
28128,02,EDAS
28129,01,EDAS
28129,02,EDAS
28133,01,EDAS
28133,02,EDAS
28135,01,EDAS
28135,02,EDAS
28136,01,DAS
28136,02,DAS
28137,01,REM
28137,02,REM
28138,01,DAS
28138,02,DAS
28139,01,EDAS
28139,02,EDAS
28150,01,DAS
28150,02,DAS
28151,01,DAS
28151,02,DAS
28152,01,DAS
28152,02,DAS
28160,01,DAS
28160,02,DAS
28163,01,EDAS
28163,02,EDAS
28164,01,DAS
28164,02,DAS
28166,01,DAS
28166,02,DAS
28167,01,EDAS
28167,02,EDAS
28168,01,EDAS
28168,02,EDAS
28169,01,DAS
28169,02,DAS
28170,01,EDAS
28170,02,EDAS
28174,01,DAS
28174,02,DAS
28311,01,DAS
28312,01,DAS
28312,02,DAS
28315,01,EDAS
28315,02,EDAS
28318,01,EDAS
28318,02,EDAS
28319,01,EDAS
28319,02,EDAS
28320,01,EDAS
28320,02,EDAS
28323,01,EDAS
28323,02,EDAS
28325,01,EDAS
28325,02,EDAS
28326,01,DAS
28326,02,DAS
28327,01,DAS
28327,02,DAS
28328,01,DAS
28328,02,DAS
28329,01,DAS
28329,02,DAS
28330,01,DAS
28330,02,DAS
28332,01,EDAS
28332,02,EDAS
28333,01,DAS
28333,02,DAS
28334,01,DAS
28334,02,DAS
28335,01,DAS
28335,02,DAS
28337,01,EDAS
28337,02,EDAS
28338,01,EDAS
28338,02,EDAS
28339,01,DAS
28339,02,DAS
28340,01,EDAS
28340,02,EDAS
28341,01,EDAS
28341,02,EDAS
28342,01,EDAS
28342,02,EDAS
28343,01,DAS
28343,02,DAS
28344,01,EDAS
28344,02,EDAS
28345,01,DAS
28345,02,DAS
28347,01,EDAS
28347,02,EDAS
28349,01,DAS
28349,02,DAS
28350,01,EDAS
28350,02,EDAS
28351,01,EDAS
28351,02,EDAS
28352,01,DAS
28352,02,DAS
28355,01,DAS
28355,02,DAS
28356,01,DAS
28356,02,DAS
28357,01,DAS
28357,02,DAS
28360,01,DAS
28360,02,DAS
28361,01,EDAS
28361,02,EDAS
28362,01,EDAS
28362,02,EDAS
28363,01,EDAS
28363,02,EDAS
28364,01,DAS
28364,02,DAS
28365,01,EDAS
28365,02,EDAS
28366,01,EDAS
28366,02,EDAS
28367,01,EDAS
28367,02,EDAS
28368,01,DAS
28368,02,DAS
28369,01,EDAS
28369,02,EDAS
28371,01,DAS
28371,02,DAS
28372,01,DAS
28372,02,DAS
28373,01,DAS
28373,02,DAS
28375,01,DAS
28375,02,DAS
28376,01,DAS
28376,02,DAS
28377,01,EDAS
28377,02,EDAS
28379,01,DAS
28379,02,DAS
28380,01,DAS
28380,02,DAS
28382,01,EDAS
28382,02,EDAS
28383,01,EDAS
28383,02,EDAS
28384,01,DAS
28384,02,DAS
28385,01,EDAS
28385,02,EDAS
28386,01,EDAS
28386,02,EDAS
28390,01,DAS
28391,01,DAS
28391,02,DAS
28392,01,DAS
28392,02,DAS
28393,01,EDAS
28393,02,EDAS
28394,01,DAS
28394,02,DAS
28395,01,EDAS
28395,02,EDAS
28396,01,EDAS
28396,02,EDAS
28398,01,EDAS
28398,02,EDAS
28399,01,EDAS
28399,02,EDAS
28403,01,DAS
28403,02,DAS
28409,01,DAS
28409,02,DAS
28420,01,EDAS
28420,02,EDAS
28421,01,EDAS
28421,02,EDAS
28422,01,DAS
28422,02,DAS
28423,01,EDAS
28423,02,EDAS
28424,01,DAS
28424,02,EDAS
28425,01,DAS
28425,02,DAS
28428,02,DAS
28429,02,DAS
28430,01,EDAS
28430,02,EDAS
28431,01,EDAS
28431,02,EDAS
28432,01,EDAS
28432,02,EDAS
28433,01,EDAS
28433,02,EDAS
28434,01,EDAS
28434,02,EDAS
28435,01,EDAS
28435,02,EDAS
28436,01,EDAS
28436,02,EDAS
28438,01,EDAS
28438,02,EDAS
28439,01,EDAS
28439,02,EDAS
28441,01,EDAS
28441,02,EDAS
28442,01,EDAS
28442,02,EDAS
28443,01,DAS
28443,02,DAS
28444,01,EDAS
28444,02,EDAS
28445,01,DAS
28445,02,DAS
28447,01,EDAS
28447,02,EDAS
28448,01,EDAS
28448,02,EDAS
28450,01,EDAS
28450,02,EDAS
28451,01,DAS
28451,02,DAS
28452,01,EDAS
28452,02,EDAS
28453,01,EDAS
28453,02,EDAS
28454,01,EDAS
28454,02,EDAS
28455,01,EDAS
28455,02,EDAS
28456,01,EDAS
28456,02,EDAS
28457,01,DAS
28457,02,DAS
28458,01,EDAS
28458,02,EDAS
28459,01,EDAS
28459,02,EDAS
28460,01,DAS
28460,02,DAS
28461,01,EDAS
28461,02,EDAS
28462,01,EDAS
28462,02,EDAS
28463,01,EDAS
28463,02,EDAS
28464,01,EDAS
28464,02,EDAS
28465,01,DAS
28465,02,DAS
28466,01,EDAS
28466,02,EDAS
28467,01,DAS
28467,02,DAS
28468,01,EDAS
28468,02,EDAS
28469,01,EDAS
28469,02,EDAS
28470,01,EDAS
28470,02,EDAS
28472,01,DAS
28472,02,DAS
28478,01,EDAS
28478,02,EDAS
28479,01,DAS
28479,02,DAS
28501,01,EDAS
28501,02,EDAS
28502,01,DAS
28502,02,DAS
28503,01,DAS
28503,02,DAS
28504,01,EDAS
28504,02,EDAS
28508,01,EDAS
28508,02,EDAS
28509,01,REM
28509,02,REM
28510,01,REM
28510,02,REM
28511,01,EDAS
28511,02,EDAS
28512,01,EDAS
28512,02,EDAS
28513,01,DAS
28513,02,DAS
28515,01,EDAS
28515,02,EDAS
28516,01,EDAS
28516,02,EDAS
28518,01,REM
28518,02,REM
28519,01,DAS
28519,02,DAS
28520,01,EDAS
28520,02,EDAS
28521,01,EDAS
28521,02,EDAS
28522,01,DAS
28522,02,DAS
28523,01,EDAS
28523,02,EDAS
28524,01,EDAS
28524,02,EDAS
28525,01,EDAS
28525,02,EDAS
28526,01,EDAS
28526,02,EDAS
28527,01,EDAS
28527,02,EDAS
28528,01,EDAS
28528,02,EDAS
28529,01,DAS
28529,02,DAS
28530,01,DAS
28530,02,DAS
28531,01,REM
28531,02,REM
28532,01,DAS
28532,02,DAS
28533,02,DAS
28537,01,EDAS
28537,02,EDAS
28538,01,EDAS
28538,02,EDAS
28539,01,EDAS
28539,02,EDAS
28540,01,DAS
28540,02,DAS
28544,01,DAS
28544,02,DAS
28545,02,DAS
28547,02,DAS
28551,01,DAS
28551,02,DAS
28552,01,EDAS
28552,02,EDAS
28553,01,EDAS
28553,02,EDAS
28554,01,EDAS
28554,02,EDAS
28555,01,EDAS
28555,02,EDAS
28556,01,REM
28556,02,REM
28557,01,EDAS
28557,02,EDAS
28560,01,DAS
28560,02,DAS
28562,01,DAS
28562,02,DAS
28570,01,EDAS
28570,02,EDAS
28571,01,EDAS
28571,02,EDAS
28572,01,EDAS
28572,02,EDAS
28573,01,EDAS
28573,02,EDAS
28574,01,EDAS
28574,02,EDAS
28577,01,DAS
28577,02,DAS
28578,01,EDAS
28578,02,EDAS
28579,01,EDAS
28579,02,EDAS
28580,01,EDAS
28580,02,EDAS
28581,01,EDAS
28581,02,EDAS
28582,01,DAS
28582,02,DAS
28583,01,DAS
28583,02,DAS
28584,01,EDAS
28584,02,EDAS
28585,01,EDAS
28585,02,EDAS
28586,01,EDAS
28586,02,EDAS
28587,01,EDAS
28587,02,EDAS
28589,01,DAS
28589,02,DAS
28594,01,EDAS
28594,02,EDAS
28604,01,EDAS
28604,02,EDAS
28605,01,DAS
28605,02,DAS
28606,01,REM
28606,02,REM
28607,01,EDAS
28607,02,DAS
28609,01,DAS
28609,02,DAS
28611,01,REM
28611,02,REM
28612,01,DAS
28612,02,DAS
28615,01,REM
28615,02,REM
28616,01,REM
28616,02,REM
28617,01,REM
28617,02,REM
28618,01,EDAS
28618,02,EDAS
28619,01,DAS
28619,02,DAS
28621,01,DAS
28621,02,DAS
28622,01,EDAS
28622,02,EDAS
28623,01,EDAS
28623,02,EDAS
28624,01,EDAS
28624,02,EDAS
28625,01,DAS
28625,02,DAS
28626,01,EDAS
28626,02,EDAS
28627,01,EDAS
28627,02,EDAS
28628,01,DAS
28628,02,DAS
28629,01,REM
28629,02,REM
28630,01,DAS
28630,02,DAS
28631,01,REM
28631,02,REM
28634,01,EDAS
28634,02,EDAS
28635,01,REM
28635,02,REM
28636,01,EDAS
28636,02,EDAS
28638,01,DAS
28638,02,DAS
28640,01,EDAS
28640,02,EDAS
28641,01,REM
28641,02,REM
28642,01,DAS
28642,02,DAS
28643,01,REM
28643,02,REM
28644,01,REM
28644,02,REM
28645,01,DAS
28645,02,DAS
28646,01,EDAS
28646,02,EDAS
28647,01,REM
28647,02,REM
28649,01,REM
28649,02,REM
28650,01,DAS
28650,02,DAS
28651,01,EDAS
28651,02,EDAS
28652,01,DAS
28652,02,DAS
28653,01,REM
28653,02,REM
28654,01,EDAS
28654,02,EDAS
28655,01,DAS
28655,02,DAS
28656,01,DAS
28656,02,DAS
28657,01,REM
28657,02,REM
28659,01,DAS
28659,02,DAS
28660,01,EDAS
28660,02,EDAS
28661,01,DAS
28661,02,DAS
28662,01,REM
28662,02,REM
28663,01,EDAS
28663,02,EDAS
28664,01,EDAS
28664,02,EDAS
28665,01,EDAS
28665,02,EDAS
28666,01,DAS
28666,02,DAS
28668,01,DAS
28668,02,DAS
28669,01,EDAS
28669,02,EDAS
28670,01,EDAS
28670,02,EDAS
28671,01,DAS
28671,02,DAS
28672,01,EDAS
28672,02,EDAS
28673,01,EDAS
28673,02,DAS
28675,01,EDAS
28675,02,EDAS
28676,01,EDAS
28676,02,EDAS
28678,01,DAS
28678,02,DAS
28679,01,REM
28679,02,REM
28680,01,DAS
28680,02,DAS
28681,01,EDAS
28681,02,DAS
28682,01,DAS
28682,02,DAS
28683,01,EDAS
28683,02,EDAS
28684,01,REM
28684,02,REM
28685,01,EDAS
28685,02,EDAS
28688,01,DAS
28688,02,DAS
28689,01,EDAS
28689,02,EDAS
28691,02,DAS
28692,01,REM
28692,02,REM
28693,01,REM
28693,02,REM
28694,01,EDAS
28694,02,DAS
28697,01,DAS
28697,02,DAS
28698,01,REM
28698,02,REM
28701,01,DAS
28701,02,DAS
28702,01,EDAS
28702,02,EDAS
28705,01,REM
28705,02,REM
28707,01,REM
28707,02,REM
28708,01,EDAS
28708,02,EDAS
28709,01,EDAS
28709,02,EDAS
28710,01,EDAS
28710,02,EDAS
28711,01,DAS
28711,02,DAS
28712,01,EDAS
28712,02,EDAS
28713,01,EDAS
28713,02,EDAS
28714,01,REM
28714,02,REM
28715,01,DAS
28715,02,DAS
28716,01,DAS
28716,02,DAS
28717,01,DAS
28717,02,DAS
28718,01,REM
28718,02,EDAS
28719,01,DAS
28719,02,DAS
28720,01,DAS
28720,02,DAS
28721,01,DAS
28721,02,DAS
28722,01,EDAS
28722,02,EDAS
28723,01,EDAS
28723,02,DAS
28725,01,DAS
28725,02,DAS
28729,01,DAS
28729,02,DAS
28730,01,EDAS
28730,02,EDAS
28731,01,DAS
28731,02,DAS
28733,01,DAS
28733,02,DAS
28734,01,DAS
28734,02,DAS
28735,01,DAS
28735,02,DAS
28736,01,EDAS
28736,02,EDAS
28739,01,EDAS
28739,02,EDAS
28740,01,EDAS
28740,02,EDAS
28741,01,DAS
28741,02,DAS
28742,01,DAS
28742,02,DAS
28743,01,EDAS
28743,02,EDAS
28744,01,DAS
28744,02,DAS
28745,01,DAS
28745,02,DAS
28746,01,EDAS
28746,02,EDAS
28747,01,EDAS
28747,02,EDAS
28748,01,EDAS
28748,02,EDAS
28749,01,REM
28749,02,EDAS
28751,01,EDAS
28751,02,EDAS
28752,01,DAS
28752,02,DAS
28753,01,REM
28753,02,REM
28754,01,EDAS
28754,02,EDAS
28755,01,EDAS
28755,02,EDAS
28756,01,REM
28756,02,REM
28757,01,DAS
28757,02,DAS
28759,01,DAS
28759,02,DAS
28760,01,DAS
28760,02,DAS
28761,01,EDAS
28761,02,EDAS
28762,01,EDAS
28762,02,EDAS
28763,01,EDAS
28763,02,EDAS
28765,01,EDAS
28765,02,EDAS
28766,01,DAS
28766,02,DAS
28768,01,EDAS
28768,02,EDAS
28770,01,DAS
28770,02,DAS
28771,01,EDAS
28771,02,EDAS
28772,01,REM
28772,02,REM
28773,01,REM
28773,02,REM
28774,01,EDAS
28774,02,EDAS
28775,01,EDAS
28775,02,EDAS
28777,01,EDAS
28777,02,EDAS
28778,01,DAS
28778,02,DAS
28779,01,DAS
28779,02,DAS
28781,01,REM
28781,02,REM
28782,01,EDAS
28782,02,EDAS
28783,01,REM
28783,02,REM
28784,01,EDAS
28784,02,EDAS
28785,01,EDAS
28785,02,EDAS
28786,01,DAS
28786,02,DAS
28787,01,DAS
28787,02,DAS
28788,01,DAS
28788,02,DAS
28789,01,EDAS
28789,02,EDAS
28790,01,REM
28790,02,REM
28792,01,DAS
28792,02,DAS
28804,01,DAS
28804,02,DAS
28901,01,DAS
28901,02,DAS
28902,01,REM
28902,02,REM
28903,01,DAS
28903,02,DAS
28904,01,EDAS
28904,02,EDAS
28905,01,EDAS
28905,02,EDAS
28906,01,EDAS
28906,02,EDAS
28909,01,EDAS
28909,02,EDAS
29001,01,EDAS
29001,02,EDAS
29003,01,EDAS
29003,02,EDAS
29006,01,DAS
29006,02,DAS
29009,01,EDAS
29009,02,EDAS
29010,01,EDAS
29010,02,EDAS
29014,01,EDAS
29014,02,EDAS
29015,01,EDAS
29015,02,EDAS
29018,01,EDAS
29018,02,EDAS
29020,01,DAS
29020,02,DAS
29021,01,DAS
29021,02,DAS
29030,01,EDAS
29030,02,EDAS
29031,01,REM
29031,02,REM
29032,01,EDAS
29032,02,EDAS
29036,01,DAS
29037,01,EDAS
29037,02,EDAS
29038,01,EDAS
29038,02,EDAS
29039,01,EDAS
29039,02,EDAS
29040,01,EDAS
29040,02,EDAS
29041,01,EDAS
29041,02,EDAS
29042,01,EDAS
29042,02,EDAS
29044,01,DAS
29044,02,DAS
29045,01,EDAS
29045,02,EDAS
29046,01,DAS
29046,02,DAS
29047,01,EDAS
29047,02,EDAS
29048,01,EDAS
29048,02,EDAS
29051,01,EDAS
29051,02,EDAS
29052,01,EDAS
29052,02,EDAS
29053,01,DAS
29053,02,DAS
29054,01,DAS
29054,02,DAS
29055,01,EDAS
29055,02,EDAS
29056,01,REM
29056,02,REM
29058,01,EDAS
29058,02,EDAS
29059,01,EDAS
29059,02,EDAS
29061,01,DAS
29062,01,EDAS
29062,02,EDAS
29065,01,EDAS
29065,02,EDAS
29067,01,EDAS
29067,02,EDAS
29069,01,EDAS
29069,02,EDAS
29070,01,EDAS
29070,02,DAS
29074,01,DAS
29074,02,DAS
29075,01,DAS
29075,02,DAS
29078,01,EDAS
29078,02,EDAS
29079,01,DAS
29079,02,DAS
29080,01,EDAS
29080,02,EDAS
29081,01,EDAS
29081,02,EDAS
29082,01,EDAS
29082,02,EDAS
29101,01,EDAS
29101,02,EDAS
29102,01,DAS
29102,02,DAS
29104,01,EDAS
29104,02,EDAS
29105,01,EDAS
29105,02,EDAS
29107,01,EDAS
29107,02,EDAS
29108,01,DAS
29108,02,DAS
29111,01,EDAS
29111,02,EDAS
29112,01,EDAS
29112,02,EDAS
29113,01,EDAS
29113,02,EDAS
29114,01,EDAS
29114,02,EDAS
29115,01,DAS
29115,02,DAS
29118,01,DAS
29118,02,DAS
29122,01,DAS
29122,02,DAS
29123,01,DAS
29123,02,DAS
29124,01,EDAS
29124,02,EDAS
29125,01,EDAS
29125,02,EDAS
29126,01,EDAS
29126,02,EDAS
29127,01,DAS
29127,02,DAS
29128,01,EDAS
29128,02,EDAS
29129,01,EDAS
29129,02,EDAS
29130,01,EDAS
29130,02,EDAS
29133,01,EDAS
29133,02,EDAS
29135,01,EDAS
29135,02,EDAS
29137,01,EDAS
29137,02,EDAS
29138,01,EDAS
29138,02,EDAS
29142,01,EDAS
29142,02,EDAS
29143,01,EDAS
29143,02,EDAS
29145,01,EDAS
29145,02,EDAS
29146,01,EDAS
29146,02,EDAS
29148,01,EDAS
29148,02,EDAS
29153,01,DAS
29153,02,DAS
29154,01,DAS
29154,02,DAS
29160,01,DAS
29160,02,DAS
29161,01,DAS
29161,02,DAS
29162,01,EDAS
29162,02,EDAS
29163,01,EDAS
29163,02,EDAS
29164,01,EDAS
29164,02,EDAS
29166,01,EDAS
29166,02,EDAS
29168,01,EDAS
29168,02,EDAS
29175,01,EDAS
29175,02,EDAS
29178,01,EDAS
29178,02,EDAS
29180,01,EDAS
29180,02,EDAS
29321,01,EDAS
29321,02,EDAS
29322,01,EDAS
29322,02,DAS
29323,01,DAS
29323,02,DAS
29325,01,DAS
29325,02,DAS
29330,01,DAS
29330,02,DAS
29331,01,REM
29331,02,REM
29332,01,REM
29332,02,REM
29333,01,DAS
29333,02,DAS
29335,01,EDAS
29335,02,EDAS
29340,01,DAS
29340,02,DAS
29342,01,DAS
29342,02,DAS
29346,01,DAS
29346,02,DAS
29348,01,DAS
29348,02,DAS
29349,01,DAS
29349,02,DAS
29351,01,EDAS
29351,02,EDAS
29353,01,EDAS
29353,02,EDAS
29355,01,REM
29355,02,REM
29356,01,DAS
29356,02,DAS
29360,01,DAS
29360,02,DAS
29364,01,EDAS
29364,02,EDAS
29368,01,EDAS
29368,02,EDAS
29369,01,DAS
29369,02,DAS
29370,01,EDAS
29370,02,EDAS
29372,01,EDAS
29372,02,EDAS
29373,01,EDAS
29373,02,EDAS
29374,01,EDAS
29374,02,EDAS
29375,01,REM
29375,02,REM
29376,01,DAS
29376,02,DAS
29377,01,EDAS
29377,02,EDAS
29379,01,EDAS
29379,02,EDAS
29384,01,EDAS
29384,02,EDAS
29386,01,DAS
29386,02,DAS
29388,01,DAS
29388,02,DAS
29426,01,REM
29426,02,REM
29429,01,EDAS
29429,02,EDAS
29430,01,DAS
29430,02,DAS
29431,01,EDAS
29431,02,EDAS
29432,01,EDAS
29432,02,EDAS
29433,01,DAS
29433,02,DAS
29434,01,EDAS
29434,02,EDAS
29435,01,EDAS
29435,02,EDAS
29436,01,EDAS
29436,02,EDAS
29437,01,EDAS
29437,02,EDAS
29438,01,EDAS
29438,02,EDAS
29440,01,EDAS
29440,02,EDAS
29442,01,REM
29442,02,REM
29446,01,REM
29446,02,REM
29447,01,EDAS
29447,02,EDAS
29448,01,EDAS
29448,02,EDAS
29449,01,EDAS
29449,02,EDAS
29450,01,EDAS
29450,02,EDAS
29452,01,EDAS
29452,02,EDAS
29453,01,EDAS
29453,02,EDAS
29455,01,EDAS
29455,02,EDAS
29458,01,EDAS
29458,02,EDAS
29461,01,DAS
29461,02,DAS
29468,01,EDAS
29468,02,EDAS
29469,01,EDAS
29469,02,EDAS
29470,01,EDAS
29470,02,EDAS
29471,01,EDAS
29471,02,EDAS
29472,01,EDAS
29472,02,EDAS
29474,01,EDAS
29474,02,EDAS
29475,01,EDAS
29475,02,EDAS
29476,01,EDAS
29476,02,EDAS
29477,01,EDAS
29477,02,EDAS
29479,01,EDAS
29479,02,EDAS
29481,01,EDAS
29481,02,EDAS
29486,01,DAS
29486,02,DAS
29487,01,DAS
29487,02,DAS
29488,01,DAS
29488,02,DAS
29493,01,DAS
29493,02,DAS
29510,01,EDAS
29510,02,EDAS
29511,01,EDAS
29511,02,DAS
29512,01,EDAS
29512,02,EDAS
29516,01,EDAS
29516,02,EDAS
29518,01,EDAS
29518,02,EDAS
29519,01,DAS
29519,02,DAS
29520,01,DAS
29520,02,DAS
29525,01,EDAS
29525,02,EDAS
29527,01,DAS
29527,02,DAS
29530,01,EDAS
29530,02,EDAS
29532,01,DAS
29532,02,DAS
29536,01,DAS
29536,02,DAS
29540,01,EDAS
29540,02,EDAS
29541,01,DAS
29541,02,DAS
29543,01,REM
29543,02,REM
29544,01,EDAS
29544,02,EDAS
29545,01,EDAS
29545,02,EDAS
29546,01,REM
29546,02,REM
29547,01,EDAS
29547,02,EDAS
29550,01,DAS
29550,02,DAS
29554,01,REM
29554,02,REM
29555,01,EDAS
29555,02,EDAS
29556,01,EDAS
29556,02,EDAS
29560,01,DAS
29560,02,DAS
29563,01,REM
29563,02,REM
29564,01,REM
29564,02,REM
29565,01,EDAS
29565,02,EDAS
29566,01,DAS
29566,02,DAS
29567,01,EDAS
29567,02,EDAS
29568,01,DAS
29568,02,DAS
29569,01,DAS
29569,02,DAS
29570,01,EDAS
29570,02,EDAS
29571,01,DAS
29571,02,DAS
29574,01,EDAS
29574,02,EDAS
29576,01,DAS
29576,02,DAS
29580,01,REM
29580,02,REM
29581,01,EDAS
29581,02,EDAS
29583,01,EDAS
29583,02,EDAS
29584,01,EDAS
29584,02,EDAS
29585,01,DAS
29585,02,DAS
29588,01,DAS
29588,02,DAS
29589,01,EDAS
29589,02,EDAS
29590,01,REM
29590,02,REM
29591,01,DAS
29591,02,DAS
29592,01,EDAS
29592,02,EDAS
29593,01,REM
29593,02,REM
29594,01,DAS
29594,02,DAS
29596,01,EDAS
29596,02,EDAS
29620,01,EDAS
29620,02,EDAS
29627,01,DAS
29627,02,DAS
29628,01,EDAS
29628,02,EDAS
29630,01,DAS
29630,02,DAS
29635,01,EDAS
29635,02,EDAS
29638,01,EDAS
29638,02,EDAS
29639,01,EDAS
29639,02,EDAS
29640,01,DAS
29641,01,DAS
29641,02,DAS
29642,01,DAS
29643,01,DAS
29643,02,DAS
29644,01,DAS
29644,02,DAS
29645,01,EDAS
29645,02,EDAS
29653,01,DAS
29653,02,DAS
29654,01,DAS
29654,02,DAS
29655,01,EDAS
29655,02,EDAS
29656,01,DAS
29656,02,DAS
29657,01,DAS
29657,02,DAS
29658,01,EDAS
29658,02,EDAS
29659,01,EDAS
29659,02,EDAS
29661,01,EDAS
29661,02,EDAS
29664,01,EDAS
29664,02,EDAS
29665,01,DAS
29665,02,DAS
29666,01,EDAS
29666,02,EDAS
29667,01,DAS
29667,02,DAS
29669,01,DAS
29669,02,DAS
29670,01,DAS
29670,02,DAS
29671,01,EDAS
29671,02,EDAS
29672,01,DAS
29672,02,DAS
29676,01,EDAS
29676,02,EDAS
29677,01,DAS
29677,02,DAS
29678,01,DAS
29678,02,DAS
29682,01,DAS
29682,02,DAS
29683,01,EDAS
29683,02,EDAS
29684,01,EDAS
29684,02,EDAS
29685,01,REM
29685,02,REM
29686,01,EDAS
29686,02,EDAS
29688,01,DAS
29688,02,DAS
29689,01,DAS
29689,02,DAS
29690,01,DAS
29690,02,DAS
29691,01,DAS
29691,02,DAS
29692,01,EDAS
29692,02,EDAS
29693,01,DAS
29693,02,DAS
29695,01,DAS
29695,02,DAS
29696,01,EDAS
29696,02,EDAS
29697,01,DAS
29697,02,DAS
29702,01,DAS
29702,02,DAS
29704,01,DAS
29704,02,DAS
29706,01,EDAS
29706,02,EDAS
29709,01,EDAS
29709,02,EDAS
29710,01,DAS
29710,02,DAS
29712,01,EDAS
29712,02,EDAS
29714,01,DAS
29714,02,DAS
29717,01,EDAS
29717,02,EDAS
29718,01,EDAS
29718,02,EDAS
29720,01,DAS
29720,02,DAS
29721,01,DAS
29721,02,DAS
29726,01,EDAS
29726,02,EDAS
29727,01,EDAS
29727,02,EDAS
29728,01,EDAS
29728,02,EDAS
29729,01,EDAS
29729,02,EDAS
29741,01,EDAS
29741,02,EDAS
29742,01,REM
29742,02,REM
29743,01,EDAS
29743,02,EDAS
29744,01,DAS
29744,02,DAS
29745,01,DAS
29745,02,DAS
29805,01,DAS
29805,02,DAS
29809,01,DAS
29809,02,DAS
29810,01,EDAS
29810,02,EDAS
29812,01,EDAS
29812,02,EDAS
29813,01,EDAS
29813,02,EDAS
29817,01,EDAS
29817,02,EDAS
29819,01,EDAS
29819,02,EDAS
29821,01,EDAS
29821,02,EDAS
29822,01,EDAS
29822,02,EDAS
29824,01,EDAS
29824,02,EDAS
29826,01,DAS
29826,02,DAS
29827,01,EDAS
29827,02,EDAS
29829,01,DAS
29829,02,DAS
29831,01,EDAS
29831,02,EDAS
29832,01,EDAS
29832,02,EDAS
29835,01,EDAS
29835,02,EDAS
29836,01,REM
29836,02,REM
29838,01,EDAS
29838,02,EDAS
29839,01,DAS
29839,02,DAS
29840,01,DAS
29840,02,DAS
29842,01,EDAS
29842,02,EDAS
29843,01,REM
29843,02,REM
29844,01,EDAS
29844,02,EDAS
29845,01,REM
29845,02,REM
29846,01,DAS
29846,02,DAS
29847,01,EDAS
29847,02,EDAS
29848,01,REM
29848,02,REM
29849,01,EDAS
29849,02,EDAS
29853,01,EDAS
29853,02,EDAS
29856,01,EDAS
29856,02,EDAS
29860,01,DAS
29860,02,DAS
29899,01,EDAS
29899,02,EDAS
29906,01,DAS
29906,02,DAS
29907,01,DAS
29907,02,DAS
29911,01,EDAS
29911,02,EDAS
29914,01,EDAS
29914,02,EDAS
29915,01,REM
29915,02,REM
29916,01,EDAS
29916,02,EDAS
29918,01,EDAS
29918,02,EDAS
29920,01,DAS
29920,02,DAS
29921,01,EDAS
29921,02,EDAS
29922,01,REM
29922,02,REM
29923,01,DAS
29923,02,DAS
29924,01,EDAS
29924,02,EDAS
29927,01,DAS
29927,02,DAS
29929,01,EDAS
29929,02,EDAS
29931,01,DAS
29931,02,DAS
29932,01,EDAS
29932,02,EDAS
29933,01,DAS
29933,02,DAS
29934,01,REM
29934,02,REM
29935,01,DAS
29935,02,DAS
29936,01,EDAS
29936,02,EDAS
29939,01,EDAS
29939,02,EDAS
29940,01,EDAS
29940,02,EDAS
29941,01,EDAS
29941,02,EDAS
29943,01,REM
29943,02,REM
29944,01,EDAS
29944,02,EDAS
29945,01,EDAS
29945,02,EDAS
30008,01,DAS
30008,02,DAS
30011,01,DAS
30011,02,DAS
30014,01,DAS
30014,02,DAS
30016,01,DAS
30016,02,DAS
30018,01,EDAS
30018,02,EDAS
30025,01,DAS
30025,02,DAS
30028,01,DAS
30028,02,DAS
30052,01,DAS
30052,02,DAS
30054,01,EDAS
30054,02,EDAS
30055,01,EDAS
30055,02,EDAS
30056,01,EDAS
30056,02,EDAS
30088,01,DAS
30088,02,DAS
30094,01,DAS
30094,02,DAS
30103,01,EDAS
30103,02,EDAS
30104,01,EDAS
30104,02,EDAS
30105,01,EDAS
30105,02,EDAS
30107,01,DAS
30107,02,DAS
30108,01,EDAS
30108,02,EDAS
30110,01,DAS
30110,02,DAS
30113,01,EDAS
30113,02,EDAS
30114,01,DAS
30114,02,DAS
30115,01,DAS
30116,01,DAS
30116,02,DAS
30117,01,DAS
30117,02,DAS
30120,01,DAS
30124,01,EDAS
30124,02,EDAS
30125,01,DAS
30125,02,DAS
30129,01,DAS
30129,02,DAS
30132,01,DAS
30132,02,DAS
30134,01,DAS
30139,01,EDAS
30139,02,EDAS
30140,01,DAS
30140,02,DAS
30143,01,DAS
30143,02,DAS
30145,01,EDAS
30145,02,DAS
30147,01,EDAS
30147,02,EDAS
30148,01,EDAS
30148,02,EDAS
30149,01,DAS
30149,02,DAS
30150,01,DAS
30150,02,DAS
30151,01,EDAS
30151,02,EDAS
30153,01,DAS
30153,02,DAS
30157,01,DAS
30157,02,DAS
30161,01,DAS
30161,02,DAS
30162,01,DAS
30162,02,DAS
30165,01,DAS
30165,02,DAS
30170,01,EDAS
30170,02,EDAS
30171,01,EDAS
30171,02,EDAS
30172,01,DAS
30172,02,DAS
30173,01,EDAS
30173,02,EDAS
30175,01,REM
30175,02,REM
30176,01,EDAS
30176,02,EDAS
30177,01,EDAS
30177,02,EDAS
30178,01,EDAS
30178,02,EDAS
30179,01,DAS
30179,02,DAS
30180,01,DAS
30180,02,DAS
30182,01,EDAS
30182,02,EDAS
30183,01,EDAS
30183,02,EDAS
30184,01,EDAS
30184,02,EDAS
30185,01,EDAS
30185,02,EDAS
30187,01,DAS
30187,02,DAS
30204,01,EDAS
30204,02,EDAS
30205,01,EDAS
30205,02,EDAS
30206,01,EDAS
30206,02,EDAS
30215,01,DAS
30215,02,DAS
30216,01,REM
30216,02,REM
30217,01,EDAS
30217,02,EDAS
30218,01,EDAS
30218,02,EDAS
30220,01,EDAS
30220,02,EDAS
30222,01,EDAS
30222,02,EDAS
30223,01,DAS
30223,02,DAS
30224,01,DAS
30224,02,DAS
30228,01,DAS
30228,02,DAS
30230,01,EDAS
30230,02,EDAS
30232,01,EDAS
30232,02,EDAS
30233,01,EDAS
30233,02,EDAS
30234,01,EDAS
30234,02,EDAS
30241,01,DAS
30241,02,DAS
30248,01,DAS
30248,02,DAS
30250,01,DAS
30250,02,DAS
30251,01,EDAS
30251,02,EDAS
30252,01,DAS
30252,02,DAS
30256,01,EDAS
30256,02,EDAS
30257,01,EDAS
30257,02,EDAS
30258,01,REM
30258,02,REM
30259,01,EDAS
30259,02,EDAS
30261,01,DAS
30261,02,DAS
30263,01,DAS
30263,02,DAS
30264,01,DAS
30264,02,DAS
30268,01,EDAS
30268,02,EDAS
30271,01,DAS
30271,02,DAS
30272,01,DAS
30272,02,DAS
30273,01,DAS
30273,02,DAS
30275,01,DAS
30275,02,DAS
30276,01,DAS
30276,02,DAS
30277,01,DAS
30277,02,DAS
30281,01,DAS
30281,02,DAS
30285,01,EDAS
30285,02,EDAS
30286,01,EDAS
30286,02,EDAS
30289,01,EDAS
30289,02,EDAS
30290,01,DAS
30290,02,DAS
30292,01,EDAS
30292,02,EDAS
30293,01,EDAS
30293,02,EDAS
30295,01,EDAS
30295,02,EDAS
30298,01,DAS
30298,02,DAS
30337,01,DAS
30337,02,DAS
30401,01,DAS
30401,02,DAS
30410,01,EDAS
30410,02,EDAS
30411,01,EDAS
30411,02,EDAS
30412,01,EDAS
30412,02,EDAS
30413,01,EDAS
30413,02,EDAS
30414,01,DAS
30414,02,DAS
30415,01,DAS
30415,02,DAS
30417,01,DAS
30417,02,DAS
30420,01,EDAS
30420,02,EDAS
30421,01,EDAS
30421,02,EDAS
30424,01,EDAS
30424,02,EDAS
30425,01,EDAS
30425,02,EDAS
30426,01,EDAS
30426,02,EDAS
30427,01,EDAS
30427,02,EDAS
30428,01,REM
30428,02,REM
30429,02,DAS
30434,01,EDAS
30434,02,EDAS
30436,01,DAS
30436,02,DAS
30438,01,EDAS
30438,02,EDAS
30439,01,EDAS
30439,02,EDAS
30441,01,REM
30441,02,REM
30442,01,EDAS
30442,02,EDAS
30445,01,EDAS
30445,02,EDAS
30446,01,EDAS
30446,02,EDAS
30447,01,EDAS
30447,02,EDAS
30449,01,REM
30449,02,REM
30450,01,EDAS
30450,02,EDAS
30451,01,EDAS
30451,02,EDAS
30452,01,EDAS
30452,02,EDAS
30453,01,EDAS
30453,02,EDAS
30454,01,REM
30454,02,REM
30455,01,EDAS
30455,02,EDAS
30456,01,EDAS
30456,02,EDAS
30457,01,EDAS
30457,02,EDAS
30461,01,DAS
30461,02,DAS
30464,01,DAS
30464,02,DAS
30467,01,EDAS
30467,02,EDAS
30470,01,EDAS
30470,02,EDAS
30471,01,EDAS
30471,02,EDAS
30473,01,EDAS
30473,02,EDAS
30474,01,DAS
30474,02,DAS
30475,01,DAS
30475,02,DAS
30477,01,EDAS
30477,02,EDAS
30499,01,EDAS
30499,02,EDAS
30506,01,DAS
30506,02,DAS
30510,01,DAS
30510,02,DAS
30511,01,DAS
30511,02,DAS
30512,01,EDAS
30512,02,EDAS
30513,01,EDAS
30513,02,EDAS
30514,01,DAS
30514,02,DAS
30516,01,EDAS
30516,02,EDAS
30520,01,EDAS
30520,02,EDAS
30521,01,EDAS
30521,02,EDAS
30522,01,REM
30522,02,REM
30523,01,EDAS
30523,02,EDAS
30525,01,EDAS
30525,02,EDAS
30527,01,DAS
30527,02,DAS
30528,01,EDAS
30528,02,EDAS
30529,01,EDAS
30529,02,EDAS
30530,01,DAS
30530,02,DAS
30531,01,DAS
30531,02,DAS
30533,01,EDAS
30533,02,EDAS
30534,01,EDAS
30534,02,EDAS
30535,01,DAS
30535,02,DAS
30536,01,REM
30536,02,REM
30537,01,EDAS
30537,02,EDAS
30538,01,DAS
30538,02,DAS
30539,01,DAS
30539,02,DAS
30540,01,EDAS
30540,02,EDAS
30541,01,REM
30541,02,REM
30543,01,DAS
30543,02,DAS
30545,01,EDAS
30545,02,EDAS
30546,01,REM
30546,02,REM
30547,01,EDAS
30547,02,EDAS
30548,01,DAS
30548,02,DAS
30549,01,DAS
30549,02,DAS
30552,01,REM
30552,02,REM
30553,01,DAS
30553,02,DAS
30554,01,EDAS
30554,02,EDAS
30555,01,REM
30555,02,REM
30557,01,EDAS
30557,02,EDAS
30558,01,EDAS
30558,02,EDAS
30559,01,REM
30559,02,REM
30560,01,REM
30560,02,REM
30562,01,REM
30562,02,REM
30563,01,DAS
30563,02,DAS
30564,01,EDAS
30564,02,EDAS
30565,01,DAS
30565,02,DAS
30567,01,EDAS
30567,02,EDAS
30568,01,EDAS
30568,02,EDAS
30571,01,EDAS
30571,02,EDAS
30572,01,EDAS
30572,02,EDAS
30573,01,EDAS
30573,02,EDAS
30575,01,DAS
30575,02,DAS
30576,01,EDAS
30576,02,EDAS
30577,01,DAS
30577,02,DAS
30580,01,EDAS
30580,02,EDAS
30581,01,EDAS
30581,02,EDAS
30582,01,EDAS
30582,02,EDAS
30597,01,DAS
30597,02,DAS
30598,01,DAS
30598,02,DAS
30599,01,EDAS
30599,02,EDAS
30619,01,EDAS
30619,02,EDAS
30620,01,DAS
30620,02,DAS
30621,01,DAS
30621,02,DAS
30623,01,DAS
30623,02,DAS
30624,01,EDAS
30624,02,EDAS
30625,01,EDAS
30625,02,EDAS
30627,01,EDAS
30627,02,EDAS
30628,01,EDAS
30628,02,EDAS
30629,01,EDAS
30629,02,EDAS
30630,01,EDAS
30630,02,EDAS
30631,01,EDAS
30631,02,EDAS
30633,01,EDAS
30633,02,EDAS
30634,01,REM
30634,02,REM
30635,01,DAS
30635,02,DAS
30638,01,DAS
30638,02,DAS
30639,01,REM
30639,02,REM
30641,01,EDAS
30641,02,EDAS
30642,01,EDAS
30642,02,EDAS
30643,01,DAS
30643,02,DAS
30646,01,EDAS
30646,02,DAS
30647,01,EDAS
30647,02,EDAS
30648,01,EDAS
30648,02,EDAS
30650,01,DAS
30650,02,DAS
30655,01,DAS
30655,02,DAS
30656,01,DAS
30656,02,DAS
30660,01,EDAS
30660,02,EDAS
30662,01,EDAS
30662,02,EDAS
30663,01,EDAS
30663,02,EDAS
30664,01,EDAS
30664,02,EDAS
30665,01,DAS
30665,02,DAS
30666,01,DAS
30666,02,DAS
30667,01,EDAS
30667,02,EDAS
30668,01,EDAS
30668,02,EDAS
30669,01,EDAS
30669,02,EDAS
30671,01,DAS
30671,02,DAS
30673,01,EDAS
30673,02,EDAS
30677,01,DAS
30677,02,DAS
30678,01,EDAS
30678,02,EDAS
30683,01,EDAS
30683,02,EDAS
30701,01,DAS
30701,02,DAS
30705,01,DAS
30705,02,DAS
30707,01,EDAS
30707,02,EDAS
30708,01,EDAS
30708,02,EDAS
30710,01,DAS
30710,02,DAS
30711,01,EDAS
30711,02,EDAS
30724,01,EDAS
30724,02,EDAS
30725,01,DAS
30725,02,DAS
30728,01,DAS
30728,02,DAS
30730,01,REM
30730,02,REM
30731,01,REM
30731,02,REM
30732,01,DAS
30732,02,DAS
30733,01,REM
30733,02,REM
30734,01,REM
30734,02,REM
30735,01,EDAS
30735,02,EDAS
30736,01,DAS
30736,02,DAS
30738,01,REM
30738,02,REM
30739,01,DAS
30739,02,DAS
30740,01,DAS
30740,02,DAS
30741,01,DAS
30741,02,DAS
30746,01,EDAS
30746,02,EDAS
30747,01,EDAS
30747,02,EDAS
30750,01,DAS
30750,02,DAS
30751,01,DAS
30751,02,DAS
30752,01,EDAS
30752,02,EDAS
30753,01,DAS
30753,02,DAS
30755,01,DAS
30755,02,DAS
30756,01,DAS
30756,02,DAS
30757,01,DAS
30757,02,DAS
30802,01,EDAS
30802,02,EDAS
30803,01,EDAS
30803,02,EDAS
30805,01,REM
30805,02,REM
30807,01,EDAS
30807,02,EDAS
30808,01,EDAS
30808,02,EDAS
30810,01,EDAS
30810,02,EDAS
30811,01,EDAS
30811,02,EDAS
30814,01,DAS
30814,02,DAS
30815,01,DAS
30815,02,DAS
30816,01,REM
30816,02,REM
30817,01,EDAS
30817,02,EDAS
30818,01,EDAS
30818,02,EDAS
30819,01,EDAS
30819,02,EDAS
30820,01,EDAS
30820,02,EDAS
30821,01,REM
30821,02,REM
30822,01,EDAS
30822,02,EDAS
30823,01,EDAS
30823,02,EDAS
30824,01,DAS
30824,02,DAS
30828,01,EDAS
30828,02,EDAS
30830,01,DAS
30830,02,DAS
30833,01,EDAS
30833,02,EDAS
31001,01,REM
31001,02,REM
31002,01,REM
31002,02,REM
31003,01,REM
31003,02,REM
31004,01,DAS
31004,02,DAS
31006,01,EDAS
31006,02,EDAS
31007,01,EDAS
31007,02,EDAS
31008,01,DAS
31008,02,DAS
31009,01,REM
31009,02,REM
31010,01,DAS
31010,02,DAS
31011,01,REM
31011,02,REM
31012,01,EDAS
31012,02,EDAS
31013,01,DAS
31013,02,EDAS
31014,01,EDAS
31014,02,EDAS
31015,01,DAS
31015,02,DAS
31016,01,EDAS
31016,02,EDAS
31017,01,REM
31017,02,REM
31018,01,EDAS
31018,02,EDAS
31019,01,EDAS
31019,02,EDAS
31020,01,EDAS
31020,02,EDAS
31021,01,EDAS
31021,02,EDAS
31022,01,EDAS
31022,02,EDAS
31023,01,EDAS
31023,02,EDAS
31024,01,EDAS
31024,02,EDAS
31025,01,REM
31025,02,REM
31026,01,EDAS
31026,02,EDAS
31027,01,EDAS
31027,02,EDAS
31029,01,DAS
31029,02,DAS
31030,01,DAS
31030,02,DAS
31031,01,EDAS
31031,02,EDAS
31032,01,DAS
31032,02,DAS
31033,01,EDAS
31033,02,EDAS
31034,02,DAS
31035,01,EDAS
31035,02,EDAS
31036,01,EDAS
31036,02,EDAS
31037,01,EDAS
31037,02,EDAS
31038,01,REM
31038,02,REM
31041,01,EDAS
31041,02,EDAS
31042,01,EDAS
31042,02,EDAS
31044,01,EDAS
31044,02,EDAS
31045,01,DAS
31045,02,DAS
31046,01,DAS
31046,02,DAS
31047,01,DAS
31047,02,DAS
31049,01,REM
31049,02,REM
31050,01,EDAS
31050,02,EDAS
31051,01,EDAS
31051,02,EDAS
31052,01,DAS
31052,02,DAS
31054,01,EDAS
31054,02,EDAS
31055,01,EDAS
31055,02,EDAS
31057,01,EDAS
31057,02,EDAS
31058,01,EDAS
31058,02,EDAS
31059,01,DAS
31059,02,DAS
31060,01,REM
31060,02,REM
31061,01,DAS
31061,02,DAS
31063,01,EDAS
31063,02,EDAS
31064,01,EDAS
31064,02,EDAS
31065,01,REM
31065,02,REM
31066,01,EDAS
31066,02,EDAS
31067,01,REM
31067,02,REM
31068,01,EDAS
31068,02,EDAS
31069,01,DAS
31069,02,DAS
31070,01,EDAS
31070,02,EDAS
31071,01,EDAS
31071,02,EDAS
31072,01,EDAS
31072,02,EDAS
31075,01,EDAS
31075,02,EDAS
31076,01,EDAS
31076,02,EDAS
31077,01,REM
31077,02,REM
31078,01,EDAS
31078,02,EDAS
31079,01,EDAS
31079,02,EDAS
31081,01,REM
31081,02,REM
31082,01,EDAS
31082,02,EDAS
31083,01,EDAS
31083,02,EDAS
31084,01,DAS
31084,02,DAS
31085,01,REM
31085,02,REM
31087,01,REM
31087,02,REM
31089,01,EDAS
31089,02,EDAS
31090,01,EDAS
31090,02,EDAS
31091,01,EDAS
31091,02,EDAS
31092,01,EDAS
31092,02,EDAS
31094,01,REM
31094,02,REM
31096,01,EDAS
31096,02,EDAS
31097,01,REM
31097,02,REM
31211,01,DAS
31211,02,DAS
31220,01,DAS
31220,02,DAS
31301,01,DAS
31301,02,DAS
31302,01,DAS
31302,02,DAS
31303,01,EDAS
31303,02,EDAS
31304,01,EDAS
31304,02,EDAS
31305,01,EDAS
31305,02,EDAS
31307,01,DAS
31307,02,DAS
31308,01,DAS
31308,02,DAS
31309,01,EDAS
31309,02,EDAS
31310,01,DAS
31310,02,DAS
31312,01,DAS
31312,02,DAS
31313,01,DAS
31313,02,DAS
31314,01,EDAS
31314,02,EDAS
31315,01,DAS
31315,02,DAS
31316,01,EDAS
31316,02,EDAS
31318,01,DAS
31318,02,DAS
31319,01,EDAS
31319,02,EDAS
31320,01,EDAS
31320,02,EDAS
31321,01,EDAS
31321,02,EDAS
31323,01,EDAS
31323,02,EDAS
31324,01,DAS
31324,02,DAS
31326,01,DAS
31326,02,DAS
31327,01,DAS
31327,02,DAS
31328,01,DAS
31328,02,DAS
31329,01,EDAS
31329,02,EDAS
31331,01,EDAS
31331,02,EDAS
31333,01,DAS
31333,02,DAS
31411,01,DAS
31411,02,DAS
31503,01,DAS
31503,02,DAS
31510,01,EDAS
31510,02,EDAS
31512,01,EDAS
31512,02,EDAS
31513,01,EDAS
31513,02,EDAS
31515,01,EDAS
31515,02,EDAS
31516,01,DAS
31516,02,DAS
31518,01,EDAS
31518,02,EDAS
31519,01,EDAS
31519,02,EDAS
31522,01,DAS
31522,02,DAS
31523,01,DAS
31523,02,DAS
31527,01,EDAS
31527,02,EDAS
31532,01,EDAS
31532,02,EDAS
31533,01,EDAS
31533,02,EDAS
31534,01,DAS
31534,02,DAS
31535,01,DAS
31535,02,DAS
31537,01,EDAS
31537,02,EDAS
31539,01,EDAS
31539,02,EDAS
31542,01,EDAS
31542,02,EDAS
31543,01,REM
31543,02,REM
31544,01,EDAS
31544,02,EDAS
31545,01,DAS
31545,02,DAS
31546,01,EDAS
31546,02,EDAS
31547,01,DAS
31547,02,DAS
31548,01,DAS
31548,02,DAS
31549,01,EDAS
31549,02,EDAS
31550,01,EDAS
31550,02,EDAS
31551,01,EDAS
31551,02,EDAS
31552,01,REM
31552,02,EDAS
31553,01,EDAS
31553,02,EDAS
31554,01,REM
31554,02,REM
31555,01,REM
31555,02,REM
31556,01,DAS
31556,02,DAS
31557,01,EDAS
31557,02,EDAS
31558,01,DAS
31558,02,DAS
31560,01,EDAS
31560,02,EDAS
31562,01,EDAS
31562,02,EDAS
31563,01,EDAS
31563,02,EDAS
31565,01,EDAS
31565,02,EDAS
31566,01,EDAS
31566,02,EDAS
31567,01,EDAS
31567,02,EDAS
31568,01,EDAS
31568,02,EDAS
31569,01,EDAS
31569,02,EDAS
31598,01,EDAS
31598,02,EDAS
31599,01,EDAS
31599,02,EDAS
31605,01,DAS
31605,02,DAS
31606,01,EDAS
31606,02,EDAS
31620,01,DAS
31620,02,DAS
31622,01,EDAS
31622,02,EDAS
31623,01,DAS
31623,02,DAS
31624,01,REM
31624,02,REM
31625,01,EDAS
31625,02,EDAS
31626,01,EDAS
31626,02,EDAS
31627,01,EDAS
31627,02,EDAS
31629,01,REM
31629,02,REM
31630,01,EDAS
31630,02,EDAS
31631,01,EDAS
31631,02,EDAS
31632,01,DAS
31632,02,DAS
31634,01,EDAS
31634,02,EDAS
31635,01,EDAS
31635,02,EDAS
31636,01,DAS
31636,02,DAS
31637,01,EDAS
31637,02,EDAS
31638,01,EDAS
31638,02,EDAS
31639,01,EDAS
31639,02,EDAS
31641,01,EDAS
31641,02,EDAS
31642,01,EDAS
31642,02,EDAS
31643,01,EDAS
31643,02,EDAS
31645,01,EDAS
31645,02,EDAS
31646,01,EDAS
31646,02,EDAS
31647,01,EDAS
31647,02,EDAS
31648,01,EDAS
31648,02,EDAS
31649,01,EDAS
31649,02,EDAS
31650,01,EDAS
31650,02,EDAS
31709,01,DAS
31709,02,DAS
31711,01,EDAS
31711,02,EDAS
31712,01,EDAS
31712,02,EDAS
31713,01,EDAS
31713,02,EDAS
31714,01,EDAS
31714,02,EDAS
31715,01,EDAS
31715,02,EDAS
31716,01,EDAS
31716,02,EDAS
31717,01,EDAS
31717,02,EDAS
31719,01,DAS
31719,02,DAS
31720,01,DAS
31720,02,DAS
31721,01,DAS
31721,02,DAS
31722,01,DAS
31722,02,DAS
31723,01,EDAS
31723,02,EDAS
31724,01,EDAS
31724,02,EDAS
31725,01,EDAS
31725,02,EDAS
31726,01,EDAS
31726,02,EDAS
31728,01,DAS
31728,02,DAS
31729,01,DAS
31729,02,DAS
31730,01,EDAS
31730,02,EDAS
31732,01,EDAS
31732,02,EDAS
31733,01,EDAS
31733,02,EDAS
31734,01,EDAS
31734,02,EDAS
31735,01,EDAS
31735,02,EDAS
31736,01,EDAS
31736,02,EDAS
31737,01,EDAS
31737,02,EDAS
31738,01,EDAS
31738,02,EDAS
31740,01,EDAS
31740,02,EDAS
31741,01,EDAS
31741,02,EDAS
31742,01,EDAS
31742,02,EDAS
31743,01,EDAS
31743,02,EDAS
31744,01,EDAS
31744,02,EDAS
31745,01,EDAS
31745,02,EDAS
31746,01,EDAS
31746,02,EDAS
31747,01,DAS
31747,02,EDAS
31749,01,EDAS
31749,02,EDAS
31750,01,EDAS
31750,02,EDAS
31751,01,EDAS
31751,02,EDAS
31752,01,EDAS
31752,02,EDAS
31754,01,EDAS
31754,02,EDAS
31756,01,EDAS
31756,02,EDAS
31757,01,DAS
31757,02,DAS
31759,01,EDAS
31759,02,EDAS
31760,01,DAS
31760,02,DAS
31761,01,EDAS
31761,02,EDAS
31762,01,EDAS
31762,02,EDAS
31763,01,DAS
31763,02,DAS
31764,01,REM
31764,02,REM
31765,01,EDAS
31765,02,EDAS
31766,01,EDAS
31766,02,EDAS
31767,01,EDAS
31767,02,EDAS
31768,01,DAS
31768,02,DAS
31769,01,DAS
31769,02,DAS
31770,01,EDAS
31770,02,EDAS
31771,01,EDAS
31771,02,EDAS
31772,01,EDAS
31772,02,EDAS
31773,01,EDAS
31773,02,EDAS
31774,01,EDAS
31774,02,EDAS
31775,01,EDAS
31775,02,EDAS
31776,02,DAS
31777,01,EDAS
31777,02,EDAS
31778,01,EDAS
31778,02,EDAS
31779,01,EDAS
31779,02,EDAS
31780,01,EDAS
31780,02,EDAS
31781,01,EDAS
31781,02,EDAS
31782,01,DAS
31782,02,DAS
31783,01,EDAS
31783,02,EDAS
31784,01,EDAS
31784,02,EDAS
31785,01,EDAS
31785,02,EDAS
31786,01,EDAS
31786,02,EDAS
31787,01,EDAS
31787,02,EDAS
31788,01,DAS
31788,02,DAS
31789,01,EDAS
31789,02,EDAS
31790,01,EDAS
31790,02,EDAS
31791,01,EDAS
31791,02,DAS
31792,01,DAS
31792,02,DAS
31794,01,DAS
31794,02,DAS
31795,01,EDAS
31795,02,EDAS
31796,01,EDAS
31796,02,EDAS
31797,01,EDAS
31797,02,EDAS
31798,01,EDAS
31798,02,EDAS
31801,01,EDAS
31801,02,EDAS
31803,01,REM
31803,02,EDAS
31804,01,DAS
31804,02,DAS
31805,01,EDAS
31805,02,EDAS
31806,01,EDAS
31806,02,EDAS
31807,01,DAS
31807,02,DAS
31808,01,DAS
31808,02,DAS
31810,01,REM
31810,02,REM
31811,01,EDAS
31811,02,EDAS
31812,01,REM
31812,02,REM
31815,01,EDAS
31815,02,EDAS
31816,01,EDAS
31816,02,EDAS
31821,01,REM
31821,02,REM
31822,01,DAS
31822,02,DAS
31823,01,EDAS
31823,02,EDAS
31824,01,EDAS
31824,02,EDAS
31825,01,EDAS
31825,02,EDAS
31826,01,EDAS
31826,02,EDAS
31827,01,EDAS
31827,02,EDAS
31829,01,DAS
31829,02,DAS
31830,01,EDAS
31830,02,EDAS
31831,01,DAS
31831,02,DAS
31832,01,EDAS
31832,02,EDAS
31833,01,DAS
31833,02,DAS
31836,01,EDAS
31836,02,EDAS
31903,01,DAS
31903,02,DAS
31905,01,DAS
31905,02,DAS
31909,01,DAS
31909,02,DAS
32007,01,DAS
32007,02,DAS
32008,01,REM
32008,02,REM
32009,01,EDAS
32009,02,EDAS
32011,01,EDAS
32011,02,DAS
32013,01,EDAS
32013,02,EDAS
32024,01,DAS
32024,02,DAS
32025,01,DAS
32025,02,DAS
32033,01,EDAS
32033,02,EDAS
32038,01,EDAS
32038,02,EDAS
32040,01,EDAS
32040,02,EDAS
32041,01,DAS
32041,02,DAS
32042,01,EDAS
32042,02,EDAS
32043,01,DAS
32043,02,DAS
32044,01,EDAS
32044,02,EDAS
32046,01,EDAS
32046,02,EDAS
32052,01,EDAS
32052,02,EDAS
32053,01,EDAS
32053,02,EDAS
32054,01,EDAS
32054,02,EDAS
32055,01,DAS
32055,02,DAS
32056,01,DAS
32056,02,DAS
32058,01,EDAS
32058,02,EDAS
32059,01,EDAS
32059,02,EDAS
32060,01,EDAS
32060,02,EDAS
32061,01,REM
32061,02,REM
32062,01,EDAS
32062,02,EDAS
32063,01,DAS
32063,02,DAS
32064,01,DAS
32064,02,DAS
32066,01,EDAS
32066,02,EDAS
32068,01,DAS
32068,02,DAS
32071,01,REM
32071,02,REM
32072,01,EDAS
32072,02,EDAS
32079,01,DAS
32079,02,DAS
32080,01,DAS
32080,02,DAS
32083,01,DAS
32083,02,DAS
32084,01,DAS
32084,02,DAS
32087,01,REM
32087,02,REM
32091,01,EDAS
32091,02,EDAS
32094,01,EDAS
32094,02,EDAS
32096,01,EDAS
32096,02,EDAS
32097,01,DAS
32097,02,DAS
32102,01,EDAS
32102,02,EDAS
32105,01,EDAS
32105,02,EDAS
32110,01,REM
32110,02,REM
32112,01,EDAS
32112,02,EDAS
32113,01,DAS
32113,02,DAS
32130,01,EDAS
32130,02,EDAS
32131,01,EDAS
32131,02,EDAS
32132,01,DAS
32132,02,DAS
32133,01,EDAS
32133,02,EDAS
32134,01,EDAS
32134,02,EDAS
32136,01,DAS
32136,02,DAS
32137,01,DAS
32137,02,DAS
32138,01,EDAS
32138,02,EDAS
32139,01,EDAS
32139,02,EDAS
32140,01,REM
32140,02,REM
32145,01,EDAS
32145,02,EDAS
32147,01,EDAS
32147,02,EDAS
32148,01,EDAS
32148,02,EDAS
32149,01,EDAS
32149,02,EDAS
32157,01,EDAS
32157,02,EDAS
32160,01,EDAS
32160,02,EDAS
32168,01,DAS
32168,02,DAS
32169,01,DAS
32177,01,DAS
32177,02,DAS
32178,01,DAS
32178,02,DAS
32179,01,EDAS
32179,02,EDAS
32180,01,EDAS
32180,02,EDAS
32181,01,EDAS
32181,02,EDAS
32182,01,DAS
32182,02,EDAS
32183,01,EDAS
32183,02,EDAS
32185,01,EDAS
32185,02,EDAS
32187,01,EDAS
32187,02,EDAS
32189,01,EDAS
32189,02,EDAS
32190,01,EDAS
32190,02,EDAS
32192,01,EDAS
32192,02,EDAS
32193,01,DAS
32193,02,DAS
32195,01,DAS
32195,02,DAS
32227,01,EDAS
32227,02,EDAS
32234,01,EDAS
32234,02,EDAS
32305,01,DAS
32305,02,DAS
32310,01,DAS
32310,02,DAS
32317,01,DAS
32320,01,EDAS
32320,02,EDAS
32321,01,REM
32321,02,EDAS
32322,01,EDAS
32322,02,EDAS
32323,01,EDAS
32323,02,EDAS
32324,01,REM
32324,02,REM
32326,01,DAS
32326,02,DAS
32327,01,EDAS
32327,02,DAS
32328,01,EDAS
32328,02,EDAS
32330,01,DAS
32330,02,DAS
32331,01,REM
32331,02,REM
32332,01,DAS
32332,02,DAS
32333,01,DAS
32333,02,DAS
32334,01,EDAS
32334,02,EDAS
32335,01,EDAS
32335,02,EDAS
32336,01,REM
32336,02,REM
32337,01,DAS
32337,02,DAS
32340,01,EDAS
32340,02,EDAS
32341,01,EDAS
32341,02,EDAS
32344,01,EDAS
32344,02,EDAS
32345,01,EDAS
32345,02,EDAS
32346,01,EDAS
32346,02,EDAS
32347,01,EDAS
32347,02,EDAS
32348,01,EDAS
32348,02,EDAS
32350,01,EDAS
32350,02,EDAS
32351,01,DAS
32351,02,DAS
32352,01,EDAS
32352,02,EDAS
32353,01,DAS
32353,02,DAS
32355,01,DAS
32355,02,DAS
32356,01,EDAS
32356,02,EDAS
32357,01,REM
32357,02,REM
32358,01,REM
32358,02,REM
32359,01,EDAS
32359,02,EDAS
32360,01,EDAS
32360,02,EDAS
32361,01,DAS
32361,02,DAS
32409,01,DAS
32409,02,DAS
32420,01,EDAS
32420,02,EDAS
32421,01,EDAS
32421,02,EDAS
32422,01,DAS
32422,02,DAS
32423,01,EDAS
32423,02,EDAS
32424,01,DAS
32424,02,DAS
32425,01,EDAS
32425,02,EDAS
32426,01,EDAS
32426,02,EDAS
32427,01,EDAS
32427,02,EDAS
32428,01,DAS
32428,02,DAS
32430,01,EDAS
32430,02,EDAS
32431,01,EDAS
32431,02,EDAS
32432,01,DAS
32432,02,DAS
32433,01,EDAS
32433,02,EDAS
32434,01,EDAS
32434,02,EDAS
32435,01,EDAS
32435,02,EDAS
32437,01,REM
32437,02,REM
32438,01,EDAS
32438,02,EDAS
32439,01,DAS
32439,02,DAS
32440,01,DAS
32440,02,DAS
32442,01,EDAS
32442,02,EDAS
32443,01,REM
32443,02,REM
32445,01,EDAS
32445,02,EDAS
32446,01,DAS
32446,02,DAS
32447,01,DAS
32447,02,DAS
32448,01,DAS
32448,02,DAS
32449,01,EDAS
32449,02,EDAS
32452,01,EDAS
32452,02,EDAS
32455,01,REM
32455,02,REM
32456,01,DAS
32456,02,DAS
32457,01,DAS
32457,02,DAS
32460,01,REM
32460,02,REM
32462,01,EDAS
32462,02,EDAS
32463,01,DAS
32463,02,DAS
32464,01,REM
32464,02,REM
32465,01,EDAS
32465,02,EDAS
32466,01,EDAS
32466,02,EDAS
32531,01,EDAS
32531,02,EDAS
32533,01,DAS
32533,02,DAS
32535,01,EDAS
32535,02,EDAS
32536,01,DAS
32536,02,DAS
32537,01,EDAS
32537,02,EDAS
32538,01,DAS
32538,02,EDAS
32539,01,DAS
32539,02,DAS
32563,01,DAS
32563,02,DAS
32564,01,EDAS
32564,02,EDAS
32565,01,EDAS
32565,02,EDAS
32567,01,EDAS
32567,02,EDAS
32568,01,REM
32568,02,REM
32570,01,DAS
32570,02,DAS
32577,01,EDAS
32577,02,EDAS
32583,01,DAS
32583,02,DAS
32615,01,DAS
32615,02,DAS
32617,01,DAS
32617,02,DAS
32618,01,DAS
32618,02,DAS
32619,01,EDAS
32619,02,EDAS
32621,01,EDAS
32621,02,EDAS
32622,01,EDAS
32622,02,EDAS
32625,01,EDAS
32625,02,EDAS
32626,01,EDAS
32626,02,EDAS
32628,01,EDAS
32628,02,EDAS
32631,01,EDAS
32631,02,EDAS
32633,01,DAS
32633,02,DAS
32634,01,DAS
32634,02,DAS
32639,01,EDAS
32639,02,EDAS
32640,01,EDAS
32640,02,EDAS
32641,01,EDAS
32641,02,EDAS
32643,01,EDAS
32643,02,DAS
32644,01,EDAS
32644,02,EDAS
32648,01,REM
32648,02,REM
32654,01,REM
32654,02,REM
32655,01,DAS
32655,02,DAS
32656,01,EDAS
32656,02,EDAS
32658,01,DAS
32658,02,DAS
32662,01,EDAS
32662,02,EDAS
32663,01,EDAS
32663,02,EDAS
32664,01,DAS
32664,02,DAS
32666,01,EDAS
32666,02,EDAS
32667,01,EDAS
32667,02,EDAS
32668,01,EDAS
32668,02,EDAS
32669,01,DAS
32669,02,DAS
32680,01,EDAS
32680,02,EDAS
32681,01,EDAS
32681,02,EDAS
32683,01,REM
32683,02,REM
32686,01,EDAS
32686,02,EDAS
32692,01,EDAS
32692,02,EDAS
32693,01,EDAS
32693,02,EDAS
32694,01,EDAS
32694,02,EDAS
32696,01,DAS
32696,02,DAS
32697,01,DAS
32697,02,DAS
32702,01,REM
32702,02,REM
32709,01,EDAS
32709,02,EDAS
32712,01,DAS
32713,01,DAS
32713,02,DAS
32720,01,DAS
32720,02,DAS
32724,01,DAS
32724,02,DAS
32732,01,EDAS
32732,02,EDAS
32736,01,EDAS
32736,02,EDAS
32744,01,DAS
32744,02,DAS
32745,01,DAS
32745,02,DAS
32754,01,DAS
32754,02,DAS
32757,01,DAS
32757,02,DAS
32759,01,REM
32759,02,REM
32764,01,EDAS
32764,02,EDAS
32766,01,DAS
32766,02,DAS
32767,01,EDAS
32767,02,EDAS
32775,01,EDAS
32775,02,EDAS
32776,01,DAS
32776,02,DAS
32777,01,DAS
32777,02,DAS
32778,01,DAS
32778,02,DAS
32784,01,DAS
32784,02,DAS
32798,01,DAS
32798,02,DAS
32815,01,DAS
32815,02,DAS
32833,01,EDAS
32833,02,EDAS
32834,01,EDAS
32834,02,EDAS
32908,01,DAS
32908,02,DAS
32911,01,DAS
32911,02,DAS
32948,01,EDAS
32948,02,EDAS
32949,01,DAS
32949,02,DAS
32960,01,DAS
32960,02,DAS
32962,01,DAS
32962,02,DAS
32963,01,DAS
32963,02,DAS
32965,01,DAS
32965,02,DAS
32967,01,DAS
32967,02,DAS
32968,01,DAS
32968,02,DAS
32970,01,DAS
32970,02,DAS
32976,01,DAS
32976,02,DAS
33001,01,EDAS
33001,02,EDAS
33031,01,DAS
33031,02,DAS
33035,01,DAS
33035,02,DAS
33036,01,EDAS
33036,02,EDAS
33037,01,DAS
33037,02,DAS
33040,01,DAS
33040,02,DAS
33042,01,EDAS
33042,02,EDAS
33043,01,EDAS
33043,02,EDAS
33044,01,DAS
33044,02,DAS
33050,01,EDAS
33050,02,EDAS
33051,01,DAS
33051,02,DAS
33052,01,DAS
33052,02,DAS
33070,01,EDAS
33070,02,EDAS
33109,01,EDAS
33109,02,EDAS
33131,01,DAS
33131,02,DAS
33132,01,DAS
33132,02,DAS
33139,01,DAS
33139,02,DAS
33149,01,DAS
33149,02,DAS
33187,01,DAS
33187,02,DAS
33327,01,DAS
33327,02,DAS
33412,01,DAS
33430,01,EDAS
33430,02,EDAS
33438,01,EDAS
33438,02,EDAS
33439,01,EDAS
33439,02,EDAS
33440,01,EDAS
33440,02,EDAS
33455,01,DAS
33455,02,DAS
33459,01,EDAS
33459,02,EDAS
33470,01,DAS
33470,02,DAS
33471,01,EDAS
33471,02,EDAS
33475,01,DAS
33475,02,DAS
33476,01,REM
33476,02,REM
33493,01,EDAS
33493,02,EDAS
33513,01,DAS
33513,02,DAS
33514,01,EDAS
33514,02,EDAS
33521,01,DAS
33521,02,DAS
33523,01,EDAS
33523,02,EDAS
33525,01,DAS
33525,02,DAS
33526,01,DAS
33526,02,DAS
33527,01,DAS
33527,02,DAS
33530,01,DAS
33530,02,DAS
33538,01,EDAS
33538,02,EDAS
33540,01,DAS
33540,02,DAS
33541,01,DAS
33541,02,DAS
33544,01,DAS
33545,01,DAS
33545,02,DAS
33547,01,DAS
33547,02,DAS
33565,01,EDAS
33565,02,EDAS
33567,01,EDAS
33567,02,EDAS
33570,01,DAS
33570,02,DAS
33574,01,DAS
33574,02,DAS
33576,01,DAS
33576,02,DAS
33585,01,EDAS
33585,02,EDAS
33587,01,DAS
33587,02,DAS
33592,01,DAS
33592,02,DAS
33593,01,DAS
33593,02,DAS
33597,01,EDAS
33597,02,EDAS
33598,01,DAS
33598,02,DAS
33810,01,DAS
33810,02,DAS
33825,01,DAS
33825,02,DAS
33826,01,DAS
33826,02,DAS
33827,01,DAS
33827,02,DAS
33830,01,DAS
33830,02,DAS
33831,01,DAS
33831,02,DAS
33834,01,EDAS
33834,02,EDAS
33835,01,EDAS
33835,02,EDAS
33839,01,DAS
33839,02,DAS
33841,01,EDAS
33841,02,EDAS
33843,01,DAS
33843,02,DAS
33844,01,DAS
33844,02,DAS
33847,01,DAS
33847,02,DAS
33848,01,DAS
33848,02,DAS
33849,01,EDAS
33849,02,EDAS
33852,01,EDAS
33852,02,EDAS
33854,01,DAS
33854,02,DAS
33855,01,REM
33855,02,REM
33856,01,DAS
33856,02,DAS
33857,01,REM
33857,02,REM
33859,01,DAS
33859,02,DAS
33860,01,DAS
33860,02,DAS
33862,01,EDAS
33862,02,EDAS
33863,01,DAS
33863,02,DAS
33865,01,REM
33865,02,REM
33867,01,EDAS
33867,02,EDAS
33868,01,DAS
33868,02,DAS
33870,01,DAS
33870,02,DAS
33872,01,DAS
33872,02,DAS
33873,01,DAS
33873,02,DAS
33875,01,EDAS
33875,02,EDAS
33876,01,EDAS
33876,02,EDAS
33877,01,DAS
33877,02,DAS
33890,01,REM
33890,02,REM
33898,01,EDAS
33898,02,EDAS
33917,01,DAS
33917,02,DAS
33920,01,DAS
33920,02,DAS
33921,01,DAS
33921,02,DAS
33922,01,DAS
33922,02,DAS
33924,01,REM
33924,02,REM
33930,01,EDAS
33930,02,EDAS
33935,01,EDAS
33935,02,EDAS
33936,01,DAS
33936,02,DAS
33944,01,EDAS
33944,02,EDAS
33945,01,DAS
33945,02,DAS
33946,01,REM
33946,02,REM
33947,01,DAS
33947,02,DAS
33955,01,DAS
33955,02,DAS
33956,01,DAS
33956,02,DAS
33957,01,DAS
33957,02,DAS
33960,01,EDAS
33960,02,EDAS
33972,01,DAS
33972,02,DAS
33974,01,DAS
33974,02,DAS
33975,01,EDAS
33975,02,EDAS
33980,01,DAS
33980,02,DAS
33981,01,DAS
33981,02,DAS
33982,01,EDAS
33982,02,EDAS
33993,01,DAS
33993,02,DAS
34113,01,DAS
34113,02,DAS
34114,01,DAS
34114,02,DAS
34117,01,DAS
34117,02,DAS
34120,01,DAS
34120,02,DAS
34137,01,REM
34137,02,REM
34138,01,EDAS
34138,02,EDAS
34139,01,EDAS
34139,02,EDAS
34140,01,DAS
34140,02,DAS
34141,01,EDAS
34141,02,EDAS
34142,01,EDAS
34142,02,EDAS
34143,01,EDAS
34143,02,EDAS
34212,01,DAS
34219,01,DAS
34219,02,DAS
34223,01,DAS
34223,02,DAS
34228,01,DAS
34228,02,DAS
34237,01,DAS
34237,02,DAS
34241,01,DAS
34241,02,DAS
34251,01,EDAS
34251,02,EDAS
34265,01,EDAS
34265,02,EDAS
34266,01,EDAS
34266,02,EDAS
34267,01,REM
34267,02,REM
34268,01,EDAS
34268,02,EDAS
34269,01,DAS
34269,02,DAS
34275,01,DAS
34275,02,DAS
34286,01,DAS
34286,02,DAS
34289,01,DAS
34289,02,DAS
34290,01,DAS
34290,02,DAS
34291,01,DAS
34291,02,DAS
34292,01,DAS
34292,02,DAS
34293,01,DAS
34420,01,DAS
34420,02,DAS
34423,01,DAS
34423,02,DAS
34428,01,DAS
34428,02,DAS
34429,01,DAS
34429,02,DAS
34430,01,DAS
34430,02,DAS
34431,01,EDAS
34431,02,DAS
34432,01,DAS
34432,02,DAS
34433,01,EDAS
34433,02,EDAS
34434,01,DAS
34434,02,DAS
34436,01,EDAS
34436,02,EDAS
34441,01,DAS
34441,02,DAS
34442,01,DAS
34442,02,DAS
34445,01,DAS
34445,02,DAS
34446,01,DAS
34446,02,DAS
34447,01,DAS
34447,02,DAS
34448,01,DAS
34448,02,DAS
34449,01,EDAS
34449,02,EDAS
34450,01,DAS
34450,02,DAS
34451,01,DAS
34451,02,DAS
34452,01,DAS
34452,02,DAS
34453,01,DAS
34453,02,DAS
34460,01,DAS
34460,02,DAS
34461,01,DAS
34461,02,DAS
34465,01,DAS
34465,02,DAS
34473,01,DAS
34473,02,DAS
34481,01,DAS
34482,01,DAS
34482,02,DAS
34484,01,EDAS
34484,02,EDAS
34487,01,DAS
34487,02,DAS
34488,01,EDAS
34488,02,EDAS
34489,01,DAS
34489,02,DAS
34491,01,DAS
34491,02,DAS
34498,01,EDAS
34498,02,EDAS
34601,01,DAS
34601,02,DAS
34603,01,DAS
34603,02,DAS
34605,01,DAS
34605,02,DAS
34607,01,DAS
34607,02,DAS
34610,01,DAS
34610,02,DAS
34614,01,EDAS
34614,02,EDAS
34636,01,DAS
34636,02,DAS
34637,01,DAS
34639,01,DAS
34639,02,DAS
34654,01,DAS
34654,02,DAS
34669,01,DAS
34669,02,DAS
34679,01,EDAS
34679,02,EDAS
34688,01,DAS
34688,02,DAS
34692,01,DAS
34692,02,DAS
34705,01,EDAS
34705,02,EDAS
34714,01,DAS
34714,02,DAS
34715,01,DAS
34715,02,DAS
34729,01,DAS
34729,02,DAS
34736,01,DAS
34736,02,DAS
34737,01,DAS
34737,02,DAS
34739,01,REM
34739,02,REM
34753,01,DAS
34753,02,DAS
34755,01,DAS
34755,02,DAS
34759,01,DAS
34759,02,DAS
34762,01,DAS
34762,02,DAS
34771,01,DAS
34771,02,DAS
34772,01,DAS
34772,02,DAS
34773,01,EDAS
34773,02,EDAS
34785,01,DAS
34785,02,DAS
34797,01,DAS
34797,02,DAS
34945,01,EDAS
34945,02,EDAS
34946,01,DAS
34946,02,DAS
34947,01,DAS
34947,02,DAS
34949,01,DAS
34949,02,DAS
34951,01,DAS
34951,02,DAS
34956,01,EDAS
34956,02,EDAS
34957,01,DAS
34957,02,DAS
34972,01,EDAS
34972,02,EDAS
34973,01,EDAS
34973,02,EDAS
34974,01,EDAS
34974,02,EDAS
34987,01,DAS
34987,02,DAS
34990,01,DAS
34990,02,DAS
35005,01,EDAS
35005,02,EDAS
35006,01,EDAS
35006,02,EDAS
35010,01,DAS
35010,02,DAS
35011,01,DAS
35011,02,DAS
35013,01,DAS
35013,02,DAS
35014,01,EDAS
35014,02,EDAS
35016,01,DAS
35016,02,DAS
35019,01,REM
35019,02,REM
35020,01,DAS
35020,02,DAS
35023,01,DAS
35023,02,DAS
35031,01,EDAS
35031,02,EDAS
35032,02,DAS
35033,01,EDAS
35033,02,EDAS
35034,01,EDAS
35034,02,EDAS
35035,01,EDAS
35035,02,EDAS
35036,01,EDAS
35036,02,EDAS
35040,01,DAS
35040,02,DAS
35042,01,EDAS
35042,02,EDAS
35043,01,DAS
35043,02,DAS
35044,01,EDAS
35044,02,EDAS
35045,01,DAS
35045,02,DAS
35046,01,EDAS
35046,02,EDAS
35049,01,EDAS
35049,02,EDAS
35051,01,EDAS
35051,02,EDAS
35052,01,DAS
35052,02,DAS
35053,01,EDAS
35053,02,EDAS
35054,01,DAS
35054,02,DAS
35057,01,DAS
35057,02,DAS
35058,01,DAS
35058,02,DAS
35060,01,EDAS
35060,02,EDAS
35062,01,DAS
35062,02,DAS
35063,01,EDAS
35063,02,EDAS
35070,01,DAS
35070,02,DAS
35072,01,EDAS
35072,02,EDAS
35073,01,DAS
35073,02,DAS
35074,01,EDAS
35074,02,EDAS
35077,01,EDAS
35077,02,EDAS
35078,01,EDAS
35078,02,EDAS
35079,01,EDAS
35079,02,EDAS
35083,01,EDAS
35083,02,EDAS
35085,01,EDAS
35085,02,EDAS
35087,01,EDAS
35087,02,EDAS
35089,01,EDAS
35089,02,EDAS
35091,01,DAS
35091,02,DAS
35096,01,DAS
35096,02,DAS
35097,01,EDAS
35097,02,EDAS
35098,01,EDAS
35098,02,EDAS
35112,01,DAS
35112,02,DAS
35114,01,DAS
35114,02,DAS
35115,01,DAS
35115,02,DAS
35116,01,DAS
35116,02,DAS
35117,01,DAS
35117,02,DAS
35118,01,EDAS
35118,02,EDAS
35119,01,DAS
35119,02,DAS
35120,01,DAS
35120,02,DAS
35121,01,DAS
35121,02,DAS
35125,01,DAS
35125,02,DAS
35126,01,DAS
35126,02,DAS
35127,01,DAS
35127,02,DAS
35128,01,DAS
35128,02,DAS
35130,01,EDAS
35130,02,EDAS
35131,01,EDAS
35131,02,EDAS
35133,01,EDAS
35133,02,EDAS
35135,01,DAS
35135,02,DAS
35136,01,REM
35136,02,REM
35139,01,DAS
35139,02,DAS
35143,01,EDAS
35143,02,EDAS
35146,01,DAS
35146,02,DAS
35147,01,DAS
35147,02,DAS
35148,01,DAS
35148,02,DAS
35149,01,DAS
35149,02,DAS
35150,01,DAS
35150,02,DAS
35151,01,EDAS
35151,02,EDAS
35160,01,DAS
35160,02,DAS
35161,01,DAS
35161,02,DAS
35171,01,EDAS
35171,02,EDAS
35172,01,EDAS
35172,02,EDAS
35175,01,EDAS
35175,02,EDAS
35176,01,DAS
35176,02,DAS
35178,01,EDAS
35178,02,EDAS
35179,01,EDAS
35179,02,EDAS
35180,01,DAS
35180,02,DAS
35181,01,DAS
35181,02,DAS
35183,01,EDAS
35183,02,EDAS
35184,01,EDAS
35184,02,EDAS
35185,02,DAS
35186,01,EDAS
35186,02,EDAS
35187,02,DAS
35188,01,EDAS
35188,02,EDAS
35224,01,DAS
35224,02,DAS
35441,01,REM
35441,02,REM
35442,01,EDAS
35442,02,EDAS
35443,01,REM
35443,02,REM
35444,01,EDAS
35444,02,EDAS
35446,01,EDAS
35446,02,EDAS
35447,01,REM
35447,02,REM
35452,01,EDAS
35452,02,EDAS
35453,01,EDAS
35453,02,EDAS
35456,01,EDAS
35456,02,EDAS
35457,01,EDAS
35457,02,EDAS
35458,01,EDAS
35458,02,EDAS
35459,01,REM
35459,02,REM
35460,01,EDAS
35460,02,EDAS
35461,01,REM
35461,02,REM
35462,01,EDAS
35462,02,EDAS
35463,01,EDAS
35463,02,EDAS
35464,01,REM
35464,02,REM
35466,01,EDAS
35466,02,EDAS
35469,01,REM
35469,02,REM
35470,01,EDAS
35470,02,EDAS
35471,01,DAS
35471,02,DAS
35474,01,EDAS
35474,02,EDAS
35475,01,EDAS
35475,02,DAS
35477,01,REM
35477,02,REM
35480,01,EDAS
35480,02,EDAS
35481,01,EDAS
35481,02,EDAS
35490,01,EDAS
35490,02,EDAS
35501,01,DAS
35501,02,DAS
35503,01,EDAS
35503,02,EDAS
35504,01,DAS
35504,02,DAS
35540,01,EDAS
35540,02,EDAS
35541,01,EDAS
35541,02,EDAS
35542,01,EDAS
35542,02,EDAS
35543,01,EDAS
35543,02,EDAS
35544,01,EDAS
35544,02,EDAS
35545,01,DAS
35545,02,DAS
35546,01,EDAS
35546,02,EDAS
35548,01,EDAS
35548,02,EDAS
35549,01,EDAS
35549,02,EDAS
35550,01,EDAS
35550,02,EDAS
35552,01,EDAS
35552,02,EDAS
35553,01,REM
35553,02,REM
35554,01,EDAS
35554,02,EDAS
35555,01,EDAS
35555,02,EDAS
35559,01,DAS
35559,02,DAS
35560,01,EDAS
35560,02,EDAS
35563,01,EDAS
35563,02,EDAS
35564,01,EDAS
35564,02,EDAS
35565,01,EDAS
35565,02,EDAS
35570,01,EDAS
35570,02,EDAS
35571,01,EDAS
35571,02,EDAS
35572,01,REM
35572,02,REM
35573,01,EDAS
35573,02,EDAS
35574,01,EDAS
35574,02,EDAS
35575,01,DAS
35575,02,DAS
35576,01,EDAS
35576,02,EDAS
35577,01,EDAS
35577,02,EDAS
35578,01,EDAS
35578,02,EDAS
35579,01,EDAS
35579,02,EDAS
35580,01,EDAS
35580,02,EDAS
35581,01,REM
35581,02,REM
35582,01,DAS
35582,02,DAS
35584,01,DAS
35584,02,DAS
35585,01,EDAS
35585,02,EDAS
35586,01,EDAS
35586,02,EDAS
35587,01,EDAS
35587,02,EDAS
35592,01,EDAS
35592,02,EDAS
35593,01,EDAS
35593,02,EDAS
35594,01,EDAS
35594,02,EDAS
35610,01,REM
35610,02,REM
35611,01,DAS
35611,02,DAS
35613,01,DAS
35614,01,EDAS
35614,02,EDAS
35616,01,EDAS
35616,02,EDAS
35618,01,EDAS
35618,02,EDAS
35619,01,EDAS
35619,02,EDAS
35620,01,EDAS
35620,02,DAS
35621,01,EDAS
35621,02,EDAS
35622,01,EDAS
35622,02,EDAS
35633,01,EDAS
35633,02,EDAS
35634,01,EDAS
35634,02,DAS
35640,01,DAS
35640,02,DAS
35643,01,EDAS
35643,02,EDAS
35645,01,EDAS
35645,02,EDAS
35646,01,EDAS
35646,02,EDAS
35647,01,EDAS
35647,02,EDAS
35648,01,EDAS
35648,02,EDAS
35650,01,DAS
35650,02,DAS
35651,01,REM
35651,02,REM
35652,01,EDAS
35652,02,EDAS
35653,01,DAS
35653,02,DAS
35654,01,REM
35654,02,REM
35660,01,DAS
35660,02,DAS
35670,01,EDAS
35670,02,EDAS
35671,01,EDAS
35671,02,EDAS
35672,01,EDAS
35672,02,EDAS
35673,01,DAS
35673,02,DAS
35674,01,DAS
35674,02,DAS
35677,01,REM
35677,02,REM
35739,01,DAS
35739,02,DAS
35740,01,EDAS
35740,02,EDAS
35741,01,DAS
35741,02,DAS
35744,01,EDAS
35744,02,EDAS
35745,01,REM
35745,02,REM
35746,01,EDAS
35746,02,EDAS
35747,01,EDAS
35747,02,EDAS
35748,01,DAS
35748,02,DAS
35750,01,DAS
35750,02,DAS
35751,01,EDAS
35751,02,EDAS
35752,01,EDAS
35752,02,EDAS
35754,01,DAS
35754,02,DAS
35755,01,EDAS
35755,02,EDAS
35756,01,EDAS
35756,02,EDAS
35759,01,DAS
35759,02,DAS
35760,01,DAS
35760,02,DAS
35761,01,DAS
35761,02,DAS
35764,01,EDAS
35764,02,EDAS
35765,01,EDAS
35765,02,EDAS
35766,01,REM
35766,02,REM
35768,01,DAS
35768,02,DAS
35769,01,EDAS
35769,02,EDAS
35771,01,EDAS
35771,02,EDAS
35772,01,EDAS
35772,02,EDAS
35773,01,DAS
35773,02,DAS
35774,01,EDAS
35774,02,EDAS
35775,01,EDAS
35775,02,EDAS
35776,01,EDAS
35776,02,EDAS
35901,01,DAS
35901,02,DAS
35904,01,DAS
35904,02,DAS
35905,01,DAS
35905,02,DAS
35906,01,DAS
35906,02,DAS
35907,01,DAS
35950,01,DAS
35950,02,DAS
35951,01,DAS
35951,02,DAS
35952,01,EDAS
35952,02,EDAS
35953,01,EDAS
35953,02,EDAS
35954,01,DAS
35954,02,DAS
35956,01,EDAS
35956,02,DAS
35957,01,DAS
35957,02,DAS
35958,01,REM
35958,02,REM
35959,01,EDAS
35959,02,EDAS
35960,01,EDAS
35960,02,EDAS
35961,01,EDAS
35961,02,EDAS
35962,01,EDAS
35962,02,EDAS
35963,01,EDAS
35963,02,EDAS
35964,01,DAS
35964,02,EDAS
35966,01,EDAS
35966,02,EDAS
35967,01,DAS
35967,02,DAS
35968,01,DAS
35968,02,DAS
35971,01,EDAS
35971,02,EDAS
35972,01,EDAS
35972,02,EDAS
35973,01,REM
35973,02,REM
35974,01,EDAS
35974,02,EDAS
35975,01,EDAS
35975,02,EDAS
35976,01,DAS
35976,02,DAS
35978,01,EDAS
35978,02,EDAS
35979,01,EDAS
35979,02,EDAS
35980,01,EDAS
35980,02,EDAS
35981,01,EDAS
35981,02,EDAS
35983,01,EDAS
35983,02,EDAS
35984,01,EDAS
35984,02,EDAS
35986,01,DAS
35986,02,DAS
35987,01,DAS
35987,02,DAS
35988,01,EDAS
35988,02,EDAS
35989,01,EDAS
35989,02,EDAS
35990,01,EDAS
35990,02,EDAS
36003,01,REM
36003,02,REM
36005,01,EDAS
36005,02,EDAS
36006,01,EDAS
36006,02,EDAS
36009,01,EDAS
36009,02,EDAS
36010,01,EDAS
36010,02,EDAS
36013,01,EDAS
36013,02,EDAS
36015,01,REM
36015,02,REM
36016,01,REM
36016,02,REM
36017,01,REM
36017,02,REM
36020,01,DAS
36020,02,DAS
36022,01,EDAS
36022,02,DAS
36024,01,EDAS
36024,02,EDAS
36025,01,DAS
36025,02,DAS
36026,01,EDAS
36026,02,EDAS
36027,01,REM
36027,02,REM
36028,01,EDAS
36028,02,EDAS
36029,01,REM
36029,02,REM
36030,01,REM
36030,02,REM
36031,01,REM
36031,02,REM
36032,01,EDAS
36032,02,EDAS
36033,01,EDAS
36033,02,EDAS
36034,01,EDAS
36034,02,EDAS
36035,01,REM
36035,02,REM
36036,01,EDAS
36036,02,EDAS
36037,01,EDAS
36037,02,EDAS
36039,01,REM
36039,02,REM
36040,01,REM
36040,02,REM
36041,01,EDAS
36041,02,EDAS
36042,01,EDAS
36042,02,EDAS
36043,01,EDAS
36043,02,EDAS
36046,01,REM
36046,02,REM
36047,01,REM
36047,02,REM
36048,01,EDAS
36048,02,EDAS
36049,01,EDAS
36049,02,EDAS
36051,01,REM
36051,02,REM
36052,01,EDAS
36052,02,EDAS
36053,01,REM
36053,02,REM
36054,01,DAS
36057,01,DAS
36057,02,DAS
36061,01,EDAS
36061,02,EDAS
36062,01,EDAS
36062,02,EDAS
36064,01,EDAS
36064,02,EDAS
36065,01,DAS
36065,02,DAS
36067,01,DAS
36067,02,DAS
36069,01,EDAS
36069,02,EDAS
36071,01,EDAS
36071,02,EDAS
36072,01,DAS
36072,02,DAS
36075,01,EDAS
36075,02,EDAS
36078,01,DAS
36078,02,DAS
36079,01,EDAS
36079,02,EDAS
36080,01,EDAS
36080,02,EDAS
36081,01,DAS
36081,02,DAS
36082,01,DAS
36082,02,DAS
36083,01,EDAS
36083,02,EDAS
36087,01,DAS
36087,02,DAS
36088,01,DAS
36088,02,DAS
36089,01,REM
36089,02,REM
36091,01,REM
36091,02,REM
36092,01,DAS
36092,02,DAS
36093,01,DAS
36093,02,DAS
36105,01,DAS
36105,02,DAS
36125,01,DAS
36125,02,DAS
36205,01,DAS
36205,02,DAS
36250,01,DAS
36250,02,DAS
36251,01,EDAS
36251,02,EDAS
36253,01,DAS
36253,02,DAS
36255,01,EDAS
36255,02,EDAS
36256,01,EDAS
36256,02,EDAS
36258,01,REM
36258,02,REM
36260,01,DAS
36260,02,DAS
36261,01,EDAS
36261,02,EDAS
36262,01,REM
36262,02,REM
36263,01,EDAS
36263,02,EDAS
36264,01,EDAS
36264,02,EDAS
36265,01,DAS
36265,02,DAS
36266,01,REM
36266,02,REM
36267,01,EDAS
36267,02,EDAS
36268,01,DAS
36268,02,DAS
36269,01,REM
36269,02,REM
36270,01,EDAS
36270,02,EDAS
36271,01,DAS
36271,02,DAS
36272,01,EDAS
36272,02,EDAS
36273,01,REM
36273,02,REM
36274,01,EDAS
36274,02,EDAS
36275,01,DAS
36275,02,DAS
36276,01,EDAS
36276,02,EDAS
36277,01,DAS
36277,02,DAS
36278,01,EDAS
36278,02,EDAS
36279,01,EDAS
36279,02,EDAS
36280,01,REM
36280,02,REM
36301,01,DAS
36301,02,DAS
36305,01,DAS
36305,02,DAS
36310,01,REM
36310,02,REM
36311,01,EDAS
36311,02,EDAS
36312,01,DAS
36312,02,DAS
36314,01,EDAS
36314,02,EDAS
36316,01,EDAS
36316,02,EDAS
36317,01,REM
36317,02,REM
36318,01,REM
36318,02,REM
36319,01,EDAS
36319,02,EDAS
36320,01,EDAS
36320,02,EDAS
36321,01,DAS
36321,02,DAS
36322,01,DAS
36322,02,DAS
36323,01,EDAS
36323,02,EDAS
36330,01,DAS
36330,02,DAS
36340,01,DAS
36340,02,DAS
36343,01,REM
36343,02,REM
36344,01,EDAS
36344,02,EDAS
36345,01,DAS
36345,02,DAS
36346,01,EDAS
36346,02,EDAS
36349,01,DAS
36349,02,DAS
36350,01,DAS
36350,02,DAS
36351,01,EDAS
36351,02,EDAS
36352,01,DAS
36352,02,DAS
36353,01,EDAS
36353,02,EDAS
36360,01,EDAS
36360,02,EDAS
36361,01,DAS
36361,02,DAS
36362,02,DAS
36370,01,DAS
36370,02,DAS
36371,01,DAS
36371,02,DAS
36373,01,EDAS
36373,02,EDAS
36374,01,EDAS
36374,02,EDAS
36375,01,EDAS
36375,02,EDAS
36376,01,DAS
36376,02,DAS
36401,01,EDAS
36401,02,EDAS
36420,01,EDAS
36420,02,EDAS
36421,01,EDAS
36421,02,EDAS
36425,01,REM
36425,02,REM
36426,01,DAS
36426,02,DAS
36427,01,DAS
36427,02,DAS
36429,01,DAS
36429,02,DAS
36431,01,EDAS
36431,02,EDAS
36432,01,EDAS
36432,02,EDAS
36435,01,REM
36435,02,REM
36436,01,EDAS
36436,02,EDAS
36439,01,DAS
36439,02,EDAS
36441,01,EDAS
36441,02,EDAS
36442,01,REM
36442,02,REM
36444,01,REM
36444,02,REM
36445,01,EDAS
36445,02,EDAS
36446,01,EDAS
36446,02,EDAS
36451,01,EDAS
36451,02,EDAS
36453,01,EDAS
36453,02,EDAS
36454,01,EDAS
36454,02,EDAS
36455,01,EDAS
36455,02,EDAS
36456,01,EDAS
36456,02,EDAS
36458,01,DAS
36458,02,DAS
36460,01,DAS
36460,02,DAS
36461,01,DAS
36461,02,DAS
36467,01,REM
36467,02,REM
36470,01,EDAS
36470,02,EDAS
36471,01,EDAS
36471,02,EDAS
36473,01,EDAS
36473,02,EDAS
36474,01,EDAS
36474,02,EDAS
36475,01,EDAS
36475,02,EDAS
36476,01,DAS
36476,02,DAS
36477,01,EDAS
36477,02,EDAS
36480,01,REM
36480,02,REM
36481,01,REM
36481,02,REM
36482,01,REM
36482,02,REM
36483,01,EDAS
36483,02,EDAS
36502,01,DAS
36502,02,DAS
36504,01,DAS
36504,02,DAS
36505,01,EDAS
36505,02,EDAS
36507,01,EDAS
36507,02,EDAS
36509,01,DAS
36509,02,DAS
36511,01,EDAS
36511,02,EDAS
36512,01,DAS
36512,02,DAS
36513,01,REM
36513,02,REM
36515,01,EDAS
36515,02,EDAS
36518,01,REM
36518,02,REM
36521,01,EDAS
36521,02,EDAS
36522,01,EDAS
36522,02,EDAS
36523,01,DAS
36523,02,DAS
36524,01,REM
36524,02,REM
36525,01,EDAS
36525,02,EDAS
36528,01,DAS
36528,02,DAS
36529,01,REM
36529,02,REM
36530,01,EDAS
36530,02,EDAS
36538,01,REM
36538,02,REM
36539,01,REM
36539,02,REM
36540,01,REM
36540,02,REM
36541,01,EDAS
36541,02,EDAS
36542,01,DAS
36542,02,DAS
36543,01,DAS
36543,02,DAS
36544,01,DAS
36544,02,DAS
36545,01,EDAS
36545,02,EDAS
36548,01,EDAS
36548,02,EDAS
36549,01,DAS
36549,02,DAS
36550,01,REM
36550,02,REM
36551,01,EDAS
36551,02,EDAS
36553,01,REM
36553,02,REM
36555,01,DAS
36555,02,DAS
36556,01,REM
36556,02,REM
36558,01,REM
36558,02,REM
36560,01,EDAS
36560,02,EDAS
36561,01,DAS
36561,02,DAS
36562,01,EDAS
36562,02,EDAS
36567,01,DAS
36567,02,DAS
36568,01,DAS
36568,02,DAS
36569,01,EDAS
36569,02,EDAS
36571,01,DAS
36571,02,DAS
36572,01,DAS
36572,02,DAS
36574,01,DAS
36574,02,DAS
36576,01,DAS
36576,02,DAS
36578,01,DAS
36578,02,DAS
36579,01,REM
36579,02,REM
36580,01,DAS
36580,02,DAS
36581,01,REM
36581,02,REM
36583,01,EDAS
36583,02,EDAS
36584,01,EDAS
36584,02,EDAS
36585,01,REM
36585,02,REM
36586,01,EDAS
36586,02,EDAS
36587,01,EDAS
36587,02,DAS
36612,01,DAS
36612,02,DAS
36613,01,DAS
36613,02,DAS
36633,01,DAS
36633,02,DAS
36701,01,DAS
36701,02,DAS
36702,01,DAS
36702,02,DAS
36703,01,DAS
36703,02,DAS
36720,01,EDAS
36720,02,EDAS
36721,01,EDAS
36721,02,EDAS
36722,01,EDAS
36722,02,EDAS
36723,01,REM
36723,02,REM
36726,01,EDAS
36726,02,EDAS
36727,01,REM
36727,02,REM
36728,01,EDAS
36728,02,EDAS
36732,01,DAS
36732,02,DAS
36736,01,EDAS
36736,02,EDAS
36738,01,REM
36738,02,REM
36740,01,REM
36740,02,REM
36741,01,DAS
36741,02,DAS
36742,01,REM
36742,02,REM
36744,01,EDAS
36744,02,EDAS
36745,01,DAS
36745,02,DAS
36748,01,EDAS
36748,02,EDAS
36749,01,REM
36749,02,REM
36750,01,EDAS
36750,02,EDAS
36751,01,REM
36751,02,REM
36752,01,REM
36752,02,REM
36753,01,EDAS
36753,02,EDAS
36754,01,REM
36754,02,REM
36756,01,REM
36756,02,REM
36758,01,EDAS
36758,02,EDAS
36759,01,EDAS
36759,02,EDAS
36761,01,REM
36761,02,REM
36762,01,EDAS
36762,02,EDAS
36763,01,EDAS
36763,02,EDAS
36764,01,DAS
36764,02,DAS
36765,01,EDAS
36765,02,EDAS
36766,01,EDAS
36766,02,EDAS
36767,01,REM
36767,02,REM
36768,01,REM
36768,02,REM
36769,01,EDAS
36769,02,EDAS
36773,01,EDAS
36773,02,EDAS
36775,01,EDAS
36775,02,EDAS
36776,01,REM
36776,02,REM
36779,01,EDAS
36779,02,EDAS
36782,01,EDAS
36782,02,EDAS
36783,01,EDAS
36783,02,EDAS
36784,01,EDAS
36784,02,EDAS
36785,01,REM
36785,02,REM
36786,01,REM
36786,02,REM
36790,01,EDAS
36790,02,EDAS
36792,01,EDAS
36792,02,EDAS
36793,01,REM
36793,02,REM
36804,01,DAS
36804,02,DAS
36850,01,EDAS
36850,02,EDAS
36851,01,EDAS
36851,02,EDAS
36852,01,EDAS
36852,02,EDAS
36853,01,EDAS
36853,02,EDAS
36854,01,EDAS
36854,02,EDAS
36855,01,REM
36855,02,REM
36856,01,DAS
36856,02,DAS
36858,01,REM
36858,02,REM
36859,01,DAS
36859,02,DAS
36860,01,REM
36860,02,REM
36861,01,EDAS
36861,02,EDAS
36862,01,EDAS
36862,02,EDAS
36863,01,EDAS
36863,02,EDAS
36866,01,EDAS
36866,02,EDAS
36867,01,DAS
36867,02,DAS
36869,01,EDAS
36869,02,EDAS
36870,01,DAS
36870,02,DAS
36871,01,EDAS
36871,02,EDAS
36874,01,EDAS
36874,02,EDAS
36875,01,REM
36875,02,EDAS
36877,01,EDAS
36877,02,EDAS
36879,01,EDAS
36879,02,EDAS
36901,01,REM
36901,02,REM
36904,01,EDAS
36904,02,EDAS
36907,01,REM
36907,02,EDAS
36908,01,REM
36908,02,REM
36910,01,EDAS
36910,02,EDAS
36912,01,REM
36912,02,REM
36913,01,EDAS
36913,02,EDAS
36915,01,REM
36915,02,REM
36916,01,EDAS
36916,02,EDAS
36919,01,REM
36919,02,REM
36921,01,EDAS
36921,02,EDAS
36922,01,REM
36922,02,REM
36925,01,EDAS
36925,02,EDAS
37010,01,EDAS
37010,02,EDAS
37012,01,REM
37012,02,REM
37014,01,DAS
37014,02,DAS
37015,01,DAS
37015,02,DAS
37016,01,EDAS
37016,02,EDAS
37018,01,EDAS
37018,02,EDAS
37019,01,EDAS
37019,02,EDAS
37020,01,EDAS
37020,02,EDAS
37022,01,EDAS
37022,02,EDAS
37023,01,EDAS
37023,02,EDAS
37025,01,EDAS
37025,02,EDAS
37026,01,EDAS
37026,02,EDAS
37028,01,EDAS
37028,02,EDAS
37029,01,DAS
37029,02,DAS
37030,01,DAS
37030,02,DAS
37031,01,DAS
37031,02,DAS
37032,01,EDAS
37032,02,EDAS
37033,01,EDAS
37033,02,EDAS
37034,01,DAS
37034,02,DAS
37035,01,DAS
37035,02,DAS
37036,01,EDAS
37036,02,EDAS
37037,01,DAS
37037,02,DAS
37046,01,DAS
37046,02,DAS
37047,01,EDAS
37047,02,EDAS
37048,01,DAS
37048,02,DAS
37049,01,EDAS
37049,02,EDAS
37050,01,EDAS
37050,02,EDAS
37051,01,EDAS
37051,02,EDAS
37052,01,EDAS
37052,02,EDAS
37055,01,DAS
37055,02,DAS
37056,01,DAS
37056,02,DAS
37057,01,EDAS
37057,02,EDAS
37058,01,REM
37058,02,REM
37059,01,EDAS
37059,02,EDAS
37060,01,EDAS
37060,02,EDAS
37061,01,EDAS
37061,02,EDAS
37062,01,DAS
37062,02,DAS
37073,01,DAS
37073,02,DAS
37074,01,DAS
37074,02,DAS
37077,01,DAS
37077,02,DAS
37078,01,EDAS
37078,02,EDAS
37079,01,EDAS
37079,02,EDAS
37080,01,DAS
37080,02,DAS
37082,01,EDAS
37082,02,EDAS
37083,01,EDAS
37083,02,EDAS
37085,01,DAS
37085,02,DAS
37090,01,DAS
37090,02,DAS
37091,01,DAS
37091,02,DAS
37095,01,EDAS
37095,02,EDAS
37096,01,REM
37096,02,REM
37097,01,REM
37097,02,REM
37098,01,EDAS
37098,02,EDAS
37101,01,EDAS
37101,02,EDAS
37110,01,DAS
37110,02,DAS
37111,01,DAS
37111,02,DAS
37118,01,EDAS
37118,02,EDAS
37134,01,EDAS
37134,02,EDAS
37137,01,EDAS
37137,02,EDAS
37140,01,REM
37140,02,REM
37141,01,EDAS
37141,02,EDAS
37142,01,EDAS
37142,02,EDAS
37143,01,DAS
37143,02,DAS
37144,01,REM
37144,02,REM
37145,01,REM
37145,02,REM
37146,01,DAS
37146,02,DAS
37147,01,EDAS
37147,02,EDAS
37148,01,DAS
37148,02,DAS
37149,01,EDAS
37149,02,EDAS
37150,01,REM
37150,02,REM
37151,01,EDAS
37151,02,EDAS
37153,01,DAS
37153,02,DAS
37160,01,DAS
37160,02,DAS
37165,01,EDAS
37165,02,EDAS
37166,01,DAS
37166,02,DAS
37171,01,EDAS
37171,02,EDAS
37172,01,DAS
37172,02,DAS
37175,01,REM
37175,02,REM
37178,01,REM
37178,02,REM
37179,01,DAS
37179,02,DAS
37180,01,DAS
37180,02,DAS
37181,01,EDAS
37181,02,EDAS
37183,01,EDAS
37183,02,EDAS
37184,01,EDAS
37184,02,EDAS
37185,01,EDAS
37185,02,EDAS
37186,01,EDAS
37186,02,EDAS
37187,01,DAS
37187,02,DAS
37188,01,DAS
37188,02,DAS
37189,01,DAS
37189,02,DAS
37190,01,EDAS
37190,02,EDAS
37191,01,EDAS
37191,02,EDAS
37221,01,DAS
37301,01,REM
37301,02,REM
37303,01,DAS
37303,02,DAS
37304,02,DAS
37305,01,EDAS
37305,02,EDAS
37306,01,EDAS
37306,02,EDAS
37307,01,EDAS
37307,02,EDAS
37308,01,REM
37308,02,REM
37309,01,REM
37309,02,REM
37310,01,EDAS
37310,02,EDAS
37313,01,EDAS
37313,02,EDAS
37316,01,DAS
37316,02,DAS
37317,01,EDAS
37317,02,EDAS
37318,01,DAS
37318,02,DAS
37321,01,DAS
37321,02,DAS
37322,01,EDAS
37322,02,EDAS
37323,01,DAS
37323,02,DAS
37324,01,EDAS
37324,02,EDAS
37325,01,REM
37325,02,REM
37326,01,DAS
37326,02,DAS
37327,01,EDAS
37327,02,EDAS
37328,01,EDAS
37328,02,EDAS
37329,01,EDAS
37329,02,EDAS
37330,01,EDAS
37330,02,EDAS
37331,01,DAS
37331,02,DAS
37332,01,REM
37332,02,REM
37333,01,EDAS
37333,02,EDAS
37334,01,EDAS
37334,02,EDAS
37335,01,REM
37335,02,REM
37336,01,DAS
37336,02,DAS
37337,01,REM
37337,02,REM
37338,01,EDAS
37338,02,EDAS
37339,01,EDAS
37339,02,EDAS
37340,01,EDAS
37340,02,EDAS
37341,01,DAS
37341,02,DAS
37342,01,EDAS
37342,02,EDAS
37345,01,EDAS
37345,02,EDAS
37347,01,EDAS
37347,02,EDAS
37348,01,EDAS
37348,02,EDAS
37349,01,DAS
37349,02,DAS
37352,01,DAS
37352,02,DAS
37353,01,EDAS
37353,02,EDAS
37354,01,DAS
37354,02,DAS
37355,01,DAS
37355,02,DAS
37356,01,EDAS
37356,02,EDAS
37357,01,EDAS
37357,02,EDAS
37359,01,EDAS
37359,02,EDAS
37360,01,EDAS
37360,02,EDAS
37361,01,EDAS
37361,02,EDAS
37362,01,EDAS
37362,02,EDAS
37365,01,REM
37365,02,REM
37366,01,EDAS
37366,02,EDAS
37367,01,REM
37367,02,REM
37369,01,EDAS
37369,02,EDAS
37370,01,EDAS
37370,02,EDAS
37373,01,DAS
37373,02,DAS
37374,01,EDAS
37374,02,EDAS
37375,01,EDAS
37375,02,EDAS
37376,01,REM
37376,02,REM
37377,01,DAS
37377,02,DAS
37378,01,EDAS
37378,02,EDAS
37379,01,DAS
37379,02,DAS
37380,01,EDAS
37380,02,EDAS
37381,01,EDAS
37381,02,EDAS
37382,01,EDAS
37382,02,EDAS
37383,01,REM
37383,02,REM
37385,01,REM
37385,02,REM
37387,01,REM
37387,02,REM
37388,01,DAS
37388,02,DAS
37389,01,DAS
37389,02,DAS
37391,01,REM
37391,02,REM
37394,01,DAS
37394,02,DAS
37396,01,REM
37396,02,REM
37397,01,EDAS
37397,02,EDAS
37398,01,DAS
37398,02,DAS
37419,01,DAS
37419,02,DAS
37616,01,DAS
37616,02,DAS
37617,01,EDAS
37617,02,EDAS
37618,01,DAS
37618,02,DAS
37640,01,REM
37640,02,REM
37641,01,EDAS
37641,02,DAS
37642,01,DAS
37642,02,DAS
37643,01,DAS
37643,02,DAS
37644,01,DAS
37644,02,DAS
37650,01,EDAS
37650,02,EDAS
37656,01,DAS
37656,02,DAS
37657,01,EDAS
37657,02,EDAS
37658,01,EDAS
37658,02,EDAS
37659,01,DAS
37659,02,DAS
37680,01,REM
37680,02,REM
37681,01,EDAS
37681,02,EDAS
37683,01,EDAS
37683,02,EDAS
37687,01,EDAS
37687,02,EDAS
37688,01,EDAS
37688,02,EDAS
37690,01,DAS
37690,02,DAS
37691,01,EDAS
37691,02,EDAS
37692,01,DAS
37692,02,DAS
37694,01,DAS
37694,02,DAS
37705,01,EDAS
37705,02,EDAS
37707,01,EDAS
37707,02,EDAS
37708,01,EDAS
37708,02,EDAS
37709,01,DAS
37709,02,DAS
37710,01,EDAS
37710,02,EDAS
37711,01,DAS
37711,02,DAS
37713,01,EDAS
37713,02,EDAS
37714,01,EDAS
37714,02,EDAS
37715,01,EDAS
37715,02,EDAS
37716,01,DAS
37719,02,DAS
37721,01,EDAS
37721,02,EDAS
37722,01,EDAS
37722,02,EDAS
37723,01,EDAS
37723,02,EDAS
37724,01,EDAS
37724,02,EDAS
37725,01,DAS
37725,02,DAS
37726,01,REM
37726,02,REM
37727,01,REM
37727,02,REM
37729,01,REM
37729,02,REM
37731,01,REM
37731,02,REM
37732,01,EDAS
37732,02,EDAS
37733,01,REM
37733,02,REM
37737,01,EDAS
37737,02,EDAS
37738,01,DAS
37738,02,DAS
37742,01,EDAS
37742,02,EDAS
37743,01,DAS
37743,02,DAS
37744,01,DAS
37744,02,DAS
37745,01,EDAS
37745,02,EDAS
37748,01,DAS
37748,02,DAS
37752,01,EDAS
37752,02,EDAS
37753,01,REM
37753,02,REM
37754,01,EDAS
37754,02,EDAS
37755,01,EDAS
37755,02,EDAS
37756,01,EDAS
37756,02,EDAS
37757,01,DAS
37757,02,DAS
37760,01,DAS
37760,02,DAS
37762,01,EDAS
37762,02,EDAS
37763,01,DAS
37763,02,DAS
37764,01,EDAS
37764,02,EDAS
37765,01,EDAS
37765,02,EDAS
37766,01,DAS
37766,02,DAS
37769,01,EDAS
37769,02,EDAS
37770,01,EDAS
37770,02,EDAS
37771,01,DAS
37771,02,DAS
37772,01,DAS
37772,02,DAS
37773,01,EDAS
37773,02,EDAS
37774,01,DAS
37774,02,DAS
37777,01,DAS
37777,02,DAS
37778,01,DAS
37778,02,DAS
37779,01,EDAS
37779,02,EDAS
37803,01,DAS
37803,02,DAS
37806,01,DAS
37806,02,DAS
37807,01,EDAS
37807,02,EDAS
37809,01,EDAS
37809,02,EDAS
37810,01,EDAS
37810,02,EDAS
37811,01,EDAS
37811,02,EDAS
37813,01,DAS
37813,02,DAS
37818,01,EDAS
37818,02,EDAS
37819,01,EDAS
37819,02,EDAS
37820,01,DAS
37820,02,DAS
37821,01,DAS
37821,02,DAS
37822,01,DAS
37822,02,DAS
37824,01,DAS
37824,02,DAS
37825,01,EDAS
37825,02,EDAS
37826,01,EDAS
37826,02,EDAS
37829,01,EDAS
37829,02,EDAS
37840,01,EDAS
37840,02,DAS
37841,01,EDAS
37841,02,EDAS
37843,01,REM
37843,02,REM
37845,02,DAS
37846,01,EDAS
37846,02,EDAS
37847,01,REM
37847,02,EDAS
37848,01,EDAS
37848,02,EDAS
37852,01,REM
37852,02,REM
37854,01,EDAS
37854,02,EDAS
37857,01,EDAS
37857,02,DAS
37860,01,DAS
37860,02,DAS
37861,01,EDAS
37861,02,EDAS
37862,01,EDAS
37862,02,EDAS
37863,01,EDAS
37863,02,EDAS
37865,01,DAS
37865,02,DAS
37866,01,EDAS
37866,02,EDAS
37869,01,EDAS
37869,02,EDAS
37870,01,EDAS
37870,02,EDAS
37871,01,EDAS
37871,02,EDAS
37872,01,REM
37872,02,REM
37873,01,EDAS
37873,02,EDAS
37874,01,DAS
37874,02,DAS
37876,01,DAS
37876,02,DAS
37877,01,DAS
37877,02,DAS
37878,01,EDAS
37878,02,EDAS
37879,01,EDAS
37879,02,EDAS
37880,01,EDAS
37880,02,EDAS
37881,01,EDAS
37881,02,EDAS
37882,01,EDAS
37882,02,EDAS
37885,01,EDAS
37885,02,EDAS
37886,01,DAS
37886,02,DAS
37887,01,EDAS
37887,02,EDAS
37888,01,REM
37888,02,REM
37890,01,DAS
37890,02,DAS
37891,01,DAS
37891,02,DAS
37892,01,EDAS
37892,02,EDAS
37927,01,DAS
37927,02,DAS
38001,01,DAS
38001,02,DAS
38004,01,DAS
38004,02,DAS
38006,01,DAS
38006,02,DAS
38007,01,DAS
38007,02,EDAS
38008,01,EDAS
38008,02,EDAS
38011,01,DAS
38011,02,DAS
38012,01,EDAS
38012,02,EDAS
38015,01,EDAS
38015,02,EDAS
38019,01,DAS
38019,02,DAS
38023,01,EDAS
38023,02,EDAS
38024,01,DAS
38024,02,DAS
38025,01,DAS
38025,02,DAS
38028,01,DAS
38028,02,DAS
38030,01,EDAS
38030,02,EDAS
38034,01,EDAS
38034,02,EDAS
38036,01,DAS
38036,02,DAS
38037,01,EDAS
38037,02,EDAS
38039,01,REM
38039,02,REM
38040,01,EDAS
38040,02,EDAS
38041,01,EDAS
38041,02,EDAS
38042,01,REM
38042,02,REM
38044,01,EDAS
38044,02,EDAS
38046,01,EDAS
38046,02,EDAS
38049,01,EDAS
38049,02,EDAS
38050,01,EDAS
38050,02,EDAS
38052,01,EDAS
38052,02,EDAS
38053,01,DAS
38053,02,DAS
38057,01,EDAS
38057,02,EDAS
38058,01,EDAS
38058,02,EDAS
38059,01,DAS
38059,02,DAS
38060,01,DAS
38060,02,DAS
38061,01,EDAS
38061,02,EDAS
38063,01,DAS
38063,02,DAS
38066,01,EDAS
38066,02,EDAS
38067,01,EDAS
38067,02,EDAS
38068,01,EDAS
38068,02,EDAS
38069,01,EDAS
38069,02,EDAS
38070,01,EDAS
38070,02,EDAS
38071,01,DAS
38071,02,DAS
38074,01,EDAS
38074,02,EDAS
38075,01,EDAS
38075,02,EDAS
38076,01,EDAS
38076,02,EDAS
38077,01,EDAS
38077,02,EDAS
38079,01,EDAS
38079,02,EDAS
38080,01,EDAS
38080,02,EDAS
38127,01,DAS
38127,02,DAS
38167,01,DAS
38167,02,DAS
38201,01,EDAS
38201,02,EDAS
38220,01,EDAS
38220,02,EDAS
38221,01,EDAS
38221,02,EDAS
38222,01,REM
38222,02,REM
38224,01,EDAS
38224,02,EDAS
38225,01,DAS
38225,02,DAS
38226,01,EDAS
38226,02,EDAS
38229,01,EDAS
38229,02,EDAS
38230,01,EDAS
38230,02,EDAS
38231,01,EDAS
38231,02,EDAS
38232,01,EDAS
38232,02,EDAS
38233,01,EDAS
38233,02,EDAS
38235,02,DAS
38236,01,EDAS
38236,02,EDAS
38237,01,DAS
38237,02,DAS
38238,01,DAS
38238,02,DAS
38240,01,EDAS
38240,02,EDAS
38241,01,EDAS
38241,02,EDAS
38242,01,DAS
38242,02,DAS
38251,01,REM
38251,02,REM
38253,01,EDAS
38253,02,EDAS
38254,01,DAS
38254,02,DAS
38255,01,DAS
38255,02,DAS
38256,01,EDAS
38256,02,EDAS
38257,01,EDAS
38257,02,EDAS
38258,01,EDAS
38258,02,EDAS
38259,01,EDAS
38259,02,EDAS
38260,01,EDAS
38260,02,EDAS
38261,01,DAS
38261,02,DAS
38271,01,DAS
38271,02,DAS
38281,01,DAS
38281,02,DAS
38310,01,EDAS
38310,02,EDAS
38311,01,REM
38311,02,REM
38313,01,EDAS
38313,02,EDAS
38315,01,EDAS
38315,02,EDAS
38316,01,EDAS
38316,02,EDAS
38317,01,EDAS
38317,02,EDAS
38318,01,EDAS
38318,02,EDAS
38320,01,DAS
38320,02,DAS
38321,01,REM
38321,02,REM
38326,01,EDAS
38326,02,EDAS
38327,01,EDAS
38327,02,EDAS
38328,01,EDAS
38328,02,EDAS
38329,01,REM
38329,02,EDAS
38330,01,EDAS
38330,02,EDAS
38332,01,EDAS
38332,02,EDAS
38333,01,EDAS
38333,02,EDAS
38334,01,EDAS
38334,02,EDAS
38337,01,EDAS
38337,02,EDAS
38338,01,DAS
38338,02,DAS
38339,01,EDAS
38339,02,EDAS
38340,01,DAS
38340,02,DAS
38341,01,EDAS
38341,02,EDAS
38342,01,EDAS
38342,02,EDAS
38343,01,DAS
38343,02,DAS
38344,01,DAS
38344,02,DAS
38345,01,REM
38345,02,REM
38347,01,EDAS
38347,02,EDAS
38348,01,EDAS
38348,02,EDAS
38351,01,DAS
38351,02,DAS
38352,01,EDAS
38352,02,EDAS
38355,01,DAS
38355,02,DAS
38356,01,EDAS
38356,02,EDAS
38357,01,REM
38357,02,REM
38358,01,DAS
38358,02,DAS
38359,01,EDAS
38359,02,EDAS
38361,01,EDAS
38361,02,EDAS
38362,01,DAS
38362,02,DAS
38363,01,EDAS
38363,02,EDAS
38365,01,DAS
38365,02,EDAS
38366,01,REM
38366,02,REM
38367,01,EDAS
38367,02,EDAS
38368,01,EDAS
38368,02,EDAS
38369,01,EDAS
38369,02,EDAS
38370,01,EDAS
38370,02,EDAS
38371,01,EDAS
38371,02,EDAS
38372,01,EDAS
38372,02,EDAS
38374,01,EDAS
38374,02,EDAS
38375,01,DAS
38375,02,DAS
38376,01,EDAS
38376,02,EDAS
38379,01,EDAS
38379,02,EDAS
38380,01,EDAS
38380,02,EDAS
38381,01,EDAS
38381,02,EDAS
38382,01,DAS
38382,02,DAS
38387,01,EDAS
38387,02,EDAS
38388,01,EDAS
38388,02,EDAS
38389,01,DAS
38389,02,DAS
38390,01,EDAS
38390,02,EDAS
38391,01,EDAS
38391,02,EDAS
38392,01,EDAS
38392,02,EDAS
38425,01,EDAS
38425,02,EDAS
38449,01,EDAS
38449,02,EDAS
38450,01,EDAS
38450,02,EDAS
38451,01,DAS
38451,02,DAS
38452,01,EDAS
38452,02,EDAS
38453,01,REM
38453,02,REM
38454,01,EDAS
38454,02,EDAS
38455,01,REM
38455,02,REM
38456,01,DAS
38456,02,DAS
38457,01,EDAS
38457,02,EDAS
38459,01,REM
38459,02,REM
38460,01,EDAS
38460,02,EDAS
38461,01,EDAS
38461,02,EDAS
38462,01,EDAS
38462,02,EDAS
38463,01,EDAS
38463,02,EDAS
38464,01,DAS
38464,02,DAS
38468,01,EDAS
38468,02,EDAS
38469,01,EDAS
38469,02,EDAS
38471,01,REM
38471,02,REM
38472,01,EDAS
38472,02,EDAS
38473,01,EDAS
38473,02,EDAS
38474,01,DAS
38474,02,DAS
38475,01,REM
38475,02,REM
38476,01,EDAS
38476,02,EDAS
38477,01,REM
38477,02,REM
38478,01,DAS
38478,02,DAS
38481,01,EDAS
38481,02,EDAS
38482,01,EDAS
38482,02,EDAS
38483,01,DAS
38483,02,DAS
38485,01,EDAS
38485,02,EDAS
38486,01,EDAS
38486,02,EDAS
38487,01,EDAS
38487,02,EDAS
38488,01,EDAS
38488,02,EDAS
38504,01,REM
38504,02,REM
38541,01,REM
38541,02,REM
38542,01,EDAS
38542,02,EDAS
38543,01,EDAS
38543,02,EDAS
38544,01,EDAS
38544,02,EDAS
38545,01,EDAS
38545,02,EDAS
38547,01,EDAS
38547,02,EDAS
38548,01,EDAS
38548,02,EDAS
38549,01,EDAS
38549,02,EDAS
38551,01,EDAS
38551,02,EDAS
38552,01,EDAS
38552,02,EDAS
38553,01,EDAS
38553,02,EDAS
38554,01,REM
38554,02,REM
38555,01,EDAS
38555,02,EDAS
38556,01,REM
38556,02,REM
38558,01,DAS
38558,02,DAS
38559,01,DAS
38559,02,DAS
38560,01,EDAS
38560,02,EDAS
38562,01,REM
38562,02,REM
38563,01,EDAS
38563,02,EDAS
38564,01,EDAS
38564,02,EDAS
38565,01,EDAS
38565,02,EDAS
38567,01,EDAS
38567,02,EDAS
38568,01,REM
38568,02,REM
38569,01,REM
38569,02,REM
38570,01,DAS
38570,02,DAS
38571,01,EDAS
38571,02,DAS
38572,01,EDAS
38572,02,EDAS
38573,01,REM
38573,02,REM
38574,01,EDAS
38574,02,EDAS
38575,01,EDAS
38575,02,EDAS
38577,01,EDAS
38577,02,EDAS
38578,02,DAS
38579,01,EDAS
38579,02,EDAS
38580,01,EDAS
38580,02,EDAS
38581,01,EDAS
38581,02,EDAS
38582,01,EDAS
38582,02,EDAS
38583,01,DAS
38583,02,DAS
38585,01,EDAS
38585,02,EDAS
38587,01,EDAS
38587,02,EDAS
38588,01,REM
38588,02,REM
38589,01,REM
38589,02,REM
38601,01,EDAS
38601,02,EDAS
38602,01,EDAS
38602,02,EDAS
38603,01,EDAS
38603,02,EDAS
38606,01,DAS
38606,02,DAS
38610,01,EDAS
38610,02,EDAS
38611,01,EDAS
38611,02,EDAS
38614,01,EDAS
38614,02,EDAS
38617,01,EDAS
38617,02,EDAS
38618,01,EDAS
38618,02,EDAS
38619,01,EDAS
38619,02,EDAS
38620,01,EDAS
38620,02,EDAS
38621,01,EDAS
38621,02,EDAS
38622,01,REM
38622,02,REM
38623,01,REM
38623,02,REM
38625,01,EDAS
38625,02,EDAS
38626,01,EDAS
38626,02,EDAS
38627,01,EDAS
38627,02,EDAS
38628,01,EDAS
38628,02,EDAS
38629,01,EDAS
38629,02,EDAS
38631,01,EDAS
38631,02,EDAS
38632,01,DAS
38632,02,DAS
38633,01,EDAS
38633,02,EDAS
38634,01,EDAS
38634,02,EDAS
38635,01,EDAS
38635,02,EDAS
38638,01,EDAS
38638,02,EDAS
38639,01,EDAS
38639,02,EDAS
38641,01,EDAS
38641,02,EDAS
38642,01,REM
38642,02,REM
38643,01,EDAS
38643,02,EDAS
38644,01,DAS
38644,02,DAS
38645,01,EDAS
38645,02,EDAS
38646,01,EDAS
38646,02,EDAS
38647,01,REM
38647,02,REM
38649,01,REM
38649,02,REM
38650,01,REM
38650,02,REM
38651,01,DAS
38651,02,DAS
38652,01,DAS
38652,02,DAS
38655,01,DAS
38655,02,DAS
38658,01,EDAS
38658,02,EDAS
38659,01,REM
38659,02,REM
38661,01,EDAS
38661,02,EDAS
38663,01,EDAS
38663,02,EDAS
38664,01,DAS
38664,02,DAS
38665,01,EDAS
38665,02,EDAS
38666,01,EDAS
38666,02,EDAS
38668,01,DAS
38668,02,DAS
38670,01,EDAS
38670,02,EDAS
38673,01,EDAS
38673,02,EDAS
38674,01,EDAS
38674,02,EDAS
38675,01,EDAS
38675,02,EDAS
38676,01,EDAS
38676,02,EDAS
38680,01,DAS
38680,02,DAS
38683,01,EDAS
38683,02,EDAS
38685,01,EDAS
38685,02,EDAS
38701,01,DAS
38701,02,DAS
38703,01,DAS
38703,02,DAS
38720,01,REM
38720,02,REM
38721,01,EDAS
38721,02,EDAS
38722,01,DAS
38722,02,DAS
38723,01,EDAS
38723,02,EDAS
38725,01,REM
38725,02,REM
38726,01,EDAS
38726,02,EDAS
38730,01,EDAS
38730,02,EDAS
38731,01,DAS
38731,02,DAS
38732,01,DAS
38732,02,DAS
38733,01,DAS
38733,02,DAS
38736,01,EDAS
38736,02,EDAS
38737,01,EDAS
38737,02,EDAS
38738,01,EDAS
38738,02,EDAS
38739,01,DAS
38739,02,DAS
38740,01,EDAS
38740,02,EDAS
38744,01,EDAS
38744,02,EDAS
38745,01,REM
38745,02,REM
38746,01,EDAS
38746,02,EDAS
38748,01,EDAS
38748,02,EDAS
38749,01,EDAS
38749,02,EDAS
38751,01,DAS
38751,02,DAS
38753,01,EDAS
38753,02,EDAS
38754,01,EDAS
38754,02,EDAS
38756,01,DAS
38756,02,DAS
38759,01,EDAS
38759,02,EDAS
38760,02,DAS
38761,01,EDAS
38761,02,EDAS
38762,01,EDAS
38762,02,EDAS
38764,01,EDAS
38764,02,EDAS
38765,01,EDAS
38765,02,EDAS
38767,01,EDAS
38767,02,EDAS
38768,01,EDAS
38768,02,EDAS
38769,01,REM
38769,02,REM
38771,01,DAS
38771,02,DAS
38772,01,DAS
38772,02,DAS
38773,01,EDAS
38773,02,EDAS
38774,01,EDAS
38774,02,EDAS
38776,01,EDAS
38776,02,EDAS
38778,01,REM
38778,02,REM
38781,01,DAS
38781,02,DAS
38820,01,DAS
38820,02,DAS
38821,01,DAS
38821,02,DAS
38824,01,EDAS
38824,02,EDAS
38825,01,DAS
38825,02,DAS
38826,01,DAS
38826,02,DAS
38827,01,DAS
38827,02,DAS
38828,01,EDAS
38828,02,EDAS
38829,01,DAS
38829,02,DAS
38833,01,EDAS
38833,02,EDAS
38834,01,EDAS
38834,02,EDAS
38838,01,EDAS
38838,02,EDAS
38839,01,DAS
38839,02,DAS
38841,01,DAS
38841,02,DAS
38843,01,EDAS
38843,02,EDAS
38844,01,EDAS
38844,02,EDAS
38846,01,EDAS
38846,02,EDAS
38847,01,EDAS
38847,02,EDAS
38848,01,REM
38848,02,REM
38849,01,DAS
38849,02,DAS
38850,01,EDAS
38850,02,EDAS
38851,01,EDAS
38851,02,EDAS
38852,01,EDAS
38852,02,EDAS
38854,01,EDAS
38854,02,EDAS
38855,01,EDAS
38855,02,EDAS
38856,01,EDAS
38856,02,EDAS
38857,01,DAS
38857,02,DAS
38858,01,EDAS
38858,02,EDAS
38859,01,REM
38859,02,REM
38860,01,EDAS
38860,02,EDAS
38862,01,EDAS
38862,02,EDAS
38863,01,DAS
38863,02,DAS
38864,01,EDAS
38864,02,EDAS
38865,01,DAS
38865,02,DAS
38866,01,DAS
38866,02,DAS
38868,01,EDAS
38868,02,EDAS
38869,01,DAS
38869,02,DAS
38870,01,EDAS
38870,02,EDAS
38871,01,EDAS
38871,02,EDAS
38873,01,REM
38873,02,REM
38874,01,EDAS
38874,02,EDAS
38876,01,EDAS
38876,02,EDAS
38877,01,REM
38877,02,REM
38878,01,EDAS
38878,02,EDAS
38880,01,DAS
38880,02,DAS
38901,01,EDAS
38901,02,EDAS
38902,01,EDAS
38902,02,EDAS
38912,01,EDAS
38912,02,EDAS
38913,01,EDAS
38913,02,EDAS
38914,01,EDAS
38914,02,EDAS
38915,01,DAS
38915,02,DAS
38916,01,EDAS
38916,02,EDAS
38917,01,EDAS
38917,02,EDAS
38920,01,REM
38920,02,REM
38921,01,EDAS
38921,02,EDAS
38922,01,EDAS
38922,02,EDAS
38923,01,EDAS
38923,02,EDAS
38924,01,REM
38924,02,REM
38925,01,REM
38925,02,REM
38926,01,DAS
38926,02,DAS
38927,01,EDAS
38927,02,EDAS
38928,01,REM
38928,02,REM
38929,01,REM
38929,02,REM
38940,01,EDAS
38940,02,EDAS
38941,01,EDAS
38941,02,EDAS
38943,01,EDAS
38943,02,EDAS
38944,01,EDAS
38944,02,EDAS
38946,01,REM
38946,02,REM
38947,01,DAS
38947,02,DAS
38948,01,REM
38948,02,REM
38949,01,DAS
38949,02,EDAS
38950,01,REM
38950,02,REM
38951,01,REM
38951,02,REM
38952,01,EDAS
38952,02,EDAS
38953,01,EDAS
38953,02,EDAS
38954,01,EDAS
38954,02,EDAS
38955,01,EDAS
38955,02,EDAS
38957,01,DAS
38957,02,DAS
38959,01,REM
38959,02,REM
38960,01,EDAS
38960,02,EDAS
38961,01,REM
38961,02,REM
38962,01,DAS
38962,02,DAS
38963,01,REM
38963,02,REM
38964,01,REM
38964,02,REM
38965,01,EDAS
38965,02,EDAS
38966,01,DAS
38966,02,DAS
38967,01,EDAS
38967,02,EDAS
39038,01,EDAS
39038,02,EDAS
39039,01,EDAS
39039,02,EDAS
39040,01,EDAS
39040,02,EDAS
39041,01,EDAS
39041,02,EDAS
39042,01,DAS
39042,02,DAS
39044,01,REM
39044,02,REM
39045,01,REM
39045,02,REM
39046,01,DAS
39046,02,DAS
39051,01,EDAS
39051,02,EDAS
39054,01,EDAS
39054,02,EDAS
39057,01,EDAS
39057,02,EDAS
39059,01,EDAS
39059,02,EDAS
39061,01,REM
39061,02,REM
39062,01,EDAS
39062,02,EDAS
39063,01,EDAS
39063,02,EDAS
39066,01,EDAS
39066,02,EDAS
39067,01,REM
39067,02,REM
39069,01,EDAS
39069,02,EDAS
39071,01,EDAS
39071,02,EDAS
39072,01,EDAS
39072,02,EDAS
39073,01,DAS
39073,02,DAS
39074,01,EDAS
39074,02,DAS
39077,01,EDAS
39077,02,EDAS
39078,01,EDAS
39078,02,EDAS
39079,01,EDAS
39079,02,EDAS
39080,01,DAS
39080,02,DAS
39082,01,EDAS
39082,02,EDAS
39083,01,EDAS
39083,02,EDAS
39086,01,REM
39086,02,REM
39087,01,EDAS
39087,02,EDAS
39088,01,EDAS
39088,02,EDAS
39090,01,EDAS
39090,02,EDAS
39092,01,EDAS
39092,02,EDAS
39094,01,REM
39094,02,REM
39095,01,REM
39095,02,REM
39096,01,EDAS
39096,02,EDAS
39097,01,EDAS
39097,02,EDAS
39098,01,EDAS
39098,02,EDAS
39107,01,EDAS
39107,02,EDAS
39108,01,REM
39108,02,REM
39109,01,DAS
39109,02,DAS
39111,01,EDAS
39111,02,EDAS
39112,01,EDAS
39112,02,EDAS
39113,01,EDAS
39113,02,EDAS
39114,01,EDAS
39114,02,EDAS
39115,01,EDAS
39115,02,EDAS
39116,01,EDAS
39116,02,EDAS
39117,01,REM
39117,02,REM
39119,01,REM
39119,02,REM
39120,01,EDAS
39120,02,EDAS
39121,01,EDAS
39121,02,EDAS
39122,01,EDAS
39122,02,EDAS
39140,01,REM
39140,02,REM
39144,01,EDAS
39144,02,EDAS
39145,01,EDAS
39145,02,EDAS
39146,01,REM
39146,02,REM
39148,01,DAS
39148,02,DAS
39149,01,EDAS
39149,02,EDAS
39150,01,EDAS
39150,02,EDAS
39152,01,REM
39152,02,REM
39153,01,EDAS
39153,02,EDAS
39154,01,EDAS
39154,02,EDAS
39156,01,REM
39156,02,REM
39159,01,EDAS
39159,02,EDAS
39160,01,REM
39160,02,REM
39162,01,EDAS
39162,02,EDAS
39165,01,EDAS
39165,02,EDAS
39166,01,REM
39166,02,REM
39167,01,DAS
39167,02,DAS
39168,01,EDAS
39168,02,EDAS
39169,01,EDAS
39169,02,EDAS
39170,01,DAS
39170,02,DAS
39175,01,EDAS
39175,02,EDAS
39176,01,EDAS
39176,02,EDAS
39177,01,REM
39177,02,REM
39179,01,REM
39179,02,REM
39180,01,DAS
39180,02,DAS
39181,01,DAS
39181,02,DAS
39182,01,DAS
39182,02,DAS
39183,01,EDAS
39183,02,EDAS
39189,01,EDAS
39189,02,EDAS
39190,01,EDAS
39190,02,EDAS
39191,01,EDAS
39191,02,EDAS
39192,01,REM
39192,02,REM
39194,01,EDAS
39194,02,EDAS
39212,01,DAS
39212,02,DAS
39305,01,DAS
39305,02,DAS
39320,01,DAS
39320,02,DAS
39322,01,EDAS
39322,02,EDAS
39323,01,EDAS
39323,02,EDAS
39324,01,DAS
39324,02,DAS
39325,01,DAS
39325,02,DAS
39326,01,EDAS
39326,02,EDAS
39327,01,EDAS
39327,02,EDAS
39328,01,EDAS
39328,02,EDAS
39330,01,EDAS
39330,02,EDAS
39332,01,EDAS
39332,02,EDAS
39335,01,EDAS
39335,02,EDAS
39336,01,EDAS
39336,02,EDAS
39337,01,REM
39337,02,REM
39338,01,REM
39338,02,REM
39339,01,REM
39339,02,REM
39341,01,EDAS
39341,02,EDAS
39342,01,DAS
39342,02,DAS
39345,01,DAS
39345,02,DAS
39346,01,EDAS
39346,02,EDAS
39347,01,EDAS
39347,02,EDAS
39348,01,EDAS
39348,02,EDAS
39350,01,DAS
39350,02,DAS
39352,01,REM
39352,02,REM
39354,01,REM
39354,02,REM
39355,01,EDAS
39355,02,EDAS
39356,01,EDAS
39356,02,EDAS
39358,01,EDAS
39358,02,EDAS
39359,01,DAS
39359,02,DAS
39360,01,EDAS
39360,02,EDAS
39361,01,REM
39361,02,REM
39362,01,EDAS
39362,02,EDAS
39363,01,EDAS
39363,02,EDAS
39364,01,EDAS
39364,02,EDAS
39365,01,EDAS
39365,02,EDAS
39366,01,REM
39366,02,REM
39367,01,EDAS
39367,02,EDAS
39421,01,EDAS
39421,02,EDAS
39422,01,REM
39422,02,REM
39423,01,REM
39423,02,REM
39425,01,EDAS
39425,02,EDAS
39426,01,EDAS
39426,02,EDAS
39427,01,EDAS
39427,02,EDAS
39428,01,EDAS
39428,02,EDAS
39429,01,DAS
39429,02,DAS
39436,01,DAS
39436,02,DAS
39437,01,DAS
39437,02,DAS
39439,01,EDAS
39439,02,EDAS
39443,01,DAS
39443,02,DAS
39451,01,REM
39451,02,REM
39452,01,EDAS
39452,02,EDAS
39455,01,REM
39455,02,REM
39456,01,REM
39456,02,REM
39457,01,DAS
39457,02,DAS
39459,01,DAS
39459,02,DAS
39461,01,EDAS
39461,02,EDAS
39462,01,EDAS
39462,02,EDAS
39464,01,EDAS
39464,02,EDAS
39465,01,DAS
39465,02,DAS
39466,01,DAS
39466,02,DAS
39470,01,EDAS
39470,02,EDAS
39474,01,EDAS
39474,02,EDAS
39475,01,DAS
39475,02,DAS
39476,01,EDAS
39476,02,EDAS
39477,01,DAS
39477,02,DAS
39478,01,REM
39478,02,EDAS
39479,01,EDAS
39479,02,EDAS
39480,01,EDAS
39480,02,EDAS
39481,01,EDAS
39481,02,EDAS
39482,01,EDAS
39482,02,EDAS
39483,01,REM
39483,02,REM
39520,01,DAS
39520,02,DAS
39521,01,DAS
39521,02,DAS
39553,01,DAS
39553,02,DAS
39555,01,EDAS
39555,02,EDAS
39556,01,DAS
39556,02,DAS
39558,01,DAS
39558,02,DAS
39561,01,DAS
39561,02,DAS
39562,01,EDAS
39562,02,EDAS
39563,01,DAS
39563,02,DAS
39565,01,EDAS
39565,02,EDAS
39571,01,DAS
39571,02,DAS
39572,01,EDAS
39572,02,EDAS
39573,01,REM
39573,02,REM
39574,01,EDAS
39574,02,EDAS
39577,01,EDAS
39577,02,EDAS
39601,01,DAS
39601,02,DAS
39602,01,DAS
39602,02,DAS
39603,01,DAS
39603,02,DAS
39629,01,EDAS
39629,02,EDAS
39630,01,DAS
39630,02,DAS
39631,01,EDAS
39631,02,EDAS
39632,01,EDAS
39632,02,EDAS
39633,01,REM
39633,02,REM
39635,01,EDAS
39635,02,EDAS
39638,01,EDAS
39638,02,EDAS
39641,01,REM
39641,02,REM
39643,01,EDAS
39643,02,EDAS
39645,01,REM
39645,02,REM
39647,01,REM
39647,02,REM
39648,01,DAS
39648,02,DAS
39649,01,DAS
39649,02,DAS
39652,01,EDAS
39652,02,EDAS
39653,01,EDAS
39653,02,EDAS
39654,01,EDAS
39654,02,EDAS
39656,01,EDAS
39656,02,EDAS
39657,01,EDAS
39657,02,EDAS
39661,01,REM
39661,02,REM
39662,01,EDAS
39662,02,EDAS
39663,01,REM
39663,02,REM
39664,01,REM
39664,02,REM
39665,01,REM
39665,02,REM
39666,01,DAS
39666,02,DAS
39667,01,EDAS
39667,02,EDAS
39668,01,EDAS
39668,02,EDAS
39669,01,REM
39669,02,REM
39701,01,DAS
39701,02,DAS
39702,01,DAS
39702,02,DAS
39730,01,EDAS
39730,02,EDAS
39735,01,EDAS
39735,02,EDAS
39736,01,DAS
39736,02,DAS
39737,01,EDAS
39737,02,EDAS
39739,01,EDAS
39739,02,EDAS
39740,01,REM
39740,02,REM
39741,01,EDAS
39741,02,EDAS
39743,01,EDAS
39743,02,EDAS
39744,01,EDAS
39744,02,EDAS
39745,01,REM
39745,02,REM
39746,01,EDAS
39746,02,EDAS
39747,01,REM
39747,02,REM
39750,01,EDAS
39750,02,EDAS
39751,01,EDAS
39751,02,EDAS
39752,01,EDAS
39752,02,EDAS
39753,01,EDAS
39753,02,EDAS
39754,01,EDAS
39754,02,EDAS
39755,01,EDAS
39755,02,EDAS
39756,01,EDAS
39756,02,EDAS
39759,01,DAS
39759,02,DAS
39762,01,EDAS
39762,02,EDAS
39766,01,DAS
39766,02,DAS
39767,01,REM
39767,02,REM
39769,01,REM
39769,02,REM
39771,01,DAS
39771,02,EDAS
39772,01,EDAS
39772,02,EDAS
39773,01,DAS
39773,02,DAS
39776,01,REM
39776,02,REM
39813,01,EDAS
39813,02,EDAS
39815,01,EDAS
39815,02,EDAS
39817,01,EDAS
39817,02,EDAS
39818,01,DAS
39818,02,DAS
39819,01,DAS
39819,02,DAS
39823,01,EDAS
39823,02,EDAS
39824,01,EDAS
39824,02,EDAS
39825,01,EDAS
39825,02,EDAS
39826,01,EDAS
39826,02,EDAS
39827,01,EDAS
39827,02,EDAS
39828,01,DAS
39828,02,DAS
39829,01,REM
39829,02,REM
39832,01,EDAS
39832,02,EDAS
39834,01,EDAS
39834,02,EDAS
39836,01,REM
39836,02,REM
39837,01,REM
39837,02,REM
39840,01,EDAS
39840,02,EDAS
39841,01,EDAS
39841,02,EDAS
39842,01,EDAS
39842,02,EDAS
39845,01,EDAS
39845,02,EDAS
39846,01,EDAS
39846,02,EDAS
39851,01,REM
39851,02,EDAS
39852,01,DAS
39852,02,DAS
39854,01,EDAS
39854,02,EDAS
39859,01,EDAS
39859,02,EDAS
39861,01,REM
39861,02,REM
39862,01,EDAS
39862,02,EDAS
39866,01,EDAS
39866,02,EDAS
39867,01,EDAS
39867,02,EDAS
39870,01,EDAS
39870,02,EDAS
39877,01,EDAS
39877,02,EDAS
39885,01,DAS
39885,02,DAS
39886,01,EDAS
39886,02,EDAS
39897,01,EDAS
39897,02,EDAS
40003,01,EDAS
40003,02,EDAS
40004,01,DAS
40004,02,DAS
40006,01,EDAS
40006,02,EDAS
40007,01,EDAS
40007,02,EDAS
40008,01,EDAS
40008,02,EDAS
40009,01,REM
40009,02,REM
40010,01,DAS
40010,02,DAS
40011,01,REM
40011,02,REM
40012,01,DAS
40012,02,DAS
40013,01,DAS
40013,02,DAS
40014,01,DAS
40014,02,DAS
40019,01,EDAS
40019,02,EDAS
40022,01,DAS
40022,02,DAS
40023,01,DAS
40023,02,DAS
40026,01,DAS
40026,02,DAS
40031,01,DAS
40031,02,DAS
40033,01,DAS
40033,02,DAS
40036,01,REM
40036,02,REM
40037,01,EDAS
40037,02,EDAS
40040,01,EDAS
40040,02,EDAS
40045,01,EDAS
40045,02,EDAS
40046,01,REM
40046,02,REM
40047,01,DAS
40050,01,REM
40050,02,REM
40051,01,EDAS
40051,02,EDAS
40052,01,EDAS
40052,02,EDAS
40055,01,EDAS
40055,02,EDAS
40057,01,REM
40057,02,REM
40058,01,EDAS
40058,02,EDAS
40060,01,EDAS
40060,02,EDAS
40061,01,DAS
40061,02,DAS
40062,01,EDAS
40062,02,EDAS
40063,01,DAS
40063,02,DAS
40065,01,DAS
40065,02,DAS
40068,01,EDAS
40068,02,EDAS
40069,01,EDAS
40069,02,EDAS
40070,01,EDAS
40070,02,EDAS
40071,01,EDAS
40071,02,EDAS
40075,01,REM
40075,02,REM
40076,01,EDAS
40076,02,EDAS
40077,01,EDAS
40077,02,EDAS
40078,01,REM
40078,02,REM
40104,01,EDAS
40104,02,EDAS
40107,01,REM
40107,02,EDAS
40108,01,DAS
40108,02,DAS
40110,01,EDAS
40110,02,EDAS
40111,01,EDAS
40111,02,EDAS
40115,01,REM
40115,02,REM
40117,01,DAS
40117,02,DAS
40119,01,REM
40119,02,REM
40121,01,DAS
40121,02,DAS
40140,01,REM
40140,02,REM
40142,01,REM
40142,02,EDAS
40143,01,REM
40143,02,REM
40144,01,EDAS
40144,02,EDAS
40145,01,REM
40145,02,REM
40146,01,EDAS
40146,02,EDAS
40150,01,EDAS
40150,02,EDAS
40152,01,REM
40152,02,REM
40153,01,REM
40153,02,REM
40155,01,EDAS
40155,02,EDAS
40157,01,REM
40157,02,REM
40161,01,EDAS
40161,02,EDAS
40162,01,EDAS
40162,02,EDAS
40164,01,EDAS
40164,02,EDAS
40165,01,DAS
40165,02,DAS
40170,01,EDAS
40170,02,EDAS
40171,01,REM
40171,02,REM
40175,01,EDAS
40175,02,EDAS
40176,01,EDAS
40176,02,EDAS
40177,01,EDAS
40177,02,EDAS
40178,01,REM
40178,02,REM
40310,01,DAS
40310,02,DAS
40311,01,EDAS
40311,02,EDAS
40312,01,EDAS
40312,02,EDAS
40313,01,EDAS
40313,02,EDAS
40316,01,EDAS
40316,02,EDAS
40317,01,DAS
40317,02,DAS
40320,01,DAS
40320,02,DAS
40322,01,EDAS
40322,02,EDAS
40328,01,EDAS
40328,02,EDAS
40330,01,EDAS
40330,02,EDAS
40334,01,EDAS
40334,02,EDAS
40336,01,EDAS
40336,02,EDAS
40337,01,EDAS
40337,02,EDAS
40339,01,DAS
40339,02,DAS
40342,01,DAS
40342,02,DAS
40346,01,EDAS
40346,02,EDAS
40347,01,DAS
40347,02,DAS
40348,01,DAS
40348,02,DAS
40350,01,EDAS
40350,02,EDAS
40351,01,DAS
40351,02,DAS
40353,01,DAS
40353,02,DAS
40355,01,EDAS
40355,02,EDAS
40357,01,DAS
40357,02,DAS
40358,01,EDAS
40358,02,EDAS
40359,01,EDAS
40359,02,EDAS
40360,01,EDAS
40360,02,EDAS
40361,01,DAS
40361,02,DAS
40362,01,DAS
40362,02,DAS
40363,01,EDAS
40363,02,EDAS
40370,01,EDAS
40370,02,EDAS
40371,01,EDAS
40371,02,EDAS
40372,01,EDAS
40372,02,EDAS
40374,01,REM
40374,02,REM
40376,01,EDAS
40376,02,EDAS
40379,01,EDAS
40379,02,EDAS
40380,01,EDAS
40380,02,EDAS
40385,01,REM
40385,02,EDAS
40387,01,EDAS
40387,02,EDAS
40390,01,DAS
40390,02,DAS
40402,01,EDAS
40402,02,EDAS
40403,01,DAS
40403,02,DAS
40404,02,DAS
40409,01,EDAS
40409,02,EDAS
40410,01,EDAS
40410,02,EDAS
40419,01,EDAS
40419,02,EDAS
40437,01,EDAS
40437,02,EDAS
40440,01,EDAS
40440,02,EDAS
40442,01,EDAS
40442,02,EDAS
40444,01,EDAS
40444,02,EDAS
40445,01,REM
40445,02,REM
40447,01,EDAS
40447,02,EDAS
40448,01,DAS
40448,02,DAS
40452,01,EDAS
40452,02,EDAS
40456,01,REM
40456,02,REM
40460,01,REM
40460,02,REM
40461,01,EDAS
40461,02,EDAS
40464,01,EDAS
40464,02,EDAS
40468,01,EDAS
40468,02,EDAS
40472,01,EDAS
40472,02,EDAS
40473,01,DAS
40473,02,DAS
40481,01,EDAS
40481,02,EDAS
40484,01,DAS
40484,02,DAS
40486,01,EDAS
40486,02,EDAS
40488,01,EDAS
40488,02,EDAS
40489,01,EDAS
40489,02,EDAS
40492,01,DAS
40492,02,DAS
40601,01,DAS
40601,02,DAS
40602,01,DAS
40602,02,DAS
40621,02,DAS
40701,01,EDAS
40701,02,EDAS
40729,01,EDAS
40729,02,EDAS
40734,01,EDAS
40734,02,EDAS
40737,01,DAS
40737,02,DAS
40740,01,DAS
40740,02,DAS
40741,01,EDAS
40741,02,EDAS
40744,01,DAS
40744,02,DAS
40754,01,EDAS
40754,02,EDAS
40759,01,REM
40759,02,REM
40763,01,REM
40763,02,REM
40769,01,EDAS
40769,02,EDAS
40771,01,EDAS
40771,02,EDAS
40801,01,DAS
40801,02,DAS
40803,01,EDAS
40803,02,EDAS
40806,01,EDAS
40806,02,EDAS
40807,01,EDAS
40807,02,EDAS
40808,01,REM
40808,02,REM
40810,01,REM
40810,02,REM
40813,01,REM
40813,02,REM
40815,01,EDAS
40815,02,EDAS
40816,01,EDAS
40816,02,EDAS
40818,01,DAS
40818,02,DAS
40819,01,REM
40819,02,REM
40820,01,EDAS
40820,02,EDAS
40823,01,EDAS
40823,02,EDAS
40824,01,REM
40824,02,REM
40826,01,REM
40826,02,REM
40827,01,DAS
40827,02,DAS
40828,01,EDAS
40828,02,EDAS
40829,01,EDAS
40829,02,EDAS
40830,01,DAS
40830,02,DAS
40831,01,DAS
40831,02,DAS
40840,01,REM
40840,02,REM
40843,01,EDAS
40843,02,EDAS
40844,01,EDAS
40844,02,EDAS
40845,01,DAS
40845,02,DAS
40847,01,DAS
40847,02,DAS
40849,01,DAS
40849,02,DAS
40854,01,DAS
40854,02,DAS
40855,01,EDAS
40855,02,EDAS
40856,01,EDAS
40856,02,EDAS
40858,01,REM
40858,02,REM
40862,01,EDAS
40862,02,EDAS
40863,01,EDAS
40863,02,EDAS
40865,01,EDAS
40865,02,EDAS
40868,01,EDAS
40868,02,EDAS
40870,01,EDAS
40870,02,EDAS
40873,01,EDAS
40873,02,EDAS
40874,01,REM
40874,02,REM
40902,01,EDAS
40902,02,EDAS
40903,01,EDAS
40903,02,EDAS
40906,01,DAS
40906,02,DAS
40913,01,EDAS
40913,02,EDAS
40914,01,REM
40914,02,REM
40915,01,EDAS
40915,02,EDAS
40921,01,EDAS
40921,02,EDAS
40923,01,EDAS
40923,02,EDAS
40927,01,EDAS
40927,02,EDAS
40930,01,DAS
40930,02,DAS
40935,01,REM
40935,02,REM
40939,01,REM
40939,02,REM
40940,01,EDAS
40940,02,EDAS
40941,01,EDAS
40941,02,EDAS
40943,01,EDAS
40943,02,EDAS
40944,01,DAS
40944,02,DAS
40946,01,REM
40946,02,REM
40949,01,EDAS
40949,02,EDAS
40953,01,EDAS
40953,02,EDAS
40955,01,DAS
40955,02,DAS
40958,01,EDAS
40958,02,EDAS
40962,01,EDAS
40962,02,EDAS
40964,01,REM
40964,02,REM
40965,01,DAS
40965,02,DAS
40972,01,REM
40972,02,REM
40977,01,EDAS
40977,02,EDAS
40979,01,EDAS
40979,02,EDAS
40982,01,EDAS
40982,02,EDAS
40983,01,REM
40983,02,REM
40988,01,REM
40988,02,REM
40995,01,REM
40995,02,REM
40997,01,REM
40997,02,REM
40999,01,EDAS
40999,02,EDAS
41001,01,DAS
41001,02,DAS
41002,01,EDAS
41002,02,EDAS
41003,01,EDAS
41003,02,EDAS
41004,01,EDAS
41004,02,EDAS
41006,01,EDAS
41006,02,EDAS
41007,01,EDAS
41007,02,EDAS
41008,01,EDAS
41008,02,EDAS
41010,01,REM
41010,02,REM
41030,01,DAS
41030,02,DAS
41031,01,DAS
41031,02,DAS
41033,01,EDAS
41033,02,EDAS
41034,01,EDAS
41034,02,EDAS
41035,01,DAS
41035,02,DAS
41039,01,EDAS
41039,02,EDAS
41040,01,REM
41040,02,REM
41041,01,EDAS
41041,02,EDAS
41043,01,REM
41043,02,REM
41044,01,EDAS
41044,02,EDAS
41045,01,EDAS
41045,02,EDAS
41046,01,EDAS
41046,02,EDAS
41049,01,REM
41049,02,REM
41052,01,EDAS
41052,02,EDAS
41055,01,EDAS
41055,02,EDAS
41056,01,DAS
41056,02,DAS
41059,01,DAS
41059,02,DAS
41061,01,EDAS
41061,02,EDAS
41062,01,EDAS
41062,02,EDAS
41063,01,EDAS
41063,02,EDAS
41064,01,EDAS
41064,02,EDAS
41080,01,DAS
41080,02,DAS
41081,01,EDAS
41081,02,EDAS
41083,01,REM
41083,02,REM
41086,01,EDAS
41086,02,EDAS
41092,01,DAS
41092,02,DAS
41093,01,EDAS
41093,02,EDAS
41095,01,DAS
41095,02,DAS
41096,01,DAS
41096,02,DAS
41097,01,EDAS
41097,02,EDAS
41098,01,REM
41098,02,REM
41102,01,DAS
41121,01,EDAS
41121,02,EDAS
41124,01,REM
41124,02,REM
41127,01,EDAS
41127,02,EDAS
41128,01,DAS
41128,02,DAS
41129,01,DAS
41129,02,DAS
41132,01,REM
41132,02,REM
41135,01,REM
41135,02,REM
41137,01,EDAS
41137,02,EDAS
41141,01,EDAS
41141,02,EDAS
41142,01,DAS
41142,02,DAS
41143,01,DAS
41143,02,DAS
41144,01,EDAS
41144,02,EDAS
41146,01,DAS
41146,02,DAS
41149,01,EDAS
41149,02,EDAS
41159,01,REM
41159,02,REM
41160,01,DAS
41160,02,DAS
41164,01,REM
41164,02,REM
41166,01,EDAS
41166,02,EDAS
41168,01,DAS
41168,02,DAS
41171,01,EDAS
41171,02,EDAS
41173,01,EDAS
41173,02,EDAS
41174,01,EDAS
41174,02,EDAS
41175,01,EDAS
41175,02,EDAS
41179,01,EDAS
41179,02,EDAS
41180,01,EDAS
41180,02,EDAS
41181,01,EDAS
41181,02,EDAS
41183,01,DAS
41183,02,DAS
41189,01,EDAS
41189,02,EDAS
41201,01,REM
41201,02,REM
41203,01,EDAS
41203,02,EDAS
41204,01,EDAS
41204,02,EDAS
41214,01,EDAS
41214,02,EDAS
41215,01,EDAS
41215,02,EDAS
41216,01,DAS
41216,02,DAS
41219,01,REM
41219,02,REM
41222,01,EDAS
41222,02,EDAS
41224,01,EDAS
41224,02,EDAS
41226,01,REM
41226,02,REM
41228,01,EDAS
41228,02,EDAS
41230,01,EDAS
41230,02,EDAS
41231,01,EDAS
41231,02,EDAS
41232,01,REM
41232,02,REM
41234,01,EDAS
41234,02,EDAS
41238,01,EDAS
41238,02,EDAS
41240,01,DAS
41240,02,DAS
41250,01,EDAS
41250,02,EDAS
41254,01,EDAS
41254,02,EDAS
41255,01,EDAS
41255,02,EDAS
41256,01,EDAS
41256,02,EDAS
41257,01,REM
41257,02,REM
41260,01,EDAS
41260,02,EDAS
41262,01,EDAS
41262,02,EDAS
41263,01,EDAS
41263,02,EDAS
41264,01,EDAS
41264,02,EDAS
41265,01,EDAS
41265,02,EDAS
41267,01,EDAS
41267,02,EDAS
41268,01,DAS
41268,02,DAS
41271,01,EDAS
41271,02,EDAS
41274,01,DAS
41274,02,DAS
41301,01,EDAS
41301,02,EDAS
41307,01,EDAS
41307,02,EDAS
41310,01,EDAS
41310,02,EDAS
41311,01,EDAS
41311,02,EDAS
41313,01,EDAS
41313,02,EDAS
41314,01,EDAS
41314,02,EDAS
41317,01,REM
41317,02,REM
41332,01,EDAS
41332,02,EDAS
41338,01,EDAS
41338,02,EDAS
41339,01,REM
41339,02,REM
41342,01,EDAS
41342,02,EDAS
41344,01,EDAS
41344,02,EDAS
41348,01,REM
41348,02,REM
41351,01,REM
41351,02,REM
41352,01,REM
41352,02,REM
41360,01,EDAS
41360,02,EDAS
41364,01,EDAS
41364,02,EDAS
41365,01,DAS
41365,02,DAS
41366,01,EDAS
41366,02,EDAS
41367,01,EDAS
41367,02,EDAS
41368,01,EDAS
41368,02,EDAS
41377,01,EDAS
41377,02,EDAS
41385,01,REM
41385,02,REM
41386,01,EDAS
41386,02,EDAS
41390,01,EDAS
41390,02,EDAS
41397,01,EDAS
41397,02,EDAS
41408,01,EDAS
41408,02,EDAS
41413,01,DAS
41413,02,DAS
41419,01,EDAS
41419,02,EDAS
41421,01,EDAS
41421,02,EDAS
41422,01,EDAS
41422,02,EDAS
41425,01,REM
41425,02,REM
41426,01,EDAS
41426,02,EDAS
41464,01,REM
41464,02,REM
41465,01,EDAS
41465,02,EDAS
41472,01,REM
41472,02,REM
41477,01,EDAS
41477,02,EDAS
41501,01,DAS
41501,02,DAS
41503,01,DAS
41503,02,DAS
41512,01,EDAS
41512,02,EDAS
41513,01,EDAS
41513,02,EDAS
41514,01,EDAS
41514,02,EDAS
41517,01,DAS
41517,02,DAS
41519,01,EDAS
41519,02,EDAS
41520,01,EDAS
41520,02,EDAS
41522,01,EDAS
41522,02,EDAS
41524,01,EDAS
41524,02,EDAS
41527,01,EDAS
41527,02,EDAS
41528,01,EDAS
41528,02,EDAS
41531,01,EDAS
41531,02,EDAS
41534,01,REM
41534,02,REM
41535,01,EDAS
41535,02,EDAS
41537,01,EDAS
41537,02,EDAS
41538,01,DAS
41538,02,DAS
41539,01,EDAS
41539,02,EDAS
41540,01,EDAS
41540,02,EDAS
41542,01,DAS
41542,02,DAS
41543,01,EDAS
41543,02,EDAS
41544,01,EDAS
41544,02,EDAS
41546,01,EDAS
41546,02,EDAS
41547,01,EDAS
41547,02,EDAS
41548,01,EDAS
41548,02,EDAS
41549,01,EDAS
41549,02,EDAS
41553,01,EDAS
41553,02,EDAS
41554,01,EDAS
41554,02,EDAS
41555,01,EDAS
41555,02,EDAS
41557,01,EDAS
41557,02,EDAS
41558,01,EDAS
41558,02,EDAS
41559,01,EDAS
41559,02,EDAS
41560,01,DAS
41560,02,DAS
41561,01,DAS
41561,02,DAS
41562,01,EDAS
41562,02,EDAS
41563,01,EDAS
41563,02,EDAS
41564,01,EDAS
41564,02,EDAS
41566,01,EDAS
41566,02,EDAS
41567,01,DAS
41567,02,EDAS
41568,01,EDAS
41568,02,EDAS
41571,01,EDAS
41571,02,EDAS
41572,01,EDAS
41572,02,EDAS
41601,01,DAS
41601,02,DAS
41602,01,EDAS
41602,02,EDAS
41603,01,EDAS
41603,02,EDAS
41604,01,EDAS
41604,02,EDAS
41605,01,DAS
41605,02,DAS
41606,01,EDAS
41606,02,EDAS
41607,01,EDAS
41607,02,EDAS
41612,01,DAS
41612,02,DAS
41615,01,EDAS
41615,02,EDAS
41616,01,EDAS
41616,02,EDAS
41619,01,EDAS
41619,02,EDAS
41621,01,DAS
41621,02,DAS
41622,01,DAS
41622,02,DAS
41630,01,EDAS
41630,02,EDAS
41631,01,EDAS
41631,02,EDAS
41632,01,REM
41632,02,REM
41635,01,DAS
41635,02,DAS
41636,01,EDAS
41636,02,EDAS
41640,01,EDAS
41640,02,EDAS
41642,01,EDAS
41642,02,EDAS
41643,01,DAS
41643,02,EDAS
41645,01,EDAS
41645,02,EDAS
41647,01,EDAS
41647,02,EDAS
41649,01,DAS
41649,02,DAS
41650,01,DAS
41650,02,DAS
41651,01,DAS
41651,02,DAS
41653,01,DAS
41653,02,DAS
41655,01,EDAS
41655,02,EDAS
41659,01,DAS
41659,02,DAS
41660,01,EDAS
41660,02,EDAS
41663,01,EDAS
41663,02,EDAS
41666,01,DAS
41666,02,DAS
41667,01,EDAS
41667,02,EDAS
41669,01,DAS
41669,02,DAS
41701,01,DAS
41701,02,DAS
41712,01,REM
41712,02,REM
41713,01,REM
41713,02,REM
41714,01,REM
41714,02,REM
41719,01,EDAS
41719,02,EDAS
41721,01,REM
41721,02,REM
41722,01,EDAS
41722,02,EDAS
41723,01,EDAS
41723,02,EDAS
41725,01,EDAS
41725,02,EDAS
41727,01,EDAS
41727,02,EDAS
41730,01,EDAS
41730,02,EDAS
41731,01,REM
41731,02,REM
41735,01,EDAS
41735,02,EDAS
41739,01,DAS
41739,02,DAS
41740,01,EDAS
41740,02,EDAS
41743,01,REM
41743,02,REM
41745,01,REM
41745,02,REM
41746,01,EDAS
41746,02,EDAS
41747,01,EDAS
41747,02,EDAS
41749,01,EDAS
41749,02,EDAS
41751,01,EDAS
41751,02,EDAS
41754,01,REM
41754,02,REM
41759,01,REM
41759,02,REM
41760,01,EDAS
41760,02,EDAS
41762,01,REM
41762,02,REM
41763,01,REM
41763,02,REM
41764,01,EDAS
41764,02,EDAS
41766,01,REM
41766,02,REM
41772,01,EDAS
41772,02,EDAS
41773,01,EDAS
41773,02,EDAS
41774,01,EDAS
41774,02,EDAS
41775,01,EDAS
41775,02,EDAS
41776,01,REM
41776,02,REM
41777,01,REM
41777,02,REM
41778,01,DAS
41778,02,DAS
41804,01,REM
41804,02,REM
41810,01,DAS
41810,02,DAS
41812,01,EDAS
41812,02,EDAS
41815,01,EDAS
41815,02,EDAS
41817,01,EDAS
41817,02,EDAS
41819,01,REM
41819,02,REM
41821,01,REM
41821,02,REM
41822,01,EDAS
41822,02,EDAS
41824,01,EDAS
41824,02,EDAS
41825,01,EDAS
41825,02,EDAS
41826,01,EDAS
41826,02,EDAS
41828,01,EDAS
41828,02,EDAS
41831,01,EDAS
41831,02,EDAS
41832,01,EDAS
41832,02,EDAS
41833,01,EDAS
41833,02,EDAS
41834,01,REM
41834,02,REM
41835,01,EDAS
41835,02,EDAS
41836,01,REM
41836,02,REM
41837,01,EDAS
41837,02,EDAS
41838,01,EDAS
41838,02,EDAS
41839,01,EDAS
41839,02,EDAS
41840,01,EDAS
41840,02,EDAS
41843,01,EDAS
41843,02,EDAS
41844,01,DAS
41844,02,DAS
41845,01,EDAS
41845,02,EDAS
41847,01,REM
41847,02,REM
41848,01,EDAS
41848,02,EDAS
41849,01,EDAS
41849,02,EDAS
41855,01,EDAS
41855,02,EDAS
41858,01,EDAS
41858,02,EDAS
41859,01,EDAS
41859,02,EDAS
41861,01,EDAS
41861,02,EDAS
41862,01,EDAS
41862,02,EDAS
42020,01,DAS
42020,02,DAS
42021,01,REM
42021,02,EDAS
42022,01,EDAS
42022,02,EDAS
42023,01,EDAS
42023,02,EDAS
42024,01,EDAS
42024,02,EDAS
42025,01,DAS
42025,02,DAS
42027,01,DAS
42027,02,DAS
42028,01,EDAS
42028,02,EDAS
42029,01,DAS
42029,02,DAS
42031,01,REM
42031,02,REM
42032,01,REM
42032,02,REM
42033,01,EDAS
42033,02,EDAS
42035,01,EDAS
42035,02,EDAS
42036,01,EDAS
42036,02,EDAS
42037,01,EDAS
42037,02,EDAS
42038,01,EDAS
42038,02,EDAS
42039,01,EDAS
42039,02,EDAS
42040,01,EDAS
42040,02,EDAS
42041,01,EDAS
42041,02,EDAS
42044,01,DAS
42044,02,DAS
42045,01,EDAS
42045,02,EDAS
42047,01,EDAS
42047,02,EDAS
42048,01,REM
42048,02,REM
42049,01,EDAS
42049,02,EDAS
42050,01,EDAS
42050,02,EDAS
42051,01,DAS
42051,02,DAS
42053,01,EDAS
42053,02,EDAS
42054,01,EDAS
42054,02,EDAS
42055,01,EDAS
42055,02,EDAS
42056,01,EDAS
42056,02,EDAS
42058,01,EDAS
42058,02,EDAS
42060,01,DAS
42060,02,DAS
42061,01,DAS
42061,02,DAS
42064,01,EDAS
42064,02,EDAS
42066,01,DAS
42066,02,DAS
42069,01,EDAS
42069,02,EDAS
42070,01,EDAS
42070,02,EDAS
42071,01,EDAS
42071,02,EDAS
42076,01,EDAS
42076,02,EDAS
42078,01,EDAS
42078,02,EDAS
42079,01,EDAS
42079,02,EDAS
42081,01,EDAS
42081,02,EDAS
42082,01,DAS
42082,02,DAS
42083,01,REM
42083,02,REM
42084,01,EDAS
42084,02,EDAS
42085,01,REM
42085,02,REM
42086,01,DAS
42086,02,DAS
42087,01,EDAS
42087,02,EDAS
42088,01,EDAS
42088,02,EDAS
42120,01,EDAS
42120,02,EDAS
42122,01,DAS
42122,02,DAS
42123,01,EDAS
42123,02,EDAS
42124,01,REM
42124,02,REM
42127,01,EDAS
42127,02,EDAS
42129,01,EDAS
42129,02,EDAS
42130,01,EDAS
42130,02,EDAS
42131,01,REM
42131,02,REM
42133,01,REM
42133,02,REM
42134,01,DAS
42134,02,DAS
42135,01,DAS
42135,02,DAS
42140,01,EDAS
42140,02,EDAS
42141,01,DAS
42141,02,DAS
42142,01,DAS
42142,02,DAS
42151,01,EDAS
42151,02,EDAS
42153,01,EDAS
42153,02,EDAS
42154,01,EDAS
42154,02,EDAS
42156,01,EDAS
42156,02,EDAS
42157,01,EDAS
42157,02,EDAS
42159,01,DAS
42159,02,DAS
42160,01,EDAS
42160,02,EDAS
42163,01,DAS
42163,02,DAS
42164,01,DAS
42164,02,DAS
42166,01,REM
42166,02,REM
42167,01,REM
42167,02,REM
42170,01,EDAS
42170,02,EDAS
42171,01,DAS
42171,02,DAS
42201,01,EDAS
42201,02,EDAS
42202,01,EDAS
42202,02,EDAS
42204,01,EDAS
42204,02,EDAS
42206,01,EDAS
42206,02,EDAS
42207,01,EDAS
42207,02,EDAS
42209,01,EDAS
42209,02,EDAS
42210,01,EDAS
42210,02,EDAS
42211,01,EDAS
42211,02,EDAS
42214,01,EDAS
42214,02,EDAS
42215,01,EDAS
42215,02,EDAS
42216,01,EDAS
42216,02,EDAS
42217,01,EDAS
42217,02,EDAS
42219,01,DAS
42219,02,DAS
42220,01,EDAS
42220,02,EDAS
42221,01,EDAS
42221,02,EDAS
42232,01,EDAS
42232,02,EDAS
42234,01,DAS
42234,02,DAS
42236,01,EDAS
42236,02,EDAS
42240,01,DAS
42240,02,DAS
42241,01,DAS
42241,02,DAS
42252,01,DAS
42252,02,DAS
42254,01,DAS
42254,02,EDAS
42256,01,EDAS
42256,02,EDAS
42257,01,EDAS
42257,02,EDAS
42259,01,EDAS
42259,02,EDAS
42261,01,EDAS
42261,02,EDAS
42262,01,DAS
42262,02,DAS
42265,01,EDAS
42265,02,EDAS
42266,01,EDAS
42266,02,EDAS
42267,01,EDAS
42267,02,EDAS
42273,01,EDAS
42273,02,EDAS
42274,01,DAS
42274,02,DAS
42275,01,EDAS
42275,02,EDAS
42276,01,DAS
42276,02,DAS
42280,01,EDAS
42280,02,EDAS
42283,01,EDAS
42283,02,EDAS
42285,01,EDAS
42285,02,EDAS
42286,01,EDAS
42286,02,EDAS
42287,01,EDAS
42287,02,EDAS
42320,01,DAS
42320,02,DAS
42321,01,EDAS
42321,02,EDAS
42322,01,DAS
42322,02,DAS
42323,01,EDAS
42323,02,EDAS
42324,01,EDAS
42324,02,EDAS
42325,01,EDAS
42325,02,EDAS
42326,01,EDAS
42326,02,EDAS
42327,01,EDAS
42327,02,EDAS
42328,01,EDAS
42328,02,EDAS
42330,01,EDAS
42330,02,EDAS
42332,01,DAS
42332,02,DAS
42333,01,EDAS
42333,02,EDAS
42337,01,EDAS
42337,02,EDAS
42338,01,EDAS
42338,02,EDAS
42339,01,EDAS
42339,02,EDAS
42343,01,EDAS
42343,02,EDAS
42344,01,EDAS
42344,02,EDAS
42345,01,EDAS
42345,02,EDAS
42347,01,DAS
42347,02,DAS
42348,01,EDAS
42348,02,EDAS
42349,01,REM
42349,02,REM
42350,01,EDAS
42350,02,EDAS
42351,01,EDAS
42351,02,EDAS
42352,01,EDAS
42352,02,EDAS
42354,01,DAS
42354,02,DAS
42355,01,EDAS
42355,02,EDAS
42361,01,REM
42361,02,REM
42364,01,EDAS
42364,02,EDAS
42365,01,EDAS
42365,02,EDAS
42366,01,EDAS
42366,02,EDAS
42367,01,DAS
42367,02,DAS
42368,01,EDAS
42368,02,EDAS
42369,01,EDAS
42369,02,EDAS
42370,01,DAS
42370,02,DAS
42371,01,EDAS
42371,02,EDAS
42372,01,EDAS
42372,02,EDAS
42374,01,DAS
42374,02,DAS
42376,01,EDAS
42376,02,EDAS
42378,01,REM
42378,02,REM
42402,01,DAS
42402,02,DAS
42404,01,EDAS
42404,02,EDAS
42406,01,EDAS
42406,02,EDAS
42408,01,EDAS
42408,02,EDAS
42409,01,EDAS
42409,02,EDAS
42410,01,EDAS
42410,02,EDAS
42411,01,EDAS
42411,02,EDAS
42413,01,DAS
42413,02,DAS
42420,01,DAS
42420,02,DAS
42431,01,DAS
42431,02,DAS
42436,01,EDAS
42436,02,EDAS
42437,01,EDAS
42437,02,EDAS
42440,01,DAS
42440,02,DAS
42441,01,EDAS
42441,02,EDAS
42442,01,EDAS
42442,02,EDAS
42444,01,EDAS
42444,02,EDAS
42445,01,DAS
42445,02,DAS
42450,01,EDAS
42450,02,EDAS
42451,01,EDAS
42451,02,EDAS
42452,01,DAS
42452,02,DAS
42453,01,EDAS
42453,02,EDAS
42455,01,EDAS
42455,02,EDAS
42456,01,EDAS
42456,02,EDAS
42457,01,DAS
42457,02,DAS
42458,01,EDAS
42458,02,EDAS
42459,01,EDAS
42459,02,EDAS
42461,01,EDAS
42461,02,EDAS
42462,01,EDAS
42462,02,EDAS
42463,01,DAS
42463,02,DAS
42464,01,EDAS
42464,02,EDAS
42501,01,DAS
42501,02,DAS
42503,01,DAS
42503,02,DAS
42516,01,EDAS
42516,02,EDAS
42518,01,EDAS
42518,02,EDAS
42519,01,EDAS
42519,02,EDAS
42528,01,EDAS
42528,02,EDAS
42539,01,EDAS
42539,02,EDAS
42541,01,EDAS
42541,02,EDAS
42544,01,EDAS
42544,02,EDAS
42553,01,EDAS
42553,02,EDAS
42558,01,EDAS
42558,02,EDAS
42565,01,EDAS
42565,02,EDAS
42566,01,EDAS
42566,02,EDAS
42567,01,EDAS
42567,02,EDAS
42602,01,EDAS
42602,02,EDAS
42603,01,EDAS
42603,02,EDAS
42629,01,EDAS
42629,02,EDAS
42631,01,EDAS
42631,02,EDAS
42633,01,EDAS
42633,02,EDAS
42634,01,REM
42634,02,REM
42635,01,EDAS
42635,02,EDAS
42642,01,EDAS
42642,02,EDAS
42647,01,EDAS
42647,02,EDAS
42649,01,EDAS
42649,02,EDAS
42653,01,EDAS
42653,02,EDAS
42711,01,EDAS
42711,02,EDAS
42712,01,REM
42712,02,REM
42713,01,EDAS
42713,02,EDAS
42715,01,EDAS
42715,02,EDAS
42716,01,EDAS
42716,02,EDAS
42717,01,EDAS
42717,02,EDAS
42718,01,DAS
42718,02,DAS
42719,01,DAS
42719,02,DAS
42720,01,EDAS
42720,02,EDAS
42721,01,EDAS
42721,02,EDAS
42722,01,EDAS
42722,02,EDAS
42724,01,REM
42724,02,REM
42726,01,EDAS
42726,02,EDAS
42728,01,EDAS
42728,02,EDAS
42729,01,REM
42729,02,REM
42731,01,EDAS
42731,02,EDAS
42732,01,REM
42732,02,REM
42733,01,EDAS
42733,02,EDAS
42735,01,EDAS
42735,02,EDAS
42740,01,REM
42740,02,REM
42741,01,EDAS
42741,02,EDAS
42742,01,DAS
42742,02,DAS
42743,01,EDAS
42743,02,EDAS
42746,01,EDAS
42746,02,EDAS
42748,01,EDAS
42748,02,EDAS
42749,01,EDAS
42749,02,EDAS
42753,01,EDAS
42753,02,EDAS
42754,01,EDAS
42754,02,EDAS
42755,01,DAS
42755,02,DAS
42757,01,REM
42757,02,REM
42758,01,EDAS
42758,02,EDAS
42759,01,DAS
42759,02,DAS
42761,01,EDAS
42761,02,EDAS
42762,01,EDAS
42762,02,EDAS
42764,01,EDAS
42764,02,EDAS
42765,01,EDAS
42765,02,EDAS
42776,01,REM
42776,02,REM
42782,01,REM
42782,02,REM
42784,01,REM
42784,02,REM
42786,01,EDAS
42786,02,EDAS
42788,01,EDAS
42788,02,EDAS
43001,01,DAS
43001,02,DAS
43003,01,EDAS
43003,02,EDAS
43005,01,DAS
43005,02,DAS
43006,01,EDAS
43006,02,EDAS
43008,01,DAS
43008,02,DAS
43009,01,EDAS
43009,02,EDAS
43010,02,DAS
43011,01,EDAS
43011,02,EDAS
43013,01,EDAS
43013,02,EDAS
43014,01,EDAS
43014,02,EDAS
43019,01,DAS
43019,02,DAS
43021,01,DAS
43021,02,DAS
43022,01,DAS
43022,02,DAS
43023,01,DAS
43023,02,DAS
43025,01,DAS
43025,02,DAS
43027,01,EDAS
43027,02,EDAS
43028,01,EDAS
43028,02,EDAS
43029,01,DAS
43029,02,DAS
43030,01,DAS
43030,02,DAS
43031,01,DAS
43031,02,DAS
43036,01,DAS
43036,02,DAS
43037,01,EDAS
43037,02,EDAS
43040,01,DAS
43040,02,DAS
43044,01,EDAS
43044,02,EDAS
43045,01,EDAS
43045,02,EDAS
43046,01,DAS
43046,02,DAS
43047,01,DAS
43047,02,DAS
43048,01,DAS
43048,02,DAS
43050,01,DAS
43050,02,DAS
43055,01,DAS
43055,02,DAS
43056,01,DAS
43056,02,DAS
43058,01,DAS
43058,02,DAS
43060,01,EDAS
43060,02,EDAS
43061,01,EDAS
43061,02,EDAS
43066,01,EDAS
43066,02,EDAS
43067,01,DAS
43067,02,DAS
43070,01,DAS
43070,02,DAS
43071,01,EDAS
43071,02,EDAS
43072,01,EDAS
43072,02,EDAS
43074,01,DAS
43074,02,DAS
43076,01,DAS
43076,02,DAS
43077,01,DAS
43077,02,DAS
43078,01,DAS
43078,02,DAS
43080,01,EDAS
43080,02,EDAS
43084,01,EDAS
43084,02,EDAS
43101,01,DAS
43101,02,DAS
43102,01,DAS
43102,02,DAS
43103,01,DAS
43103,02,DAS
43105,01,DAS
43105,02,DAS
43106,01,EDAS
43106,02,EDAS
43107,01,EDAS
43107,02,EDAS
43111,01,DAS
43111,02,DAS
43112,01,DAS
43112,02,DAS
43115,01,EDAS
43115,02,EDAS
43119,01,DAS
43119,02,DAS
43126,01,DAS
43126,02,DAS
43127,02,DAS
43128,01,EDAS
43128,02,EDAS
43135,01,EDAS
43135,02,EDAS
43138,01,EDAS
43138,02,EDAS
43140,01,DAS
43140,02,DAS
43142,01,DAS
43142,02,DAS
43143,01,EDAS
43143,02,EDAS
43144,01,DAS
43144,02,DAS
43145,01,EDAS
43145,02,EDAS
43146,01,EDAS
43146,02,EDAS
43148,01,EDAS
43148,02,EDAS
43149,01,EDAS
43149,02,EDAS
43150,01,EDAS
43150,02,EDAS
43151,01,DAS
43151,02,DAS
43152,01,EDAS
43152,02,EDAS
43153,01,EDAS
43153,02,EDAS
43154,01,DAS
43154,02,DAS
43155,01,DAS
43155,02,DAS
43156,01,REM
43156,02,REM
43157,02,DAS
43158,01,REM
43158,02,REM
43160,01,EDAS
43160,02,EDAS
43163,01,EDAS
43163,02,EDAS
43164,01,EDAS
43164,02,EDAS
43302,01,DAS
43302,02,DAS
43310,01,EDAS
43310,02,EDAS
43311,01,DAS
43311,02,DAS
43314,01,EDAS
43314,02,EDAS
43315,01,DAS
43315,02,DAS
43316,01,DAS
43316,02,DAS
43318,01,EDAS
43318,02,EDAS
43319,01,EDAS
43319,02,EDAS
43320,01,EDAS
43320,02,EDAS
43321,02,DAS
43322,01,DAS
43322,02,DAS
43323,01,EDAS
43323,02,EDAS
43324,01,DAS
43324,02,DAS
43325,01,DAS
43325,02,DAS
43326,01,DAS
43326,02,DAS
43330,01,DAS
43330,02,DAS
43331,01,DAS
43331,02,DAS
43332,01,EDAS
43332,02,EDAS
43333,01,EDAS
43333,02,EDAS
43334,01,EDAS
43334,02,EDAS
43335,01,DAS
43335,02,DAS
43336,01,DAS
43336,02,DAS
43337,01,EDAS
43337,02,EDAS
43338,01,DAS
43338,02,DAS
43340,01,EDAS
43340,02,EDAS
43341,01,EDAS
43341,02,EDAS
43342,01,DAS
43342,02,DAS
43343,01,EDAS
43343,02,EDAS
43344,01,EDAS
43344,02,EDAS
43345,01,EDAS
43345,02,EDAS
43346,01,DAS
43346,02,DAS
43347,01,EDAS
43347,02,EDAS
43349,01,DAS
43349,02,DAS
43351,01,DAS
43351,02,DAS
43356,01,EDAS
43356,02,EDAS
43357,01,EDAS
43357,02,EDAS
43358,01,EDAS
43358,02,EDAS
43359,01,EDAS
43359,02,EDAS
43360,01,EDAS
43360,02,EDAS
43402,01,DAS
43402,02,DAS
43406,01,EDAS
43406,02,EDAS
43407,01,EDAS
43407,02,EDAS
43410,01,DAS
43410,02,DAS
43412,01,EDAS
43412,02,EDAS
43413,01,EDAS
43413,02,EDAS
43416,01,DAS
43416,02,DAS
43420,01,DAS
43420,02,DAS
43430,01,DAS
43430,02,DAS
43431,01,DAS
43431,02,DAS
43432,01,DAS
43432,02,DAS
43433,01,DAS
43433,02,DAS
43435,01,EDAS
43435,02,EDAS
43436,01,DAS
43436,02,DAS
43437,02,DAS
43438,01,REM
43438,02,REM
43440,01,REM
43440,02,REM
43442,01,EDAS
43442,02,EDAS
43443,01,DAS
43443,02,DAS
43445,01,EDAS
43445,02,EDAS
43446,01,REM
43446,02,REM
43447,01,DAS
43447,02,DAS
43449,01,DAS
43449,02,DAS
43450,01,DAS
43450,02,DAS
43451,01,EDAS
43451,02,EDAS
43452,01,DAS
43452,02,DAS
43456,01,REM
43456,02,REM
43457,01,EDAS
43457,02,EDAS
43462,01,EDAS
43462,02,EDAS
43464,01,EDAS
43464,02,EDAS
43466,01,EDAS
43466,02,EDAS
43467,01,EDAS
43467,02,EDAS
43468,01,DAS
43468,02,DAS
43469,01,DAS
43469,02,DAS
43501,01,EDAS
43501,02,EDAS
43502,01,EDAS
43502,02,EDAS
43504,01,DAS
43504,02,DAS
43506,01,DAS
43506,02,DAS
43510,01,DAS
43510,02,DAS
43511,01,EDAS
43511,02,EDAS
43512,01,DAS
43512,02,DAS
43515,01,DAS
43515,02,DAS
43516,01,EDAS
43516,02,EDAS
43517,01,EDAS
43517,02,EDAS
43518,01,EDAS
43518,02,EDAS
43521,01,EDAS
43521,02,EDAS
43522,01,DAS
43522,02,DAS
43523,01,DAS
43523,02,DAS
43524,01,EDAS
43524,02,EDAS
43526,01,DAS
43526,02,DAS
43527,01,EDAS
43527,02,EDAS
43529,02,DAS
43531,01,DAS
43531,02,DAS
43532,01,EDAS
43532,02,EDAS
43533,01,EDAS
43533,02,EDAS
43534,01,EDAS
43534,02,EDAS
43535,01,EDAS
43535,02,EDAS
43536,01,EDAS
43536,02,EDAS
43540,01,EDAS
43540,02,EDAS
43541,01,DAS
43541,02,DAS
43542,01,DAS
43542,02,DAS
43543,01,EDAS
43543,02,EDAS
43545,01,DAS
43545,02,DAS
43547,01,DAS
43547,02,EDAS
43548,01,EDAS
43548,02,EDAS
43549,01,EDAS
43549,02,EDAS
43553,01,DAS
43553,02,DAS
43554,01,EDAS
43554,02,EDAS
43555,01,DAS
43555,02,DAS
43556,01,EDAS
43556,02,EDAS
43557,01,EDAS
43557,02,EDAS
43558,01,DAS
43558,02,DAS
43567,01,DAS
43567,02,DAS
43569,01,EDAS
43569,02,EDAS
43570,01,EDAS
43570,02,EDAS
43711,01,EDAS
43711,02,EDAS
43713,01,DAS
43713,02,DAS
43716,01,EDAS
43716,02,EDAS
43717,01,DAS
43717,02,DAS
43718,01,DAS
43718,02,DAS
43719,01,DAS
43719,02,DAS
43720,01,EDAS
43720,02,EDAS
43721,01,DAS
43721,02,DAS
43722,01,EDAS
43722,02,EDAS
43723,01,DAS
43723,02,DAS
43724,01,DAS
43724,02,DAS
43725,01,DAS
43725,02,DAS
43727,01,EDAS
43727,02,EDAS
43728,01,EDAS
43728,02,EDAS
43730,01,EDAS
43730,02,EDAS
43731,01,DAS
43731,02,DAS
43732,01,EDAS
43732,02,EDAS
43733,02,DAS
43735,01,DAS
43735,02,DAS
43738,01,DAS
43738,02,DAS
43739,01,EDAS
43739,02,EDAS
43740,01,DAS
43740,02,DAS
43746,01,EDAS
43746,02,EDAS
43747,01,EDAS
43747,02,EDAS
43748,01,EDAS
43748,02,EDAS
43749,01,EDAS
43749,02,EDAS
43752,01,DAS
43752,02,DAS
43754,01,REM
43754,02,REM
43755,01,EDAS
43755,02,EDAS
43756,01,EDAS
43756,02,EDAS
43757,01,EDAS
43757,02,EDAS
43758,01,EDAS
43758,02,EDAS
43759,01,DAS
43759,02,DAS
43760,01,EDAS
43760,02,EDAS
43761,01,DAS
43761,02,DAS
43762,01,EDAS
43762,02,EDAS
43764,01,DAS
43764,02,DAS
43766,01,EDAS
43766,02,EDAS
43767,01,EDAS
43767,02,EDAS
43768,01,DAS
43768,02,DAS
43771,01,EDAS
43771,02,EDAS
43772,01,EDAS
43772,02,EDAS
43773,01,EDAS
43773,02,EDAS
43777,01,EDAS
43777,02,EDAS
43778,01,EDAS
43778,02,EDAS
43779,01,EDAS
43779,02,EDAS
43780,01,EDAS
43780,02,EDAS
43782,01,EDAS
43782,02,EDAS
43783,01,EDAS
43783,02,EDAS
43786,01,DAS
43786,02,DAS
43787,01,REM
43787,02,REM
43788,01,EDAS
43788,02,EDAS
43789,01,EDAS
43789,02,EDAS
43793,01,EDAS
43793,02,EDAS
43802,01,EDAS
43802,02,EDAS
43803,01,DAS
43803,02,DAS
43804,01,DAS
43804,02,DAS
43805,01,REM
43805,02,REM
43811,01,EDAS
43811,02,EDAS
43812,01,DAS
43812,02,DAS
43821,01,EDAS
43821,02,EDAS
43822,01,DAS
43822,02,DAS
43824,01,REM
43824,02,REM
43830,01,DAS
43830,02,DAS
43832,01,EDAS
43832,02,EDAS
43837,01,EDAS
43837,02,EDAS
43840,01,EDAS
43840,02,EDAS
43843,01,REM
43843,02,REM
43844,01,EDAS
43844,02,EDAS
43845,01,DAS
43845,02,DAS
43901,01,EDAS
43901,02,EDAS
43902,01,REM
43902,02,REM
43903,01,EDAS
43903,02,EDAS
43906,01,DAS
43906,02,DAS
43907,01,EDAS
43907,02,EDAS
43908,01,EDAS
43908,02,EDAS
43909,01,DAS
43909,02,DAS
43910,01,EDAS
43910,02,EDAS
43912,01,DAS
43912,02,DAS
43913,01,DAS
43913,02,DAS
43914,01,EDAS
43914,02,EDAS
43915,01,EDAS
43915,02,EDAS
43916,01,DAS
43916,02,DAS
43917,01,EDAS
43917,02,EDAS
43920,01,DAS
43920,02,DAS
43925,01,DAS
43925,02,EDAS
43926,01,DAS
43926,02,DAS
43928,01,DAS
43928,02,DAS
43930,01,EDAS
43930,02,EDAS
43931,01,EDAS
43931,02,EDAS
43932,01,EDAS
43932,02,EDAS
43933,01,EDAS
43933,02,EDAS
43934,01,DAS
43934,02,DAS
43935,01,DAS
43935,02,DAS
43938,01,EDAS
43938,02,EDAS
43939,01,DAS
43939,02,DAS
43940,01,DAS
43940,02,DAS
43941,01,EDAS
43941,02,EDAS
43942,01,EDAS
43942,02,EDAS
43943,01,DAS
43943,02,DAS
43944,01,EDAS
43944,02,EDAS
43945,01,EDAS
43945,02,EDAS
43946,01,EDAS
43946,02,EDAS
43947,01,DAS
43947,02,DAS
43948,01,EDAS
43948,02,EDAS
43951,01,DAS
43951,02,DAS
43953,01,DAS
43953,02,DAS
43961,02,DAS
43962,01,EDAS
43962,02,EDAS
43963,01,DAS
43963,02,DAS
43964,01,DAS
43964,02,DAS
43966,01,EDAS
43966,02,EDAS
43967,01,DAS
43967,02,DAS
43968,01,EDAS
43968,02,EDAS
43971,01,DAS
43971,02,DAS
43973,01,EDAS
43973,02,EDAS
43974,01,DAS
43974,02,DAS
43976,01,EDAS
43976,02,EDAS
43977,01,EDAS
43977,02,EDAS
43981,01,DAS
43981,02,DAS
43983,01,REM
43983,02,REM
43986,01,EDAS
43986,02,EDAS
43988,01,EDAS
43988,02,EDAS
44003,01,DAS
44003,02,DAS
44010,01,DAS
44010,02,DAS
44021,01,DAS
44021,02,DAS
44026,01,DAS
44030,01,DAS
44030,02,DAS
44032,01,EDAS
44032,02,EDAS
44033,01,EDAS
44033,02,EDAS
44041,01,DAS
44041,02,DAS
44044,01,DAS
44044,02,DAS
44046,01,EDAS
44046,02,EDAS
44047,01,DAS
44047,02,DAS
44048,01,DAS
44048,02,DAS
44050,01,DAS
44050,02,DAS
44057,01,DAS
44057,02,DAS
44062,01,DAS
44062,02,DAS
44064,01,DAS
44064,02,DAS
44065,01,DAS
44065,02,DAS
44068,01,DAS
44068,02,DAS
44074,01,DAS
44074,02,DAS
44076,01,EDAS
44076,02,EDAS
44080,01,DAS
44080,02,DAS
44082,01,EDAS
44082,02,EDAS
44084,01,DAS
44084,02,DAS
44085,01,EDAS
44085,02,EDAS
44086,01,DAS
44086,02,DAS
44089,01,DAS
44089,02,DAS
44090,01,DAS
44090,02,DAS
44093,01,EDAS
44093,02,EDAS
44099,01,EDAS
44099,02,EDAS
44201,01,DAS
44201,02,DAS
44214,01,EDAS
44214,02,EDAS
44217,01,DAS
44217,02,DAS
44231,01,DAS
44231,02,DAS
44233,01,DAS
44234,01,DAS
44234,02,DAS
44235,01,DAS
44235,02,DAS
44253,01,DAS
44253,02,DAS
44254,01,DAS
44254,02,DAS
44255,01,DAS
44255,02,DAS
44260,01,DAS
44264,01,DAS
44264,02,DAS
44265,01,DAS
44265,02,DAS
44270,01,DAS
44270,02,DAS
44272,01,DAS
44272,02,DAS
44273,01,DAS
44273,02,DAS
44275,01,DAS
44275,02,DAS
44276,01,EDAS
44276,02,EDAS
44280,01,DAS
44280,02,DAS
44287,01,DAS
44287,02,DAS
44288,01,DAS
44288,02,DAS
44401,01,DAS
44401,02,DAS
44402,01,DAS
44402,02,DAS
44403,01,DAS
44403,02,DAS
44404,01,EDAS
44404,02,EDAS
44408,01,DAS
44408,02,DAS
44411,01,DAS
44411,02,DAS
44412,01,DAS
44412,02,DAS
44413,01,DAS
44413,02,DAS
44415,01,DAS
44415,02,DAS
44416,01,EDAS
44416,02,EDAS
44417,01,EDAS
44417,02,EDAS
44418,01,DAS
44418,02,DAS
44423,01,DAS
44423,02,DAS
44424,01,DAS
44424,02,DAS
44427,01,EDAS
44427,02,EDAS
44428,01,EDAS
44428,02,EDAS
44431,01,DAS
44431,02,DAS
44432,01,DAS
44432,02,DAS
44436,01,DAS
44436,02,DAS
44439,01,DAS
44439,02,DAS
44441,01,EDAS
44441,02,EDAS
44443,01,DAS
44443,02,DAS
44444,01,DAS
44444,02,DAS
44445,01,DAS
44445,02,DAS
44449,01,EDAS
44449,02,EDAS
44450,01,EDAS
44450,02,EDAS
44451,01,EDAS
44451,02,EDAS
44453,01,EDAS
44453,02,EDAS
44454,01,DAS
44454,02,DAS
44455,01,DAS
44455,02,DAS
44470,01,DAS
44470,02,DAS
44473,01,DAS
44473,02,DAS
44490,01,DAS
44490,02,DAS
44491,01,DAS
44491,02,DAS
44606,01,DAS
44606,02,DAS
44607,01,DAS
44607,02,DAS
44608,01,DAS
44608,02,DAS
44609,01,DAS
44609,02,DAS
44610,01,DAS
44610,02,DAS
44611,01,EDAS
44611,02,EDAS
44612,01,DAS
44612,02,DAS
44615,01,EDAS
44615,02,DAS
44617,01,DAS
44617,02,DAS
44618,01,DAS
44618,02,DAS
44620,01,EDAS
44620,02,EDAS
44621,01,DAS
44621,02,DAS
44624,01,DAS
44624,02,DAS
44625,01,EDAS
44625,02,EDAS
44626,01,DAS
44626,02,DAS
44627,01,DAS
44627,02,DAS
44628,01,EDAS
44628,02,EDAS
44629,01,EDAS
44629,02,EDAS
44633,01,DAS
44633,02,DAS
44634,01,DAS
44634,02,DAS
44636,01,EDAS
44636,02,EDAS
44637,01,EDAS
44637,02,EDAS
44638,01,EDAS
44638,02,EDAS
44639,01,DAS
44639,02,DAS
44640,01,DAS
44640,02,DAS
44641,01,DAS
44643,01,DAS
44643,02,DAS
44644,01,DAS
44644,02,DAS
44645,01,DAS
44645,02,DAS
44651,01,REM
44651,02,REM
44653,01,DAS
44653,02,DAS
44654,01,DAS
44654,02,DAS
44656,01,EDAS
44656,02,EDAS
44657,01,DAS
44657,02,DAS
44659,01,DAS
44659,02,DAS
44660,01,DAS
44660,02,DAS
44661,01,EDAS
44661,02,EDAS
44662,01,DAS
44662,02,DAS
44666,01,DAS
44666,02,DAS
44669,01,DAS
44669,02,DAS
44670,01,DAS
44670,02,DAS
44671,01,DAS
44671,02,DAS
44675,01,DAS
44675,02,DAS
44676,01,DAS
44676,02,DAS
44677,01,DAS
44677,02,DAS
44678,01,DAS
44678,02,DAS
44680,01,EDAS
44680,02,EDAS
44681,01,DAS
44681,02,DAS
44682,01,DAS
44682,02,DAS
44683,01,DAS
44683,02,DAS
44688,01,DAS
44688,02,DAS
44689,01,DAS
44689,02,DAS
44690,01,DAS
44690,02,DAS
44693,01,DAS
44693,02,DAS
44695,01,EDAS
44695,02,EDAS
44697,01,DAS
44697,02,DAS
44699,01,EDAS
44699,02,EDAS
44721,01,DAS
44721,02,DAS
44730,01,DAS
44730,02,DAS
44801,01,DAS
44801,02,DAS
44802,01,EDAS
44802,02,EDAS
44803,01,EDAS
44803,02,EDAS
44804,01,EDAS
44804,02,EDAS
44807,01,EDAS
44807,02,EDAS
44809,01,DAS
44809,02,DAS
44811,01,DAS
44811,02,DAS
44813,01,DAS
44813,02,DAS
44814,01,DAS
44814,02,DAS
44815,01,DAS
44815,02,DAS
44816,02,DAS
44817,01,EDAS
44817,02,EDAS
44818,01,EDAS
44818,02,EDAS
44820,01,DAS
44820,02,DAS
44822,01,DAS
44822,02,DAS
44824,01,DAS
44824,02,DAS
44825,01,DAS
44825,02,DAS
44826,01,EDAS
44826,02,EDAS
44827,01,DAS
44827,02,DAS
44830,01,DAS
44830,02,DAS
44833,01,DAS
44833,02,DAS
44836,01,EDAS
44836,02,EDAS
44837,01,EDAS
44837,02,EDAS
44838,01,DAS
44838,02,DAS
44840,01,EDAS
44840,02,EDAS
44841,01,EDAS
44841,02,EDAS
44842,01,DAS
44842,02,DAS
44843,01,DAS
44843,02,DAS
44844,01,EDAS
44844,02,EDAS
44845,01,DAS
44845,02,DAS
44846,01,DAS
44846,02,DAS
44847,01,DAS
44847,02,DAS
44849,01,EDAS
44849,02,EDAS
44850,02,DAS
44851,01,EDAS
44851,02,EDAS
44853,01,EDAS
44853,02,EDAS
44854,01,DAS
44854,02,DAS
44855,01,EDAS
44855,02,EDAS
44856,01,DAS
44856,02,DAS
44859,01,DAS
44859,02,DAS
44860,01,EDAS
44860,02,EDAS
44861,01,DAS
44861,02,DAS
44864,01,EDAS
44864,02,EDAS
44865,01,DAS
44865,02,DAS
44866,01,DAS
44866,02,DAS
44867,01,EDAS
44867,02,EDAS
44874,01,DAS
44874,02,DAS
44875,01,DAS
44875,02,DAS
44878,01,DAS
44878,02,DAS
44880,01,DAS
44880,02,DAS
44882,01,EDAS
44882,02,EDAS
44883,01,DAS
44883,02,DAS
44887,01,EDAS
44887,02,EDAS
44888,01,DAS
44888,02,DAS
44889,01,DAS
44889,02,DAS
44890,01,DAS
44890,02,DAS
44904,01,DAS
45001,01,DAS
45001,02,DAS
45003,01,DAS
45003,02,DAS
45032,01,DAS
45032,02,DAS
45033,01,EDAS
45033,02,EDAS
45041,01,EDAS
45041,02,EDAS
45042,01,DAS
45042,02,DAS
45052,01,DAS
45052,02,DAS
45053,01,EDAS
45053,02,EDAS
45054,01,EDAS
45054,02,EDAS
45064,01,EDAS
45064,02,EDAS
45068,01,DAS
45068,02,DAS
45101,01,EDAS
45101,02,EDAS
45105,01,EDAS
45105,02,EDAS
45106,01,EDAS
45106,02,EDAS
45107,01,EDAS
45107,02,EDAS
45111,01,DAS
45111,02,DAS
45112,01,DAS
45112,02,DAS
45113,01,DAS
45113,02,DAS
45114,01,EDAS
45114,02,EDAS
45115,01,EDAS
45115,02,EDAS
45118,01,DAS
45118,02,DAS
45120,01,EDAS
45120,02,EDAS
45121,01,EDAS
45121,02,EDAS
45122,01,DAS
45122,02,DAS
45123,01,EDAS
45123,02,EDAS
45130,01,EDAS
45130,02,EDAS
45132,01,REM
45132,02,REM
45133,01,DAS
45133,02,DAS
45135,01,EDAS
45135,02,EDAS
45138,01,EDAS
45138,02,EDAS
45142,01,EDAS
45142,02,EDAS
45144,01,EDAS
45144,02,EDAS
45145,01,DAS
45145,02,DAS
45146,01,EDAS
45146,02,EDAS
45148,01,EDAS
45148,02,EDAS
45152,01,DAS
45152,02,DAS
45153,01,EDAS
45153,02,EDAS
45154,01,DAS
45154,02,DAS
45155,01,DAS
45155,02,DAS
45156,01,DAS
45156,02,DAS
45157,01,EDAS
45157,02,EDAS
45159,01,EDAS
45159,02,EDAS
45162,01,DAS
45162,02,DAS
45164,01,DAS
45164,02,DAS
45166,01,DAS
45166,02,DAS
45167,01,EDAS
45167,02,EDAS
45168,01,EDAS
45168,02,EDAS
45169,01,EDAS
45169,02,EDAS
45171,01,EDAS
45171,02,EDAS
45172,01,DAS
45172,02,DAS
45176,01,EDAS
45176,02,EDAS
45302,01,DAS
45302,02,DAS
45303,01,EDAS
45303,02,EDAS
45304,01,DAS
45304,02,DAS
45305,01,DAS
45306,01,DAS
45306,02,DAS
45307,01,DAS
45307,02,DAS
45308,01,EDAS
45308,02,EDAS
45309,01,DAS
45309,02,DAS
45310,01,DAS
45310,02,DAS
45311,01,EDAS
45311,02,EDAS
45312,01,EDAS
45312,02,EDAS
45314,01,DAS
45314,02,DAS
45316,01,DAS
45316,02,DAS
45317,01,EDAS
45317,02,EDAS
45318,01,DAS
45318,02,DAS
45320,01,DAS
45320,02,DAS
45321,01,EDAS
45321,02,EDAS
45325,01,DAS
45325,02,DAS
45326,01,EDAS
45326,02,EDAS
45327,01,DAS
45327,02,DAS
45328,01,DAS
45328,02,DAS
45330,01,DAS
45330,02,DAS
45331,01,DAS
45331,02,DAS
45332,01,EDAS
45332,02,EDAS
45333,01,EDAS
45333,02,EDAS
45334,01,EDAS
45334,02,EDAS
45335,01,DAS
45335,02,DAS
45336,01,DAS
45336,02,DAS
45337,01,EDAS
45337,02,EDAS
45338,01,DAS
45338,02,DAS
45339,01,DAS
45339,02,DAS
45340,01,EDAS
45340,02,EDAS
45341,01,DAS
45341,02,DAS
45344,01,DAS
45344,02,DAS
45345,01,DAS
45345,02,DAS
45346,01,EDAS
45346,02,EDAS
45347,01,DAS
45347,02,DAS
45348,01,EDAS
45348,02,EDAS
45350,01,DAS
45350,02,DAS
45351,01,DAS
45351,02,DAS
45352,01,DAS
45352,02,DAS
45358,01,DAS
45358,02,DAS
45359,01,DAS
45359,02,DAS
45360,01,DAS
45360,02,DAS
45362,01,EDAS
45362,02,EDAS
45363,01,DAS
45363,02,DAS
45368,01,EDAS
45368,02,EDAS
45369,01,DAS
45369,02,DAS
45370,01,DAS
45370,02,DAS
45372,01,DAS
45372,02,DAS
45378,02,DAS
45380,01,DAS
45380,02,DAS
45381,01,DAS
45381,02,DAS
45382,01,EDAS
45382,02,EDAS
45383,01,DAS
45383,02,DAS
45385,01,DAS
45388,01,EDAS
45388,02,EDAS
45389,02,DAS
45390,01,EDAS
45390,02,EDAS
45502,01,DAS
45502,02,DAS
45612,01,EDAS
45612,02,EDAS
45613,01,EDAS
45613,02,EDAS
45614,01,EDAS
45614,02,EDAS
45616,01,REM
45616,02,REM
45618,01,DAS
45618,02,DAS
45619,01,DAS
45619,02,DAS
45620,01,EDAS
45620,02,EDAS
45621,01,EDAS
45621,02,EDAS
45622,01,EDAS
45622,02,EDAS
45623,01,EDAS
45623,02,EDAS
45624,01,EDAS
45624,02,EDAS
45628,01,DAS
45628,02,DAS
45629,01,DAS
45629,02,DAS
45630,01,EDAS
45630,02,EDAS
45631,01,DAS
45631,02,DAS
45633,01,EDAS
45633,02,EDAS
45634,01,EDAS
45634,02,EDAS
45638,01,DAS
45638,02,DAS
45640,01,DAS
45640,02,DAS
45642,01,EDAS
45642,02,EDAS
45643,01,EDAS
45643,02,EDAS
45644,01,DAS
45644,02,DAS
45645,01,EDAS
45645,02,EDAS
45646,01,EDAS
45646,02,EDAS
45647,01,EDAS
45647,02,EDAS
45648,01,DAS
45648,02,DAS
45650,01,EDAS
45650,02,EDAS
45651,01,EDAS
45651,02,EDAS
45652,01,EDAS
45652,02,EDAS
45653,01,DAS
45653,02,DAS
45654,01,EDAS
45654,02,EDAS
45656,01,EDAS
45656,02,EDAS
45657,01,EDAS
45657,02,EDAS
45658,01,REM
45658,02,REM
45659,01,EDAS
45659,02,EDAS
45660,01,EDAS
45660,02,EDAS
45661,01,DAS
45661,02,DAS
45663,01,EDAS
45663,02,EDAS
45669,01,DAS
45669,02,DAS
45671,01,EDAS
45671,02,EDAS
45672,01,EDAS
45672,02,EDAS
45673,01,DAS
45673,02,DAS
45674,01,DAS
45674,02,DAS
45675,01,EDAS
45675,02,EDAS
45677,01,DAS
45677,02,DAS
45678,01,EDAS
45678,02,EDAS
45679,01,EDAS
45679,02,EDAS
45681,01,EDAS
45681,02,EDAS
45682,01,REM
45682,02,REM
45683,01,EDAS
45683,02,EDAS
45684,01,EDAS
45684,02,EDAS
45685,01,REM
45685,02,REM
45686,01,REM
45686,02,REM
45687,01,EDAS
45687,02,EDAS
45688,01,REM
45688,02,REM
45690,01,DAS
45690,02,DAS
45692,01,DAS
45692,02,DAS
45693,01,EDAS
45693,02,EDAS
45694,01,DAS
45694,02,DAS
45695,01,EDAS
45695,02,EDAS
45696,01,EDAS
45696,02,EDAS
45697,01,EDAS
45697,02,EDAS
45698,01,DAS
45698,02,DAS
45699,01,DAS
45699,02,DAS
45701,01,DAS
45701,02,DAS
45710,01,EDAS
45710,02,EDAS
45711,01,EDAS
45711,02,EDAS
45713,01,EDAS
45713,02,EDAS
45714,01,DAS
45714,02,DAS
45715,01,EDAS
45715,02,EDAS
45719,01,EDAS
45719,02,EDAS
45720,01,DAS
45720,02,DAS
45721,01,DAS
45721,02,DAS
45723,01,EDAS
45723,02,EDAS
45724,01,REM
45724,02,REM
45727,01,EDAS
45727,02,EDAS
45729,01,EDAS
45729,02,EDAS
45732,01,EDAS
45732,02,EDAS
45734,01,EDAS
45734,02,EDAS
45735,01,EDAS
45735,02,EDAS
45739,01,DAS
45739,02,DAS
45740,01,DAS
45740,02,DAS
45741,01,EDAS
45741,02,EDAS
45742,01,EDAS
45742,02,EDAS
45743,01,EDAS
45743,02,EDAS
45744,01,REM
45744,02,REM
45745,01,REM
45745,02,REM
45746,01,REM
45746,02,REM
45760,01,DAS
45760,02,DAS
45761,01,EDAS
45761,02,EDAS
45764,01,EDAS
45764,02,EDAS
45766,01,EDAS
45766,02,EDAS
45767,01,EDAS
45767,02,EDAS
45768,01,EDAS
45768,02,EDAS
45769,01,EDAS
45769,02,EDAS
45770,01,EDAS
45770,02,EDAS
45771,01,EDAS
45771,02,EDAS
45772,01,EDAS
45772,02,EDAS
45773,01,EDAS
45773,02,EDAS
45775,01,EDAS
45775,02,EDAS
45776,01,EDAS
45776,02,EDAS
45777,01,DAS
45777,02,DAS
45778,01,EDAS
45778,02,EDAS
45779,01,EDAS
45779,02,EDAS
45780,01,DAS
45780,02,DAS
45781,01,EDAS
45781,02,EDAS
45782,01,EDAS
45782,02,EDAS
45783,01,EDAS
45783,02,EDAS
45784,01,DAS
45784,02,DAS
45786,01,REM
45786,02,REM
45787,01,DAS
45787,02,DAS
45788,01,EDAS
45788,02,EDAS
45789,01,EDAS
45789,02,EDAS
45806,01,DAS
45806,02,DAS
45807,01,DAS
45807,02,DAS
45808,02,DAS
45810,01,DAS
45810,02,DAS
45812,01,EDAS
45812,02,EDAS
45813,01,EDAS
45813,02,EDAS
45814,01,EDAS
45814,02,EDAS
45815,01,EDAS
45815,02,EDAS
45817,01,DAS
45817,02,DAS
45819,01,DAS
45819,02,DAS
45820,01,EDAS
45820,02,EDAS
45821,01,EDAS
45821,02,EDAS
45822,01,DAS
45822,02,DAS
45826,01,DAS
45826,02,DAS
45827,01,EDAS
45827,02,EDAS
45828,01,DAS
45828,02,DAS
45830,01,EDAS
45830,02,EDAS
45831,01,EDAS
45831,02,EDAS
45832,01,EDAS
45832,02,EDAS
45833,01,DAS
45833,02,DAS
45835,01,EDAS
45835,02,EDAS
45836,01,EDAS
45836,02,EDAS
45837,01,DAS
45837,02,DAS
45841,01,EDAS
45841,02,EDAS
45843,01,EDAS
45843,02,EDAS
45844,01,EDAS
45844,02,EDAS
45845,01,EDAS
45845,02,EDAS
45846,01,DAS
45846,02,DAS
45848,01,DAS
45848,02,DAS
45849,01,EDAS
45849,02,EDAS
45850,01,EDAS
45850,02,EDAS
45851,01,EDAS
45851,02,EDAS
45853,01,DAS
45853,02,DAS
45854,02,DAS
45856,01,EDAS
45856,02,EDAS
45858,01,EDAS
45858,02,EDAS
45859,01,DAS
45859,02,DAS
45860,01,EDAS
45860,02,EDAS
45862,01,EDAS
45862,02,EDAS
45863,01,EDAS
45863,02,EDAS
45864,01,DAS
45864,02,EDAS
45865,01,DAS
45865,02,DAS
45866,02,DAS
45867,01,EDAS
45867,02,EDAS
45868,01,EDAS
45868,02,EDAS
45869,01,DAS
45869,02,DAS
45870,01,DAS
45870,02,DAS
45871,01,DAS
45871,02,DAS
45872,01,DAS
45872,02,DAS
45873,01,EDAS
45873,02,EDAS
45874,01,EDAS
45874,02,EDAS
45875,01,DAS
45875,02,DAS
45876,01,DAS
45876,02,DAS
45877,01,DAS
45877,02,DAS
45879,01,DAS
45879,02,DAS
45880,01,EDAS
45880,02,EDAS
45881,01,EDAS
45881,02,EDAS
45882,01,EDAS
45882,02,EDAS
45883,01,DAS
45883,02,DAS
45885,01,DAS
45885,02,DAS
45886,01,EDAS
45886,02,EDAS
45887,01,DAS
45887,02,DAS
45889,01,DAS
45889,02,DAS
45890,01,EDAS
45890,02,EDAS
45891,01,DAS
45891,02,DAS
45893,01,DAS
45893,02,EDAS
45894,01,EDAS
45894,02,EDAS
45895,01,DAS
45895,02,DAS
45896,01,EDAS
45896,02,EDAS
45897,01,EDAS
45897,02,EDAS
45898,01,EDAS
45898,02,EDAS
45899,01,DAS
45899,02,DAS
46001,01,DAS
46001,02,DAS
46011,01,DAS
46011,02,DAS
46012,01,DAS
46012,02,DAS
46017,01,EDAS
46017,02,EDAS
46030,01,DAS
46030,02,DAS
46031,01,DAS
46031,02,DAS
46034,01,DAS
46034,02,DAS
46035,01,EDAS
46035,02,EDAS
46036,01,DAS
46036,02,DAS
46039,01,EDAS
46039,02,EDAS
46040,01,DAS
46040,02,DAS
46041,01,DAS
46041,02,DAS
46044,01,DAS
46044,02,DAS
46047,01,DAS
46047,02,DAS
46049,01,EDAS
46049,02,EDAS
46050,01,EDAS
46050,02,EDAS
46051,01,DAS
46051,02,DAS
46056,01,EDAS
46056,02,EDAS
46057,01,EDAS
46057,02,EDAS
46058,01,EDAS
46058,02,EDAS
46063,01,DAS
46063,02,DAS
46064,01,DAS
46064,02,DAS
46065,01,DAS
46065,02,DAS
46067,01,DAS
46067,02,DAS
46068,01,DAS
46068,02,DAS
46069,01,DAS
46069,02,DAS
46070,01,EDAS
46070,02,EDAS
46071,01,EDAS
46071,02,EDAS
46072,01,DAS
46072,02,DAS
46076,01,DAS
46076,02,DAS
46102,01,DAS
46102,02,DAS
46103,02,DAS
46104,01,EDAS
46104,02,EDAS
46105,01,EDAS
46105,02,EDAS
46106,01,DAS
46106,02,DAS
46110,01,DAS
46110,02,DAS
46111,01,EDAS
46111,02,EDAS
46115,01,EDAS
46115,02,EDAS
46117,01,EDAS
46117,02,EDAS
46120,01,EDAS
46120,02,EDAS
46121,01,EDAS
46121,02,EDAS
46122,01,DAS
46122,02,DAS
46125,01,EDAS
46125,02,EDAS
46126,01,DAS
46126,02,DAS
46127,01,EDAS
46127,02,EDAS
46128,01,EDAS
46128,02,EDAS
46129,01,DAS
46129,02,DAS
46130,01,DAS
46130,02,DAS
46131,01,DAS
46131,02,DAS
46133,01,EDAS
46133,02,EDAS
46135,01,DAS
46135,02,DAS
46146,01,REM
46146,02,REM
46147,01,EDAS
46147,02,EDAS
46148,01,EDAS
46148,02,EDAS
46149,01,DAS
46149,02,DAS
46150,01,REM
46150,02,REM
46151,01,EDAS
46151,02,EDAS
46154,01,DAS
46154,02,DAS
46155,01,EDAS
46155,02,EDAS
46156,01,EDAS
46156,02,EDAS
46157,01,DAS
46157,02,DAS
46158,01,DAS
46158,02,DAS
46160,01,EDAS
46160,02,EDAS
46161,01,EDAS
46161,02,EDAS
46162,01,EDAS
46162,02,EDAS
46164,01,EDAS
46164,02,EDAS
46165,01,EDAS
46165,02,EDAS
46166,01,EDAS
46166,02,EDAS
46167,01,DAS
46167,02,DAS
46171,01,EDAS
46171,02,EDAS
46172,01,EDAS
46172,02,EDAS
46173,01,EDAS
46173,02,EDAS
46175,01,EDAS
46175,02,EDAS
46176,01,DAS
46176,02,DAS
46180,01,EDAS
46180,02,EDAS
46181,01,EDAS
46181,02,EDAS
46182,01,EDAS
46182,02,EDAS
46183,01,DAS
46183,02,DAS
46186,01,EDAS
46186,02,EDAS
46231,01,DAS
46231,02,DAS
46301,01,DAS
46301,02,DAS
46303,01,DAS
46303,02,DAS
46310,01,DAS
46310,02,DAS
46340,01,EDAS
46340,02,EDAS
46341,01,DAS
46341,02,DAS
46345,01,EDAS
46345,02,EDAS
46346,01,DAS
46346,02,DAS
46347,01,EDAS
46347,02,EDAS
46348,01,EDAS
46348,02,EDAS
46349,01,EDAS
46349,02,EDAS
46356,01,DAS
46356,02,DAS
46365,01,EDAS
46365,02,EDAS
46366,01,EDAS
46366,02,EDAS
46371,01,DAS
46371,02,DAS
46372,01,DAS
46372,02,DAS
46374,01,EDAS
46374,02,EDAS
46376,01,EDAS
46376,02,EDAS
46377,01,DAS
46377,02,DAS
46379,01,DAS
46379,02,DAS
46380,01,EDAS
46380,02,EDAS
46381,01,DAS
46381,02,DAS
46382,01,EDAS
46382,02,EDAS
46390,01,EDAS
46390,02,EDAS
46391,01,DAS
46391,02,DAS
46392,01,EDAS
46392,02,EDAS
46406,01,DAS
46406,02,DAS
46407,01,DAS
46407,02,DAS
46409,01,DAS
46409,02,DAS
46501,01,EDAS
46501,02,EDAS
46504,01,EDAS
46504,02,EDAS
46506,01,DAS
46506,02,DAS
46508,01,EDAS
46508,02,EDAS
46510,01,EDAS
46510,02,EDAS
46511,01,DAS
46511,02,DAS
46524,01,DAS
46524,02,DAS
46528,01,DAS
46528,02,DAS
46531,01,EDAS
46531,02,EDAS
46532,01,EDAS
46532,02,EDAS
46534,01,EDAS
46534,02,EDAS
46536,01,DAS
46536,02,DAS
46537,01,DAS
46537,02,DAS
46538,01,DAS
46538,02,DAS
46539,01,EDAS
46539,02,EDAS
46540,01,DAS
46540,02,DAS
46542,01,DAS
46542,02,DAS
46543,01,DAS
46543,02,DAS
46550,01,DAS
46550,02,DAS
46552,01,DAS
46552,02,DAS
46553,01,DAS
46553,02,DAS
46554,01,DAS
46554,02,DAS
46555,01,DAS
46555,02,DAS
46562,01,DAS
46562,02,DAS
46563,01,DAS
46563,02,DAS
46565,01,DAS
46565,02,DAS
46566,01,EDAS
46566,02,EDAS
46567,01,DAS
46567,02,DAS
46570,01,EDAS
46570,02,EDAS
46571,01,DAS
46571,02,DAS
46572,01,DAS
46572,02,DAS
46573,01,DAS
46573,02,DAS
46574,01,DAS
46574,02,DAS
46701,01,DAS
46701,02,DAS
46702,01,EDAS
46702,02,EDAS
46703,01,DAS
46703,02,DAS
46705,01,EDAS
46705,02,EDAS
46710,01,DAS
46710,02,DAS
46711,01,DAS
46711,02,DAS
46721,01,DAS
46721,02,DAS
46723,01,DAS
46723,02,DAS
46725,01,DAS
46725,02,DAS
46730,01,EDAS
46730,02,EDAS
46731,01,DAS
46731,02,DAS
46732,01,DAS
46732,02,DAS
46733,01,DAS
46733,02,DAS
46737,01,DAS
46737,02,DAS
46740,01,EDAS
46740,02,EDAS
46741,01,EDAS
46741,02,EDAS
46742,01,EDAS
46742,02,EDAS
46743,01,DAS
46743,02,DAS
46745,01,DAS
46745,02,DAS
46746,01,EDAS
46746,02,EDAS
46747,01,DAS
46747,02,DAS
46750,01,DAS
46750,02,DAS
46755,01,DAS
46755,02,DAS
46759,01,EDAS
46759,02,EDAS
46760,01,EDAS
46760,02,EDAS
46761,01,EDAS
46761,02,EDAS
46763,01,DAS
46763,02,DAS
46764,01,EDAS
46764,02,EDAS
46766,01,EDAS
46766,02,EDAS
46767,01,DAS
46767,02,DAS
46769,01,DAS
46769,02,DAS
46770,01,DAS
46770,02,DAS
46771,01,DAS
46771,02,DAS
46772,01,EDAS
46772,02,EDAS
46773,01,EDAS
46773,02,EDAS
46776,01,EDAS
46776,02,EDAS
46777,01,DAS
46777,02,DAS
46779,01,EDAS
46779,02,EDAS
46781,01,DAS
46781,02,DAS
46782,01,DAS
46782,02,DAS
46784,01,DAS
46784,02,DAS
46785,01,EDAS
46785,02,EDAS
46787,01,DAS
46787,02,DAS
46788,01,DAS
46788,02,DAS
46791,01,DAS
46791,02,DAS
46792,01,EDAS
46792,02,EDAS
46793,01,DAS
46793,02,DAS
46794,01,EDAS
46794,02,EDAS
46795,01,DAS
46795,02,DAS
46796,01,DAS
46796,02,DAS
46797,01,DAS
46797,02,DAS
46798,01,DAS
46798,02,DAS
46799,01,DAS
46799,02,DAS
46815,01,DAS
46815,02,DAS
46910,01,EDAS
46910,02,EDAS
46911,01,EDAS
46911,02,EDAS
46912,01,EDAS
46912,02,EDAS
46913,01,EDAS
46913,02,EDAS
46914,01,DAS
46914,02,DAS
46915,01,DAS
46915,02,DAS
46916,01,DAS
46916,02,DAS
46917,01,EDAS
46917,02,EDAS
46919,01,DAS
46919,02,DAS
46920,01,EDAS
46920,02,EDAS
46922,01,DAS
46922,02,DAS
46923,01,EDAS
46923,02,EDAS
46926,01,EDAS
46926,02,EDAS
46928,01,EDAS
46928,02,EDAS
46929,01,EDAS
46929,02,EDAS
46930,01,EDAS
46930,02,EDAS
46931,02,DAS
46932,01,DAS
46932,02,DAS
46933,01,DAS
46933,02,DAS
46936,01,DAS
46936,02,DAS
46937,01,DAS
46937,02,DAS
46938,01,DAS
46938,02,DAS
46939,01,EDAS
46939,02,EDAS
46940,01,EDAS
46940,02,EDAS
46941,01,EDAS
46941,02,EDAS
46943,01,DAS
46943,02,DAS
46945,01,DAS
46945,02,DAS
46946,01,EDAS
46946,02,EDAS
46947,01,DAS
46947,02,DAS
46950,01,EDAS
46950,02,EDAS
46951,01,EDAS
46951,02,EDAS
46952,01,DAS
46952,02,DAS
46959,01,EDAS
46959,02,EDAS
46960,01,EDAS
46960,02,EDAS
46962,01,DAS
46962,02,DAS
46967,01,DAS
46967,02,DAS
46968,01,DAS
46968,02,EDAS
46970,01,DAS
46970,02,DAS
46974,01,EDAS
46974,02,EDAS
46975,01,DAS
46975,02,DAS
46978,01,EDAS
46978,02,EDAS
46979,01,DAS
46979,02,DAS
46980,01,DAS
46980,02,DAS
46982,01,EDAS
46982,02,EDAS
46984,01,DAS
46984,02,EDAS
46985,01,EDAS
46985,02,EDAS
46986,01,EDAS
46986,02,EDAS
46987,01,DAS
46987,02,DAS
46988,01,EDAS
46988,02,EDAS
46989,01,DAS
46989,02,DAS
46990,01,EDAS
46990,02,EDAS
46991,01,EDAS
46991,02,EDAS
46992,01,DAS
46992,02,DAS
46994,01,DAS
46994,02,DAS
46995,01,DAS
46995,02,DAS
46996,01,EDAS
46996,02,EDAS
46998,01,DAS
46998,02,DAS
47001,01,DAS
47001,02,DAS
47003,01,DAS
47003,02,DAS
47006,01,DAS
47006,02,DAS
47010,01,EDAS
47010,02,EDAS
47011,01,EDAS
47011,02,EDAS
47012,01,EDAS
47012,02,EDAS
47016,01,REM
47016,02,REM
47017,01,EDAS
47017,02,EDAS
47018,01,EDAS
47018,02,EDAS
47020,01,EDAS
47020,02,EDAS
47022,01,DAS
47022,02,DAS
47023,01,EDAS
47023,02,EDAS
47024,01,EDAS
47024,02,EDAS
47025,01,DAS
47025,02,DAS
47030,01,EDAS
47030,02,EDAS
47031,01,EDAS
47031,02,EDAS
47032,01,EDAS
47032,02,EDAS
47034,02,DAS
47035,01,EDAS
47035,02,EDAS
47036,01,EDAS
47036,02,EDAS
47037,01,EDAS
47037,02,EDAS
47038,01,REM
47038,02,REM
47040,01,EDAS
47040,02,EDAS
47041,01,EDAS
47041,02,EDAS
47042,01,EDAS
47042,02,EDAS
47043,01,EDAS
47043,02,EDAS
47060,01,DAS
47060,02,DAS
47102,01,DAS
47102,02,DAS
47104,01,DAS
47104,02,DAS
47106,01,DAS
47106,02,DAS
47108,01,REM
47108,02,REM
47110,01,EDAS
47110,02,EDAS
47111,01,DAS
47111,02,DAS
47112,01,DAS
47112,02,DAS
47114,01,DAS
47114,02,DAS
47115,01,EDAS
47115,02,EDAS
47116,01,EDAS
47116,02,EDAS
47117,01,EDAS
47117,02,EDAS
47118,01,REM
47118,02,REM
47119,01,DAS
47119,02,DAS
47120,01,EDAS
47120,02,EDAS
47122,01,DAS
47122,02,DAS
47123,01,EDAS
47123,02,EDAS
47124,01,DAS
47124,02,DAS
47125,01,EDAS
47125,02,EDAS
47126,01,DAS
47126,02,DAS
47135,01,REM
47135,02,REM
47136,01,DAS
47136,02,DAS
47137,01,EDAS
47137,02,EDAS
47138,01,REM
47138,02,EDAS
47140,01,EDAS
47140,02,EDAS
47141,01,EDAS
47141,02,EDAS
47142,01,EDAS
47142,02,EDAS
47143,01,DAS
47143,02,DAS
47145,01,REM
47145,02,REM
47147,01,EDAS
47147,02,EDAS
47160,01,EDAS
47160,02,EDAS
47161,01,DAS
47161,02,DAS
47162,01,EDAS
47162,02,EDAS
47163,01,REM
47163,02,REM
47164,01,DAS
47164,02,DAS
47165,01,DAS
47165,02,DAS
47166,01,DAS
47166,02,DAS
47167,01,DAS
47167,02,DAS
47170,01,DAS
47170,02,DAS
47174,01,EDAS
47174,02,EDAS
47175,01,REM
47175,02,REM
47177,01,DAS
47177,02,DAS
47203,01,DAS
47203,02,DAS
47220,01,EDAS
47220,02,EDAS
47223,01,EDAS
47223,02,EDAS
47224,01,EDAS
47224,02,EDAS
47225,01,DAS
47225,02,DAS
47226,01,DAS
47226,02,DAS
47227,01,EDAS
47227,02,EDAS
47228,01,DAS
47228,02,DAS
47229,01,EDAS
47229,02,EDAS
47230,01,EDAS
47230,02,EDAS
47231,01,EDAS
47231,02,EDAS
47232,01,EDAS
47232,02,EDAS
47234,01,EDAS
47234,02,EDAS
47235,01,REM
47235,02,REM
47236,01,DAS
47236,02,DAS
47240,01,DAS
47240,02,DAS
47243,01,EDAS
47243,02,EDAS
47244,01,DAS
47244,02,DAS
47245,01,DAS
47245,02,DAS
47246,01,EDAS
47246,02,EDAS
47247,01,DAS
47247,02,DAS
47250,01,DAS
47250,02,DAS
47260,01,EDAS
47260,02,EDAS
47263,01,EDAS
47263,02,EDAS
47264,01,EDAS
47264,02,EDAS
47265,01,EDAS
47265,02,EDAS
47270,01,EDAS
47270,02,EDAS
47272,01,EDAS
47272,02,EDAS
47273,01,EDAS
47273,02,EDAS
47274,01,DAS
47274,02,DAS
47280,01,DAS
47280,02,DAS
47281,01,EDAS
47281,02,EDAS
47282,01,EDAS
47282,02,EDAS
47283,01,EDAS
47283,02,EDAS
47302,01,DAS
47302,02,DAS
47305,01,DAS
47305,02,DAS
47306,01,DAS
47306,02,DAS
47308,01,DAS
47308,02,DAS
47320,01,EDAS
47320,02,EDAS
47322,01,DAS
47322,02,DAS
47325,01,EDAS
47325,02,EDAS
47326,01,EDAS
47326,02,EDAS
47327,01,EDAS
47327,02,EDAS
47330,01,DAS
47330,02,DAS
47331,01,DAS
47331,02,DAS
47334,01,DAS
47334,02,DAS
47335,01,DAS
47335,02,DAS
47336,01,EDAS
47336,02,EDAS
47337,01,EDAS
47337,02,EDAS
47338,01,EDAS
47338,02,EDAS
47339,01,EDAS
47339,02,EDAS
47340,01,EDAS
47340,02,EDAS
47341,01,EDAS
47341,02,EDAS
47342,01,EDAS
47342,02,EDAS
47344,01,DAS
47344,02,DAS
47345,01,EDAS
47345,02,EDAS
47346,01,EDAS
47346,02,EDAS
47348,01,EDAS
47348,02,EDAS
47351,01,EDAS
47351,02,EDAS
47352,01,EDAS
47352,02,EDAS
47353,01,EDAS
47353,02,EDAS
47354,01,EDAS
47354,02,EDAS
47355,01,EDAS
47355,02,EDAS
47356,01,DAS
47356,02,DAS
47357,01,EDAS
47357,02,EDAS
47358,01,EDAS
47358,02,EDAS
47359,01,EDAS
47359,02,EDAS
47360,01,EDAS
47360,02,EDAS
47361,01,DAS
47361,02,DAS
47362,01,DAS
47362,02,DAS
47366,01,DAS
47366,02,EDAS
47367,01,DAS
47367,02,DAS
47368,01,EDAS
47368,02,EDAS
47369,01,EDAS
47369,02,EDAS
47370,01,EDAS
47370,02,EDAS
47371,01,DAS
47371,02,DAS
47373,01,EDAS
47373,02,EDAS
47380,01,EDAS
47380,02,EDAS
47381,01,DAS
47381,02,DAS
47382,01,EDAS
47382,02,EDAS
47383,01,DAS
47383,02,DAS
47384,01,EDAS
47384,02,EDAS
47385,01,DAS
47385,02,DAS
47386,01,EDAS
47386,02,EDAS
47387,01,EDAS
47387,02,EDAS
47390,01,EDAS
47390,02,EDAS
47393,01,EDAS
47393,02,EDAS
47394,01,DAS
47394,02,DAS
47396,01,DAS
47396,02,DAS
47420,01,DAS
47420,02,DAS
47421,01,DAS
47421,02,DAS
47424,01,EDAS
47424,02,EDAS
47427,01,EDAS
47427,02,EDAS
47429,01,DAS
47429,02,DAS
47431,01,EDAS
47431,02,EDAS
47432,01,EDAS
47432,02,EDAS
47433,01,EDAS
47433,02,EDAS
47435,01,EDAS
47435,02,EDAS
47436,01,EDAS
47436,02,EDAS
47437,01,EDAS
47437,02,EDAS
47438,01,EDAS
47438,02,EDAS
47441,01,DAS
47441,02,DAS
47443,01,EDAS
47443,02,EDAS
47446,01,EDAS
47446,02,EDAS
47448,01,EDAS
47448,02,EDAS
47449,01,EDAS
47449,02,EDAS
47451,01,DAS
47451,02,DAS
47452,01,EDAS
47452,02,EDAS
47453,01,EDAS
47453,02,EDAS
47454,01,EDAS
47454,02,EDAS
47455,01,DAS
47455,02,DAS
47456,01,EDAS
47456,02,EDAS
47457,01,DAS
47457,02,DAS
47459,01,EDAS
47459,02,EDAS
47460,01,EDAS
47460,02,EDAS
47462,01,DAS
47462,02,DAS
47464,01,DAS
47464,02,DAS
47465,01,EDAS
47465,02,EDAS
47468,01,EDAS
47468,02,EDAS
47469,01,DAS
47469,02,DAS
47470,01,EDAS
47470,02,EDAS
47471,01,EDAS
47471,02,EDAS
47501,01,DAS
47501,02,DAS
47512,01,EDAS
47512,02,EDAS
47513,01,EDAS
47513,02,EDAS
47514,01,EDAS
47514,02,EDAS
47515,01,EDAS
47515,02,EDAS
47516,01,EDAS
47516,02,EDAS
47519,01,EDAS
47519,02,EDAS
47520,01,EDAS
47520,02,EDAS
47521,01,EDAS
47521,02,EDAS
47522,01,DAS
47522,02,DAS
47523,01,DAS
47523,02,DAS
47524,01,EDAS
47524,02,EDAS
47525,01,EDAS
47525,02,EDAS
47527,01,EDAS
47527,02,EDAS
47528,01,EDAS
47528,02,EDAS
47529,01,EDAS
47529,02,EDAS
47531,01,EDAS
47531,02,EDAS
47532,01,EDAS
47532,02,DAS
47535,01,DAS
47535,02,DAS
47536,01,EDAS
47536,02,EDAS
47537,01,EDAS
47537,02,EDAS
47541,01,DAS
47541,02,DAS
47542,01,DAS
47542,02,DAS
47550,01,EDAS
47550,02,EDAS
47551,01,EDAS
47551,02,EDAS
47552,01,EDAS
47552,02,EDAS
47553,01,EDAS
47553,02,EDAS
47556,01,EDAS
47556,02,EDAS
47557,01,EDAS
47557,02,EDAS
47558,01,DAS
47558,02,DAS
47561,01,EDAS
47561,02,EDAS
47562,01,EDAS
47562,02,EDAS
47564,01,EDAS
47564,02,EDAS
47567,01,EDAS
47567,02,EDAS
47568,01,EDAS
47568,02,EDAS
47573,01,DAS
47573,02,DAS
47574,01,REM
47574,02,REM
47575,01,EDAS
47575,02,EDAS
47576,01,EDAS
47576,02,EDAS
47577,01,EDAS
47577,02,EDAS
47578,01,EDAS
47578,02,EDAS
47579,01,DAS
47579,02,DAS
47580,01,EDAS
47580,02,EDAS
47581,01,EDAS
47581,02,EDAS
47584,01,DAS
47584,02,DAS
47585,01,EDAS
47585,02,EDAS
47586,01,DAS
47586,02,DAS
47588,01,DAS
47588,02,DAS
47590,01,EDAS
47590,02,EDAS
47591,01,DAS
47591,02,DAS
47596,01,DAS
47596,02,DAS
47597,01,EDAS
47597,02,EDAS
47598,01,EDAS
47598,02,EDAS
47601,01,DAS
47601,02,DAS
47610,01,DAS
47610,02,DAS
47611,01,EDAS
47611,02,EDAS
47612,01,EDAS
47612,02,EDAS
47613,01,DAS
47613,02,DAS
47615,01,EDAS
47615,02,EDAS
47616,01,EDAS
47616,02,EDAS
47617,01,EDAS
47617,02,EDAS
47619,01,EDAS
47619,02,EDAS
47620,01,DAS
47620,02,DAS
47631,01,EDAS
47631,02,EDAS
47633,01,EDAS
47633,02,EDAS
47634,01,EDAS
47634,02,EDAS
47635,01,EDAS
47635,02,EDAS
47637,01,EDAS
47637,02,EDAS
47638,01,DAS
47638,02,DAS
47639,01,DAS
47639,02,DAS
47640,01,EDAS
47640,02,EDAS
47647,01,DAS
47647,02,DAS
47648,01,DAS
47648,02,DAS
47649,01,EDAS
47649,02,EDAS
47654,01,DAS
47654,02,DAS
47660,01,EDAS
47660,02,EDAS
47665,01,EDAS
47665,02,EDAS
47666,01,EDAS
47666,02,EDAS
47670,01,DAS
47670,02,DAS
47683,01,EDAS
47683,02,EDAS
47719,01,DAS
47719,02,DAS
47805,01,DAS
47805,02,DAS
47830,01,EDAS
47830,02,EDAS
47832,01,EDAS
47832,02,EDAS
47833,01,EDAS
47833,02,EDAS
47834,01,DAS
47834,02,DAS
47836,01,DAS
47836,02,DAS
47837,01,EDAS
47837,02,EDAS
47838,01,EDAS
47838,02,EDAS
47840,01,EDAS
47840,02,EDAS
47841,01,REM
47841,02,REM
47842,01,DAS
47842,02,DAS
47845,01,DAS
47845,02,DAS
47846,01,EDAS
47846,02,EDAS
47847,01,REM
47847,02,REM
47848,01,DAS
47848,02,DAS
47849,01,EDAS
47849,02,EDAS
47850,01,EDAS
47850,02,EDAS
47852,01,EDAS
47852,02,EDAS
47854,01,EDAS
47854,02,EDAS
47855,01,EDAS
47855,02,EDAS
47857,01,DAS
47857,02,DAS
47858,01,EDAS
47858,02,EDAS
47859,01,EDAS
47859,02,EDAS
47860,01,EDAS
47860,02,EDAS
47861,01,EDAS
47861,02,EDAS
47862,01,EDAS
47862,02,EDAS
47866,01,EDAS
47866,02,EDAS
47868,01,REM
47868,02,REM
47871,01,EDAS
47871,02,EDAS
47872,01,EDAS
47872,02,EDAS
47874,01,EDAS
47874,02,EDAS
47875,01,EDAS
47875,02,EDAS
47876,01,DAS
47876,02,DAS
47879,01,EDAS
47879,02,EDAS
47881,01,DAS
47881,02,DAS
47882,01,DAS
47882,02,DAS
47884,01,DAS
47884,02,DAS
47885,01,EDAS
47885,02,EDAS
47917,01,EDAS
47917,02,EDAS
47918,01,EDAS
47918,02,EDAS
47920,01,DAS
47920,02,DAS
47921,01,EDAS
47921,02,EDAS
47922,01,EDAS
47922,02,EDAS
47923,01,EDAS
47923,02,EDAS
47925,01,DAS
47925,02,DAS
47926,01,EDAS
47926,02,EDAS
47928,01,EDAS
47928,02,EDAS
47929,01,EDAS
47929,02,EDAS
47930,01,EDAS
47930,02,EDAS
47932,01,EDAS
47932,02,EDAS
47933,01,DAS
47933,02,DAS
47935,01,DAS
47935,02,DAS
47940,01,EDAS
47940,02,EDAS
47942,01,EDAS
47942,02,EDAS
47943,01,EDAS
47943,02,EDAS
47944,01,EDAS
47944,02,EDAS
47946,01,REM
47946,02,REM
47948,01,EDAS
47948,02,EDAS
47949,01,EDAS
47949,02,EDAS
47950,01,EDAS
47950,02,EDAS
47951,01,EDAS
47951,02,EDAS
47952,01,REM
47952,02,REM
47954,01,EDAS
47954,02,EDAS
47955,01,DAS
47955,02,DAS
47957,01,EDAS
47957,02,EDAS
47959,01,EDAS
47959,02,EDAS
47960,01,DAS
47960,02,DAS
47963,01,EDAS
47963,02,EDAS
47965,01,DAS
47965,02,DAS
47966,01,EDAS
47966,02,EDAS
47967,01,EDAS
47967,02,EDAS
47968,01,EDAS
47968,02,EDAS
47969,01,EDAS
47969,02,EDAS
47970,01,EDAS
47970,02,EDAS
47971,01,EDAS
47971,02,EDAS
47974,01,EDAS
47974,02,EDAS
47975,01,EDAS
47975,02,EDAS
47977,01,EDAS
47977,02,EDAS
47978,01,EDAS
47978,02,EDAS
47980,01,EDAS
47980,02,EDAS
47981,01,EDAS
47981,02,EDAS
47982,01,EDAS
47982,02,EDAS
47986,01,DAS
47986,02,DAS
47987,01,EDAS
47987,02,EDAS
47989,01,EDAS
47989,02,EDAS
47990,01,EDAS
47990,02,EDAS
47991,01,EDAS
47991,02,EDAS
47992,01,EDAS
47992,02,EDAS
47993,01,EDAS
47993,02,EDAS
47994,01,EDAS
47994,02,EDAS
47995,01,EDAS
47995,02,EDAS
47997,01,DAS
47997,02,DAS
48001,01,REM
48001,02,REM
48002,01,EDAS
48002,02,EDAS
48003,01,DAS
48003,02,DAS
48004,01,DAS
48004,02,DAS
48005,01,DAS
48005,02,DAS
48006,01,EDAS
48006,02,EDAS
48014,01,DAS
48014,02,DAS
48022,01,EDAS
48022,02,EDAS
48023,01,DAS
48023,02,DAS
48027,01,DAS
48027,02,DAS
48028,01,EDAS
48028,02,EDAS
48032,01,EDAS
48032,02,EDAS
48039,01,DAS
48039,02,DAS
48041,01,DAS
48041,02,DAS
48048,01,DAS
48048,02,DAS
48049,01,DAS
48049,02,DAS
48050,01,DAS
48050,02,DAS
48054,01,DAS
48054,02,DAS
48062,01,DAS
48062,02,DAS
48063,01,DAS
48063,02,DAS
48064,01,DAS
48064,02,DAS
48079,01,DAS
48079,02,DAS
48096,01,DAS
48096,02,DAS
48097,01,EDAS
48097,02,EDAS
48110,01,EDAS
48110,02,EDAS
48115,01,DAS
48115,02,DAS
48117,01,DAS
48117,02,DAS
48118,01,DAS
48118,02,DAS
48130,01,DAS
48130,02,DAS
48131,01,DAS
48131,02,DAS
48133,01,DAS
48133,02,DAS
48137,01,EDAS
48137,02,EDAS
48140,01,EDAS
48140,02,EDAS
48143,01,DAS
48143,02,EDAS
48145,01,EDAS
48145,02,EDAS
48157,01,DAS
48157,02,DAS
48158,01,EDAS
48158,02,DAS
48159,01,EDAS
48159,02,EDAS
48160,01,DAS
48160,02,DAS
48161,01,DAS
48161,02,DAS
48166,01,DAS
48166,02,DAS
48169,01,DAS
48169,02,DAS
48179,01,DAS
48179,02,DAS
48189,01,DAS
48189,02,DAS
48190,01,DAS
48190,02,DAS
48191,01,DAS
48191,02,DAS
48353,01,DAS
48353,02,DAS
48356,01,DAS
48356,02,DAS
48357,01,DAS
48357,02,DAS
48367,01,DAS
48367,02,DAS
48370,01,DAS
48370,02,DAS
48383,01,DAS
48401,01,EDAS
48401,02,EDAS
48410,01,DAS
48410,02,DAS
48411,01,DAS
48411,02,EDAS
48412,01,DAS
48412,02,DAS
48413,01,DAS
48413,02,DAS
48414,01,EDAS
48414,02,EDAS
48415,01,EDAS
48415,02,EDAS
48416,01,EDAS
48416,02,EDAS
48417,01,DAS
48417,02,DAS
48418,01,EDAS
48418,02,EDAS
48419,01,EDAS
48419,02,EDAS
48421,01,DAS
48421,02,DAS
48422,01,EDAS
48422,02,EDAS
48426,01,EDAS
48426,02,EDAS
48427,01,EDAS
48427,02,EDAS
48428,01,DAS
48428,02,DAS
48429,01,DAS
48429,02,DAS
48432,01,EDAS
48432,02,EDAS
48434,01,DAS
48434,02,DAS
48435,01,EDAS
48435,02,EDAS
48436,01,DAS
48436,02,DAS
48438,01,DAS
48438,02,DAS
48440,01,DAS
48440,02,DAS
48441,01,EDAS
48441,02,EDAS
48442,01,DAS
48442,02,DAS
48444,01,DAS
48444,02,DAS
48445,01,EDAS
48445,02,EDAS
48446,01,DAS
48446,02,DAS
48449,01,DAS
48449,02,DAS
48450,01,EDAS
48450,02,EDAS
48451,01,DAS
48451,02,DAS
48453,01,EDAS
48453,02,EDAS
48454,01,EDAS
48454,02,EDAS
48455,01,EDAS
48455,02,EDAS
48456,01,EDAS
48456,02,EDAS
48457,01,EDAS
48457,02,DAS
48458,01,DAS
48458,02,DAS
48460,01,DAS
48460,02,DAS
48461,01,DAS
48461,02,DAS
48462,01,DAS
48462,02,DAS
48463,01,DAS
48463,02,DAS
48464,01,DAS
48464,02,DAS
48465,01,EDAS
48465,02,EDAS
48466,01,EDAS
48466,02,EDAS
48467,01,EDAS
48467,02,EDAS
48468,01,EDAS
48468,02,EDAS
48469,01,EDAS
48469,02,EDAS
48470,01,EDAS
48470,02,EDAS
48471,01,DAS
48471,02,DAS
48472,01,EDAS
48472,02,EDAS
48473,01,DAS
48473,02,DAS
48475,01,EDAS
48475,02,EDAS
48476,01,DAS
48476,02,DAS
48607,01,DAS
48607,02,DAS
48610,01,EDAS
48610,02,EDAS
48611,01,DAS
48611,02,DAS
48612,01,DAS
48612,02,DAS
48613,01,EDAS
48613,02,EDAS
48614,01,EDAS
48614,02,EDAS
48615,01,EDAS
48615,02,EDAS
48616,01,DAS
48616,02,DAS
48617,01,DAS
48617,02,DAS
48618,01,EDAS
48618,02,EDAS
48619,01,EDAS
48619,02,EDAS
48620,01,EDAS
48620,02,EDAS
48621,01,EDAS
48621,02,EDAS
48622,01,DAS
48622,02,DAS
48623,01,DAS
48623,02,DAS
48624,01,EDAS
48624,02,EDAS
48625,01,EDAS
48625,02,EDAS
48626,01,DAS
48626,02,DAS
48627,01,EDAS
48627,02,EDAS
48628,01,EDAS
48628,02,EDAS
48629,01,DAS
48629,02,DAS
48630,01,DAS
48630,02,DAS
48631,01,DAS
48631,02,DAS
48632,01,EDAS
48632,02,EDAS
48633,02,DAS
48634,01,DAS
48634,02,DAS
48635,01,EDAS
48635,02,EDAS
48636,01,EDAS
48636,02,EDAS
48637,01,EDAS
48637,02,EDAS
48647,01,EDAS
48647,02,EDAS
48649,01,EDAS
48649,02,EDAS
48650,01,DAS
48650,02,DAS
48651,01,EDAS
48651,02,EDAS
48652,01,EDAS
48652,02,EDAS
48653,01,EDAS
48653,02,EDAS
48654,01,EDAS
48654,02,EDAS
48655,01,DAS
48655,02,DAS
48656,01,EDAS
48656,02,EDAS
48657,01,DAS
48657,02,DAS
48658,01,DAS
48658,02,DAS
48659,01,EDAS
48659,02,EDAS
48661,01,DAS
48661,02,DAS
48662,01,EDAS
48662,02,EDAS
48701,01,EDAS
48701,02,EDAS
48703,01,EDAS
48703,02,EDAS
48705,01,EDAS
48705,02,EDAS
48720,01,EDAS
48720,02,EDAS
48721,01,EDAS
48721,02,EDAS
48722,01,DAS
48722,02,DAS
48723,01,DAS
48723,02,DAS
48724,01,DAS
48724,02,DAS
48725,01,EDAS
48725,02,EDAS
48726,01,EDAS
48726,02,EDAS
48727,01,EDAS
48727,02,EDAS
48728,01,EDAS
48728,02,EDAS
48729,01,EDAS
48729,02,EDAS
48730,01,EDAS
48730,02,EDAS
48731,01,EDAS
48731,02,EDAS
48733,01,EDAS
48733,02,EDAS
48734,01,DAS
48734,02,DAS
48735,01,EDAS
48735,02,EDAS
48736,01,EDAS
48736,02,EDAS
48737,01,EDAS
48737,02,EDAS
48738,01,DAS
48738,02,DAS
48739,01,EDAS
48739,02,EDAS
48740,01,EDAS
48740,02,EDAS
48741,01,EDAS
48741,02,EDAS
48742,01,EDAS
48742,02,EDAS
48743,01,DAS
48743,02,DAS
48744,01,EDAS
48744,02,EDAS
48745,01,EDAS
48745,02,EDAS
48746,01,DAS
48746,02,DAS
48747,01,EDAS
48747,02,EDAS
48748,01,REM
48748,02,REM
48749,01,EDAS
48749,02,EDAS
48750,01,EDAS
48750,02,EDAS
48754,01,EDAS
48754,02,EDAS
48755,01,DAS
48755,02,DAS
48756,01,EDAS
48756,02,EDAS
48757,01,DAS
48757,02,DAS
48758,01,DAS
48758,02,DAS
48759,01,EDAS
48759,02,EDAS
48760,01,EDAS
48760,02,EDAS
48761,01,EDAS
48761,02,EDAS
48762,01,EDAS
48762,02,EDAS
48763,01,DAS
48763,02,DAS
48764,01,EDAS
48764,02,EDAS
48765,01,EDAS
48765,02,EDAS
48766,01,EDAS
48766,02,EDAS
48767,01,EDAS
48767,02,EDAS
48768,01,DAS
48768,02,DAS
48769,01,DAS
48769,02,DAS
48770,01,EDAS
48770,02,EDAS
48801,01,DAS
48801,02,DAS
48804,01,DAS
48804,02,DAS
48806,01,EDAS
48806,02,EDAS
48807,01,EDAS
48807,02,EDAS
48808,01,DAS
48808,02,DAS
48809,01,EDAS
48809,02,EDAS
48811,01,EDAS
48811,02,EDAS
48812,01,DAS
48812,02,DAS
48813,01,DAS
48813,02,DAS
48815,01,EDAS
48815,02,EDAS
48816,01,DAS
48816,02,DAS
48817,01,DAS
48817,02,DAS
48818,01,EDAS
48818,02,EDAS
48819,01,EDAS
48819,02,EDAS
48820,01,DAS
48820,02,DAS
48822,01,EDAS
48822,02,EDAS
48827,01,DAS
48827,02,DAS
48829,01,EDAS
48829,02,EDAS
48830,01,DAS
48830,02,DAS
48831,01,EDAS
48831,02,EDAS
48832,01,EDAS
48832,02,EDAS
48834,01,EDAS
48834,02,EDAS
48835,01,EDAS
48835,02,EDAS
48836,01,DAS
48836,02,DAS
48837,01,DAS
48837,02,DAS
48838,01,DAS
48838,02,DAS
48841,01,EDAS
48841,02,EDAS
48845,01,EDAS
48845,02,EDAS
48846,01,DAS
48846,02,DAS
48847,01,EDAS
48847,02,EDAS
48848,01,DAS
48848,02,DAS
48849,01,EDAS
48849,02,EDAS
48850,01,EDAS
48850,02,EDAS
48851,01,EDAS
48851,02,EDAS
48852,02,DAS
48853,01,DAS
48853,02,DAS
48856,01,EDAS
48856,02,EDAS
48857,01,DAS
48857,02,DAS
48858,01,DAS
48858,02,DAS
48859,01,DAS
48859,02,DAS
48860,01,EDAS
48860,02,EDAS
48861,01,EDAS
48861,02,EDAS
48862,01,DAS
48862,02,DAS
48865,01,EDAS
48865,02,EDAS
48866,01,EDAS
48866,02,EDAS
48867,01,EDAS
48867,02,EDAS
48870,01,EDAS
48870,02,EDAS
48871,01,EDAS
48871,02,EDAS
48872,01,DAS
48872,02,DAS
48873,01,EDAS
48873,02,EDAS
48874,01,DAS
48874,02,DAS
48875,01,DAS
48875,02,DAS
48876,01,DAS
48876,02,DAS
48877,01,EDAS
48877,02,EDAS
48878,01,EDAS
48878,02,EDAS
48879,01,DAS
48879,02,DAS
48880,01,EDAS
48880,02,EDAS
48881,01,DAS
48881,02,DAS
48882,01,DAS
48882,02,DAS
48883,01,EDAS
48883,02,EDAS
48884,01,EDAS
48884,02,EDAS
48885,01,EDAS
48885,02,EDAS
48886,01,EDAS
48886,02,EDAS
48888,01,EDAS
48888,02,EDAS
48889,01,EDAS
48889,02,EDAS
48890,01,EDAS
48890,02,EDAS
48891,01,EDAS
48891,02,EDAS
48892,01,EDAS
48892,02,EDAS
48893,01,EDAS
48893,02,EDAS
48894,01,EDAS
48894,02,EDAS
48897,01,EDAS
48897,02,EDAS
49010,01,DAS
49010,02,DAS
49011,01,EDAS
49011,02,EDAS
49012,01,DAS
49012,02,DAS
49013,01,EDAS
49013,02,EDAS
49017,01,DAS
49017,02,DAS
49021,01,EDAS
49021,02,EDAS
49026,01,EDAS
49026,02,EDAS
49027,01,DAS
49027,02,DAS
49028,01,EDAS
49028,02,EDAS
49029,01,EDAS
49029,02,EDAS
49030,01,EDAS
49030,02,EDAS
49031,01,DAS
49031,02,DAS
49032,01,DAS
49032,02,DAS
49033,01,EDAS
49033,02,EDAS
49034,01,DAS
49034,02,DAS
49035,01,DAS
49035,02,DAS
49036,01,DAS
49036,02,DAS
49038,01,DAS
49038,02,DAS
49040,01,EDAS
49040,02,EDAS
49042,01,DAS
49042,02,DAS
49043,01,DAS
49043,02,DAS
49045,01,EDAS
49045,02,EDAS
49046,01,DAS
49046,02,DAS
49047,01,DAS
49047,02,DAS
49050,01,EDAS
49050,02,EDAS
49051,01,DAS
49051,02,DAS
49052,01,EDAS
49052,02,EDAS
49055,01,DAS
49055,02,DAS
49056,01,EDAS
49056,02,EDAS
49057,01,EDAS
49057,02,EDAS
49058,01,DAS
49058,02,DAS
49060,01,DAS
49060,02,DAS
49061,01,EDAS
49061,02,EDAS
49062,01,DAS
49062,02,DAS
49063,01,DAS
49063,02,DAS
49064,01,DAS
49064,02,DAS
49065,01,DAS
49065,02,DAS
49066,01,EDAS
49066,02,EDAS
49067,01,EDAS
49067,02,EDAS
49068,01,DAS
49068,02,DAS
49070,01,DAS
49070,02,DAS
49072,01,EDAS
49072,02,EDAS
49073,01,EDAS
49073,02,EDAS
49076,01,EDAS
49076,02,EDAS
49078,01,DAS
49078,02,DAS
49079,01,DAS
49079,02,DAS
49080,01,DAS
49080,02,DAS
49082,01,EDAS
49082,02,EDAS
49083,01,DAS
49083,02,DAS
49087,01,DAS
49087,02,DAS
49088,01,DAS
49088,02,DAS
49089,01,EDAS
49089,02,EDAS
49090,01,DAS
49090,02,DAS
49091,01,DAS
49091,02,DAS
49092,01,EDAS
49092,02,EDAS
49093,01,DAS
49093,02,DAS
49094,01,EDAS
49094,02,EDAS
49095,01,EDAS
49095,02,EDAS
49096,01,EDAS
49096,02,EDAS
49097,01,DAS
49097,02,DAS
49098,01,DAS
49098,02,DAS
49099,01,EDAS
49099,02,EDAS
49101,01,DAS
49101,02,DAS
49102,01,DAS
49102,02,DAS
49103,01,DAS
49103,02,DAS
49104,01,DAS
49104,02,DAS
49106,01,DAS
49106,02,DAS
49111,01,DAS
49111,02,DAS
49112,01,DAS
49112,02,DAS
49113,01,DAS
49113,02,DAS
49115,01,DAS
49115,02,DAS
49117,01,DAS
49117,02,DAS
49126,01,DAS
49126,02,DAS
49128,01,DAS
49128,02,DAS
49129,01,DAS
49129,02,DAS
49130,01,DAS
49130,02,DAS
49220,01,EDAS
49220,02,EDAS
49221,01,DAS
49221,02,DAS
49224,01,DAS
49224,02,DAS
49227,01,EDAS
49227,02,EDAS
49228,01,DAS
49228,02,DAS
49229,01,DAS
49229,02,DAS
49230,01,DAS
49230,02,DAS
49232,01,EDAS
49232,02,EDAS
49233,01,DAS
49233,02,DAS
49234,01,DAS
49234,02,DAS
49235,01,EDAS
49235,02,EDAS
49236,01,DAS
49236,02,DAS
49237,01,DAS
49237,02,DAS
49238,01,EDAS
49238,02,EDAS
49240,01,DAS
49240,02,DAS
49241,01,EDAS
49241,02,EDAS
49242,01,DAS
49242,02,DAS
49245,01,DAS
49245,02,DAS
49246,01,EDAS
49246,02,EDAS
49247,01,EDAS
49247,02,EDAS
49248,01,EDAS
49248,02,EDAS
49249,01,EDAS
49249,02,EDAS
49250,01,DAS
49250,02,DAS
49251,01,EDAS
49251,02,EDAS
49252,01,EDAS
49252,02,EDAS
49253,01,EDAS
49253,02,EDAS
49254,01,DAS
49254,02,DAS
49255,01,EDAS
49255,02,EDAS
49256,01,EDAS
49256,02,EDAS
49257,01,DAS
49257,02,DAS
49259,01,DAS
49259,02,DAS
49261,01,DAS
49261,02,DAS
49262,01,EDAS
49262,02,EDAS
49264,01,EDAS
49264,02,EDAS
49265,01,DAS
49265,02,DAS
49266,01,EDAS
49266,02,EDAS
49267,01,DAS
49267,02,DAS
49268,01,EDAS
49268,02,EDAS
49269,01,EDAS
49269,02,EDAS
49270,01,DAS
49270,02,DAS
49271,01,EDAS
49271,02,EDAS
49272,01,EDAS
49272,02,EDAS
49274,01,EDAS
49274,02,EDAS
49275,01,EDAS
49275,02,EDAS
49276,01,EDAS
49276,02,EDAS
49277,01,DAS
49277,02,DAS
49278,01,DAS
49278,02,DAS
49279,01,EDAS
49279,02,EDAS
49282,01,DAS
49282,02,DAS
49283,01,DAS
49283,02,DAS
49284,01,EDAS
49284,02,EDAS
49285,01,DAS
49285,02,DAS
49286,01,DAS
49286,02,DAS
49287,01,DAS
49287,02,DAS
49288,01,EDAS
49288,02,EDAS
49301,01,DAS
49301,02,DAS
49302,01,DAS
49302,02,DAS
49303,01,EDAS
49303,02,EDAS
49304,01,EDAS
49304,02,EDAS
49305,01,EDAS
49305,02,EDAS
49307,01,DAS
49307,02,DAS
49309,01,REM
49309,02,REM
49310,01,EDAS
49310,02,EDAS
49311,01,DAS
49311,02,DAS
49312,01,DAS
49312,02,DAS
49314,01,DAS
49314,02,DAS
49318,01,EDAS
49318,02,EDAS
49319,01,DAS
49319,02,DAS
49320,01,EDAS
49320,02,EDAS
49322,01,EDAS
49322,02,EDAS
49323,01,DAS
49323,02,DAS
49325,01,EDAS
49325,02,EDAS
49326,01,EDAS
49326,02,EDAS
49327,01,EDAS
49327,02,EDAS
49328,01,EDAS
49328,02,EDAS
49329,01,DAS
49329,02,DAS
49330,01,DAS
49330,02,DAS
49331,01,DAS
49331,02,DAS
49332,01,EDAS
49332,02,EDAS
49333,01,DAS
49333,02,DAS
49336,01,EDAS
49336,02,EDAS
49337,01,DAS
49337,02,DAS
49338,01,EDAS
49338,02,EDAS
49339,01,DAS
49339,02,DAS
49340,01,EDAS
49340,02,EDAS
49342,01,REM
49342,02,REM
49343,01,EDAS
49343,02,EDAS
49344,01,DAS
49344,02,DAS
49345,01,DAS
49345,02,DAS
49346,01,EDAS
49346,02,EDAS
49347,01,EDAS
49347,02,EDAS
49348,01,DAS
49348,02,DAS
49349,01,EDAS
49349,02,EDAS
49402,01,EDAS
49402,02,EDAS
49403,01,EDAS
49403,02,EDAS
49404,01,DAS
49404,02,DAS
49405,01,EDAS
49405,02,EDAS
49406,01,DAS
49406,02,DAS
49408,01,EDAS
49408,02,EDAS
49409,01,DAS
49409,02,DAS
49410,01,EDAS
49410,02,EDAS
49411,01,EDAS
49411,02,EDAS
49412,01,DAS
49412,02,DAS
49413,01,DAS
49413,02,DAS
49415,01,DAS
49415,02,DAS
49416,01,EDAS
49416,02,EDAS
49419,01,EDAS
49419,02,EDAS
49420,01,EDAS
49420,02,EDAS
49421,01,EDAS
49421,02,EDAS
49425,01,EDAS
49425,02,EDAS
49430,01,DAS
49430,02,DAS
49431,01,DAS
49431,02,DAS
49434,02,DAS
49435,01,DAS
49435,02,DAS
49436,01,EDAS
49436,02,EDAS
49437,01,DAS
49437,02,DAS
49440,01,DAS
49440,02,DAS
49445,01,DAS
49445,02,DAS
49446,01,EDAS
49446,02,EDAS
49448,01,DAS
49448,02,DAS
49449,01,EDAS
49449,02,EDAS
49450,01,EDAS
49450,02,EDAS
49451,01,EDAS
49451,02,EDAS
49452,01,EDAS
49452,02,EDAS
49453,01,DAS
49453,02,DAS
49454,01,EDAS
49454,02,EDAS
49455,01,EDAS
49455,02,EDAS
49457,01,DAS
49457,02,DAS
49458,01,DAS
49458,02,DAS
49459,01,EDAS
49459,02,EDAS
49460,01,DAS
49460,02,DAS
49461,01,DAS
49461,02,DAS
49601,01,DAS
49601,02,DAS
49610,01,DAS
49610,02,DAS
49611,01,REM
49611,02,REM
49612,01,EDAS
49612,02,EDAS
49613,01,EDAS
49613,02,EDAS
49614,01,EDAS
49614,02,EDAS
49615,01,EDAS
49615,02,EDAS
49616,01,DAS
49616,02,DAS
49617,01,EDAS
49617,02,EDAS
49618,01,EDAS
49618,02,EDAS
49619,01,EDAS
49619,02,EDAS
49620,01,EDAS
49620,02,EDAS
49621,01,EDAS
49621,02,EDAS
49622,01,EDAS
49622,02,EDAS
49623,01,EDAS
49623,02,EDAS
49625,01,EDAS
49625,02,EDAS
49627,01,DAS
49627,02,DAS
49628,01,DAS
49628,02,DAS
49629,01,DAS
49629,02,DAS
49630,01,EDAS
49630,02,EDAS
49631,01,EDAS
49631,02,EDAS
49632,01,EDAS
49632,02,EDAS
49633,01,EDAS
49633,02,EDAS
49634,01,DAS
49634,02,DAS
49635,01,DAS
49635,02,DAS
49636,01,DAS
49636,02,DAS
49637,01,DAS
49637,02,DAS
49638,01,EDAS
49638,02,EDAS
49639,01,REM
49639,02,REM
49640,01,EDAS
49640,02,EDAS
49642,01,EDAS
49642,02,EDAS
49643,01,DAS
49643,02,DAS
49644,01,EDAS
49644,02,EDAS
49645,01,EDAS
49645,02,EDAS
49646,01,DAS
49646,02,DAS
49648,01,EDAS
49648,02,EDAS
49649,01,EDAS
49649,02,EDAS
49650,01,DAS
49650,02,DAS
49651,01,EDAS
49651,02,EDAS
49653,01,EDAS
49653,02,EDAS
49654,01,EDAS
49654,02,EDAS
49655,01,EDAS
49655,02,EDAS
49656,01,EDAS
49656,02,EDAS
49657,01,DAS
49657,02,DAS
49659,01,EDAS
49659,02,EDAS
49660,01,DAS
49660,02,DAS
49663,01,EDAS
49663,02,EDAS
49664,01,EDAS
49664,02,EDAS
49665,01,EDAS
49665,02,EDAS
49666,01,EDAS
49666,02,EDAS
49667,01,EDAS
49667,02,EDAS
49668,01,EDAS
49668,02,EDAS
49670,01,EDAS
49670,02,EDAS
49673,01,REM
49673,02,REM
49674,01,EDAS
49674,02,EDAS
49675,01,DAS
49675,02,DAS
49676,01,DAS
49676,02,DAS
49677,01,DAS
49677,02,DAS
49679,01,EDAS
49679,02,EDAS
49680,01,EDAS
49680,02,EDAS
49682,01,EDAS
49682,02,EDAS
49683,01,EDAS
49683,02,EDAS
49684,01,DAS
49684,02,DAS
49685,01,DAS
49685,02,DAS
49688,01,EDAS
49688,02,EDAS
49689,01,EDAS
49689,02,EDAS
49690,01,DAS
49690,02,DAS
49696,01,DAS
49696,02,DAS
49701,01,DAS
49701,02,DAS
49705,01,EDAS
49705,02,EDAS
49706,01,EDAS
49706,02,EDAS
49707,01,EDAS
49707,02,EDAS
49709,01,EDAS
49709,02,EDAS
49710,01,EDAS
49710,02,EDAS
49711,01,DAS
49711,02,DAS
49712,01,DAS
49712,02,DAS
49713,01,EDAS
49713,02,EDAS
49715,01,EDAS
49715,02,EDAS
49716,01,EDAS
49716,02,EDAS
49717,01,EDAS
49717,02,EDAS
49718,01,EDAS
49718,02,EDAS
49719,01,EDAS
49719,02,EDAS
49720,01,DAS
49720,02,DAS
49721,01,EDAS
49721,02,EDAS
49723,01,DAS
49723,02,DAS
49724,01,EDAS
49724,02,EDAS
49725,01,REM
49725,02,REM
49726,01,EDAS
49726,02,EDAS
49727,01,EDAS
49727,02,EDAS
49728,01,REM
49728,02,REM
49729,01,EDAS
49729,02,EDAS
49730,01,EDAS
49730,02,EDAS
49733,01,EDAS
49733,02,EDAS
49734,01,DAS
49734,02,DAS
49735,01,DAS
49735,02,DAS
49736,01,REM
49736,02,REM
49737,01,DAS
49737,02,DAS
49738,01,EDAS
49738,02,EDAS
49739,01,DAS
49739,02,DAS
49740,01,DAS
49740,02,DAS
49743,01,EDAS
49743,02,EDAS
49744,01,EDAS
49744,02,EDAS
49745,01,EDAS
49745,02,EDAS
49746,01,EDAS
49746,02,EDAS
49747,01,REM
49747,02,REM
49748,01,EDAS
49748,02,EDAS
49749,01,EDAS
49749,02,EDAS
49751,01,EDAS
49751,02,EDAS
49752,01,EDAS
49752,02,EDAS
49753,01,EDAS
49753,02,EDAS
49755,01,EDAS
49755,02,EDAS
49756,01,EDAS
49756,02,EDAS
49757,01,REM
49757,02,REM
49759,01,REM
49759,02,REM
49760,01,EDAS
49760,02,EDAS
49761,01,EDAS
49761,02,EDAS
49762,01,EDAS
49762,02,EDAS
49765,01,EDAS
49765,02,EDAS
49766,01,EDAS
49766,02,EDAS
49768,01,EDAS
49768,02,EDAS
49769,01,EDAS
49769,02,EDAS
49770,01,DAS
49770,02,DAS
49774,01,EDAS
49774,02,EDAS
49775,01,EDAS
49775,02,EDAS
49776,01,EDAS
49776,02,EDAS
49777,01,REM
49777,02,REM
49779,01,EDAS
49779,02,EDAS
49780,01,EDAS
49780,02,EDAS
49781,01,EDAS
49781,02,EDAS
49782,01,REM
49782,02,REM
49783,01,DAS
49783,02,DAS
49785,01,DAS
49785,02,DAS
49788,01,EDAS
49788,02,EDAS
49791,01,EDAS
49791,02,EDAS
49792,01,DAS
49792,02,DAS
49793,01,EDAS
49793,02,EDAS
49795,01,EDAS
49795,02,EDAS
49796,01,DAS
49796,02,DAS
49797,01,EDAS
49797,02,EDAS
49799,01,EDAS
49799,02,EDAS
49801,01,DAS
49801,02,DAS
49802,01,DAS
49802,02,DAS
49805,01,EDAS
49805,02,EDAS
49806,01,EDAS
49806,02,EDAS
49807,01,EDAS
49807,02,EDAS
49808,01,DAS
49808,02,DAS
49812,01,EDAS
49812,02,EDAS
49813,01,EDAS
49813,02,EDAS
49814,01,EDAS
49814,02,EDAS
49815,01,EDAS
49815,02,EDAS
49816,01,EDAS
49816,02,EDAS
49817,01,EDAS
49817,02,EDAS
49818,01,REM
49818,02,REM
49819,01,REM
49819,02,REM
49820,01,EDAS
49820,02,EDAS
49821,01,EDAS
49821,02,EDAS
49822,01,EDAS
49822,02,EDAS
49825,01,EDAS
49825,02,EDAS
49826,01,DAS
49826,02,DAS
49827,01,EDAS
49827,02,EDAS
49829,01,DAS
49829,02,DAS
49831,01,REM
49831,02,REM
49833,01,EDAS
49833,02,EDAS
49834,01,EDAS
49834,02,EDAS
49835,01,EDAS
49835,02,EDAS
49836,01,EDAS
49836,02,EDAS
49837,01,DAS
49837,02,DAS
49838,01,REM
49838,02,REM
49839,01,EDAS
49839,02,EDAS
49840,01,EDAS
49840,02,EDAS
49841,01,EDAS
49841,02,EDAS
49847,01,EDAS
49847,02,EDAS
49848,01,EDAS
49848,02,EDAS
49849,01,REM
49849,02,REM
49852,02,DAS
49853,01,EDAS
49853,02,EDAS
49854,01,REM
49854,02,REM
49855,01,DAS
49855,02,DAS
49858,01,DAS
49858,02,DAS
49861,01,EDAS
49861,02,EDAS
49862,01,EDAS
49862,02,EDAS
49863,01,DAS
49863,02,DAS
49864,01,DAS
49864,02,DAS
49865,01,EDAS
49865,02,EDAS
49866,01,REM
49866,02,REM
49868,01,EDAS
49868,02,EDAS
49870,01,DAS
49870,02,DAS
49871,01,DAS
49871,02,DAS
49872,01,EDAS
49872,02,EDAS
49873,01,REM
49873,02,REM
49874,01,DAS
49874,02,DAS
49876,01,DAS
49876,02,DAS
49877,01,DAS
49877,02,DAS
49878,01,EDAS
49878,02,EDAS
49879,01,EDAS
49879,02,EDAS
49880,01,EDAS
49880,02,EDAS
49881,01,EDAS
49881,02,EDAS
49883,01,EDAS
49883,02,EDAS
49884,01,EDAS
49884,02,EDAS
49885,01,EDAS
49885,02,EDAS
49886,01,EDAS
49886,02,EDAS
49887,01,EDAS
49887,02,EDAS
49891,01,EDAS
49891,02,EDAS
49892,01,EDAS
49892,02,EDAS
49893,01,EDAS
49893,02,EDAS
49894,01,DAS
49894,02,DAS
49895,01,REM
49895,02,REM
49896,01,EDAS
49896,02,EDAS
49901,01,EDAS
49901,02,EDAS
49902,01,EDAS
49902,02,EDAS
49903,01,EDAS
49903,02,EDAS
49905,01,EDAS
49905,02,EDAS
49908,01,EDAS
49908,02,EDAS
49910,01,EDAS
49910,02,EDAS
49911,01,EDAS
49911,02,EDAS
49912,01,EDAS
49912,02,EDAS
49913,01,REM
49913,02,REM
49915,01,DAS
49915,02,DAS
49916,01,EDAS
49916,02,EDAS
49917,01,DAS
49917,02,DAS
49918,01,EDAS
49918,02,EDAS
49919,01,EDAS
49919,02,EDAS
49920,01,EDAS
49920,02,EDAS
49921,01,EDAS
49921,02,EDAS
49922,01,EDAS
49922,02,EDAS
49925,01,EDAS
49925,02,EDAS
49927,01,EDAS
49927,02,EDAS
49929,01,EDAS
49929,02,EDAS
49930,01,REM
49930,02,REM
49931,01,DAS
49931,02,DAS
49934,01,EDAS
49934,02,EDAS
49935,01,REM
49935,02,REM
49938,01,REM
49938,02,REM
49942,01,EDAS
49942,02,EDAS
49945,01,EDAS
49945,02,EDAS
49946,01,EDAS
49946,02,EDAS
49947,01,REM
49947,02,REM
49948,01,EDAS
49948,02,EDAS
49950,01,REM
49950,02,REM
49952,01,EDAS
49952,02,EDAS
49953,01,EDAS
49953,02,EDAS
49955,01,EDAS
49955,02,EDAS
49958,01,EDAS
49958,02,EDAS
49959,01,EDAS
49959,02,EDAS
49960,01,EDAS
49960,02,EDAS
49961,01,EDAS
49961,02,EDAS
49962,01,EDAS
49962,02,EDAS
49963,01,EDAS
49963,02,EDAS
49964,01,DAS
49964,02,DAS
49965,01,EDAS
49965,02,EDAS
49967,01,EDAS
49967,02,EDAS
49968,01,EDAS
49968,02,EDAS
49969,01,REM
49969,02,REM
49970,01,REM
49970,02,REM
49971,01,EDAS
49971,02,EDAS
50001,01,EDAS
50001,02,EDAS
50002,01,EDAS
50002,02,EDAS
50003,01,DAS
50003,02,DAS
50005,01,EDAS
50005,02,EDAS
50006,01,EDAS
50006,02,EDAS
50007,01,EDAS
50007,02,EDAS
50008,01,EDAS
50008,02,EDAS
50020,01,EDAS
50020,02,EDAS
50022,01,EDAS
50022,02,EDAS
50025,01,EDAS
50025,02,EDAS
50026,01,EDAS
50026,02,EDAS
50027,01,EDAS
50027,02,EDAS
50028,01,EDAS
50028,02,EDAS
50029,01,EDAS
50029,02,EDAS
50031,01,DAS
50031,02,DAS
50032,01,DAS
50032,02,DAS
50033,01,DAS
50033,02,EDAS
50034,01,EDAS
50034,02,EDAS
50035,01,DAS
50035,02,DAS
50036,01,DAS
50036,02,DAS
50038,01,DAS
50038,02,DAS
50039,01,EDAS
50039,02,EDAS
50040,01,EDAS
50040,02,EDAS
50041,01,DAS
50041,02,DAS
50042,01,EDAS
50042,02,EDAS
50043,01,EDAS
50043,02,EDAS
50044,01,EDAS
50044,02,EDAS
50046,01,EDAS
50046,02,EDAS
50047,01,DAS
50047,02,DAS
50048,01,EDAS
50048,02,EDAS
50049,01,EDAS
50049,02,EDAS
50050,01,EDAS
50050,02,EDAS
50051,01,EDAS
50051,02,EDAS
50052,01,REM
50052,02,REM
50054,01,EDAS
50054,02,EDAS
50055,01,EDAS
50055,02,EDAS
50056,01,EDAS
50056,02,EDAS
50057,01,EDAS
50057,02,EDAS
50058,01,EDAS
50058,02,EDAS
50060,01,EDAS
50060,02,EDAS
50061,01,DAS
50061,02,DAS
50062,01,EDAS
50062,02,EDAS
50063,01,DAS
50063,02,DAS
50064,01,DAS
50064,02,EDAS
50065,01,EDAS
50065,02,EDAS
50066,01,EDAS
50066,02,EDAS
50067,01,EDAS
50067,02,EDAS
50068,01,REM
50068,02,REM
50069,01,DAS
50069,02,DAS
50070,01,EDAS
50070,02,EDAS
50071,01,EDAS
50071,02,EDAS
50072,01,EDAS
50072,02,EDAS
50073,01,EDAS
50073,02,EDAS
50074,01,REM
50074,02,REM
50075,01,EDAS
50075,02,EDAS
50076,01,EDAS
50076,02,EDAS
50078,01,DAS
50078,02,DAS
50099,01,EDAS
50099,02,EDAS
50101,01,EDAS
50101,02,EDAS
50102,01,DAS
50102,02,EDAS
50103,01,EDAS
50103,02,EDAS
50104,01,EDAS
50104,02,EDAS
50105,01,DAS
50105,02,DAS
50106,01,EDAS
50106,02,EDAS
50107,01,EDAS
50107,02,EDAS
50108,01,REM
50108,02,REM
50109,01,DAS
50109,02,DAS
50110,01,DAS
50110,02,DAS
50112,01,DAS
50112,02,DAS
50115,01,EDAS
50115,02,EDAS
50116,01,EDAS
50116,02,EDAS
50117,01,EDAS
50117,02,EDAS
50118,01,EDAS
50118,02,EDAS
50119,01,EDAS
50119,02,EDAS
50120,01,EDAS
50120,02,EDAS
50122,01,EDAS
50122,02,EDAS
50123,01,EDAS
50123,02,EDAS
50124,01,DAS
50124,02,DAS
50125,01,DAS
50125,02,DAS
50126,01,DAS
50126,02,DAS
50128,01,EDAS
50128,02,EDAS
50129,01,EDAS
50129,02,EDAS
50130,01,EDAS
50130,02,EDAS
50132,01,EDAS
50132,02,EDAS
50133,01,EDAS
50133,02,EDAS
50134,01,EDAS
50134,02,EDAS
50135,01,EDAS
50135,02,EDAS
50136,01,EDAS
50136,02,EDAS
50138,01,EDAS
50138,02,EDAS
50139,01,EDAS
50139,02,EDAS
50140,01,EDAS
50140,02,EDAS
50141,01,EDAS
50141,02,EDAS
50142,01,EDAS
50142,02,EDAS
50143,01,EDAS
50143,02,EDAS
50144,01,EDAS
50144,02,EDAS
50145,01,EDAS
50145,02,EDAS
50146,01,EDAS
50146,02,EDAS
50147,01,EDAS
50147,02,EDAS
50148,01,EDAS
50148,02,EDAS
50149,01,EDAS
50149,02,EDAS
50150,01,EDAS
50150,02,EDAS
50151,01,EDAS
50151,02,EDAS
50152,01,DAS
50152,02,DAS
50153,01,EDAS
50153,02,EDAS
50154,01,EDAS
50154,02,EDAS
50155,01,REM
50155,02,REM
50156,01,EDAS
50156,02,EDAS
50157,01,EDAS
50157,02,EDAS
50158,01,DAS
50158,02,DAS
50160,01,DAS
50160,02,DAS
50161,01,EDAS
50161,02,EDAS
50162,01,EDAS
50162,02,EDAS
50163,01,DAS
50163,02,DAS
50164,01,EDAS
50164,02,EDAS
50165,01,DAS
50165,02,DAS
50166,01,EDAS
50166,02,EDAS
50167,01,EDAS
50167,02,EDAS
50168,01,EDAS
50168,02,EDAS
50169,01,EDAS
50169,02,EDAS
50170,01,EDAS
50170,02,EDAS
50171,01,EDAS
50171,02,EDAS
50173,01,EDAS
50173,02,EDAS
50174,01,EDAS
50174,02,EDAS
50201,01,DAS
50201,02,DAS
50206,01,EDAS
50206,02,EDAS
50207,01,EDAS
50207,02,EDAS
50208,01,DAS
50208,02,DAS
50210,01,EDAS
50210,02,EDAS
50211,01,DAS
50211,02,DAS
50212,01,EDAS
50212,02,EDAS
50213,01,EDAS
50213,02,EDAS
50214,01,EDAS
50214,02,EDAS
50216,01,EDAS
50216,02,EDAS
50217,01,EDAS
50217,02,EDAS
50218,01,EDAS
50218,02,EDAS
50219,01,DAS
50219,02,DAS
50220,01,EDAS
50220,02,EDAS
50222,01,EDAS
50222,02,EDAS
50223,01,EDAS
50223,02,EDAS
50225,01,EDAS
50225,02,EDAS
50226,01,DAS
50226,02,DAS
50227,01,DAS
50227,02,DAS
50228,01,EDAS
50228,02,EDAS
50229,01,EDAS
50229,02,EDAS
50230,01,EDAS
50230,02,EDAS
50231,01,DAS
50231,02,DAS
50232,01,EDAS
50232,02,EDAS
50233,01,EDAS
50233,02,EDAS
50234,01,EDAS
50234,02,EDAS
50235,01,EDAS
50235,02,EDAS
50236,01,DAS
50236,02,DAS
50237,01,EDAS
50237,02,EDAS
50238,01,EDAS
50238,02,EDAS
50239,01,EDAS
50239,02,EDAS
50240,01,EDAS
50240,02,EDAS
50242,01,EDAS
50242,02,EDAS
50243,01,DAS
50243,02,DAS
50244,01,DAS
50244,02,DAS
50246,01,EDAS
50246,02,EDAS
50247,01,EDAS
50247,02,EDAS
50248,01,EDAS
50248,02,EDAS
50249,01,EDAS
50249,02,EDAS
50250,01,EDAS
50250,02,EDAS
50251,01,EDAS
50251,02,EDAS
50252,01,EDAS
50252,02,EDAS
50254,01,REM
50254,02,REM
50255,01,DAS
50255,02,DAS
50256,01,EDAS
50256,02,EDAS
50257,01,EDAS
50257,02,EDAS
50258,01,EDAS
50258,02,EDAS
50259,01,EDAS
50259,02,EDAS
50261,01,EDAS
50261,02,EDAS
50262,01,EDAS
50262,02,EDAS
50264,01,REM
50264,02,REM
50268,01,EDAS
50268,02,EDAS
50269,01,DAS
50269,02,DAS
50271,01,EDAS
50271,02,EDAS
50272,01,DAS
50272,02,DAS
50273,01,EDAS
50273,02,EDAS
50274,01,EDAS
50274,02,EDAS
50275,01,REM
50275,02,REM
50276,01,EDAS
50276,02,EDAS
50277,01,EDAS
50277,02,EDAS
50278,01,EDAS
50278,02,EDAS
50369,01,DAS
50369,02,DAS
50420,01,EDAS
50420,02,EDAS
50421,01,EDAS
50421,02,EDAS
50423,01,DAS
50423,02,DAS
50424,01,EDAS
50424,02,EDAS
50426,01,DAS
50426,02,EDAS
50430,01,EDAS
50430,02,EDAS
50431,01,EDAS
50431,02,EDAS
50432,01,EDAS
50432,02,EDAS
50433,01,EDAS
50433,02,EDAS
50434,01,EDAS
50434,02,EDAS
50435,01,DAS
50435,02,DAS
50436,01,DAS
50436,02,DAS
50438,01,EDAS
50438,02,EDAS
50439,01,EDAS
50439,02,EDAS
50440,01,EDAS
50440,02,EDAS
50441,01,EDAS
50441,02,EDAS
50444,01,EDAS
50444,02,EDAS
50446,01,EDAS
50446,02,EDAS
50447,01,EDAS
50447,02,EDAS
50448,01,EDAS
50448,02,EDAS
50449,01,EDAS
50449,02,EDAS
50450,01,EDAS
50450,02,EDAS
50451,01,EDAS
50451,02,EDAS
50452,01,EDAS
50452,02,EDAS
50453,01,EDAS
50453,02,EDAS
50454,01,EDAS
50454,02,EDAS
50455,01,EDAS
50455,02,EDAS
50456,01,EDAS
50456,02,EDAS
50457,01,EDAS
50457,02,EDAS
50458,01,EDAS
50458,02,EDAS
50459,01,EDAS
50459,02,EDAS
50460,01,EDAS
50460,02,EDAS
50461,01,EDAS
50461,02,EDAS
50464,01,EDAS
50464,02,EDAS
50465,01,EDAS
50465,02,EDAS
50466,01,EDAS
50466,02,EDAS
50467,01,DAS
50467,02,DAS
50468,01,EDAS
50468,02,EDAS
50469,01,EDAS
50469,02,EDAS
50470,01,EDAS
50470,02,EDAS
50471,01,EDAS
50471,02,EDAS
50472,01,EDAS
50472,02,EDAS
50473,01,EDAS
50473,02,EDAS
50475,01,EDAS
50475,02,EDAS
50476,01,EDAS
50476,02,EDAS
50477,01,EDAS
50477,02,EDAS
50478,01,EDAS
50478,02,EDAS
50479,01,EDAS
50479,02,EDAS
50480,01,EDAS
50480,02,EDAS
50481,01,DAS
50481,02,DAS
50482,01,EDAS
50482,02,EDAS
50483,01,EDAS
50483,02,EDAS
50484,01,EDAS
50484,02,EDAS
50510,01,EDAS
50510,02,EDAS
50511,01,DAS
50511,02,DAS
50514,01,EDAS
50514,02,EDAS
50515,01,EDAS
50515,02,EDAS
50516,01,EDAS
50516,02,EDAS
50517,01,EDAS
50517,02,EDAS
50518,01,EDAS
50518,02,EDAS
50519,01,EDAS
50519,02,EDAS
50520,01,EDAS
50520,02,EDAS
50522,01,EDAS
50522,02,EDAS
50523,01,EDAS
50523,02,EDAS
50524,01,EDAS
50524,02,EDAS
50525,01,EDAS
50525,02,EDAS
50527,01,EDAS
50527,02,EDAS
50528,01,EDAS
50528,02,EDAS
50529,01,DAS
50529,02,DAS
50530,01,EDAS
50530,02,EDAS
50531,01,EDAS
50531,02,EDAS
50532,01,EDAS
50532,02,EDAS
50533,01,EDAS
50533,02,EDAS
50535,01,EDAS
50535,02,EDAS
50536,01,EDAS
50536,02,EDAS
50538,01,EDAS
50538,02,EDAS
50539,01,EDAS
50539,02,EDAS
50540,01,EDAS
50540,02,EDAS
50541,01,EDAS
50541,02,EDAS
50542,01,EDAS
50542,02,EDAS
50543,01,EDAS
50543,02,EDAS
50544,01,EDAS
50544,02,EDAS
50545,01,EDAS
50545,02,EDAS
50546,01,EDAS
50546,02,EDAS
50548,01,DAS
50548,02,DAS
50551,01,REM
50551,02,REM
50552,01,DAS
50552,02,DAS
50554,01,EDAS
50554,02,EDAS
50556,01,EDAS
50556,02,EDAS
50557,01,EDAS
50557,02,EDAS
50558,01,EDAS
50558,02,EDAS
50559,01,EDAS
50559,02,EDAS
50560,01,EDAS
50560,02,EDAS
50561,01,EDAS
50561,02,EDAS
50562,01,EDAS
50562,02,EDAS
50563,01,EDAS
50563,02,EDAS
50565,01,EDAS
50565,02,EDAS
50566,01,EDAS
50566,02,EDAS
50567,01,EDAS
50567,02,EDAS
50568,01,EDAS
50568,02,EDAS
50569,01,EDAS
50569,02,EDAS
50570,01,EDAS
50570,02,EDAS
50571,01,EDAS
50571,02,EDAS
50573,01,DAS
50573,02,DAS
50574,01,EDAS
50574,02,EDAS
50575,01,EDAS
50575,02,EDAS
50576,01,EDAS
50576,02,EDAS
50577,01,EDAS
50577,02,EDAS
50578,01,EDAS
50578,02,EDAS
50579,01,EDAS
50579,02,EDAS
50581,01,EDAS
50581,02,EDAS
50582,01,EDAS
50582,02,EDAS
50583,01,EDAS
50583,02,EDAS
50585,01,EDAS
50585,02,EDAS
50586,01,EDAS
50586,02,EDAS
50588,01,DAS
50588,02,DAS
50590,01,REM
50590,02,REM
50591,01,EDAS
50591,02,EDAS
50592,01,DAS
50592,02,DAS
50593,01,DAS
50593,02,DAS
50594,01,EDAS
50594,02,EDAS
50595,01,DAS
50595,02,DAS
50597,01,EDAS
50597,02,EDAS
50598,01,EDAS
50598,02,EDAS
50599,01,EDAS
50599,02,EDAS
50601,01,EDAS
50601,02,EDAS
50602,01,EDAS
50602,02,EDAS
50603,01,EDAS
50603,02,EDAS
50604,01,EDAS
50604,02,EDAS
50605,01,EDAS
50605,02,EDAS
50606,01,EDAS
50606,02,EDAS
50607,01,EDAS
50607,02,EDAS
50608,01,DAS
50608,02,DAS
50609,01,EDAS
50609,02,EDAS
50611,01,EDAS
50611,02,EDAS
50612,01,EDAS
50612,02,EDAS
50616,01,DAS
50616,02,DAS
50619,01,EDAS
50619,02,EDAS
50620,01,EDAS
50620,02,EDAS
50621,01,EDAS
50621,02,EDAS
50622,01,DAS
50622,02,DAS
50623,01,DAS
50623,02,EDAS
50624,01,EDAS
50624,02,EDAS
50625,01,EDAS
50625,02,EDAS
50626,01,EDAS
50626,02,EDAS
50627,01,EDAS
50627,02,EDAS
50628,01,EDAS
50628,02,EDAS
50629,01,EDAS
50629,02,EDAS
50630,01,EDAS
50630,02,EDAS
50631,01,DAS
50631,02,DAS
50632,01,EDAS
50632,02,EDAS
50633,01,EDAS
50633,02,EDAS
50634,01,DAS
50634,02,DAS
50635,01,EDAS
50635,02,EDAS
50636,01,EDAS
50636,02,EDAS
50638,01,EDAS
50638,02,EDAS
50641,01,EDAS
50641,02,EDAS
50642,01,EDAS
50642,02,EDAS
50643,01,DAS
50643,02,DAS
50644,01,DAS
50644,02,DAS
50645,01,EDAS
50645,02,EDAS
50647,01,EDAS
50647,02,EDAS
50648,01,DAS
50648,02,DAS
50650,01,EDAS
50650,02,EDAS
50651,01,EDAS
50651,02,EDAS
50652,02,DAS
50653,01,EDAS
50653,02,EDAS
50654,01,EDAS
50654,02,EDAS
50655,01,EDAS
50655,02,EDAS
50657,02,DAS
50658,01,EDAS
50658,02,EDAS
50659,01,DAS
50659,02,DAS
50660,01,EDAS
50660,02,EDAS
50661,01,EDAS
50661,02,EDAS
50662,01,DAS
50662,02,DAS
50665,01,EDAS
50665,02,EDAS
50666,01,EDAS
50666,02,EDAS
50667,01,DAS
50667,02,DAS
50668,01,EDAS
50668,02,EDAS
50669,01,EDAS
50669,02,EDAS
50670,01,EDAS
50670,02,EDAS
50671,01,EDAS
50671,02,EDAS
50672,01,EDAS
50672,02,EDAS
50673,01,EDAS
50673,02,EDAS
50674,01,EDAS
50674,02,EDAS
50675,01,EDAS
50675,02,EDAS
50676,01,EDAS
50676,02,EDAS
50677,01,DAS
50677,02,DAS
50680,01,EDAS
50680,02,EDAS
50681,01,EDAS
50681,02,EDAS
50682,01,EDAS
50682,02,EDAS
50801,01,EDAS
50801,02,EDAS
50830,01,EDAS
50830,02,EDAS
50831,01,DAS
50831,02,DAS
50833,01,EDAS
50833,02,EDAS
50835,01,EDAS
50835,02,EDAS
50836,01,REM
50836,02,REM
50837,01,REM
50837,02,REM
50839,01,DAS
50839,02,DAS
50840,01,EDAS
50840,02,EDAS
50841,01,EDAS
50841,02,EDAS
50842,01,DAS
50842,02,EDAS
50843,01,REM
50843,02,REM
50845,01,EDAS
50845,02,EDAS
50846,01,EDAS
50846,02,EDAS
50847,01,DAS
50847,02,DAS
50848,01,REM
50848,02,REM
50849,01,EDAS
50849,02,EDAS
50851,01,EDAS
50851,02,EDAS
50853,01,EDAS
50853,02,EDAS
50854,01,EDAS
50854,02,EDAS
50857,01,EDAS
50857,02,EDAS
50858,01,EDAS
50858,02,EDAS
50859,01,REM
50859,02,REM
50860,01,EDAS
50860,02,EDAS
50861,01,REM
50861,02,REM
50862,01,REM
50862,02,REM
50863,01,EDAS
50863,02,EDAS
50864,01,EDAS
50864,02,EDAS
51001,01,EDAS
51001,02,EDAS
51002,01,EDAS
51002,02,EDAS
51003,01,REM
51003,02,REM
51004,01,EDAS
51004,02,EDAS
51005,01,EDAS
51005,02,EDAS
51006,01,EDAS
51006,02,EDAS
51007,01,EDAS
51007,02,EDAS
51008,02,DAS
51009,01,EDAS
51009,02,EDAS
51010,01,EDAS
51010,02,EDAS
51011,01,EDAS
51011,02,EDAS
51012,01,EDAS
51012,02,EDAS
51014,01,EDAS
51014,02,EDAS
51015,01,DAS
51015,02,DAS
51016,01,EDAS
51016,02,EDAS
51018,01,EDAS
51018,02,EDAS
51019,01,EDAS
51019,02,EDAS
51020,01,EDAS
51020,02,EDAS
51022,01,EDAS
51022,02,EDAS
51023,01,EDAS
51023,02,EDAS
51024,01,EDAS
51024,02,EDAS
51025,01,EDAS
51025,02,EDAS
51026,01,EDAS
51026,02,EDAS
51027,01,EDAS
51027,02,EDAS
51028,01,EDAS
51028,02,EDAS
51029,01,EDAS
51029,02,EDAS
51030,01,EDAS
51030,02,EDAS
51031,01,DAS
51031,02,DAS
51033,01,REM
51033,02,REM
51034,01,EDAS
51034,02,EDAS
51035,01,EDAS
51035,02,EDAS
51036,01,EDAS
51036,02,EDAS
51037,01,EDAS
51037,02,EDAS
51038,01,EDAS
51038,02,EDAS
51039,01,EDAS
51039,02,EDAS
51040,01,EDAS
51040,02,EDAS
51041,01,EDAS
51041,02,EDAS
51044,01,EDAS
51044,02,EDAS
51046,01,EDAS
51046,02,EDAS
51047,01,EDAS
51047,02,EDAS
51048,01,EDAS
51048,02,EDAS
51049,01,EDAS
51049,02,EDAS
51050,01,EDAS
51050,02,EDAS
51051,01,EDAS
51051,02,EDAS
51052,01,EDAS
51052,02,EDAS
51053,01,EDAS
51053,02,EDAS
51054,01,EDAS
51054,02,EDAS
51055,01,EDAS
51055,02,EDAS
51056,01,EDAS
51056,02,EDAS
51058,01,EDAS
51058,02,EDAS
51059,01,EDAS
51059,02,EDAS
51060,01,EDAS
51060,02,EDAS
51061,01,EDAS
51061,02,EDAS
51062,01,EDAS
51062,02,EDAS
51063,01,EDAS
51063,02,EDAS
51109,01,DAS
51109,02,DAS
51201,01,EDAS
51201,02,EDAS
51230,01,EDAS
51230,02,EDAS
51231,01,EDAS
51231,02,EDAS
51232,01,EDAS
51232,02,EDAS
51234,01,EDAS
51234,02,EDAS
51235,01,EDAS
51235,02,EDAS
51237,01,EDAS
51237,02,EDAS
51238,01,EDAS
51238,02,EDAS
51239,01,EDAS
51239,02,EDAS
51240,01,EDAS
51240,02,EDAS
51241,01,EDAS
51241,02,EDAS
51242,01,EDAS
51242,02,EDAS
51243,01,EDAS
51243,02,EDAS
51244,01,DAS
51244,02,DAS
51245,01,EDAS
51245,02,EDAS
51246,01,EDAS
51246,02,EDAS
51247,01,EDAS
51247,02,EDAS
51248,01,EDAS
51248,02,EDAS
51249,01,EDAS
51249,02,EDAS
51250,01,DAS
51250,02,DAS
51301,01,DAS
51301,02,DAS
51330,01,EDAS
51330,02,EDAS
51331,01,DAS
51331,02,DAS
51333,01,EDAS
51333,02,EDAS
51334,01,EDAS
51334,02,EDAS
51338,01,EDAS
51338,02,EDAS
51340,02,DAS
51341,01,DAS
51341,02,DAS
51342,01,EDAS
51342,02,EDAS
51343,01,EDAS
51343,02,EDAS
51344,01,EDAS
51344,02,EDAS
51345,01,EDAS
51345,02,EDAS
51346,01,EDAS
51346,02,EDAS
51347,01,EDAS
51347,02,EDAS
51349,01,EDAS
51349,02,EDAS
51350,01,EDAS
51350,02,EDAS
51351,01,DAS
51351,02,DAS
51354,01,EDAS
51354,02,EDAS
51357,01,EDAS
51357,02,EDAS
51358,01,EDAS
51358,02,EDAS
51360,01,DAS
51360,02,DAS
51364,01,EDAS
51364,02,EDAS
51365,01,EDAS
51365,02,EDAS
51366,01,EDAS
51366,02,EDAS
51401,01,DAS
51401,02,DAS
51430,01,EDAS
51430,02,EDAS
51431,01,EDAS
51431,02,EDAS
51432,01,DAS
51432,02,DAS
51433,01,EDAS
51433,02,EDAS
51436,01,EDAS
51436,02,EDAS
51439,01,EDAS
51439,02,EDAS
51440,01,EDAS
51440,02,EDAS
51441,01,EDAS
51441,02,EDAS
51442,01,EDAS
51442,02,EDAS
51443,01,EDAS
51443,02,EDAS
51444,01,EDAS
51444,02,EDAS
51445,01,EDAS
51445,02,EDAS
51446,01,EDAS
51446,02,EDAS
51447,01,REM
51447,02,REM
51448,01,EDAS
51448,02,EDAS
51449,01,EDAS
51449,02,EDAS
51450,01,EDAS
51450,02,EDAS
51451,01,DAS
51451,02,DAS
51452,01,EDAS
51452,02,EDAS
51453,01,EDAS
51453,02,EDAS
51454,01,EDAS
51454,02,EDAS
51455,01,EDAS
51455,02,EDAS
51458,01,EDAS
51458,02,EDAS
51459,01,DAS
51459,02,DAS
51460,01,DAS
51460,02,DAS
51461,01,EDAS
51461,02,EDAS
51462,01,EDAS
51462,02,EDAS
51463,01,EDAS
51463,02,EDAS
51465,01,EDAS
51465,02,EDAS
51466,01,EDAS
51466,02,EDAS
51467,01,EDAS
51467,02,EDAS
51520,01,EDAS
51520,02,EDAS
51521,01,EDAS
51521,02,EDAS
51523,01,EDAS
51523,02,EDAS
51525,01,EDAS
51525,02,EDAS
51526,01,EDAS
51526,02,EDAS
51527,01,EDAS
51527,02,EDAS
51528,01,EDAS
51528,02,EDAS
51529,01,EDAS
51529,02,EDAS
51530,01,EDAS
51530,02,EDAS
51531,01,EDAS
51531,02,EDAS
51532,01,EDAS
51532,02,EDAS
51533,01,EDAS
51533,02,EDAS
51534,01,DAS
51534,02,DAS
51535,01,EDAS
51535,02,EDAS
51536,01,EDAS
51536,02,EDAS
51537,01,DAS
51537,02,DAS
51540,01,EDAS
51540,02,EDAS
51541,01,EDAS
51541,02,EDAS
51542,01,EDAS
51542,02,EDAS
51543,01,DAS
51543,02,DAS
51544,01,EDAS
51544,02,EDAS
51545,01,REM
51545,02,REM
51546,01,EDAS
51546,02,EDAS
51548,01,EDAS
51548,02,EDAS
51549,01,EDAS
51549,02,EDAS
51550,01,DAS
51550,02,DAS
51551,01,EDAS
51551,02,EDAS
51552,01,EDAS
51552,02,EDAS
51553,01,EDAS
51553,02,EDAS
51554,01,DAS
51554,02,DAS
51555,01,EDAS
51555,02,EDAS
51556,01,EDAS
51556,02,EDAS
51557,01,EDAS
51557,02,EDAS
51558,01,EDAS
51558,02,EDAS
51559,01,EDAS
51559,02,EDAS
51560,01,EDAS
51560,02,EDAS
51561,01,EDAS
51561,02,EDAS
51562,01,EDAS
51562,02,EDAS
51563,01,EDAS
51563,02,EDAS
51564,01,EDAS
51564,02,EDAS
51565,01,EDAS
51565,02,EDAS
51566,01,EDAS
51566,02,EDAS
51570,01,EDAS
51570,02,EDAS
51571,01,EDAS
51571,02,EDAS
51572,01,EDAS
51572,02,EDAS
51573,01,EDAS
51573,02,EDAS
51574,01,EDAS
51574,02,EDAS
51575,01,EDAS
51575,02,EDAS
51576,01,EDAS
51576,02,EDAS
51577,01,EDAS
51577,02,EDAS
51578,01,DAS
51578,02,EDAS
51579,01,EDAS
51579,02,EDAS
51601,01,DAS
51601,02,DAS
51603,01,DAS
51603,02,DAS
51630,01,EDAS
51630,02,EDAS
51631,01,EDAS
51631,02,EDAS
51632,01,EDAS
51632,02,EDAS
51636,01,EDAS
51636,02,EDAS
51637,01,EDAS
51637,02,EDAS
51638,01,EDAS
51638,02,EDAS
51639,01,EDAS
51639,02,EDAS
51640,01,EDAS
51640,02,EDAS
51645,01,EDAS
51645,02,EDAS
51646,01,EDAS
51646,02,EDAS
51647,01,EDAS
51647,02,EDAS
51648,01,EDAS
51648,02,EDAS
51649,01,EDAS
51649,02,EDAS
51650,01,EDAS
51650,02,EDAS
51651,02,DAS
51652,01,EDAS
51652,02,EDAS
51653,01,EDAS
51653,02,EDAS
51654,01,EDAS
51654,02,EDAS
51656,01,DAS
51656,02,DAS
52031,01,EDAS
52031,02,EDAS
52032,01,EDAS
52032,02,EDAS
52033,01,EDAS
52033,02,EDAS
52035,01,EDAS
52035,02,EDAS
52037,01,EDAS
52037,02,EDAS
52038,01,EDAS
52038,02,EDAS
52039,01,EDAS
52039,02,EDAS
52040,01,DAS
52040,02,DAS
52041,01,EDAS
52041,02,EDAS
52042,01,EDAS
52042,02,EDAS
52043,01,EDAS
52043,02,EDAS
52044,01,REM
52044,02,REM
52045,01,EDAS
52045,02,EDAS
52046,01,EDAS
52046,02,EDAS
52047,01,EDAS
52047,02,EDAS
52048,01,REM
52048,02,REM
52049,01,EDAS
52049,02,EDAS
52050,01,EDAS
52050,02,EDAS
52052,01,EDAS
52052,02,EDAS
52053,01,EDAS
52053,02,EDAS
52054,01,EDAS
52054,02,EDAS
52055,01,EDAS
52055,02,EDAS
52056,01,DAS
52056,02,DAS
52057,01,DAS
52057,02,DAS
52060,01,DAS
52060,02,DAS
52064,01,EDAS
52064,02,EDAS
52065,01,EDAS
52065,02,EDAS
52066,01,DAS
52066,02,DAS
52068,01,DAS
52068,02,DAS
52069,01,EDAS
52069,02,EDAS
52070,01,EDAS
52070,02,EDAS
52071,01,EDAS
52071,02,EDAS
52072,01,REM
52072,02,REM
52073,01,EDAS
52073,02,EDAS
52074,01,EDAS
52074,02,EDAS
52075,01,REM
52075,02,REM
52076,01,EDAS
52076,02,EDAS
52077,01,EDAS
52077,02,EDAS
52078,01,EDAS
52078,02,EDAS
52079,01,REM
52079,02,REM
52101,01,DAS
52101,02,DAS
52132,01,EDAS
52132,02,EDAS
52133,01,EDAS
52133,02,EDAS
52134,01,EDAS
52134,02,EDAS
52135,01,DAS
52135,02,DAS
52136,01,EDAS
52136,02,EDAS
52140,01,EDAS
52140,02,EDAS
52141,01,EDAS
52141,02,EDAS
52142,01,EDAS
52142,02,EDAS
52144,01,EDAS
52144,02,EDAS
52146,01,EDAS
52146,02,EDAS
52147,01,EDAS
52147,02,EDAS
52149,01,DAS
52149,02,DAS
52151,01,EDAS
52151,02,EDAS
52154,01,EDAS
52154,02,EDAS
52155,01,EDAS
52155,02,EDAS
52156,01,EDAS
52156,02,EDAS
52157,01,EDAS
52157,02,EDAS
52158,01,EDAS
52158,02,EDAS
52159,01,EDAS
52159,02,EDAS
52160,01,EDAS
52160,02,EDAS
52161,01,EDAS
52161,02,EDAS
52162,01,EDAS
52162,02,EDAS
52163,01,EDAS
52163,02,EDAS
52164,01,EDAS
52164,02,EDAS
52165,01,EDAS
52165,02,EDAS
52166,01,DAS
52166,02,DAS
52169,01,EDAS
52169,02,EDAS
52170,01,EDAS
52170,02,EDAS
52171,01,EDAS
52171,02,EDAS
52172,01,EDAS
52172,02,EDAS
52175,01,DAS
52175,02,DAS
52201,01,EDAS
52201,02,EDAS
52202,01,EDAS
52202,02,EDAS
52203,01,DAS
52203,02,DAS
52204,01,DAS
52204,02,DAS
52205,01,DAS
52205,02,DAS
52206,01,DAS
52206,02,DAS
52207,01,EDAS
52207,02,EDAS
52208,01,EDAS
52208,02,EDAS
52209,01,EDAS
52209,02,EDAS
52210,01,EDAS
52210,02,EDAS
52211,01,EDAS
52211,02,EDAS
52212,01,REM
52212,02,REM
52213,01,EDAS
52213,02,EDAS
52214,01,EDAS
52214,02,EDAS
52215,01,EDAS
52215,02,EDAS
52216,01,EDAS
52216,02,EDAS
52217,01,EDAS
52217,02,EDAS
52218,01,EDAS
52218,02,EDAS
52219,01,EDAS
52219,02,EDAS
52220,01,EDAS
52220,02,EDAS
52221,01,EDAS
52221,02,EDAS
52222,01,EDAS
52222,02,EDAS
52223,01,EDAS
52223,02,EDAS
52224,01,EDAS
52224,02,EDAS
52225,01,EDAS
52225,02,EDAS
52226,01,EDAS
52226,02,EDAS
52227,01,DAS
52227,02,DAS
52228,01,DAS
52228,02,DAS
52229,01,EDAS
52229,02,EDAS
52231,01,EDAS
52231,02,EDAS
52232,01,EDAS
52232,02,EDAS
52235,01,DAS
52235,02,DAS
52236,01,EDAS
52236,02,EDAS
52237,01,EDAS
52237,02,EDAS
52247,01,EDAS
52247,02,EDAS
52248,01,EDAS
52248,02,EDAS
52249,01,EDAS
52249,02,EDAS
52251,01,EDAS
52251,02,EDAS
52253,01,DAS
52253,02,DAS
52254,01,EDAS
52254,02,EDAS
52255,01,EDAS
52255,02,EDAS
52257,01,EDAS
52257,02,EDAS
52301,01,EDAS
52301,02,EDAS
52305,01,EDAS
52305,02,EDAS
52306,01,EDAS
52306,02,EDAS
52307,01,EDAS
52307,02,EDAS
52308,01,DAS
52308,02,DAS
52309,01,EDAS
52309,02,EDAS
52310,01,EDAS
52310,02,EDAS
52313,01,EDAS
52313,02,EDAS
52314,01,DAS
52314,02,DAS
52315,01,DAS
52315,02,DAS
52316,01,EDAS
52316,02,EDAS
52318,01,DAS
52318,02,DAS
52320,01,EDAS
52320,02,EDAS
52321,01,EDAS
52321,02,EDAS
52322,01,EDAS
52322,02,EDAS
52323,01,EDAS
52323,02,EDAS
52324,01,DAS
52324,02,DAS
52325,01,EDAS
52325,02,EDAS
52326,01,DAS
52326,02,DAS
52327,01,EDAS
52327,02,EDAS
52329,01,EDAS
52329,02,EDAS
52330,01,EDAS
52330,02,EDAS
52332,01,EDAS
52332,02,EDAS
52333,01,DAS
52333,02,DAS
52334,01,EDAS
52334,02,EDAS
52335,01,EDAS
52335,02,EDAS
52336,01,EDAS
52336,02,EDAS
52337,01,EDAS
52337,02,EDAS
52338,01,DAS
52338,02,DAS
52339,01,EDAS
52339,02,EDAS
52340,01,EDAS
52340,02,EDAS
52341,01,DAS
52341,02,DAS
52342,01,EDAS
52342,02,EDAS
52344,01,EDAS
52344,02,EDAS
52345,01,DAS
52345,02,DAS
52346,01,EDAS
52346,02,EDAS
52347,01,EDAS
52347,02,EDAS
52348,01,DAS
52348,02,DAS
52349,01,EDAS
52349,02,EDAS
52351,01,DAS
52351,02,DAS
52352,01,EDAS
52352,02,EDAS
52353,01,DAS
52353,02,DAS
52354,01,EDAS
52354,02,EDAS
52355,01,EDAS
52355,02,EDAS
52356,01,EDAS
52356,02,EDAS
52358,01,EDAS
52358,02,EDAS
52359,01,EDAS
52359,02,EDAS
52361,01,EDAS
52361,02,EDAS
52362,01,EDAS
52362,02,EDAS
52501,01,DAS
52501,02,DAS
52530,01,DAS
52530,02,DAS
52531,01,EDAS
52531,02,EDAS
52533,01,EDAS
52533,02,EDAS
52534,01,DAS
52534,02,DAS
52535,01,EDAS
52535,02,EDAS
52536,01,EDAS
52536,02,EDAS
52537,01,EDAS
52537,02,EDAS
52538,01,EDAS
52538,02,EDAS
52540,01,EDAS
52540,02,EDAS
52542,01,EDAS
52542,02,EDAS
52543,01,EDAS
52543,02,EDAS
52544,01,DAS
52544,02,DAS
52548,01,DAS
52548,02,DAS
52549,01,EDAS
52549,02,EDAS
52550,01,EDAS
52550,02,EDAS
52551,01,EDAS
52551,02,EDAS
52552,01,EDAS
52552,02,EDAS
52553,01,EDAS
52553,02,EDAS
52554,01,EDAS
52554,02,EDAS
52555,01,EDAS
52555,02,EDAS
52556,01,DAS
52556,02,DAS
52560,01,EDAS
52560,02,EDAS
52561,01,EDAS
52561,02,EDAS
52562,01,DAS
52562,02,DAS
52563,01,EDAS
52563,02,EDAS
52565,01,EDAS
52565,02,EDAS
52566,02,DAS
52567,01,EDAS
52567,02,EDAS
52569,01,REM
52569,02,REM
52570,01,EDAS
52570,02,EDAS
52571,01,EDAS
52571,02,EDAS
52572,01,EDAS
52572,02,EDAS
52573,01,EDAS
52573,02,EDAS
52574,01,EDAS
52574,02,EDAS
52576,01,EDAS
52576,02,EDAS
52577,01,DAS
52577,02,DAS
52580,01,EDAS
52580,02,EDAS
52581,01,REM
52581,02,REM
52583,01,REM
52583,02,REM
52584,01,EDAS
52584,02,EDAS
52585,01,EDAS
52585,02,EDAS
52586,01,EDAS
52586,02,EDAS
52588,01,EDAS
52588,02,EDAS
52590,01,EDAS
52590,02,EDAS
52591,01,EDAS
52591,02,EDAS
52593,01,EDAS
52593,02,EDAS
52594,01,EDAS
52594,02,EDAS
52601,01,DAS
52601,02,DAS
52619,01,REM
52619,02,REM
52620,01,EDAS
52620,02,EDAS
52621,01,EDAS
52621,02,EDAS
52623,01,REM
52623,02,REM
52624,01,DAS
52624,02,DAS
52625,01,EDAS
52625,02,EDAS
52626,01,EDAS
52626,02,EDAS
52627,01,DAS
52627,02,DAS
52630,01,EDAS
52630,02,EDAS
52631,01,EDAS
52631,02,EDAS
52632,01,DAS
52632,02,DAS
52635,01,EDAS
52635,02,EDAS
52637,01,EDAS
52637,02,EDAS
52638,01,DAS
52638,02,DAS
52639,01,EDAS
52639,02,EDAS
52640,01,EDAS
52640,02,EDAS
52641,01,DAS
52641,02,DAS
52644,01,REM
52644,02,REM
52645,01,EDAS
52645,02,EDAS
52646,01,EDAS
52646,02,EDAS
52647,01,DAS
52647,02,EDAS
52648,02,DAS
52649,01,EDAS
52649,02,EDAS
52650,01,EDAS
52650,02,EDAS
52651,01,EDAS
52651,02,EDAS
52653,01,EDAS
52653,02,EDAS
52654,01,EDAS
52654,02,EDAS
52656,01,EDAS
52656,02,EDAS
52657,02,DAS
52658,01,EDAS
52658,02,EDAS
52659,01,EDAS
52659,02,EDAS
52660,01,EDAS
52660,02,EDAS
52701,01,REM
52701,02,REM
52720,01,EDAS
52720,02,EDAS
52721,01,EDAS
52721,02,EDAS
52726,01,DAS
52726,02,DAS
52727,01,EDAS
52727,02,EDAS
52728,01,DAS
52728,02,DAS
52729,01,EDAS
52729,02,EDAS
52730,01,DAS
52730,02,DAS
52731,01,EDAS
52731,02,EDAS
52737,01,EDAS
52737,02,EDAS
52738,01,EDAS
52738,02,EDAS
52739,01,EDAS
52739,02,EDAS
52742,01,DAS
52742,02,DAS
52745,01,EDAS
52745,02,EDAS
52746,01,EDAS
52746,02,EDAS
52747,01,DAS
52747,02,DAS
52749,01,DAS
52749,02,DAS
52750,01,EDAS
52750,02,EDAS
52751,01,EDAS
52751,02,EDAS
52752,02,DAS
52753,01,DAS
52753,02,DAS
52754,01,EDAS
52754,02,EDAS
52755,01,EDAS
52755,02,EDAS
52756,01,EDAS
52756,02,EDAS
52757,01,DAS
52757,02,DAS
52760,01,EDAS
52760,02,EDAS
52761,01,DAS
52761,02,DAS
52765,01,EDAS
52765,02,EDAS
52766,01,EDAS
52766,02,EDAS
52768,01,EDAS
52768,02,EDAS
52769,01,EDAS
52769,02,EDAS
52772,01,EDAS
52772,02,EDAS
52773,01,DAS
52773,02,DAS
52774,01,EDAS
52774,02,EDAS
52776,01,EDAS
52776,02,EDAS
52777,01,EDAS
52777,02,EDAS
52778,01,EDAS
52778,02,EDAS
53001,01,EDAS
53001,02,EDAS
53002,01,DAS
53002,02,DAS
53003,01,DAS
53003,02,EDAS
53004,01,EDAS
53004,02,EDAS
53006,01,DAS
53006,02,DAS
53010,01,EDAS
53010,02,EDAS
53011,01,EDAS
53011,02,EDAS
53013,01,DAS
53013,02,DAS
53014,01,EDAS
53014,02,EDAS
53015,01,EDAS
53015,02,EDAS
53016,01,DAS
53016,02,DAS
53017,01,DAS
53017,02,DAS
53019,01,EDAS
53019,02,EDAS
53020,01,EDAS
53020,02,EDAS
53021,01,DAS
53021,02,DAS
53023,01,EDAS
53023,02,EDAS
53026,01,DAS
53026,02,DAS
53027,01,DAS
53027,02,DAS
53031,01,DAS
53031,02,DAS
53032,01,EDAS
53032,02,EDAS
53033,01,DAS
53033,02,DAS
53034,01,DAS
53034,02,DAS
53035,01,EDAS
53035,02,EDAS
53036,01,DAS
53036,02,DAS
53037,01,DAS
53037,02,DAS
53038,01,EDAS
53038,02,EDAS
53039,01,EDAS
53039,02,EDAS
53040,01,DAS
53040,02,DAS
53042,01,EDAS
53042,02,EDAS
53047,01,DAS
53047,02,DAS
53048,01,DAS
53048,02,DAS
53049,01,EDAS
53049,02,EDAS
53050,01,EDAS
53050,02,EDAS
53057,01,EDAS
53057,02,EDAS
53058,01,DAS
53058,02,DAS
53059,01,EDAS
53059,02,EDAS
53060,02,DAS
53061,01,DAS
53061,02,DAS
53062,01,DAS
53062,02,DAS
53063,01,EDAS
53063,02,EDAS
53065,01,EDAS
53065,02,EDAS
53070,01,DAS
53070,02,DAS
53073,01,DAS
53073,02,DAS
53075,01,DAS
53075,02,DAS
53076,01,EDAS
53076,02,EDAS
53078,01,EDAS
53078,02,EDAS
53079,01,EDAS
53079,02,EDAS
53081,01,DAS
53081,02,DAS
53085,01,DAS
53085,02,DAS
53086,01,DAS
53086,02,DAS
53090,01,DAS
53090,02,DAS
53091,01,EDAS
53091,02,EDAS
53093,01,EDAS
53093,02,EDAS
53094,01,DAS
53094,02,DAS
53098,01,DAS
53098,02,DAS
53099,01,DAS
53099,02,DAS
53103,01,DAS
53103,02,DAS
53104,01,DAS
53104,02,DAS
53105,01,DAS
53105,02,DAS
53114,01,DAS
53114,02,DAS
53115,01,DAS
53115,02,DAS
53118,01,DAS
53118,02,DAS
53119,01,DAS
53119,02,DAS
53120,01,DAS
53120,02,DAS
53121,01,DAS
53121,02,DAS
53125,01,DAS
53125,02,DAS
53126,01,DAS
53126,02,DAS
53127,02,DAS
53128,01,DAS
53128,02,DAS
53137,01,EDAS
53137,02,EDAS
53138,01,DAS
53138,02,DAS
53139,01,EDAS
53139,02,EDAS
53147,01,DAS
53147,02,DAS
53148,01,DAS
53148,02,DAS
53149,01,DAS
53149,02,DAS
53153,01,DAS
53153,02,DAS
53156,01,EDAS
53156,02,EDAS
53157,01,EDAS
53157,02,EDAS
53167,01,DAS
53167,02,DAS
53168,01,DAS
53168,02,DAS
53178,01,EDAS
53178,02,EDAS
53179,01,DAS
53179,02,DAS
53181,01,DAS
53181,02,DAS
53182,01,DAS
53182,02,DAS
53183,01,DAS
53183,02,DAS
53184,01,DAS
53184,02,DAS
53185,01,DAS
53185,02,DAS
53190,01,DAS
53190,02,DAS
53191,01,DAS
53191,02,DAS
53195,01,DAS
53195,02,EDAS
53501,01,EDAS
53501,02,EDAS
53502,01,EDAS
53502,02,EDAS
53503,01,EDAS
53503,02,EDAS
53504,01,EDAS
53504,02,EDAS
53505,01,EDAS
53505,02,EDAS
53506,01,EDAS
53506,02,EDAS
53507,01,DAS
53507,02,DAS
53508,01,DAS
53508,02,DAS
53510,01,EDAS
53510,02,EDAS
53515,01,DAS
53515,02,DAS
53516,01,EDAS
53516,02,EDAS
53517,01,EDAS
53517,02,EDAS
53518,01,EDAS
53518,02,EDAS
53520,01,EDAS
53520,02,EDAS
53521,01,DAS
53521,02,DAS
53522,01,EDAS
53522,02,EDAS
53523,01,DAS
53523,02,DAS
53525,01,DAS
53525,02,DAS
53526,01,DAS
53526,02,DAS
53528,01,DAS
53528,02,DAS
53529,01,EDAS
53529,02,EDAS
53530,01,EDAS
53530,02,EDAS
53531,01,DAS
53531,02,DAS
53533,01,DAS
53533,02,DAS
53534,01,DAS
53534,02,DAS
53535,01,DAS
53535,02,DAS
53536,01,DAS
53536,02,DAS
53538,01,DAS
53538,02,DAS
53540,01,DAS
53540,02,DAS
53541,01,EDAS
53541,02,EDAS
53542,01,EDAS
53542,02,EDAS
53543,01,EDAS
53543,02,EDAS
53544,01,EDAS
53544,02,EDAS
53549,01,DAS
53549,02,DAS
53550,01,EDAS
53550,02,EDAS
53551,01,DAS
53551,02,DAS
53553,01,EDAS
53553,02,EDAS
53554,01,EDAS
53554,02,EDAS
53555,01,DAS
53555,02,DAS
53556,01,EDAS
53556,02,EDAS
53557,01,EDAS
53557,02,EDAS
53559,01,DAS
53559,02,DAS
53560,01,DAS
53560,02,DAS
53561,01,EDAS
53561,02,EDAS
53563,01,DAS
53563,02,DAS
53565,01,EDAS
53565,02,EDAS
53566,01,DAS
53566,02,DAS
53569,01,EDAS
53569,02,EDAS
53570,01,EDAS
53570,02,EDAS
53571,02,DAS
53572,01,DAS
53572,02,DAS
53573,01,EDAS
53573,02,EDAS
53574,01,EDAS
53574,02,EDAS
53575,01,DAS
53575,02,DAS
53576,01,EDAS
53576,02,EDAS
53577,01,EDAS
53577,02,EDAS
53578,01,DAS
53578,02,DAS
53579,01,EDAS
53579,02,EDAS
53580,01,EDAS
53580,02,EDAS
53581,01,EDAS
53581,02,EDAS
53582,01,EDAS
53582,02,EDAS
53583,01,DAS
53583,02,DAS
53584,01,DAS
53584,02,DAS
53585,01,EDAS
53585,02,EDAS
53586,01,EDAS
53586,02,EDAS
53587,01,EDAS
53587,02,EDAS
53588,01,EDAS
53588,02,EDAS
53589,01,DAS
53589,02,DAS
53594,01,DAS
53594,02,DAS
53595,01,DAS
53595,02,DAS
53599,01,DAS
53599,02,DAS
53801,01,EDAS
53801,02,EDAS
53802,01,EDAS
53802,02,EDAS
53803,01,DAS
53803,02,DAS
53804,01,EDAS
53804,02,EDAS
53805,01,EDAS
53805,02,EDAS
53806,01,REM
53806,02,REM
53807,01,EDAS
53807,02,EDAS
53808,01,DAS
53808,02,DAS
53809,01,EDAS
53809,02,EDAS
53810,01,EDAS
53810,02,EDAS
53811,01,DAS
53811,02,DAS
53813,01,DAS
53813,02,DAS
53816,01,EDAS
53816,02,EDAS
53817,01,DAS
53817,02,DAS
53818,01,EDAS
53818,02,EDAS
53820,01,EDAS
53820,02,EDAS
53821,01,DAS
53821,02,DAS
53825,01,EDAS
53825,02,EDAS
53826,01,EDAS
53826,02,EDAS
53827,01,REM
53827,02,REM
53901,01,DAS
53901,02,DAS
53910,01,EDAS
53910,02,EDAS
53911,01,DAS
53911,02,DAS
53913,01,DAS
53913,02,DAS
53916,01,DAS
53916,02,DAS
53919,01,EDAS
53919,02,EDAS
53920,01,EDAS
53920,02,EDAS
53922,01,EDAS
53922,02,EDAS
53923,01,EDAS
53923,02,EDAS
53924,01,EDAS
53924,02,EDAS
53925,01,DAS
53925,02,DAS
53926,01,EDAS
53926,02,EDAS
53927,01,EDAS
53927,02,EDAS
53928,01,EDAS
53928,02,EDAS
53929,01,EDAS
53929,02,EDAS
53930,01,EDAS
53930,02,EDAS
53931,01,EDAS
53931,02,EDAS
53932,01,EDAS
53932,02,EDAS
53933,01,EDAS
53933,02,EDAS
53934,01,EDAS
53934,02,EDAS
53935,01,EDAS
53935,02,EDAS
53936,01,EDAS
53936,02,EDAS
53937,01,EDAS
53937,02,EDAS
53939,01,EDAS
53939,02,EDAS
53940,01,DAS
53940,02,DAS
53941,01,EDAS
53941,02,EDAS
53942,01,REM
53942,02,REM
53943,01,EDAS
53943,02,EDAS
53944,01,EDAS
53944,02,EDAS
53946,01,EDAS
53946,02,EDAS
53947,01,DAS
53947,02,DAS
53948,01,EDAS
53948,02,EDAS
53949,01,EDAS
53949,02,EDAS
53950,01,DAS
53950,02,DAS
53951,01,EDAS
53951,02,EDAS
53952,01,EDAS
53952,02,EDAS
53953,01,DAS
53953,02,EDAS
53954,01,DAS
53954,02,DAS
53955,01,DAS
53955,02,DAS
53956,01,EDAS
53956,02,EDAS
53957,01,DAS
53957,02,DAS
53958,01,DAS
53958,02,DAS
53959,01,DAS
53959,02,DAS
53960,01,DAS
53960,02,DAS
53961,01,EDAS
53961,02,EDAS
53963,01,EDAS
53963,02,EDAS
53964,01,EDAS
53964,02,EDAS
53965,01,DAS
53965,02,DAS
53968,01,EDAS
53968,02,EDAS
53969,01,DAS
53969,02,DAS
54001,01,EDAS
54001,02,EDAS
54002,01,DAS
54002,02,DAS
54003,01,EDAS
54003,02,EDAS
54004,01,EDAS
54004,02,EDAS
54005,01,DAS
54005,02,DAS
54006,01,EDAS
54006,02,EDAS
54007,01,EDAS
54007,02,EDAS
54009,01,EDAS
54009,02,EDAS
54011,01,EDAS
54011,02,EDAS
54012,01,EDAS
54012,02,EDAS
54013,01,EDAS
54013,02,EDAS
54014,01,REM
54014,02,REM
54015,01,EDAS
54015,02,EDAS
54017,01,DAS
54017,02,DAS
54020,01,DAS
54020,02,DAS
54021,01,DAS
54021,02,DAS
54022,01,DAS
54022,02,DAS
54023,01,DAS
54023,02,DAS
54024,01,DAS
54024,02,DAS
54025,01,DAS
54025,02,DAS
54026,01,EDAS
54026,02,EDAS
54027,01,EDAS
54027,02,EDAS
54028,01,EDAS
54028,02,EDAS
54082,01,EDAS
54082,02,EDAS
54101,01,EDAS
54101,02,EDAS
54102,01,EDAS
54102,02,EDAS
54103,01,EDAS
54103,02,EDAS
54104,01,REM
54104,02,REM
54106,01,EDAS
54106,02,EDAS
54107,01,EDAS
54107,02,EDAS
54110,01,EDAS
54110,02,EDAS
54111,01,EDAS
54111,02,EDAS
54112,01,EDAS
54112,02,EDAS
54114,01,EDAS
54114,02,EDAS
54119,01,EDAS
54119,02,EDAS
54120,01,EDAS
54120,02,EDAS
54121,01,EDAS
54121,02,EDAS
54123,01,DAS
54123,02,DAS
54124,01,EDAS
54124,02,EDAS
54125,01,EDAS
54125,02,EDAS
54126,01,EDAS
54126,02,EDAS
54127,01,DAS
54127,02,DAS
54128,01,REM
54128,02,REM
54129,01,EDAS
54129,02,EDAS
54130,01,DAS
54130,02,DAS
54135,01,EDAS
54135,02,EDAS
54137,01,EDAS
54137,02,EDAS
54138,01,EDAS
54138,02,EDAS
54139,01,EDAS
54139,02,EDAS
54141,01,DAS
54141,02,DAS
54149,01,EDAS
54149,02,EDAS
54150,01,EDAS
54150,02,EDAS
54151,01,EDAS
54151,02,EDAS
54152,01,EDAS
54152,02,EDAS
54153,01,DAS
54153,02,DAS
54154,01,EDAS
54154,02,EDAS
54156,01,EDAS
54156,02,EDAS
54157,01,DAS
54157,02,DAS
54159,01,EDAS
54159,02,EDAS
54160,02,DAS
54161,01,EDAS
54161,02,EDAS
54162,01,DAS
54162,02,DAS
54165,01,DAS
54165,02,DAS
54166,01,DAS
54166,02,DAS
54169,01,DAS
54169,02,DAS
54170,01,EDAS
54170,02,EDAS
54171,01,DAS
54171,02,DAS
54174,01,EDAS
54174,02,EDAS
54175,01,EDAS
54175,02,EDAS
54177,01,EDAS
54177,02,EDAS
54180,01,DAS
54180,02,DAS
54182,01,EDAS
54182,02,EDAS
54201,01,DAS
54201,02,DAS
54202,01,EDAS
54202,02,EDAS
54204,01,EDAS
54204,02,EDAS
54205,01,EDAS
54205,02,EDAS
54207,01,DAS
54207,02,EDAS
54208,01,DAS
54208,02,DAS
54209,01,EDAS
54209,02,EDAS
54210,01,REM
54210,02,REM
54211,01,DAS
54211,02,DAS
54212,01,EDAS
54212,02,EDAS
54213,01,REM
54213,02,REM
54216,01,EDAS
54216,02,EDAS
54217,01,DAS
54217,02,DAS
54227,01,EDAS
54227,02,EDAS
54228,01,EDAS
54228,02,EDAS
54229,01,DAS
54229,02,DAS
54230,01,EDAS
54230,02,EDAS
54232,01,DAS
54232,02,DAS
54234,01,EDAS
54234,02,EDAS
54235,01,DAS
54235,02,DAS
54240,01,DAS
54240,02,EDAS
54241,01,DAS
54241,02,DAS
54245,01,EDAS
54245,02,EDAS
54246,01,EDAS
54246,02,EDAS
54247,01,EDAS
54247,02,EDAS
54403,01,DAS
54403,02,DAS
54405,01,EDAS
54405,02,EDAS
54406,01,EDAS
54406,02,EDAS
54407,01,EDAS
54407,02,EDAS
54408,01,EDAS
54408,02,EDAS
54409,01,DAS
54409,02,DAS
54410,01,EDAS
54410,02,EDAS
54411,01,EDAS
54411,02,EDAS
54412,01,EDAS
54412,02,EDAS
54413,01,EDAS
54413,02,EDAS
54414,01,EDAS
54414,02,EDAS
54415,01,DAS
54415,02,DAS
54416,01,EDAS
54416,02,EDAS
54417,01,DAS
54417,02,DAS
54418,01,EDAS
54418,02,EDAS
54420,01,EDAS
54420,02,EDAS
54421,01,EDAS
54421,02,EDAS
54422,01,REM
54422,02,REM
54423,01,EDAS
54423,02,EDAS
54424,01,EDAS
54424,02,EDAS
54425,01,EDAS
54425,02,EDAS
54426,01,EDAS
54426,02,EDAS
54427,01,EDAS
54427,02,EDAS
54428,01,EDAS
54428,02,EDAS
54429,01,EDAS
54429,02,EDAS
54430,01,DAS
54430,02,EDAS
54433,01,EDAS
54433,02,EDAS
54435,01,EDAS
54435,02,EDAS
54436,01,EDAS
54436,02,EDAS
54437,01,REM
54437,02,REM
54440,01,EDAS
54440,02,EDAS
54441,01,DAS
54441,02,DAS
54442,01,EDAS
54442,02,EDAS
54443,01,EDAS
54443,02,EDAS
54446,01,EDAS
54446,02,EDAS
54447,01,EDAS
54447,02,EDAS
54448,01,EDAS
54448,02,EDAS
54449,01,DAS
54449,02,DAS
54450,01,EDAS
54450,02,EDAS
54451,01,EDAS
54451,02,EDAS
54452,01,EDAS
54452,02,EDAS
54454,01,EDAS
54454,02,EDAS
54455,01,DAS
54455,02,DAS
54456,01,EDAS
54456,02,EDAS
54457,01,REM
54457,02,REM
54458,01,EDAS
54458,02,EDAS
54459,01,REM
54459,02,REM
54460,01,EDAS
54460,02,EDAS
54462,01,REM
54462,02,REM
54463,01,EDAS
54463,02,EDAS
54464,01,DAS
54464,02,DAS
54465,01,EDAS
54465,02,EDAS
54466,01,EDAS
54466,02,EDAS
54469,01,DAS
54469,02,DAS
54470,01,EDAS
54470,02,EDAS
54471,01,EDAS
54471,02,EDAS
54473,01,EDAS
54473,02,EDAS
54475,01,EDAS
54475,02,EDAS
54479,01,EDAS
54479,02,EDAS
54480,01,EDAS
54480,02,EDAS
54481,01,DAS
54481,02,DAS
54482,01,DAS
54482,02,DAS
54484,01,EDAS
54484,02,EDAS
54485,01,EDAS
54485,02,EDAS
54486,01,EDAS
54486,02,EDAS
54487,01,REM
54487,02,REM
54488,01,EDAS
54488,02,EDAS
54489,01,EDAS
54489,02,EDAS
54490,01,EDAS
54490,02,EDAS
54491,01,EDAS
54491,02,EDAS
54493,01,EDAS
54493,02,EDAS
54494,01,DAS
54494,02,DAS
54495,01,DAS
54495,02,DAS
54498,01,EDAS
54498,02,EDAS
54499,01,EDAS
54499,02,EDAS
54501,01,EDAS
54501,02,EDAS
54511,01,EDAS
54511,02,EDAS
54512,01,EDAS
54512,02,EDAS
54513,01,EDAS
54513,02,EDAS
54514,01,EDAS
54514,02,EDAS
54515,01,EDAS
54515,02,EDAS
54517,01,REM
54517,02,REM
54519,01,EDAS
54519,02,EDAS
54520,01,REM
54520,02,REM
54521,01,EDAS
54521,02,EDAS
54524,01,REM
54524,02,REM
54525,01,EDAS
54525,02,EDAS
54526,01,EDAS
54526,02,EDAS
54527,01,EDAS
54527,02,EDAS
54529,01,EDAS
54529,02,EDAS
54530,01,EDAS
54530,02,EDAS
54531,01,EDAS
54531,02,EDAS
54534,01,EDAS
54534,02,EDAS
54536,01,EDAS
54536,02,EDAS
54537,01,EDAS
54537,02,EDAS
54538,01,EDAS
54538,02,EDAS
54539,01,EDAS
54539,02,EDAS
54540,01,REM
54540,02,REM
54541,01,EDAS
54541,02,EDAS
54542,01,EDAS
54542,02,EDAS
54543,01,DAS
54543,02,DAS
54545,01,EDAS
54545,02,EDAS
54546,01,EDAS
54546,02,EDAS
54547,01,EDAS
54547,02,EDAS
54548,01,EDAS
54548,02,EDAS
54550,01,EDAS
54550,02,EDAS
54552,01,EDAS
54552,02,EDAS
54554,01,EDAS
54554,02,EDAS
54555,01,REM
54555,02,REM
54556,01,REM
54556,02,REM
54557,01,REM
54557,02,REM
54558,01,EDAS
54558,02,EDAS
54559,01,EDAS
54559,02,EDAS
54560,01,EDAS
54560,02,EDAS
54561,01,EDAS
54561,02,EDAS
54562,01,EDAS
54562,02,EDAS
54563,01,EDAS
54563,02,EDAS
54564,01,REM
54564,02,REM
54565,01,REM
54565,02,REM
54566,01,EDAS
54566,02,EDAS
54568,01,EDAS
54568,02,EDAS
54610,01,EDAS
54610,02,EDAS
54611,01,EDAS
54611,02,EDAS
54612,01,EDAS
54612,02,EDAS
54613,01,EDAS
54613,02,EDAS
54614,01,EDAS
54614,02,EDAS
54615,01,DAS
54615,02,DAS
54616,01,EDAS
54616,02,EDAS
54618,01,EDAS
54618,02,EDAS
54619,01,EDAS
54619,02,EDAS
54621,01,EDAS
54621,02,EDAS
54622,01,EDAS
54622,02,EDAS
54623,01,EDAS
54623,02,EDAS
54624,01,EDAS
54624,02,EDAS
54625,01,EDAS
54625,02,EDAS
54626,01,REM
54626,02,REM
54627,01,EDAS
54627,02,EDAS
54628,01,EDAS
54628,02,EDAS
54629,01,EDAS
54629,02,EDAS
54630,01,DAS
54630,02,DAS
54631,01,EDAS
54631,02,EDAS
54632,01,EDAS
54632,02,EDAS
54634,01,EDAS
54634,02,EDAS
54635,01,EDAS
54635,02,EDAS
54636,01,DAS
54636,02,DAS
54637,01,DAS
54637,02,DAS
54638,01,EDAS
54638,02,EDAS
54639,01,EDAS
54639,02,EDAS
54640,01,EDAS
54640,02,EDAS
54641,01,EDAS
54641,02,EDAS
54642,01,EDAS
54642,02,EDAS
54643,01,DAS
54643,02,DAS
54644,01,EDAS
54644,02,EDAS
54645,01,EDAS
54645,02,EDAS
54646,01,EDAS
54646,02,EDAS
54648,01,EDAS
54648,02,EDAS
54651,01,EDAS
54651,02,EDAS
54652,01,EDAS
54652,02,EDAS
54653,01,EDAS
54653,02,EDAS
54654,01,DAS
54654,02,DAS
54655,01,REM
54655,02,REM
54656,01,DAS
54656,02,DAS
54657,01,REM
54657,02,REM
54658,01,EDAS
54658,02,EDAS
54659,01,EDAS
54659,02,EDAS
54660,01,DAS
54660,02,DAS
54661,01,EDAS
54661,02,EDAS
54662,01,DAS
54662,02,DAS
54664,01,EDAS
54664,02,EDAS
54665,01,EDAS
54665,02,EDAS
54666,01,EDAS
54666,02,EDAS
54667,01,EDAS
54667,02,EDAS
54669,01,DAS
54669,02,DAS
54670,01,EDAS
54670,02,EDAS
54721,01,EDAS
54721,02,EDAS
54722,01,EDAS
54722,02,EDAS
54723,01,EDAS
54723,02,EDAS
54724,01,DAS
54724,02,DAS
54725,01,EDAS
54725,02,EDAS
54726,01,EDAS
54726,02,EDAS
54727,01,EDAS
54727,02,EDAS
54728,01,EDAS
54728,02,EDAS
54730,01,EDAS
54730,02,EDAS
54731,01,EDAS
54731,02,EDAS
54732,01,EDAS
54732,02,EDAS
54733,01,EDAS
54733,02,EDAS
54734,01,EDAS
54734,02,EDAS
54736,01,EDAS
54736,02,EDAS
54737,01,EDAS
54737,02,EDAS
54738,01,EDAS
54738,02,EDAS
54739,01,EDAS
54739,02,EDAS
54740,01,EDAS
54740,02,EDAS
54741,01,EDAS
54741,02,EDAS
54742,01,EDAS
54742,02,EDAS
54743,01,DAS
54743,02,DAS
54745,01,EDAS
54745,02,EDAS
54746,01,EDAS
54746,02,EDAS
54747,01,EDAS
54747,02,EDAS
54748,01,EDAS
54748,02,EDAS
54749,01,EDAS
54749,02,EDAS
54750,01,EDAS
54750,02,EDAS
54754,01,EDAS
54754,02,EDAS
54755,01,EDAS
54755,02,EDAS
54756,01,EDAS
54756,02,EDAS
54757,01,EDAS
54757,02,EDAS
54758,01,DAS
54758,02,DAS
54759,01,REM
54759,02,REM
54760,02,DAS
54761,01,EDAS
54761,02,EDAS
54762,01,EDAS
54762,02,EDAS
54763,01,EDAS
54763,02,EDAS
54766,01,REM
54766,02,REM
54767,01,EDAS
54767,02,EDAS
54768,01,EDAS
54768,02,EDAS
54769,01,EDAS
54769,02,EDAS
54770,01,EDAS
54770,02,EDAS
54771,01,EDAS
54771,02,EDAS
54772,01,EDAS
54772,02,EDAS
54773,01,DAS
54773,02,DAS
54801,01,EDAS
54801,02,EDAS
54805,01,EDAS
54805,02,EDAS
54806,01,EDAS
54806,02,EDAS
54810,01,EDAS
54810,02,EDAS
54812,01,DAS
54812,02,DAS
54813,01,REM
54813,02,REM
54814,01,EDAS
54814,02,EDAS
54817,01,EDAS
54817,02,EDAS
54818,01,DAS
54818,02,DAS
54819,01,EDAS
54819,02,EDAS
54820,01,REM
54820,02,REM
54821,01,EDAS
54821,02,EDAS
54822,01,EDAS
54822,02,EDAS
54824,01,EDAS
54824,02,EDAS
54826,01,EDAS
54826,02,EDAS
54827,01,REM
54827,02,REM
54828,01,REM
54828,02,REM
54829,01,EDAS
54829,02,EDAS
54830,01,REM
54830,02,REM
54832,01,EDAS
54832,02,EDAS
54835,01,REM
54835,02,REM
54836,01,EDAS
54836,02,EDAS
54837,01,EDAS
54837,02,EDAS
54838,01,EDAS
54838,02,EDAS
54839,01,EDAS
54839,02,EDAS
54840,01,EDAS
54840,02,EDAS
54841,01,DAS
54841,02,DAS
54842,01,EDAS
54842,02,EDAS
54843,01,EDAS
54843,02,EDAS
54844,01,EDAS
54844,02,EDAS
54845,01,EDAS
54845,02,EDAS
54846,01,EDAS
54846,02,EDAS
54847,01,EDAS
54847,02,EDAS
54848,01,EDAS
54848,02,EDAS
54849,01,EDAS
54849,02,EDAS
54850,01,REM
54850,02,REM
54853,01,EDAS
54853,02,EDAS
54854,01,REM
54854,02,REM
54855,01,EDAS
54855,02,EDAS
54856,01,EDAS
54856,02,EDAS
54857,01,DAS
54857,02,DAS
54858,01,EDAS
54858,02,EDAS
54859,01,REM
54859,02,REM
54861,01,DAS
54861,02,DAS
54862,01,REM
54862,02,REM
54864,01,EDAS
54864,02,EDAS
54865,01,REM
54865,02,REM
54867,01,EDAS
54867,02,EDAS
54868,01,DAS
54868,02,DAS
54870,01,REM
54870,02,EDAS
54871,01,EDAS
54871,02,EDAS
54872,01,EDAS
54872,02,EDAS
54873,01,EDAS
54873,02,EDAS
54874,01,EDAS
54874,02,EDAS
54875,01,EDAS
54875,02,EDAS
54876,01,EDAS
54876,02,EDAS
54880,01,DAS
54880,02,DAS
54888,01,EDAS
54888,02,EDAS
54889,01,EDAS
54889,02,EDAS
54890,01,DAS
54890,02,DAS
54891,01,EDAS
54891,02,EDAS
54893,01,EDAS
54893,02,EDAS
54895,01,EDAS
54895,02,EDAS
54896,01,REM
54896,02,REM
54909,01,EDAS
54909,02,EDAS
54921,01,EDAS
54921,02,EDAS
54922,01,EDAS
54922,02,EDAS
54923,01,DAS
54923,02,DAS
54926,01,DAS
54926,02,DAS
54928,01,EDAS
54928,02,EDAS
54929,01,DAS
54929,02,DAS
54930,01,EDAS
54930,02,EDAS
54931,01,EDAS
54931,02,EDAS
54932,01,EDAS
54932,02,EDAS
54933,02,DAS
54934,01,DAS
54934,02,DAS
54940,01,EDAS
54940,02,EDAS
54941,01,DAS
54941,02,DAS
54943,01,EDAS
54943,02,EDAS
54944,01,DAS
54944,02,DAS
54945,01,EDAS
54945,02,EDAS
54946,02,DAS
54947,01,DAS
54947,02,DAS
54948,01,EDAS
54948,02,EDAS
54949,01,EDAS
54949,02,EDAS
54950,01,EDAS
54950,02,EDAS
54951,01,EDAS
54951,02,EDAS
54960,01,EDAS
54960,02,EDAS
54961,01,DAS
54961,02,DAS
54962,01,EDAS
54962,02,EDAS
54963,01,DAS
54963,02,DAS
54964,01,EDAS
54964,02,EDAS
54965,01,EDAS
54965,02,EDAS
54966,01,EDAS
54966,02,EDAS
54967,01,EDAS
54967,02,EDAS
54968,01,REM
54968,02,REM
54969,01,EDAS
54969,02,EDAS
54970,01,EDAS
54970,02,EDAS
54971,01,DAS
54971,02,DAS
54974,01,EDAS
54974,02,EDAS
54975,01,EDAS
54975,02,EDAS
54976,01,EDAS
54976,02,EDAS
54977,01,EDAS
54977,02,EDAS
54978,01,DAS
54978,02,DAS
54979,01,EDAS
54979,02,EDAS
54981,01,DAS
54981,02,DAS
54982,01,EDAS
54982,02,EDAS
54983,01,EDAS
54983,02,EDAS
54984,01,EDAS
54984,02,EDAS
54986,01,DAS
54986,02,DAS
54990,01,EDAS
54990,02,EDAS
55001,01,DAS
55001,02,DAS
55002,01,EDAS
55002,02,EDAS
55003,01,DAS
55003,02,DAS
55005,01,DAS
55005,02,DAS
55006,01,EDAS
55006,02,EDAS
55007,01,EDAS
55007,02,EDAS
55008,01,DAS
55008,02,DAS
55009,01,EDAS
55009,02,EDAS
55010,01,DAS
55010,02,DAS
55011,01,DAS
55011,02,DAS
55012,01,EDAS
55012,02,EDAS
55013,01,EDAS
55013,02,EDAS
55017,01,EDAS
55017,02,EDAS
55018,01,DAS
55018,02,DAS
55019,01,DAS
55019,02,DAS
55020,01,DAS
55020,02,DAS
55021,01,DAS
55021,02,DAS
55024,01,DAS
55024,02,DAS
55025,01,DAS
55025,02,DAS
55026,01,EDAS
55026,02,EDAS
55027,01,EDAS
55027,02,EDAS
55029,02,DAS
55030,01,EDAS
55030,02,EDAS
55031,01,EDAS
55031,02,EDAS
55032,01,EDAS
55032,02,EDAS
55033,01,DAS
55033,02,DAS
55036,01,DAS
55036,02,DAS
55037,01,EDAS
55037,02,EDAS
55038,01,DAS
55038,02,DAS
55040,01,EDAS
55040,02,EDAS
55041,01,EDAS
55041,02,EDAS
55043,01,DAS
55043,02,DAS
55045,01,EDAS
55045,02,EDAS
55046,01,EDAS
55046,02,EDAS
55047,01,EDAS
55047,02,EDAS
55049,01,DAS
55049,02,DAS
55051,01,EDAS
55051,02,EDAS
55052,01,DAS
55052,02,DAS
55053,01,EDAS
55053,02,EDAS
55054,01,DAS
55054,02,DAS
55056,01,DAS
55056,02,DAS
55057,01,DAS
55057,02,DAS
55060,01,DAS
55060,02,DAS
55063,01,EDAS
55063,02,EDAS
55065,01,EDAS
55065,02,EDAS
55066,01,DAS
55066,02,DAS
55067,01,EDAS
55067,02,EDAS
55069,01,EDAS
55069,02,EDAS
55070,01,DAS
55070,02,DAS
55072,01,EDAS
55072,02,EDAS
55073,01,EDAS
55073,02,EDAS
55074,01,EDAS
55074,02,EDAS
55079,01,EDAS
55079,02,EDAS
55080,01,EDAS
55080,02,EDAS
55084,01,EDAS
55084,02,EDAS
55085,01,DAS
55085,02,DAS
55087,01,DAS
55087,02,DAS
55088,01,EDAS
55088,02,EDAS
55089,01,EDAS
55089,02,EDAS
55090,01,DAS
55090,02,DAS
55092,01,DAS
55092,02,DAS
55302,01,DAS
55302,02,DAS
55307,01,EDAS
55307,02,EDAS
55308,01,DAS
55308,02,DAS
55309,01,DAS
55309,02,DAS
55310,01,EDAS
55310,02,EDAS
55312,01,EDAS
55312,02,EDAS
55313,01,DAS
55313,02,DAS
55314,01,EDAS
55314,02,EDAS
55315,01,DAS
55315,02,DAS
55319,01,DAS
55319,02,DAS
55320,01,DAS
55320,02,DAS
55321,01,EDAS
55321,02,EDAS
55322,01,EDAS
55322,02,EDAS
55324,01,EDAS
55324,02,EDAS
55325,01,EDAS
55325,02,EDAS
55327,01,DAS
55327,02,DAS
55328,01,DAS
55328,02,DAS
55329,01,EDAS
55329,02,EDAS
55331,01,DAS
55331,02,DAS
55332,01,EDAS
55332,02,EDAS
55333,01,EDAS
55333,02,EDAS
55334,01,EDAS
55334,02,EDAS
55335,01,EDAS
55335,02,EDAS
55336,01,EDAS
55336,02,EDAS
55338,01,EDAS
55338,02,EDAS
55339,01,EDAS
55339,02,EDAS
55341,01,DAS
55341,02,DAS
55342,01,EDAS
55342,02,EDAS
55349,01,EDAS
55349,02,EDAS
55350,01,DAS
55350,02,DAS
55352,01,DAS
55352,02,DAS
55353,01,EDAS
55353,02,EDAS
55354,01,EDAS
55354,02,EDAS
55355,01,DAS
55355,02,DAS
55357,01,DAS
55357,02,DAS
55358,01,DAS
55358,02,DAS
55359,01,DAS
55359,02,DAS
55360,01,EDAS
55360,02,EDAS
55363,01,EDAS
55363,02,EDAS
55364,01,DAS
55364,02,DAS
55366,01,DAS
55366,02,DAS
55367,01,EDAS
55367,02,EDAS
55368,01,EDAS
55368,02,EDAS
55370,01,EDAS
55370,02,EDAS
55371,01,DAS
55371,02,DAS
55375,01,DAS
55375,02,DAS
55381,01,EDAS
55381,02,EDAS
55382,01,EDAS
55382,02,EDAS
55384,01,DAS
55384,02,DAS
55385,01,EDAS
55385,02,EDAS
55386,01,DAS
55386,02,DAS
55388,01,EDAS
55388,02,EDAS
55389,01,EDAS
55389,02,EDAS
55390,01,EDAS
55390,02,EDAS
55395,01,EDAS
55395,02,EDAS
55396,01,EDAS
55396,02,EDAS
55397,01,EDAS
55397,02,EDAS
55398,01,EDAS
55398,02,EDAS
55555,01,EDAS
55555,02,EDAS
55601,01,EDAS
55601,02,EDAS
55602,01,EDAS
55602,02,EDAS
55603,01,EDAS
55603,02,EDAS
55604,01,EDAS
55604,02,EDAS
55605,01,EDAS
55605,02,EDAS
55606,01,REM
55606,02,REM
55607,01,REM
55607,02,REM
55609,01,DAS
55609,02,DAS
55612,01,EDAS
55612,02,EDAS
55613,01,EDAS
55613,02,EDAS
55614,01,EDAS
55614,02,EDAS
55615,01,EDAS
55615,02,EDAS
55616,01,EDAS
55616,02,EDAS
55701,01,EDAS
55701,02,EDAS
55702,01,EDAS
55702,02,EDAS
55703,01,REM
55703,02,REM
55704,01,REM
55704,02,REM
55705,01,EDAS
55705,02,EDAS
55706,01,EDAS
55706,02,EDAS
55707,01,EDAS
55707,02,EDAS
55708,01,EDAS
55708,02,EDAS
55709,01,EDAS
55709,02,EDAS
55710,01,EDAS
55710,02,EDAS
55711,01,EDAS
55711,02,EDAS
55712,01,EDAS
55712,02,EDAS
55713,01,EDAS
55713,02,EDAS
55716,01,EDAS
55716,02,EDAS
55717,01,EDAS
55717,02,EDAS
55718,01,EDAS
55718,02,EDAS
55719,01,EDAS
55719,02,EDAS
55720,01,DAS
55720,02,DAS
55721,01,EDAS
55721,02,EDAS
55722,01,EDAS
55722,02,EDAS
55723,01,EDAS
55723,02,EDAS
55724,01,REM
55724,02,REM
55725,01,EDAS
55725,02,EDAS
55726,01,EDAS
55726,02,EDAS
55731,01,REM
55731,02,REM
55732,01,REM
55732,02,REM
55733,01,EDAS
55733,02,EDAS
55734,01,EDAS
55734,02,EDAS
55735,01,EDAS
55735,02,EDAS
55736,01,EDAS
55736,02,EDAS
55738,01,EDAS
55738,02,EDAS
55741,01,EDAS
55741,02,EDAS
55742,01,EDAS
55742,02,EDAS
55744,01,EDAS
55744,02,EDAS
55745,01,DAS
55745,02,DAS
55746,01,DAS
55746,02,DAS
55748,01,EDAS
55748,02,EDAS
55749,01,EDAS
55749,02,EDAS
55750,01,REM
55750,02,REM
55751,01,EDAS
55751,02,EDAS
55752,01,REM
55752,02,REM
55753,01,EDAS
55753,02,EDAS
55756,01,EDAS
55756,02,EDAS
55757,01,REM
55757,02,EDAS
55758,01,DAS
55758,02,DAS
55760,01,EDAS
55760,02,EDAS
55763,01,REM
55763,02,REM
55764,01,EDAS
55764,02,EDAS
55765,01,REM
55765,02,REM
55766,01,REM
55766,02,REM
55767,01,EDAS
55767,02,EDAS
55768,01,DAS
55768,02,DAS
55769,01,EDAS
55769,02,EDAS
55771,01,REM
55771,02,REM
55772,01,REM
55772,02,REM
55775,01,EDAS
55775,02,EDAS
55779,01,EDAS
55779,02,EDAS
55780,01,EDAS
55780,02,EDAS
55781,01,REM
55781,02,REM
55782,01,EDAS
55782,02,EDAS
55783,01,EDAS
55783,02,EDAS
55784,01,EDAS
55784,02,EDAS
55785,01,REM
55785,02,REM
55786,01,EDAS
55786,02,EDAS
55787,01,EDAS
55787,02,EDAS
55790,01,EDAS
55790,02,EDAS
55792,01,DAS
55792,02,DAS
55793,01,EDAS
55793,02,EDAS
55795,01,EDAS
55795,02,EDAS
55796,01,EDAS
55796,02,EDAS
55797,01,EDAS
55797,02,EDAS
55798,01,REM
55798,02,REM
55802,02,DAS
55803,01,EDAS
55803,02,EDAS
55804,01,DAS
55804,02,DAS
55806,02,DAS
55808,01,DAS
55808,02,DAS
55810,01,DAS
55810,02,DAS
55811,01,DAS
55811,02,DAS
55812,02,DAS
55909,01,EDAS
55909,02,EDAS
55910,01,EDAS
55910,02,EDAS
55912,01,DAS
55912,02,DAS
55917,01,EDAS
55917,02,EDAS
55918,01,EDAS
55918,02,EDAS
55919,01,EDAS
55919,02,EDAS
55920,01,DAS
55920,02,DAS
55921,01,EDAS
55921,02,EDAS
55922,01,EDAS
55922,02,EDAS
55923,01,EDAS
55923,02,EDAS
55924,01,EDAS
55924,02,EDAS
55925,01,EDAS
55925,02,EDAS
55926,01,EDAS
55926,02,EDAS
55927,01,EDAS
55927,02,EDAS
55929,01,EDAS
55929,02,EDAS
55931,01,EDAS
55931,02,EDAS
55932,01,EDAS
55932,02,EDAS
55933,01,EDAS
55933,02,EDAS
55934,01,EDAS
55934,02,EDAS
55935,01,EDAS
55935,02,EDAS
55936,01,EDAS
55936,02,EDAS
55939,01,EDAS
55939,02,EDAS
55940,01,EDAS
55940,02,EDAS
55941,01,EDAS
55941,02,EDAS
55943,01,EDAS
55943,02,EDAS
55944,01,DAS
55944,02,DAS
55945,01,EDAS
55945,02,EDAS
55946,01,EDAS
55946,02,EDAS
55947,01,DAS
55947,02,DAS
55949,01,EDAS
55949,02,EDAS
55950,01,DAS
55950,02,DAS
55951,01,EDAS
55951,02,EDAS
55952,01,EDAS
55952,02,EDAS
55953,01,EDAS
55953,02,EDAS
55954,01,EDAS
55954,02,EDAS
55955,01,DAS
55955,02,DAS
55956,01,EDAS
55956,02,EDAS
55957,01,EDAS
55957,02,EDAS
55959,01,EDAS
55959,02,EDAS
55960,01,DAS
55960,02,DAS
55961,01,EDAS
55961,02,EDAS
55962,01,EDAS
55962,02,EDAS
55963,01,EDAS
55963,02,EDAS
55964,01,EDAS
55964,02,EDAS
55965,01,EDAS
55965,02,EDAS
55967,01,EDAS
55967,02,EDAS
55968,01,DAS
55968,02,DAS
55969,01,EDAS
55969,02,EDAS
55970,01,EDAS
55970,02,EDAS
55971,01,EDAS
55971,02,EDAS
55972,01,EDAS
55972,02,EDAS
55973,01,EDAS
55973,02,EDAS
55974,01,EDAS
55974,02,EDAS
55975,01,EDAS
55975,02,EDAS
55976,01,DAS
55976,02,DAS
55977,01,EDAS
55977,02,EDAS
55979,01,EDAS
55979,02,EDAS
55981,01,EDAS
55981,02,EDAS
55982,01,EDAS
55982,02,EDAS
55983,01,EDAS
55983,02,EDAS
55985,01,EDAS
55985,02,EDAS
55990,01,EDAS
55990,02,EDAS
55991,01,EDAS
55991,02,EDAS
55992,01,EDAS
55992,02,EDAS
56007,01,DAS
56007,02,DAS
56009,01,EDAS
56009,02,EDAS
56010,01,EDAS
56010,02,EDAS
56011,01,DAS
56011,02,DAS
56013,01,EDAS
56013,02,EDAS
56014,01,EDAS
56014,02,EDAS
56016,01,EDAS
56016,02,EDAS
56017,01,DAS
56017,02,DAS
56019,01,EDAS
56019,02,EDAS
56020,01,REM
56020,02,REM
56021,01,EDAS
56021,02,EDAS
56022,01,DAS
56022,02,DAS
56023,01,EDAS
56023,02,EDAS
56024,01,DAS
56024,02,DAS
56025,01,EDAS
56025,02,EDAS
56026,01,EDAS
56026,02,EDAS
56027,01,EDAS
56027,02,EDAS
56028,01,EDAS
56028,02,EDAS
56029,01,EDAS
56029,02,EDAS
56030,01,DAS
56030,02,DAS
56031,01,DAS
56031,02,DAS
56032,01,EDAS
56032,02,EDAS
56033,01,EDAS
56033,02,EDAS
56034,01,EDAS
56034,02,EDAS
56035,01,DAS
56035,02,DAS
56036,01,EDAS
56036,02,EDAS
56037,01,REM
56037,02,REM
56039,01,EDAS
56039,02,EDAS
56041,01,EDAS
56041,02,EDAS
56042,01,EDAS
56042,02,EDAS
56043,01,EDAS
56043,02,EDAS
56044,01,EDAS
56044,02,EDAS
56045,01,EDAS
56045,02,EDAS
56046,01,DAS
56046,02,DAS
56047,01,EDAS
56047,02,EDAS
56048,01,EDAS
56048,02,EDAS
56050,01,DAS
56050,02,DAS
56051,01,EDAS
56051,02,EDAS
56052,01,EDAS
56052,02,EDAS
56054,01,EDAS
56054,02,EDAS
56055,01,DAS
56055,02,DAS
56056,01,DAS
56056,02,DAS
56057,01,EDAS
56057,02,EDAS
56058,01,DAS
56058,02,DAS
56060,01,EDAS
56060,02,EDAS
56062,01,DAS
56062,02,DAS
56063,01,DAS
56063,02,DAS
56064,01,EDAS
56064,02,EDAS
56065,01,EDAS
56065,02,EDAS
56068,01,EDAS
56068,02,EDAS
56069,01,EDAS
56069,02,EDAS
56071,01,DAS
56071,02,DAS
56072,01,EDAS
56072,02,EDAS
56073,01,DAS
56073,02,DAS
56074,01,EDAS
56074,02,EDAS
56075,01,DAS
56075,02,DAS
56076,01,EDAS
56076,02,EDAS
56078,01,EDAS
56078,02,EDAS
56080,01,EDAS
56080,02,EDAS
56081,01,EDAS
56081,02,EDAS
56083,01,EDAS
56083,02,EDAS
56084,01,DAS
56084,02,DAS
56085,01,EDAS
56085,02,EDAS
56087,01,EDAS
56087,02,EDAS
56088,01,EDAS
56088,02,EDAS
56089,01,EDAS
56089,02,EDAS
56090,01,EDAS
56090,02,EDAS
56091,01,EDAS
56091,02,EDAS
56093,01,DAS
56093,02,DAS
56096,01,EDAS
56096,02,EDAS
56097,01,EDAS
56097,02,EDAS
56098,01,EDAS
56098,02,EDAS
56101,01,EDAS
56101,02,EDAS
56110,01,EDAS
56110,02,EDAS
56111,01,EDAS
56111,02,EDAS
56113,01,EDAS
56113,02,EDAS
56114,01,EDAS
56114,02,EDAS
56115,01,EDAS
56115,02,EDAS
56116,01,EDAS
56116,02,EDAS
56117,01,EDAS
56117,02,EDAS
56118,01,EDAS
56118,02,EDAS
56119,01,EDAS
56119,02,EDAS
56120,01,EDAS
56120,02,EDAS
56121,01,EDAS
56121,02,EDAS
56122,01,EDAS
56122,02,EDAS
56123,01,EDAS
56123,02,EDAS
56125,01,DAS
56125,02,DAS
56127,01,EDAS
56127,02,EDAS
56128,01,EDAS
56128,02,EDAS
56129,01,EDAS
56129,02,EDAS
56131,01,EDAS
56131,02,EDAS
56132,01,EDAS
56132,02,EDAS
56134,01,EDAS
56134,02,EDAS
56136,01,REM
56136,02,REM
56137,01,EDAS
56137,02,EDAS
56138,01,EDAS
56138,02,EDAS
56139,01,EDAS
56139,02,EDAS
56140,01,EDAS
56140,02,EDAS
56141,01,EDAS
56141,02,EDAS
56142,01,REM
56142,02,REM
56143,01,DAS
56143,02,DAS
56144,01,EDAS
56144,02,EDAS
56145,01,EDAS
56145,02,EDAS
56146,01,DAS
56146,02,DAS
56147,01,REM
56147,02,REM
56149,01,EDAS
56149,02,EDAS
56150,01,EDAS
56150,02,EDAS
56151,01,EDAS
56151,02,EDAS
56152,01,EDAS
56152,02,EDAS
56153,01,EDAS
56153,02,EDAS
56155,01,EDAS
56155,02,EDAS
56156,01,EDAS
56156,02,EDAS
56157,01,EDAS
56157,02,EDAS
56158,01,EDAS
56158,02,EDAS
56159,01,EDAS
56159,02,EDAS
56160,01,EDAS
56160,02,EDAS
56161,01,EDAS
56161,02,EDAS
56162,01,EDAS
56162,02,EDAS
56164,01,EDAS
56164,02,EDAS
56165,01,EDAS
56165,02,EDAS
56166,01,EDAS
56166,02,EDAS
56167,01,EDAS
56167,02,EDAS
56168,01,EDAS
56168,02,EDAS
56169,01,EDAS
56169,02,EDAS
56170,01,EDAS
56170,02,EDAS
56171,01,EDAS
56171,02,EDAS
56172,01,EDAS
56172,02,EDAS
56173,01,EDAS
56173,02,EDAS
56174,01,EDAS
56174,02,EDAS
56175,01,EDAS
56175,02,EDAS
56176,01,EDAS
56176,02,EDAS
56178,01,EDAS
56178,02,EDAS
56180,01,EDAS
56180,02,EDAS
56181,01,EDAS
56181,02,EDAS
56183,01,EDAS
56183,02,EDAS
56185,01,EDAS
56185,02,EDAS
56186,01,EDAS
56186,02,EDAS
56187,01,DAS
56187,02,DAS
56207,01,EDAS
56207,02,EDAS
56208,01,EDAS
56208,02,EDAS
56209,01,EDAS
56209,02,EDAS
56210,01,EDAS
56210,02,EDAS
56211,01,EDAS
56211,02,EDAS
56212,01,EDAS
56212,02,EDAS
56214,01,EDAS
56214,02,EDAS
56215,01,DAS
56215,02,DAS
56216,01,EDAS
56216,02,EDAS
56218,01,EDAS
56218,02,EDAS
56219,01,EDAS
56219,02,EDAS
56220,01,EDAS
56220,02,EDAS
56221,01,EDAS
56221,02,EDAS
56222,01,EDAS
56222,02,EDAS
56223,01,EDAS
56223,02,EDAS
56224,01,EDAS
56224,02,EDAS
56225,01,EDAS
56225,02,EDAS
56226,01,EDAS
56226,02,EDAS
56227,01,EDAS
56227,02,EDAS
56228,01,EDAS
56228,02,EDAS
56229,01,EDAS
56229,02,EDAS
56230,01,EDAS
56230,02,EDAS
56231,01,EDAS
56231,02,EDAS
56232,01,EDAS
56232,02,EDAS
56235,01,EDAS
56235,02,EDAS
56236,01,EDAS
56236,02,EDAS
56237,01,EDAS
56237,02,EDAS
56239,01,EDAS
56239,02,EDAS
56240,01,EDAS
56240,02,EDAS
56241,01,DAS
56241,02,DAS
56243,01,EDAS
56243,02,EDAS
56244,01,EDAS
56244,02,EDAS
56245,01,EDAS
56245,02,EDAS
56246,01,EDAS
56246,02,EDAS
56248,01,EDAS
56248,02,EDAS
56249,01,EDAS
56249,02,EDAS
56251,01,EDAS
56251,02,EDAS
56252,01,EDAS
56252,02,EDAS
56253,01,EDAS
56253,02,EDAS
56255,01,EDAS
56255,02,EDAS
56256,01,EDAS
56256,02,EDAS
56257,01,EDAS
56257,02,EDAS
56258,01,DAS
56258,02,DAS
56260,01,EDAS
56260,02,EDAS
56262,01,EDAS
56262,02,EDAS
56263,01,EDAS
56263,02,EDAS
56264,01,EDAS
56264,02,EDAS
56265,01,DAS
56265,02,DAS
56266,01,EDAS
56266,02,EDAS
56267,01,EDAS
56267,02,EDAS
56270,01,EDAS
56270,02,EDAS
56271,01,EDAS
56271,02,EDAS
56273,01,DAS
56273,02,DAS
56274,01,EDAS
56274,02,EDAS
56276,01,EDAS
56276,02,EDAS
56277,01,DAS
56277,02,DAS
56278,01,EDAS
56278,02,EDAS
56279,01,EDAS
56279,02,EDAS
56280,01,EDAS
56280,02,EDAS
56281,01,EDAS
56281,02,EDAS
56282,01,EDAS
56282,02,EDAS
56283,01,EDAS
56283,02,EDAS
56284,01,EDAS
56284,02,EDAS
56285,01,EDAS
56285,02,EDAS
56287,01,DAS
56287,02,DAS
56288,01,EDAS
56288,02,EDAS
56289,01,EDAS
56289,02,EDAS
56291,01,EDAS
56291,02,EDAS
56292,01,EDAS
56292,02,EDAS
56293,01,EDAS
56293,02,EDAS
56294,01,EDAS
56294,02,EDAS
56295,01,EDAS
56295,02,EDAS
56296,01,EDAS
56296,02,EDAS
56297,01,EDAS
56297,02,EDAS
56307,01,DAS
56307,02,DAS
56308,01,DAS
56308,02,DAS
56309,01,EDAS
56309,02,EDAS
56310,01,DAS
56310,02,DAS
56311,01,EDAS
56311,02,EDAS
56312,01,EDAS
56312,02,EDAS
56313,01,DAS
56313,02,DAS
56314,01,EDAS
56314,02,EDAS
56315,01,EDAS
56315,02,EDAS
56316,01,EDAS
56316,02,EDAS
56317,01,EDAS
56317,02,EDAS
56318,01,EDAS
56318,02,EDAS
56319,01,EDAS
56319,02,EDAS
56320,01,DAS
56320,02,DAS
56321,01,EDAS
56321,02,EDAS
56323,01,EDAS
56323,02,EDAS
56324,01,EDAS
56324,02,EDAS
56325,01,EDAS
56325,02,EDAS
56326,01,EDAS
56326,02,EDAS
56327,01,EDAS
56327,02,EDAS
56328,01,DAS
56328,02,DAS
56329,01,EDAS
56329,02,EDAS
56330,01,REM
56330,02,REM
56331,01,EDAS
56331,02,EDAS
56332,01,EDAS
56332,02,EDAS
56334,01,EDAS
56334,02,EDAS
56335,01,EDAS
56335,02,EDAS
56336,01,EDAS
56336,02,EDAS
56338,01,REM
56338,02,REM
56339,01,EDAS
56339,02,EDAS
56340,01,EDAS
56340,02,EDAS
56341,01,DAS
56341,02,DAS
56342,01,EDAS
56342,02,EDAS
56343,01,EDAS
56343,02,EDAS
56344,01,DAS
56344,02,DAS
56345,01,DAS
56345,02,DAS
56347,01,EDAS
56347,02,EDAS
56349,01,EDAS
56349,02,EDAS
56350,01,EDAS
56350,02,EDAS
56352,01,EDAS
56352,02,EDAS
56353,01,EDAS
56353,02,EDAS
56354,01,EDAS
56354,02,EDAS
56355,01,EDAS
56355,02,EDAS
56356,01,EDAS
56356,02,EDAS
56357,01,REM
56357,02,REM
56358,01,EDAS
56358,02,EDAS
56359,01,EDAS
56359,02,EDAS
56360,01,EDAS
56360,02,EDAS
56361,01,EDAS
56361,02,EDAS
56362,01,EDAS
56362,02,EDAS
56364,01,EDAS
56364,02,EDAS
56367,01,EDAS
56367,02,EDAS
56368,01,EDAS
56368,02,EDAS
56369,01,DAS
56369,02,DAS
56371,01,DAS
56371,02,DAS
56373,01,EDAS
56373,02,EDAS
56374,01,DAS
56374,02,DAS
56375,01,EDAS
56375,02,EDAS
56376,01,EDAS
56376,02,EDAS
56378,01,EDAS
56378,02,EDAS
56381,01,EDAS
56381,02,EDAS
56382,01,EDAS
56382,02,EDAS
56384,01,EDAS
56384,02,EDAS
56385,01,EDAS
56385,02,EDAS
56386,01,EDAS
56386,02,EDAS
56389,01,DAS
56389,02,DAS
56401,01,DAS
56401,02,DAS
56430,01,DAS
56430,02,DAS
56431,01,EDAS
56431,02,EDAS
56433,01,EDAS
56433,02,EDAS
56434,01,EDAS
56434,02,EDAS
56435,01,EDAS
56435,02,EDAS
56436,01,EDAS
56436,02,EDAS
56437,01,EDAS
56437,02,EDAS
56438,01,EDAS
56438,02,EDAS
56440,01,EDAS
56440,02,EDAS
56441,01,DAS
56441,02,DAS
56442,01,EDAS
56442,02,EDAS
56443,01,EDAS
56443,02,EDAS
56444,01,EDAS
56444,02,EDAS
56446,01,EDAS
56446,02,EDAS
56447,01,EDAS
56447,02,EDAS
56448,01,EDAS
56448,02,EDAS
56449,01,REM
56449,02,EDAS
56450,01,EDAS
56450,02,EDAS
56452,01,EDAS
56452,02,EDAS
56453,01,EDAS
56453,02,EDAS
56455,01,EDAS
56455,02,EDAS
56456,01,EDAS
56456,02,EDAS
56458,01,EDAS
56458,02,EDAS
56461,01,EDAS
56461,02,EDAS
56464,01,EDAS
56464,02,EDAS
56465,01,DAS
56465,02,DAS
56466,01,EDAS
56466,02,EDAS
56467,01,EDAS
56467,02,EDAS
56468,01,EDAS
56468,02,EDAS
56469,01,REM
56469,02,REM
56470,01,EDAS
56470,02,EDAS
56472,01,EDAS
56472,02,EDAS
56473,01,EDAS
56473,02,EDAS
56474,01,EDAS
56474,02,EDAS
56475,01,EDAS
56475,02,EDAS
56477,01,EDAS
56477,02,EDAS
56478,01,EDAS
56478,02,EDAS
56479,01,EDAS
56479,02,EDAS
56481,01,EDAS
56481,02,EDAS
56482,01,EDAS
56482,02,EDAS
56484,01,DAS
56484,02,DAS
56501,01,DAS
56501,02,DAS
56502,01,DAS
56502,02,DAS
56510,01,EDAS
56510,02,EDAS
56511,01,EDAS
56511,02,EDAS
56514,01,EDAS
56514,02,EDAS
56515,01,EDAS
56515,02,EDAS
56516,01,EDAS
56516,02,EDAS
56517,01,REM
56517,02,REM
56518,01,EDAS
56518,02,EDAS
56519,01,REM
56519,02,REM
56520,01,EDAS
56520,02,EDAS
56521,01,EDAS
56521,02,EDAS
56522,01,REM
56522,02,REM
56523,01,EDAS
56523,02,EDAS
56524,01,EDAS
56524,02,EDAS
56525,01,DAS
56525,02,DAS
56527,01,EDAS
56527,02,EDAS
56528,01,EDAS
56528,02,EDAS
56531,01,EDAS
56531,02,EDAS
56533,01,EDAS
56533,02,EDAS
56534,01,EDAS
56534,02,EDAS
56535,01,EDAS
56535,02,EDAS
56536,01,EDAS
56536,02,EDAS
56537,01,DAS
56537,02,DAS
56538,01,DAS
56538,02,DAS
56540,01,EDAS
56540,02,EDAS
56541,01,DAS
56541,02,DAS
56542,01,EDAS
56542,02,EDAS
56543,01,EDAS
56543,02,EDAS
56544,01,EDAS
56544,02,EDAS
56545,01,REM
56545,02,EDAS
56546,01,EDAS
56546,02,EDAS
56547,01,EDAS
56547,02,EDAS
56548,01,EDAS
56548,02,EDAS
56549,01,EDAS
56549,02,EDAS
56550,01,EDAS
56550,02,EDAS
56551,01,EDAS
56551,02,EDAS
56552,01,EDAS
56552,02,EDAS
56553,01,REM
56553,02,REM
56554,01,EDAS
56554,02,EDAS
56556,01,EDAS
56556,02,EDAS
56557,01,EDAS
56557,02,EDAS
56565,01,EDAS
56565,02,EDAS
56566,01,EDAS
56566,02,EDAS
56567,01,EDAS
56567,02,EDAS
56568,01,EDAS
56568,02,EDAS
56569,01,REM
56569,02,REM
56570,01,EDAS
56570,02,EDAS
56571,01,EDAS
56571,02,EDAS
56572,01,EDAS
56572,02,EDAS
56573,01,EDAS
56573,02,EDAS
56574,01,EDAS
56574,02,EDAS
56575,01,REM
56575,02,REM
56576,01,EDAS
56576,02,EDAS
56577,01,DAS
56577,02,DAS
56578,01,EDAS
56578,02,EDAS
56579,01,EDAS
56579,02,EDAS
56580,01,EDAS
56580,02,EDAS
56581,01,EDAS
56581,02,EDAS
56583,01,REM
56583,02,REM
56584,01,EDAS
56584,02,EDAS
56585,01,EDAS
56585,02,EDAS
56586,01,EDAS
56586,02,EDAS
56587,01,EDAS
56587,02,EDAS
56588,01,EDAS
56588,02,EDAS
56589,01,EDAS
56589,02,EDAS
56590,01,EDAS
56590,02,EDAS
56591,01,EDAS
56591,02,EDAS
56592,01,EDAS
56592,02,EDAS
56593,01,DAS
56593,02,DAS
56594,01,EDAS
56594,02,EDAS
56601,01,DAS
56601,02,DAS
56621,01,EDAS
56621,02,EDAS
56623,01,EDAS
56623,02,EDAS
56626,01,REM
56626,02,REM
56627,01,EDAS
56627,02,EDAS
56628,01,REM
56628,02,REM
56629,01,REM
56629,02,REM
56630,01,DAS
56630,02,DAS
56633,01,EDAS
56633,02,EDAS
56634,01,EDAS
56634,02,EDAS
56636,01,EDAS
56636,02,EDAS
56637,01,EDAS
56637,02,EDAS
56639,01,REM
56639,02,REM
56641,01,EDAS
56641,02,EDAS
56644,01,EDAS
56644,02,EDAS
56646,01,EDAS
56646,02,EDAS
56647,01,EDAS
56647,02,EDAS
56649,01,REM
56649,02,REM
56650,01,REM
56650,02,EDAS
56651,01,EDAS
56651,02,EDAS
56652,01,EDAS
56652,02,EDAS
56653,01,EDAS
56653,02,EDAS
56654,01,EDAS
56654,02,EDAS
56655,01,EDAS
56655,02,EDAS
56657,01,REM
56657,02,REM
56659,01,EDAS
56659,02,EDAS
56660,01,EDAS
56660,02,EDAS
56661,01,REM
56661,02,REM
56662,01,REM
56662,02,REM
56663,01,EDAS
56663,02,EDAS
56666,01,EDAS
56666,02,EDAS
56667,01,EDAS
56667,02,EDAS
56668,01,DAS
56668,02,DAS
56669,01,REM
56669,02,REM
56670,01,EDAS
56670,02,EDAS
56671,01,EDAS
56671,02,EDAS
56672,01,EDAS
56672,02,EDAS
56673,01,REM
56673,02,REM
56676,01,EDAS
56676,02,EDAS
56678,01,EDAS
56678,02,EDAS
56680,01,EDAS
56680,02,EDAS
56681,01,REM
56681,02,REM
56682,01,EDAS
56682,02,EDAS
56683,01,EDAS
56683,02,EDAS
56684,01,EDAS
56684,02,EDAS
56685,01,EDAS
56685,02,EDAS
56686,01,REM
56686,02,REM
56687,01,DAS
56687,02,DAS
56688,01,REM
56688,02,REM
56710,01,EDAS
56710,02,EDAS
56711,01,REM
56711,02,REM
56712,01,EDAS
56712,02,EDAS
56713,01,EDAS
56713,02,EDAS
56714,01,EDAS
56714,02,EDAS
56715,01,EDAS
56715,02,EDAS
56716,01,DAS
56716,02,DAS
56720,01,REM
56720,02,REM
56721,01,DAS
56721,02,DAS
56722,01,REM
56722,02,REM
56723,01,EDAS
56723,02,EDAS
56724,01,EDAS
56724,02,EDAS
56725,01,EDAS
56725,02,EDAS
56726,01,EDAS
56726,02,EDAS
56727,01,EDAS
56727,02,EDAS
56728,01,EDAS
56728,02,EDAS
56729,01,REM
56729,02,REM
56731,01,EDAS
56731,02,EDAS
56732,01,EDAS
56732,02,EDAS
56733,01,EDAS
56733,02,EDAS
56734,01,EDAS
56734,02,EDAS
56735,01,EDAS
56735,02,EDAS
56736,01,EDAS
56736,02,EDAS
56737,01,EDAS
56737,02,EDAS
56738,01,EDAS
56738,02,EDAS
56740,01,EDAS
56740,02,EDAS
56741,01,EDAS
56741,02,EDAS
56742,01,EDAS
56742,02,EDAS
56744,01,EDAS
56744,02,EDAS
56748,01,EDAS
56748,02,EDAS
56750,01,EDAS
56750,02,EDAS
56751,01,EDAS
56751,02,EDAS
56754,01,EDAS
56754,02,EDAS
56755,01,REM
56755,02,REM
56756,01,REM
56756,02,REM
56757,01,EDAS
56757,02,EDAS
56758,01,EDAS
56758,02,EDAS
56759,01,EDAS
56759,02,EDAS
56760,01,EDAS
56760,02,EDAS
56761,01,EDAS
56761,02,EDAS
56762,01,EDAS
56762,02,EDAS
56763,01,EDAS
56763,02,EDAS
57001,01,EDAS
57001,02,EDAS
57002,01,EDAS
57002,02,EDAS
57003,01,EDAS
57003,02,EDAS
57004,01,EDAS
57004,02,EDAS
57005,01,DAS
57005,02,DAS
57006,01,DAS
57006,02,DAS
57007,01,DAS
57007,02,DAS
57010,01,EDAS
57010,02,EDAS
57012,01,EDAS
57012,02,EDAS
57013,01,DAS
57013,02,DAS
57014,01,EDAS
57014,02,EDAS
57015,01,EDAS
57015,02,EDAS
57016,01,EDAS
57016,02,EDAS
57017,01,EDAS
57017,02,EDAS
57018,01,EDAS
57018,02,EDAS
57020,01,EDAS
57020,02,EDAS
57021,01,EDAS
57021,02,EDAS
57022,01,EDAS
57022,02,EDAS
57024,01,EDAS
57024,02,EDAS
57025,01,EDAS
57025,02,EDAS
57026,01,EDAS
57026,02,EDAS
57027,01,DAS
57027,02,DAS
57028,01,EDAS
57028,02,EDAS
57029,01,EDAS
57029,02,EDAS
57030,01,EDAS
57030,02,EDAS
57031,01,EDAS
57031,02,EDAS
57032,01,DAS
57032,02,DAS
57033,01,EDAS
57033,02,EDAS
57034,01,EDAS
57034,02,EDAS
57035,01,EDAS
57035,02,EDAS
57036,01,EDAS
57036,02,EDAS
57037,01,EDAS
57037,02,EDAS
57038,01,EDAS
57038,02,EDAS
57039,01,EDAS
57039,02,EDAS
57040,01,EDAS
57040,02,EDAS
57041,01,DAS
57041,02,DAS
57042,01,DAS
57042,02,DAS
57043,01,EDAS
57043,02,EDAS
57044,01,EDAS
57044,02,EDAS
57045,01,EDAS
57045,02,EDAS
57046,01,EDAS
57046,02,EDAS
57047,01,EDAS
57047,02,EDAS
57048,01,EDAS
57048,02,EDAS
57050,01,EDAS
57050,02,EDAS
57051,01,EDAS
57051,02,EDAS
57052,01,REM
57052,02,REM
57053,01,EDAS
57053,02,EDAS
57054,01,EDAS
57054,02,EDAS
57055,01,DAS
57055,02,DAS
57056,01,DAS
57056,02,DAS
57057,01,EDAS
57057,02,EDAS
57058,01,EDAS
57058,02,EDAS
57059,01,EDAS
57059,02,EDAS
57061,01,EDAS
57061,02,EDAS
57062,01,EDAS
57062,02,EDAS
57063,01,EDAS
57063,02,EDAS
57065,01,EDAS
57065,02,EDAS
57066,01,EDAS
57066,02,EDAS
57067,01,REM
57067,02,REM
57068,01,DAS
57068,02,DAS
57069,01,DAS
57069,02,DAS
57070,01,EDAS
57070,02,EDAS
57071,01,EDAS
57071,02,EDAS
57072,01,EDAS
57072,02,EDAS
57073,01,EDAS
57073,02,EDAS
57075,01,EDAS
57075,02,EDAS
57076,01,EDAS
57076,02,EDAS
57077,01,EDAS
57077,02,EDAS
57078,01,DAS
57078,02,DAS
57198,01,EDAS
57198,02,EDAS
57202,01,DAS
57202,02,DAS
57212,01,EDAS
57212,02,EDAS
57213,01,EDAS
57213,02,EDAS
57214,01,EDAS
57214,02,EDAS
57216,01,EDAS
57216,02,EDAS
57217,01,REM
57217,02,REM
57218,01,EDAS
57218,02,EDAS
57219,01,EDAS
57219,02,EDAS
57220,01,EDAS
57220,02,EDAS
57221,01,EDAS
57221,02,EDAS
57223,01,EDAS
57223,02,EDAS
57224,01,EDAS
57224,02,EDAS
57225,01,EDAS
57225,02,EDAS
57226,01,EDAS
57226,02,EDAS
57227,01,EDAS
57227,02,EDAS
57231,01,EDAS
57231,02,EDAS
57232,01,REM
57232,02,REM
57233,01,EDAS
57233,02,EDAS
57234,01,EDAS
57234,02,EDAS
57235,01,REM
57235,02,REM
57236,01,REM
57236,02,REM
57237,01,EDAS
57237,02,EDAS
57238,01,EDAS
57238,02,EDAS
57239,01,EDAS
57239,02,EDAS
57241,01,EDAS
57241,02,EDAS
57242,01,REM
57242,02,REM
57243,01,EDAS
57243,02,EDAS
57244,01,EDAS
57244,02,EDAS
57245,01,DAS
57245,02,DAS
57246,01,EDAS
57246,02,EDAS
57247,01,EDAS
57247,02,EDAS
57248,01,EDAS
57248,02,EDAS
57249,01,EDAS
57249,02,EDAS
57251,01,EDAS
57251,02,EDAS
57252,01,DAS
57252,02,DAS
57255,01,REM
57255,02,REM
57256,01,EDAS
57256,02,EDAS
57257,01,REM
57257,02,REM
57258,01,REM
57258,02,REM
57259,01,EDAS
57259,02,EDAS
57260,01,REM
57260,02,REM
57261,01,EDAS
57261,02,EDAS
57262,01,EDAS
57262,02,EDAS
57263,01,EDAS
57263,02,EDAS
57264,01,EDAS
57264,02,EDAS
57265,01,EDAS
57265,02,EDAS
57266,01,EDAS
57266,02,EDAS
57268,01,EDAS
57268,02,EDAS
57269,01,EDAS
57269,02,EDAS
57270,01,REM
57270,02,REM
57271,01,EDAS
57271,02,EDAS
57272,01,EDAS
57272,02,EDAS
57273,01,EDAS
57273,02,EDAS
57274,01,EDAS
57274,02,EDAS
57276,01,EDAS
57276,02,EDAS
57278,01,EDAS
57278,02,EDAS
57279,01,EDAS
57279,02,EDAS
57301,01,DAS
57301,02,DAS
57311,01,EDAS
57311,02,EDAS
57312,01,EDAS
57312,02,EDAS
57313,01,EDAS
57313,02,EDAS
57314,01,EDAS
57314,02,EDAS
57315,01,EDAS
57315,02,EDAS
57317,01,EDAS
57317,02,EDAS
57319,01,EDAS
57319,02,EDAS
57321,01,REM
57321,02,REM
57322,01,EDAS
57322,02,EDAS
57323,01,EDAS
57323,02,EDAS
57324,01,EDAS
57324,02,EDAS
57325,01,EDAS
57325,02,EDAS
57328,01,EDAS
57328,02,EDAS
57329,01,REM
57329,02,REM
57330,01,EDAS
57330,02,EDAS
57331,01,EDAS
57331,02,EDAS
57332,01,EDAS
57332,02,EDAS
57334,01,EDAS
57334,02,EDAS
57335,01,REM
57335,02,REM
57337,01,REM
57337,02,REM
57339,01,EDAS
57339,02,EDAS
57340,01,REM
57340,02,REM
57341,01,REM
57341,02,REM
57342,01,EDAS
57342,02,EDAS
57344,01,REM
57344,02,REM
57345,01,REM
57345,02,REM
57348,01,REM
57348,02,EDAS
57349,01,EDAS
57349,02,EDAS
57350,01,REM
57350,02,REM
57353,01,EDAS
57353,02,EDAS
57354,01,EDAS
57354,02,EDAS
57355,01,EDAS
57355,02,EDAS
57356,01,REM
57356,02,REM
57357,01,EDAS
57357,02,EDAS
57358,01,REM
57358,02,REM
57359,01,EDAS
57359,02,EDAS
57361,01,DAS
57361,02,DAS
57362,01,EDAS
57362,02,EDAS
57363,01,REM
57363,02,REM
57364,01,DAS
57364,02,DAS
57365,01,EDAS
57365,02,EDAS
57366,01,EDAS
57366,02,EDAS
57367,01,EDAS
57367,02,EDAS
57368,01,EDAS
57368,02,EDAS
57369,01,EDAS
57369,02,EDAS
57370,01,REM
57370,02,REM
57371,01,REM
57371,02,REM
57373,01,REM
57373,02,REM
57374,01,EDAS
57374,02,EDAS
57375,01,REM
57375,02,REM
57376,01,EDAS
57376,02,EDAS
57379,01,REM
57379,02,REM
57380,01,EDAS
57380,02,EDAS
57381,01,REM
57381,02,REM
57382,01,REM
57382,02,REM
57383,01,REM
57383,02,REM
57384,01,EDAS
57384,02,EDAS
57385,01,REM
57385,02,REM
57386,01,EDAS
57386,02,EDAS
57399,01,DAS
57399,02,DAS
57401,01,DAS
57401,02,DAS
57402,01,DAS
57402,02,DAS
57420,01,REM
57420,02,REM
57421,01,EDAS
57421,02,EDAS
57422,01,EDAS
57422,02,EDAS
57424,01,REM
57424,02,REM
57426,01,DAS
57426,02,DAS
57427,01,EDAS
57427,02,EDAS
57428,01,EDAS
57428,02,EDAS
57429,01,EDAS
57429,02,EDAS
57430,01,EDAS
57430,02,EDAS
57432,01,EDAS
57432,02,EDAS
57433,01,EDAS
57433,02,EDAS
57434,01,REM
57434,02,REM
57435,01,REM
57435,02,REM
57436,01,EDAS
57436,02,EDAS
57437,01,REM
57437,02,REM
57438,01,EDAS
57438,02,EDAS
57439,02,DAS
57440,01,REM
57440,02,REM
57441,01,EDAS
57441,02,EDAS
57442,01,EDAS
57442,02,EDAS
57445,01,EDAS
57445,02,EDAS
57446,01,EDAS
57446,02,EDAS
57448,01,EDAS
57448,02,EDAS
57449,01,REM
57449,02,REM
57450,01,EDAS
57450,02,EDAS
57451,01,EDAS
57451,02,EDAS
57452,01,REM
57452,02,REM
57454,01,EDAS
57454,02,EDAS
57455,01,REM
57455,02,REM
57456,01,REM
57456,02,EDAS
57457,01,EDAS
57457,02,EDAS
57460,01,REM
57460,02,REM
57461,01,EDAS
57461,02,EDAS
57462,01,EDAS
57462,02,EDAS
57465,01,EDAS
57465,02,EDAS
57466,01,REM
57466,02,REM
57467,01,REM
57467,02,REM
57468,01,EDAS
57468,02,EDAS
57469,01,EDAS
57469,02,EDAS
57470,01,REM
57470,02,REM
57471,01,REM
57471,02,REM
57472,01,EDAS
57472,02,EDAS
57473,01,REM
57473,02,REM
57474,01,EDAS
57474,02,EDAS
57475,01,REM
57475,02,REM
57476,01,EDAS
57476,02,EDAS
57477,01,EDAS
57477,02,EDAS
57479,01,EDAS
57479,02,EDAS
57481,01,REM
57481,02,REM
57501,01,DAS
57501,02,DAS
57520,01,REM
57520,02,REM
57521,01,REM
57521,02,REM
57522,01,EDAS
57522,02,EDAS
57523,01,REM
57523,02,REM
57526,01,EDAS
57526,02,EDAS
57528,01,EDAS
57528,02,EDAS
57529,01,EDAS
57529,02,EDAS
57531,01,EDAS
57531,02,EDAS
57532,01,EDAS
57532,02,EDAS
57533,01,EDAS
57533,02,EDAS
57534,01,REM
57534,02,REM
57536,01,REM
57536,02,REM
57537,01,REM
57537,02,REM
57538,01,EDAS
57538,02,EDAS
57540,01,REM
57540,02,REM
57541,01,REM
57541,02,REM
57542,01,EDAS
57542,02,EDAS
57543,01,REM
57543,02,REM
57544,01,REM
57544,02,REM
57547,01,REM
57547,02,REM
57548,01,EDAS
57548,02,EDAS
57551,01,REM
57551,02,REM
57552,01,REM
57552,02,REM
57553,01,REM
57553,02,REM
57555,01,REM
57555,02,REM
57559,01,EDAS
57559,02,EDAS
57560,01,REM
57560,02,REM
57562,01,REM
57562,02,REM
57563,01,DAS
57563,02,DAS
57564,01,EDAS
57564,02,EDAS
57566,01,EDAS
57566,02,EDAS
57567,01,REM
57567,02,REM
57568,01,EDAS
57568,02,EDAS
57569,01,REM
57569,02,REM
57570,01,EDAS
57570,02,EDAS
57571,01,REM
57571,02,REM
57572,01,EDAS
57572,02,EDAS
57574,01,REM
57574,02,REM
57576,01,EDAS
57576,02,EDAS
57577,01,EDAS
57577,02,EDAS
57579,01,REM
57579,02,REM
57580,01,REM
57580,02,REM
57584,01,REM
57584,02,REM
57585,01,REM
57585,02,REM
57601,01,EDAS
57601,02,EDAS
57620,01,REM
57620,02,REM
57621,01,DAS
57621,02,DAS
57622,01,REM
57622,02,REM
57623,01,REM
57623,02,REM
57625,01,REM
57625,02,REM
57626,01,REM
57626,02,REM
57628,01,EDAS
57628,02,EDAS
57630,01,REM
57630,02,REM
57631,01,EDAS
57631,02,EDAS
57632,01,EDAS
57632,02,EDAS
57633,01,REM
57633,02,REM
57634,01,REM
57634,02,REM
57636,01,REM
57636,02,REM
57638,01,EDAS
57638,02,EDAS
57639,01,REM
57639,02,REM
57640,01,EDAS
57640,02,EDAS
57641,01,REM
57641,02,REM
57642,01,REM
57642,02,REM
57644,01,REM
57644,02,REM
57645,01,EDAS
57645,02,EDAS
57646,01,REM
57646,02,REM
57647,01,EDAS
57647,02,EDAS
57648,01,REM
57648,02,REM
57649,01,REM
57649,02,REM
57650,01,EDAS
57650,02,EDAS
57651,01,REM
57651,02,REM
57652,01,REM
57652,02,REM
57656,01,EDAS
57656,02,EDAS
57657,01,REM
57657,02,REM
57658,01,REM
57658,02,REM
57659,01,REM
57659,02,REM
57660,01,REM
57660,02,REM
57661,01,REM
57661,02,REM
57701,01,DAS
57701,02,DAS
57702,01,DAS
57702,02,DAS
57703,01,DAS
57703,02,DAS
57706,02,DAS
57714,01,REM
57714,02,REM
57716,01,REM
57716,02,REM
57717,01,REM
57717,02,REM
57718,01,EDAS
57718,02,EDAS
57719,01,EDAS
57719,02,EDAS
57720,01,REM
57720,02,REM
57722,01,REM
57722,02,REM
57724,01,REM
57724,02,REM
57725,01,REM
57725,02,REM
57729,01,EDAS
57729,02,EDAS
57730,01,REM
57730,02,REM
57732,01,EDAS
57732,02,EDAS
57735,01,REM
57735,02,REM
57736,01,EDAS
57736,02,EDAS
57737,01,REM
57737,02,REM
57738,01,REM
57738,02,REM
57742,01,EDAS
57742,02,EDAS
57744,01,EDAS
57744,02,EDAS
57745,01,EDAS
57745,02,EDAS
57747,01,EDAS
57747,02,EDAS
57748,01,REM
57748,02,REM
57750,01,EDAS
57750,02,EDAS
57751,01,DAS
57751,02,DAS
57752,01,REM
57752,02,REM
57754,01,EDAS
57754,02,EDAS
57755,01,REM
57755,02,REM
57756,01,REM
57756,02,REM
57758,01,REM
57758,02,REM
57759,01,EDAS
57759,02,EDAS
57760,01,REM
57760,02,REM
57761,01,EDAS
57761,02,EDAS
57762,01,REM
57762,02,REM
57763,01,REM
57763,02,REM
57764,01,REM
57764,02,REM
57765,01,EDAS
57765,02,EDAS
57766,01,EDAS
57766,02,EDAS
57767,01,REM
57767,02,REM
57769,01,EDAS
57769,02,EDAS
57770,01,DAS
57770,02,DAS
57772,01,REM
57772,02,REM
57773,01,EDAS
57773,02,EDAS
57775,01,REM
57775,02,REM
57777,01,EDAS
57777,02,EDAS
57778,01,EDAS
57778,02,EDAS
57779,01,EDAS
57779,02,EDAS
57780,01,REM
57780,02,REM
57782,01,EDAS
57782,02,EDAS
57783,01,DAS
57783,02,DAS
57785,01,REM
57785,02,REM
57787,01,REM
57787,02,REM
57788,01,EDAS
57788,02,EDAS
57790,01,REM
57790,02,REM
57791,01,REM
57791,02,REM
57792,01,REM
57792,02,REM
57793,01,EDAS
57793,02,EDAS
57794,01,EDAS
57794,02,EDAS
58001,01,DAS
58001,02,DAS
58002,01,EDAS
58002,02,EDAS
58004,01,EDAS
58004,02,EDAS
58005,01,EDAS
58005,02,EDAS
58006,01,EDAS
58006,02,EDAS
58007,01,EDAS
58007,02,EDAS
58008,01,EDAS
58008,02,EDAS
58009,01,REM
58009,02,REM
58011,01,EDAS
58011,02,EDAS
58012,01,DAS
58012,02,DAS
58013,01,REM
58013,02,REM
58015,01,EDAS
58015,02,EDAS
58016,01,REM
58016,02,REM
58017,01,REM
58017,02,REM
58018,01,EDAS
58018,02,EDAS
58021,01,EDAS
58021,02,EDAS
58027,01,EDAS
58027,02,EDAS
58029,01,EDAS
58029,02,EDAS
58030,01,REM
58030,02,REM
58031,01,EDAS
58031,02,EDAS
58032,01,REM
58032,02,EDAS
58033,01,REM
58033,02,REM
58035,01,EDAS
58035,02,EDAS
58036,01,EDAS
58036,02,EDAS
58038,01,EDAS
58038,02,EDAS
58039,01,EDAS
58039,02,EDAS
58040,01,EDAS
58040,02,EDAS
58041,01,EDAS
58041,02,EDAS
58042,01,DAS
58042,02,DAS
58043,01,EDAS
58043,02,EDAS
58045,01,EDAS
58045,02,EDAS
58046,01,EDAS
58046,02,EDAS
58047,01,EDAS
58047,02,EDAS
58048,01,EDAS
58048,02,EDAS
58049,01,EDAS
58049,02,EDAS
58051,01,EDAS
58051,02,EDAS
58052,01,EDAS
58052,02,EDAS
58053,01,EDAS
58053,02,EDAS
58054,01,EDAS
58054,02,EDAS
58056,01,REM
58056,02,REM
58057,01,EDAS
58057,02,EDAS
58058,01,REM
58058,02,REM
58059,01,EDAS
58059,02,EDAS
58060,01,EDAS
58060,02,EDAS
58061,01,REM
58061,02,REM
58062,01,REM
58062,02,REM
58063,01,REM
58063,02,REM
58064,01,EDAS
58064,02,EDAS
58065,01,REM
58065,02,REM
58067,01,EDAS
58067,02,EDAS
58068,01,EDAS
58068,02,EDAS
58069,01,REM
58069,02,REM
58071,01,EDAS
58071,02,EDAS
58072,01,EDAS
58072,02,EDAS
58074,01,DAS
58074,02,DAS
58075,01,DAS
58075,02,DAS
58076,01,DAS
58076,02,DAS
58077,01,EDAS
58077,02,EDAS
58079,01,EDAS
58079,02,EDAS
58081,01,EDAS
58081,02,EDAS
58204,01,DAS
58204,02,DAS
58205,01,DAS
58205,02,DAS
58210,01,EDAS
58210,02,EDAS
58212,01,REM
58212,02,REM
58213,01,EDAS
58213,02,EDAS
58214,01,EDAS
58214,02,EDAS
58216,01,REM
58216,02,REM
58218,01,EDAS
58218,02,EDAS
58219,01,EDAS
58219,02,EDAS
58220,01,EDAS
58220,02,EDAS
58222,01,EDAS
58222,02,EDAS
58223,01,EDAS
58223,02,EDAS
58224,01,EDAS
58224,02,EDAS
58225,01,EDAS
58225,02,EDAS
58227,01,EDAS
58227,02,EDAS
58228,01,EDAS
58228,02,EDAS
58229,01,REM
58229,02,REM
58230,01,EDAS
58230,02,EDAS
58231,01,EDAS
58231,02,EDAS
58233,01,REM
58233,02,REM
58235,01,EDAS
58235,02,EDAS
58236,01,REM
58236,02,REM
58237,01,EDAS
58237,02,EDAS
58238,01,EDAS
58238,02,EDAS
58239,01,REM
58239,02,REM
58240,01,EDAS
58240,02,EDAS
58241,01,EDAS
58241,02,EDAS
58243,01,EDAS
58243,02,EDAS
58244,01,REM
58244,02,REM
58249,01,EDAS
58249,02,EDAS
58250,01,EDAS
58250,02,EDAS
58251,01,EDAS
58251,02,EDAS
58254,01,REM
58254,02,REM
58255,01,EDAS
58255,02,EDAS
58256,01,EDAS
58256,02,EDAS
58257,01,EDAS
58257,02,EDAS
58258,01,EDAS
58258,02,EDAS
58259,01,EDAS
58259,02,EDAS
58260,01,EDAS
58260,02,EDAS
58261,01,EDAS
58261,02,EDAS
58262,01,EDAS
58262,02,EDAS
58265,01,EDAS
58265,02,EDAS
58266,01,EDAS
58266,02,EDAS
58267,01,EDAS
58267,02,EDAS
58269,01,EDAS
58269,02,EDAS
58270,01,EDAS
58270,02,EDAS
58272,01,EDAS
58272,02,EDAS
58273,01,EDAS
58273,02,EDAS
58274,01,EDAS
58274,02,EDAS
58275,01,EDAS
58275,02,EDAS
58276,01,EDAS
58276,02,EDAS
58277,01,REM
58277,02,REM
58278,01,EDAS
58278,02,EDAS
58281,01,REM
58281,02,REM
58282,01,EDAS
58282,02,EDAS
58301,01,EDAS
58301,02,EDAS
58310,01,EDAS
58310,02,EDAS
58311,01,EDAS
58311,02,EDAS
58313,01,EDAS
58313,02,EDAS
58316,01,EDAS
58316,02,EDAS
58317,01,EDAS
58317,02,EDAS
58318,01,REM
58318,02,REM
58319,01,EDAS
58319,02,EDAS
58321,01,REM
58321,02,REM
58323,01,REM
58323,02,REM
58324,01,EDAS
58324,02,EDAS
58325,01,EDAS
58325,02,EDAS
58327,01,EDAS
58327,02,EDAS
58329,01,REM
58329,02,REM
58330,01,EDAS
58330,02,EDAS
58331,01,REM
58331,02,REM
58332,01,EDAS
58332,02,EDAS
58335,01,EDAS
58335,02,EDAS
58338,01,EDAS
58338,02,EDAS
58339,01,REM
58339,02,REM
58341,01,EDAS
58341,02,EDAS
58343,01,REM
58343,02,REM
58344,01,EDAS
58344,02,EDAS
58345,01,EDAS
58345,02,EDAS
58346,01,EDAS
58346,02,EDAS
58348,01,EDAS
58348,02,EDAS
58351,01,REM
58351,02,REM
58352,01,EDAS
58352,02,EDAS
58353,01,EDAS
58353,02,EDAS
58355,01,EDAS
58355,02,EDAS
58356,01,EDAS
58356,02,EDAS
58357,01,REM
58357,02,REM
58361,01,REM
58361,02,REM
58362,01,EDAS
58362,02,EDAS
58363,01,EDAS
58363,02,EDAS
58365,01,REM
58365,02,REM
58366,01,EDAS
58366,02,EDAS
58367,01,EDAS
58367,02,EDAS
58368,01,EDAS
58368,02,EDAS
58369,01,REM
58369,02,REM
58370,01,EDAS
58370,02,EDAS
58372,01,EDAS
58372,02,EDAS
58374,01,REM
58374,02,REM
58377,01,REM
58377,02,REM
58380,01,EDAS
58380,02,EDAS
58381,01,REM
58381,02,REM
58382,01,REM
58382,02,REM
58384,01,EDAS
58384,02,EDAS
58385,01,REM
58385,02,REM
58386,01,REM
58386,02,REM
58401,01,DAS
58401,02,DAS
58402,02,DAS
58413,01,REM
58413,02,REM
58415,01,EDAS
58415,02,EDAS
58416,01,REM
58416,02,REM
58418,01,REM
58418,02,REM
58420,01,EDAS
58420,02,EDAS
58421,01,EDAS
58421,02,EDAS
58422,01,REM
58422,02,REM
58423,01,REM
58423,02,REM
58424,01,REM
58424,02,REM
58425,01,EDAS
58425,02,EDAS
58426,01,REM
58426,02,REM
58428,01,EDAS
58428,02,EDAS
58429,01,REM
58429,02,REM
58430,01,EDAS
58430,02,EDAS
58431,01,REM
58431,02,REM
58433,01,EDAS
58433,02,EDAS
58436,01,EDAS
58436,02,EDAS
58438,01,REM
58438,02,REM
58439,01,REM
58439,02,REM
58440,01,REM
58440,02,REM
58441,01,EDAS
58441,02,EDAS
58442,01,EDAS
58442,02,EDAS
58443,01,REM
58443,02,REM
58444,01,EDAS
58444,02,EDAS
58445,01,REM
58445,02,REM
58448,01,EDAS
58448,02,EDAS
58451,01,REM
58451,02,REM
58452,01,DAS
58452,02,DAS
58454,01,EDAS
58454,02,EDAS
58455,01,EDAS
58455,02,EDAS
58456,01,REM
58456,02,REM
58458,01,EDAS
58458,02,EDAS
58460,01,REM
58460,02,REM
58461,01,EDAS
58461,02,EDAS
58463,01,REM
58463,02,REM
58464,01,EDAS
58464,02,EDAS
58466,01,REM
58466,02,REM
58467,01,REM
58467,02,REM
58472,01,REM
58472,02,REM
58474,01,EDAS
58474,02,EDAS
58475,01,REM
58475,02,REM
58476,01,EDAS
58476,02,EDAS
58477,01,EDAS
58477,02,EDAS
58478,01,REM
58478,02,REM
58479,01,EDAS
58479,02,EDAS
58480,01,REM
58480,02,REM
58481,01,REM
58481,02,REM
58482,01,EDAS
58482,02,EDAS
58483,01,REM
58483,02,REM
58484,01,EDAS
58484,02,EDAS
58486,01,REM
58486,02,REM
58487,01,REM
58487,02,REM
58488,01,REM
58488,02,REM
58489,01,EDAS
58489,02,EDAS
58490,01,REM
58490,02,REM
58492,01,EDAS
58492,02,EDAS
58494,01,REM
58494,02,REM
58495,01,EDAS
58495,02,EDAS
58496,01,REM
58496,02,REM
58497,01,EDAS
58497,02,EDAS
58501,01,DAS
58501,02,DAS
58503,01,DAS
58503,02,DAS
58504,01,DAS
58504,02,DAS
58520,01,REM
58520,02,REM
58521,01,REM
58521,02,REM
58523,01,EDAS
58523,02,EDAS
58524,01,EDAS
58524,02,EDAS
58528,01,REM
58528,02,REM
58529,01,REM
58529,02,REM
58530,01,REM
58530,02,REM
58531,01,REM
58531,02,REM
58532,01,REM
58532,02,REM
58533,01,REM
58533,02,REM
58535,01,REM
58535,02,REM
58538,01,EDAS
58538,02,EDAS
58540,01,EDAS
58540,02,EDAS
58541,01,REM
58541,02,REM
58542,01,REM
58542,02,REM
58544,01,EDAS
58544,02,EDAS
58545,01,EDAS
58545,02,EDAS
58549,01,EDAS
58549,02,EDAS
58552,01,EDAS
58552,02,EDAS
58553,01,EDAS
58553,02,EDAS
58554,01,DAS
58554,02,DAS
58558,01,EDAS
58558,02,EDAS
58559,01,EDAS
58559,02,EDAS
58560,01,EDAS
58560,02,EDAS
58561,01,EDAS
58561,02,EDAS
58562,01,REM
58562,02,REM
58563,01,REM
58563,02,REM
58564,01,EDAS
58564,02,EDAS
58565,01,EDAS
58565,02,EDAS
58566,01,REM
58566,02,REM
58568,01,EDAS
58568,02,EDAS
58569,01,REM
58569,02,REM
58570,01,REM
58570,02,REM
58571,01,EDAS
58571,02,EDAS
58572,01,REM
58572,02,REM
58573,01,EDAS
58573,02,EDAS
58575,01,EDAS
58575,02,EDAS
58576,01,EDAS
58576,02,EDAS
58577,01,EDAS
58577,02,EDAS
58579,01,EDAS
58579,02,EDAS
58580,01,REM
58580,02,REM
58581,01,REM
58581,02,REM
58601,01,DAS
58601,02,DAS
58602,01,DAS
58602,02,DAS
58620,01,REM
58620,02,REM
58621,01,EDAS
58621,02,EDAS
58622,01,EDAS
58622,02,EDAS
58623,01,EDAS
58623,02,EDAS
58625,01,EDAS
58625,02,EDAS
58626,01,EDAS
58626,02,EDAS
58627,01,REM
58627,02,REM
58630,01,REM
58630,02,REM
58631,01,EDAS
58631,02,EDAS
58632,01,REM
58632,02,REM
58634,01,REM
58634,02,REM
58636,01,REM
58636,02,REM
58638,01,EDAS
58638,02,EDAS
58639,01,EDAS
58639,02,EDAS
58640,01,EDAS
58640,02,EDAS
58641,01,REM
58641,02,REM
58642,01,REM
58642,02,REM
58643,01,EDAS
58643,02,EDAS
58644,01,REM
58644,02,REM
58645,01,EDAS
58645,02,EDAS
58646,01,REM
58646,02,REM
58647,01,REM
58647,02,REM
58649,01,REM
58649,02,REM
58650,01,REM
58650,02,REM
58651,01,REM
58651,02,REM
58652,01,REM
58652,02,REM
58653,01,REM
58653,02,REM
58654,01,REM
58654,02,REM
58655,01,EDAS
58655,02,EDAS
58656,01,REM
58656,02,REM
58701,01,DAS
58701,02,DAS
58703,01,DAS
58703,02,DAS
58704,01,DAS
58704,02,DAS
58705,02,DAS
58707,01,DAS
58707,02,DAS
58710,01,EDAS
58710,02,EDAS
58711,01,EDAS
58711,02,EDAS
58712,01,REM
58712,02,REM
58713,01,EDAS
58713,02,EDAS
58716,01,EDAS
58716,02,EDAS
58718,01,REM
58718,02,REM
58721,01,EDAS
58721,02,EDAS
58722,01,EDAS
58722,02,EDAS
58723,01,REM
58723,02,REM
58725,01,EDAS
58725,02,EDAS
58727,01,EDAS
58727,02,EDAS
58730,01,EDAS
58730,02,EDAS
58731,01,EDAS
58731,02,EDAS
58733,01,EDAS
58733,02,EDAS
58734,01,REM
58734,02,REM
58735,01,REM
58735,02,REM
58736,01,REM
58736,02,REM
58737,01,REM
58737,02,REM
58740,01,EDAS
58740,02,EDAS
58741,01,REM
58741,02,REM
58744,01,EDAS
58744,02,EDAS
58746,01,EDAS
58746,02,EDAS
58747,01,EDAS
58747,02,EDAS
58748,01,EDAS
58748,02,EDAS
58750,01,REM
58750,02,REM
58752,01,EDAS
58752,02,EDAS
58755,01,REM
58755,02,REM
58756,01,EDAS
58756,02,EDAS
58757,01,EDAS
58757,02,EDAS
58758,01,EDAS
58758,02,EDAS
58759,01,EDAS
58759,02,EDAS
58760,01,REM
58760,02,REM
58761,01,EDAS
58761,02,EDAS
58762,01,EDAS
58762,02,EDAS
58763,01,EDAS
58763,02,EDAS
58765,01,EDAS
58765,02,EDAS
58768,01,EDAS
58768,02,EDAS
58769,01,REM
58769,02,REM
58770,01,EDAS
58770,02,EDAS
58771,01,REM
58771,02,REM
58772,01,REM
58772,02,REM
58773,01,REM
58773,02,REM
58775,01,EDAS
58775,02,EDAS
58776,01,REM
58776,02,REM
58778,01,REM
58778,02,REM
58779,01,REM
58779,02,REM
58781,01,EDAS
58781,02,EDAS
58782,01,EDAS
58782,02,EDAS
58783,01,REM
58783,02,REM
58784,01,EDAS
58784,02,EDAS
58785,01,EDAS
58785,02,EDAS
58787,01,REM
58787,02,REM
58788,01,REM
58788,02,REM
58789,01,REM
58789,02,REM
58790,01,EDAS
58790,02,EDAS
58792,01,REM
58792,02,REM
58793,01,EDAS
58793,02,EDAS
58794,01,REM
58794,02,REM
58795,01,EDAS
58795,02,EDAS
58801,01,DAS
58801,02,DAS
58802,01,DAS
58802,02,DAS
58803,01,DAS
58803,02,DAS
58830,01,REM
58830,02,REM
58831,01,REM
58831,02,EDAS
58833,01,REM
58833,02,REM
58835,01,REM
58835,02,REM
58838,01,REM
58838,02,REM
58843,01,EDAS
58843,02,EDAS
58844,01,REM
58844,02,REM
58845,01,REM
58845,02,REM
58847,01,REM
58847,02,REM
58849,01,EDAS
58849,02,EDAS
58852,01,REM
58852,02,REM
58853,01,EDAS
58853,02,EDAS
58854,01,REM
58854,02,REM
58856,01,REM
58856,02,REM
59001,01,EDAS
59001,02,EDAS
59002,01,REM
59002,02,REM
59003,01,REM
59003,02,REM
59006,01,EDAS
59006,02,EDAS
59007,01,EDAS
59007,02,EDAS
59008,01,REM
59008,02,REM
59010,01,REM
59010,02,REM
59011,01,REM
59011,02,REM
59012,01,EDAS
59012,02,EDAS
59013,01,EDAS
59013,02,EDAS
59014,01,EDAS
59014,02,EDAS
59015,01,REM
59015,02,REM
59016,01,REM
59016,02,REM
59018,01,EDAS
59018,02,EDAS
59019,01,REM
59019,02,REM
59020,01,EDAS
59020,02,EDAS
59022,01,REM
59022,02,REM
59024,01,REM
59024,02,REM
59025,01,REM
59025,02,REM
59026,01,EDAS
59026,02,EDAS
59027,01,EDAS
59027,02,EDAS
59028,01,REM
59028,02,REM
59029,01,EDAS
59029,02,EDAS
59030,01,EDAS
59030,02,EDAS
59031,01,EDAS
59031,02,EDAS
59032,01,REM
59032,02,REM
59033,01,REM
59033,02,REM
59034,01,EDAS
59034,02,EDAS
59035,01,EDAS
59035,02,EDAS
59036,01,DAS
59036,02,DAS
59037,01,EDAS
59037,02,EDAS
59038,01,REM
59038,02,REM
59039,01,REM
59039,02,REM
59041,01,REM
59041,02,REM
59043,01,EDAS
59043,02,EDAS
59044,01,EDAS
59044,02,EDAS
59046,01,REM
59046,02,REM
59047,01,REM
59047,02,REM
59050,01,REM
59050,02,REM
59052,01,REM
59052,02,REM
59053,01,REM
59053,02,REM
59054,01,REM
59054,02,REM
59055,01,REM
59055,02,REM
59057,01,REM
59057,02,REM
59058,01,REM
59058,02,REM
59059,01,REM
59059,02,REM
59061,01,REM
59061,02,REM
59062,01,REM
59062,02,REM
59063,01,EDAS
59063,02,EDAS
59064,01,REM
59064,02,REM
59065,01,EDAS
59065,02,EDAS
59066,01,REM
59066,02,REM
59067,01,REM
59067,02,REM
59068,01,REM
59068,02,REM
59069,01,REM
59069,02,REM
59070,01,REM
59070,02,REM
59071,01,REM
59071,02,REM
59072,01,REM
59072,02,REM
59073,01,EDAS
59073,02,EDAS
59074,01,REM
59074,02,REM
59075,01,REM
59075,02,REM
59076,01,REM
59076,02,REM
59077,01,REM
59077,02,REM
59078,01,REM
59078,02,REM
59079,01,EDAS
59079,02,EDAS
59081,01,EDAS
59081,02,EDAS
59082,01,EDAS
59082,02,EDAS
59084,01,REM
59084,02,REM
59085,01,REM
59085,02,REM
59086,01,REM
59086,02,REM
59087,01,REM
59087,02,REM
59088,01,EDAS
59088,02,EDAS
59089,01,EDAS
59089,02,EDAS
59101,01,DAS
59101,02,DAS
59102,01,DAS
59102,02,DAS
59105,01,DAS
59105,02,DAS
59106,01,DAS
59106,02,DAS
59201,01,EDAS
59201,02,EDAS
59211,01,REM
59211,02,REM
59212,01,EDAS
59212,02,EDAS
59213,01,REM
59213,02,REM
59214,01,REM
59214,02,REM
59215,01,REM
59215,02,REM
59217,01,EDAS
59217,02,EDAS
59218,01,EDAS
59218,02,EDAS
59219,01,EDAS
59219,02,EDAS
59221,01,REM
59221,02,REM
59222,01,REM
59222,02,REM
59223,01,REM
59223,02,REM
59225,01,REM
59225,02,REM
59226,01,REM
59226,02,REM
59230,01,EDAS
59230,02,EDAS
59231,01,EDAS
59231,02,EDAS
59240,01,REM
59240,02,REM
59241,01,REM
59241,02,REM
59242,01,REM
59242,02,REM
59243,01,REM
59243,02,REM
59244,01,REM
59244,02,REM
59245,01,EDAS
59245,02,EDAS
59247,01,REM
59247,02,REM
59248,01,EDAS
59248,02,EDAS
59250,01,REM
59250,02,REM
59252,01,REM
59252,02,REM
59253,01,REM
59253,02,REM
59254,01,EDAS
59254,02,EDAS
59255,01,EDAS
59255,02,EDAS
59256,01,REM
59256,02,REM
59257,01,REM
59257,02,REM
59258,01,REM
59258,02,REM
59259,01,REM
59259,02,REM
59260,01,REM
59260,02,REM
59261,01,EDAS
59261,02,EDAS
59262,01,REM
59262,02,REM
59263,01,EDAS
59263,02,EDAS
59270,01,EDAS
59270,02,EDAS
59273,01,EDAS
59273,02,EDAS
59274,01,REM
59274,02,REM
59275,01,REM
59275,02,REM
59276,01,REM
59276,02,REM
59301,01,EDAS
59301,02,EDAS
59311,01,REM
59311,02,REM
59312,01,REM
59312,02,REM
59313,01,REM
59313,02,REM
59314,01,REM
59314,02,REM
59315,01,REM
59315,02,REM
59316,01,REM
59316,02,REM
59317,01,REM
59317,02,REM
59318,01,REM
59318,02,REM
59319,01,REM
59319,02,REM
59322,01,REM
59322,02,REM
59323,01,EDAS
59323,02,EDAS
59324,01,REM
59324,02,REM
59326,01,REM
59326,02,REM
59327,01,REM
59327,02,REM
59330,01,EDAS
59330,02,EDAS
59332,01,REM
59332,02,REM
59333,01,EDAS
59333,02,EDAS
59336,01,REM
59336,02,REM
59337,01,REM
59337,02,REM
59338,01,EDAS
59338,02,EDAS
59339,01,REM
59339,02,REM
59341,01,REM
59341,02,REM
59343,01,REM
59343,02,REM
59344,01,REM
59344,02,REM
59345,01,REM
59345,02,REM
59347,01,REM
59347,02,REM
59348,01,EDAS
59348,02,EDAS
59349,01,REM
59349,02,REM
59351,01,REM
59351,02,REM
59353,01,REM
59353,02,REM
59354,01,REM
59354,02,REM
59404,01,DAS
59404,02,DAS
59410,01,REM
59410,02,REM
59411,01,REM
59411,02,REM
59412,01,EDAS
59412,02,EDAS
59414,01,DAS
59414,02,DAS
59416,01,REM
59416,02,REM
59417,01,EDAS
59417,02,EDAS
59418,01,REM
59418,02,REM
59419,01,REM
59419,02,REM
59420,01,REM
59420,02,REM
59421,01,REM
59421,02,REM
59422,01,EDAS
59422,02,EDAS
59424,01,EDAS
59424,02,EDAS
59425,01,EDAS
59425,02,EDAS
59427,01,EDAS
59427,02,EDAS
59430,01,REM
59430,02,REM
59432,01,REM
59432,02,REM
59433,01,REM
59433,02,REM
59434,01,EDAS
59434,02,EDAS
59435,01,REM
59435,02,REM
59436,01,EDAS
59436,02,EDAS
59440,01,REM
59440,02,REM
59441,01,EDAS
59441,02,EDAS
59442,01,EDAS
59442,02,EDAS
59443,01,EDAS
59443,02,EDAS
59444,01,REM
59444,02,REM
59445,01,EDAS
59445,02,EDAS
59446,01,REM
59446,02,REM
59447,01,REM
59447,02,REM
59448,01,REM
59448,02,REM
59450,01,REM
59450,02,REM
59451,01,REM
59451,02,REM
59452,01,EDAS
59452,02,EDAS
59453,01,REM
59453,02,REM
59454,01,EDAS
59454,02,EDAS
59456,01,REM
59456,02,REM
59457,01,EDAS
59457,02,EDAS
59460,01,REM
59460,02,REM
59461,01,DAS
59461,02,DAS
59462,01,REM
59462,02,REM
59463,01,REM
59463,02,REM
59464,01,REM
59464,02,REM
59465,01,EDAS
59465,02,EDAS
59466,01,REM
59466,02,REM
59467,01,REM
59467,02,REM
59468,01,REM
59468,02,EDAS
59469,01,REM
59469,02,REM
59471,01,REM
59471,02,REM
59472,01,EDAS
59472,02,EDAS
59474,01,EDAS
59474,02,EDAS
59477,01,DAS
59477,02,DAS
59479,01,REM
59479,02,REM
59480,01,REM
59480,02,REM
59482,01,EDAS
59482,02,EDAS
59483,01,REM
59483,02,REM
59484,01,REM
59484,02,REM
59485,01,EDAS
59485,02,EDAS
59486,01,EDAS
59486,02,EDAS
59487,01,EDAS
59487,02,EDAS
59489,01,EDAS
59489,02,EDAS
59501,01,EDAS
59501,02,EDAS
59520,01,REM
59520,02,REM
59521,01,EDAS
59521,02,EDAS
59522,01,EDAS
59522,02,EDAS
59523,01,REM
59523,02,REM
59524,01,REM
59524,02,REM
59525,01,REM
59525,02,REM
59526,01,EDAS
59526,02,EDAS
59527,01,REM
59527,02,REM
59528,01,REM
59528,02,REM
59529,01,REM
59529,02,REM
59530,01,REM
59530,02,REM
59531,01,REM
59531,02,REM
59532,01,REM
59532,02,REM
59535,01,EDAS
59535,02,EDAS
59537,01,REM
59537,02,REM
59538,01,REM
59538,02,REM
59540,01,REM
59540,02,REM
59542,01,REM
59542,02,REM
59544,01,EDAS
59544,02,EDAS
59545,01,REM
59545,02,REM
59546,01,REM
59546,02,REM
59547,01,REM
59547,02,REM
59602,01,DAS
59602,02,DAS
59631,01,EDAS
59631,02,EDAS
59632,01,EDAS
59632,02,EDAS
59633,01,REM
59633,02,REM
59634,01,EDAS
59634,02,EDAS
59635,01,DAS
59635,02,DAS
59638,01,EDAS
59638,02,EDAS
59639,01,EDAS
59639,02,EDAS
59640,01,EDAS
59640,02,EDAS
59641,01,REM
59641,02,REM
59642,01,REM
59642,02,REM
59643,01,EDAS
59643,02,EDAS
59644,01,EDAS
59644,02,EDAS
59645,01,EDAS
59645,02,EDAS
59647,01,REM
59647,02,REM
59648,01,REM
59648,02,REM
59710,01,EDAS
59710,02,EDAS
59711,01,EDAS
59711,02,EDAS
59713,01,EDAS
59713,02,EDAS
59714,01,DAS
59714,02,DAS
59715,01,DAS
59715,02,DAS
59716,01,DAS
59716,02,DAS
59717,01,DAS
59717,02,DAS
59718,01,DAS
59718,02,DAS
59720,01,REM
59720,02,REM
59721,01,REM
59721,02,REM
59722,01,EDAS
59722,02,EDAS
59724,01,EDAS
59724,02,EDAS
59725,01,EDAS
59725,02,EDAS
59727,01,REM
59727,02,REM
59728,01,REM
59728,02,REM
59729,01,REM
59729,02,REM
59730,01,EDAS
59730,02,EDAS
59731,01,REM
59731,02,REM
59732,01,REM
59732,02,REM
59733,01,REM
59733,02,REM
59735,01,EDAS
59735,02,EDAS
59736,01,REM
59736,02,REM
59739,01,REM
59739,02,REM
59740,01,EDAS
59740,02,EDAS
59741,01,REM
59741,02,REM
59743,01,EDAS
59743,02,EDAS
59745,01,REM
59745,02,REM
59746,01,EDAS
59746,02,EDAS
59747,01,EDAS
59747,02,EDAS
59748,01,EDAS
59748,02,EDAS
59749,01,EDAS
59749,02,EDAS
59750,01,REM
59750,02,REM
59751,01,EDAS
59751,02,EDAS
59752,01,REM
59752,02,REM
59754,01,EDAS
59754,02,EDAS
59755,01,EDAS
59755,02,EDAS
59756,01,DAS
59756,02,DAS
59758,01,REM
59758,02,REM
59759,01,EDAS
59759,02,EDAS
59760,01,EDAS
59760,02,EDAS
59761,01,EDAS
59761,02,EDAS
59762,01,REM
59762,02,REM
59801,01,DAS
59801,02,DAS
59802,01,DAS
59802,02,DAS
59803,01,DAS
59803,02,DAS
59804,02,DAS
59808,01,DAS
59808,02,DAS
59812,01,DAS
59812,02,DAS
59820,01,REM
59820,02,REM
59821,01,EDAS
59821,02,EDAS
59823,01,REM
59823,02,REM
59824,01,EDAS
59824,02,EDAS
59825,01,EDAS
59825,02,EDAS
59826,01,REM
59826,02,REM
59827,01,REM
59827,02,REM
59828,01,REM
59828,02,REM
59829,01,REM
59829,02,REM
59830,01,EDAS
59830,02,EDAS
59831,01,EDAS
59831,02,EDAS
59832,01,REM
59832,02,REM
59833,01,REM
59833,02,REM
59834,01,EDAS
59834,02,EDAS
59836,01,EDAS
59836,02,EDAS
59837,01,REM
59837,02,REM
59840,01,EDAS
59840,02,EDAS
59841,01,DAS
59841,02,DAS
59842,01,EDAS
59842,02,EDAS
59843,01,EDAS
59843,02,EDAS
59844,01,REM
59844,02,REM
59845,01,REM
59845,02,REM
59846,01,EDAS
59846,02,EDAS
59847,01,EDAS
59847,02,EDAS
59848,01,REM
59848,02,REM
59853,01,REM
59853,02,REM
59854,01,REM
59854,02,REM
59855,01,DAS
59855,02,DAS
59856,01,EDAS
59856,02,EDAS
59858,01,EDAS
59858,02,EDAS
59859,01,REM
59859,02,REM
59860,01,REM
59860,02,REM
59863,01,EDAS
59863,02,EDAS
59864,01,REM
59864,02,REM
59865,01,EDAS
59865,02,EDAS
59866,01,REM
59866,02,REM
59867,01,REM
59867,02,REM
59868,01,REM
59868,02,REM
59870,01,REM
59870,02,REM
59871,01,EDAS
59871,02,EDAS
59872,01,EDAS
59872,02,EDAS
59873,01,EDAS
59873,02,EDAS
59874,01,REM
59874,02,REM
59875,01,EDAS
59875,02,EDAS
59901,01,EDAS
59901,02,EDAS
59902,01,DAS
59902,02,DAS
59910,01,EDAS
59910,02,EDAS
59911,01,REM
59911,02,REM
59912,01,REM
59912,02,REM
59913,01,REM
59913,02,REM
59914,01,EDAS
59914,02,EDAS
59915,01,EDAS
59915,02,EDAS
59916,01,EDAS
59916,02,EDAS
59917,01,REM
59917,02,REM
59918,01,EDAS
59918,02,EDAS
59919,01,EDAS
59919,02,EDAS
59920,01,REM
59920,02,REM
59922,01,EDAS
59922,02,EDAS
59923,01,REM
59923,02,REM
59925,01,REM
59925,02,REM
59926,01,EDAS
59926,02,EDAS
59927,01,EDAS
59927,02,EDAS
59928,01,REM
59928,02,REM
59929,01,EDAS
59929,02,EDAS
59930,01,REM
59930,02,REM
59931,01,EDAS
59931,02,EDAS
59932,01,EDAS
59932,02,EDAS
59933,01,EDAS
59933,02,EDAS
59934,01,REM
59934,02,REM
59935,01,EDAS
59935,02,EDAS
59936,01,EDAS
59936,02,EDAS
59937,01,EDAS
59937,02,EDAS
60033,01,DAS
60033,02,DAS
60034,01,EDAS
60034,02,EDAS
60071,01,DAS
60071,02,DAS
60072,01,DAS
60072,02,DAS
60080,01,DAS
60080,02,DAS
60081,01,DAS
60081,02,DAS
60097,01,DAS
60097,02,DAS
60098,01,DAS
60098,02,DAS
60109,01,DAS
60109,02,DAS
60111,01,EDAS
60111,02,EDAS
60112,01,DAS
60112,02,DAS
60113,01,DAS
60113,02,DAS
60119,01,DAS
60119,02,DAS
60129,01,DAS
60129,02,DAS
60135,01,DAS
60135,02,DAS
60140,01,DAS
60140,02,DAS
60145,01,DAS
60145,02,DAS
60146,01,DAS
60146,02,DAS
60147,01,DAS
60147,02,DAS
60150,01,EDAS
60150,02,EDAS
60151,01,EDAS
60151,02,EDAS
60152,01,DAS
60152,02,DAS
60175,01,DAS
60175,02,DAS
60180,01,DAS
60180,02,DAS
60182,01,EDAS
60182,02,EDAS
60184,01,DAS
60184,02,DAS
60401,01,DAS
60401,02,DAS
60407,01,DAS
60407,02,DAS
60408,01,DAS
60408,02,DAS
60410,01,DAS
60410,02,DAS
60416,01,DAS
60416,02,DAS
60420,01,EDAS
60420,02,EDAS
60421,01,DAS
60421,02,DAS
60423,01,DAS
60423,02,DAS
60424,01,EDAS
60424,02,EDAS
60437,01,EDAS
60437,02,EDAS
60442,01,DAS
60442,02,DAS
60444,01,EDAS
60444,02,EDAS
60447,01,EDAS
60447,02,EDAS
60449,01,DAS
60449,02,DAS
60450,01,DAS
60450,02,DAS
60460,01,EDAS
60460,02,EDAS
60466,01,DAS
60466,02,DAS
60468,01,EDAS
60468,02,EDAS
60470,01,EDAS
60470,02,EDAS
60472,01,DAS
60472,02,DAS
60474,01,DAS
60474,02,DAS
60479,01,EDAS
60479,02,EDAS
60481,01,DAS
60481,02,DAS
60511,01,EDAS
60511,02,EDAS
60512,01,DAS
60512,02,DAS
60518,01,EDAS
60518,02,EDAS
60520,01,EDAS
60520,02,EDAS
60530,01,EDAS
60530,02,EDAS
60531,01,EDAS
60531,02,EDAS
60537,01,EDAS
60537,02,EDAS
60541,01,EDAS
60541,02,EDAS
60548,01,DAS
60548,02,DAS
60549,01,EDAS
60549,02,EDAS
60550,01,EDAS
60550,02,EDAS
60551,01,EDAS
60551,02,EDAS
60552,01,EDAS
60552,02,EDAS
60553,01,EDAS
60553,02,EDAS
60554,01,DAS
60554,02,DAS
60557,01,DAS
60557,02,EDAS
60560,01,DAS
60560,02,DAS
60601,01,DAS
60601,02,DAS
60602,01,DAS
60602,02,DAS
60603,01,DAS
60603,02,DAS
60604,01,DAS
60604,02,DAS
60605,01,DAS
60605,02,DAS
60606,01,DAS
60606,02,DAS
60610,01,DAS
60610,02,DAS
60611,01,DAS
60611,02,DAS
60613,01,DAS
60613,02,DAS
60644,01,DAS
60644,02,DAS
60654,01,DAS
60654,02,DAS
60827,01,DAS
60827,02,DAS
60901,01,DAS
60901,02,DAS
60910,01,EDAS
60910,02,EDAS
60911,01,EDAS
60911,02,EDAS
60912,01,EDAS
60912,02,EDAS
60913,01,EDAS
60913,02,EDAS
60917,01,EDAS
60917,02,EDAS
60918,01,EDAS
60918,02,EDAS
60919,01,EDAS
60919,02,EDAS
60920,01,DAS
60920,02,EDAS
60921,01,EDAS
60921,02,EDAS
60922,01,EDAS
60922,02,EDAS
60924,01,EDAS
60924,02,EDAS
60927,01,EDAS
60927,02,EDAS
60928,01,EDAS
60928,02,EDAS
60929,01,EDAS
60929,02,EDAS
60930,01,EDAS
60930,02,EDAS
60931,01,EDAS
60931,02,EDAS
60932,02,DAS
60933,01,DAS
60933,02,EDAS
60934,01,EDAS
60934,02,EDAS
60935,01,EDAS
60935,02,EDAS
60936,01,DAS
60936,02,DAS
60938,01,EDAS
60938,02,EDAS
60939,01,DAS
60939,02,DAS
60940,01,EDAS
60940,02,EDAS
60941,01,EDAS
60941,02,EDAS
60942,01,EDAS
60942,02,EDAS
60944,01,EDAS
60944,02,EDAS
60945,02,DAS
60946,01,EDAS
60946,02,EDAS
60948,01,EDAS
60948,02,EDAS
60949,01,EDAS
60949,02,EDAS
60950,01,DAS
60950,02,DAS
60951,01,EDAS
60951,02,EDAS
60952,01,EDAS
60952,02,EDAS
60953,01,EDAS
60953,02,EDAS
60954,01,DAS
60954,02,DAS
60955,01,EDAS
60955,02,EDAS
60956,01,DAS
60956,02,DAS
60957,01,DAS
60957,02,DAS
60958,01,EDAS
60958,02,EDAS
60959,01,EDAS
60959,02,EDAS
60960,01,EDAS
60960,02,EDAS
60961,01,EDAS
60961,02,EDAS
60962,01,EDAS
60962,02,EDAS
60963,01,EDAS
60963,02,EDAS
60964,01,EDAS
60964,02,EDAS
60966,01,EDAS
60966,02,EDAS
60967,01,EDAS
60967,02,EDAS
60968,01,EDAS
60968,02,EDAS
60969,01,EDAS
60969,02,EDAS
60970,01,DAS
60970,02,DAS
60973,01,EDAS
60973,02,EDAS
60974,01,EDAS
60974,02,EDAS
61001,01,EDAS
61001,02,EDAS
61006,01,EDAS
61006,02,EDAS
61007,01,EDAS
61007,02,EDAS
61010,01,DAS
61010,02,DAS
61011,01,DAS
61011,02,DAS
61012,01,EDAS
61012,02,EDAS
61013,01,DAS
61013,02,DAS
61014,01,EDAS
61014,02,EDAS
61015,01,EDAS
61015,02,EDAS
61016,01,DAS
61016,02,DAS
61018,01,EDAS
61018,02,EDAS
61019,01,EDAS
61019,02,EDAS
61020,01,DAS
61020,02,DAS
61021,01,DAS
61021,02,DAS
61024,01,EDAS
61024,02,EDAS
61025,01,DAS
61025,02,DAS
61027,01,DAS
61027,02,DAS
61028,01,EDAS
61028,02,EDAS
61030,01,EDAS
61030,02,EDAS
61031,01,EDAS
61031,02,EDAS
61032,01,DAS
61032,02,DAS
61036,01,DAS
61036,02,DAS
61038,01,EDAS
61038,02,EDAS
61039,01,EDAS
61039,02,EDAS
61041,01,EDAS
61041,02,EDAS
61042,01,EDAS
61042,02,EDAS
61043,01,DAS
61043,02,EDAS
61044,01,EDAS
61044,02,EDAS
61046,01,EDAS
61046,02,EDAS
61047,01,EDAS
61047,02,EDAS
61048,01,EDAS
61048,02,EDAS
61049,01,EDAS
61049,02,EDAS
61050,01,EDAS
61050,02,EDAS
61051,01,EDAS
61051,02,EDAS
61052,01,EDAS
61052,02,EDAS
61053,01,EDAS
61053,02,EDAS
61054,01,EDAS
61054,02,EDAS
61058,01,DAS
61058,02,DAS
61059,01,DAS
61059,02,DAS
61060,01,EDAS
61060,02,EDAS
61061,01,DAS
61061,02,DAS
61062,01,EDAS
61062,02,EDAS
61063,01,EDAS
61063,02,EDAS
61064,01,EDAS
61064,02,EDAS
61065,01,DAS
61065,02,DAS
61067,01,EDAS
61067,02,EDAS
61068,01,DAS
61068,02,DAS
61070,01,EDAS
61070,02,EDAS
61071,01,DAS
61071,02,DAS
61072,01,DAS
61072,02,DAS
61074,01,EDAS
61074,02,EDAS
61075,01,EDAS
61075,02,EDAS
61077,01,DAS
61077,02,DAS
61078,01,EDAS
61078,02,EDAS
61081,01,DAS
61081,02,DAS
61084,01,DAS
61084,02,DAS
61085,01,EDAS
61085,02,EDAS
61087,01,EDAS
61087,02,EDAS
61088,01,DAS
61088,02,DAS
61089,01,EDAS
61089,02,EDAS
61091,01,DAS
61091,02,DAS
61230,01,EDAS
61230,02,EDAS
61231,01,EDAS
61231,02,EDAS
61233,01,EDAS
61233,02,EDAS
61234,01,EDAS
61234,02,EDAS
61235,01,EDAS
61235,02,EDAS
61236,01,DAS
61236,02,DAS
61237,01,DAS
61237,02,DAS
61238,01,EDAS
61238,02,EDAS
61240,01,DAS
61240,02,DAS
61241,01,DAS
61241,02,DAS
61242,01,EDAS
61242,02,EDAS
61243,01,EDAS
61243,02,EDAS
61250,01,EDAS
61250,02,EDAS
61251,01,EDAS
61251,02,EDAS
61252,01,EDAS
61252,02,EDAS
61257,01,DAS
61257,02,DAS
61258,01,EDAS
61258,02,EDAS
61259,01,EDAS
61259,02,EDAS
61260,01,EDAS
61260,02,EDAS
61261,01,EDAS
61261,02,EDAS
61262,01,EDAS
61262,02,EDAS
61263,01,EDAS
61263,02,EDAS
61270,01,EDAS
61270,02,EDAS
61272,01,EDAS
61272,02,EDAS
61273,01,DAS
61273,02,DAS
61274,01,EDAS
61274,02,EDAS
61275,01,DAS
61275,02,DAS
61277,01,EDAS
61277,02,EDAS
61278,01,DAS
61278,02,DAS
61279,01,EDAS
61279,02,EDAS
61281,01,EDAS
61281,02,EDAS
61283,01,EDAS
61283,02,EDAS
61284,01,DAS
61284,02,DAS
61285,01,EDAS
61285,02,EDAS
61301,01,DAS
61301,02,DAS
61310,01,EDAS
61310,02,EDAS
61311,01,EDAS
61311,02,EDAS
61312,01,EDAS
61312,02,EDAS
61313,01,EDAS
61313,02,EDAS
61314,01,EDAS
61314,02,EDAS
61315,01,EDAS
61315,02,EDAS
61316,01,EDAS
61316,02,EDAS
61317,01,DAS
61317,02,DAS
61318,01,EDAS
61318,02,EDAS
61319,01,EDAS
61319,02,EDAS
61320,01,DAS
61320,02,DAS
61321,01,EDAS
61321,02,EDAS
61322,01,EDAS
61322,02,EDAS
61323,01,DAS
61323,02,DAS
61324,01,DAS
61324,02,EDAS
61325,01,EDAS
61325,02,EDAS
61326,01,EDAS
61326,02,EDAS
61327,01,EDAS
61327,02,EDAS
61328,01,EDAS
61328,02,EDAS
61329,01,EDAS
61329,02,EDAS
61330,01,EDAS
61330,02,EDAS
61331,01,DAS
61331,02,DAS
61333,01,EDAS
61333,02,EDAS
61334,01,EDAS
61334,02,EDAS
61335,01,DAS
61335,02,DAS
61336,01,EDAS
61336,02,EDAS
61337,01,EDAS
61337,02,EDAS
61338,01,EDAS
61338,02,EDAS
61340,01,EDAS
61340,02,EDAS
61341,01,EDAS
61341,02,EDAS
61342,01,EDAS
61342,02,EDAS
61344,01,EDAS
61344,02,EDAS
61345,01,EDAS
61345,02,EDAS
61346,01,DAS
61346,02,DAS
61349,01,EDAS
61349,02,EDAS
61350,01,DAS
61350,02,DAS
61353,01,EDAS
61353,02,EDAS
61356,01,DAS
61356,02,DAS
61358,01,EDAS
61358,02,EDAS
61359,01,EDAS
61359,02,EDAS
61360,01,EDAS
61360,02,EDAS
61361,01,EDAS
61361,02,EDAS
61362,01,DAS
61362,02,DAS
61363,01,DAS
61363,02,DAS
61364,01,DAS
61364,02,DAS
61367,01,EDAS
61367,02,EDAS
61368,01,EDAS
61368,02,EDAS
61369,01,EDAS
61369,02,EDAS
61370,01,EDAS
61370,02,EDAS
61371,01,DAS
61371,02,DAS
61372,01,DAS
61372,02,DAS
61373,01,EDAS
61373,02,EDAS
61375,01,EDAS
61375,02,EDAS
61376,01,EDAS
61376,02,EDAS
61377,01,EDAS
61377,02,EDAS
61378,01,EDAS
61378,02,EDAS
61379,01,EDAS
61379,02,EDAS
61410,01,EDAS
61410,02,EDAS
61411,01,DAS
61411,02,DAS
61412,01,EDAS
61412,02,EDAS
61413,01,EDAS
61413,02,EDAS
61414,01,EDAS
61414,02,EDAS
61415,01,EDAS
61415,02,EDAS
61416,01,DAS
61416,02,EDAS
61417,01,EDAS
61417,02,EDAS
61418,01,EDAS
61418,02,EDAS
61419,01,DAS
61419,02,DAS
61420,01,EDAS
61420,02,EDAS
61421,01,EDAS
61421,02,EDAS
61422,01,EDAS
61422,02,EDAS
61423,01,EDAS
61423,02,EDAS
61424,01,DAS
61424,02,DAS
61425,01,EDAS
61425,02,EDAS
61426,01,EDAS
61426,02,EDAS
61427,01,EDAS
61427,02,EDAS
61428,01,EDAS
61428,02,EDAS
61430,01,DAS
61430,02,DAS
61431,01,EDAS
61431,02,EDAS
61432,01,EDAS
61432,02,EDAS
61433,01,DAS
61433,02,DAS
61434,01,EDAS
61434,02,EDAS
61435,01,EDAS
61435,02,EDAS
61436,01,EDAS
61436,02,EDAS
61437,01,EDAS
61437,02,EDAS
61438,01,EDAS
61438,02,EDAS
61439,01,DAS
61439,02,EDAS
61440,01,EDAS
61440,02,EDAS
61441,01,EDAS
61441,02,EDAS
61442,01,EDAS
61442,02,EDAS
61443,01,DAS
61443,02,DAS
61447,01,EDAS
61447,02,EDAS
61448,01,DAS
61448,02,DAS
61449,01,EDAS
61449,02,EDAS
61450,01,EDAS
61450,02,EDAS
61451,01,DAS
61451,02,DAS
61452,01,EDAS
61452,02,EDAS
61453,01,EDAS
61453,02,EDAS
61454,01,EDAS
61454,02,EDAS
61455,01,EDAS
61455,02,EDAS
61458,01,EDAS
61458,02,EDAS
61459,01,EDAS
61459,02,EDAS
61460,01,EDAS
61460,02,EDAS
61462,01,EDAS
61462,02,EDAS
61465,01,EDAS
61465,02,EDAS
61466,01,EDAS
61466,02,EDAS
61467,01,EDAS
61467,02,EDAS
61468,01,DAS
61468,02,DAS
61469,01,EDAS
61469,02,EDAS
61470,01,EDAS
61470,02,EDAS
61471,01,EDAS
61471,02,EDAS
61472,01,EDAS
61472,02,EDAS
61473,01,EDAS
61473,02,EDAS
61474,01,EDAS
61474,02,EDAS
61475,01,EDAS
61475,02,EDAS
61476,01,EDAS
61476,02,EDAS
61477,01,EDAS
61477,02,EDAS
61478,01,EDAS
61478,02,EDAS
61479,01,DAS
61479,02,EDAS
61480,01,EDAS
61480,02,EDAS
61482,01,EDAS
61482,02,EDAS
61483,01,EDAS
61483,02,EDAS
61484,01,EDAS
61484,02,EDAS
61485,01,EDAS
61485,02,EDAS
61486,01,EDAS
61486,02,EDAS
61488,01,EDAS
61488,02,EDAS
61489,01,EDAS
61489,02,EDAS
61490,01,EDAS
61490,02,EDAS
61491,01,EDAS
61491,02,EDAS
61501,01,EDAS
61501,02,EDAS
61516,01,EDAS
61516,02,EDAS
61517,01,EDAS
61517,02,EDAS
61519,01,DAS
61519,02,DAS
61520,01,DAS
61520,02,DAS
61523,01,DAS
61523,02,DAS
61524,02,DAS
61526,01,EDAS
61526,02,EDAS
61528,01,DAS
61528,02,DAS
61529,01,EDAS
61529,02,EDAS
61530,01,DAS
61530,02,DAS
61531,01,EDAS
61531,02,EDAS
61532,01,EDAS
61532,02,EDAS
61533,01,EDAS
61533,02,EDAS
61534,01,EDAS
61534,02,EDAS
61535,01,EDAS
61535,02,EDAS
61536,01,EDAS
61536,02,EDAS
61537,01,DAS
61537,02,DAS
61540,01,EDAS
61540,02,EDAS
61541,01,EDAS
61541,02,EDAS
61542,01,EDAS
61542,02,EDAS
61543,01,EDAS
61543,02,EDAS
61544,01,EDAS
61544,02,EDAS
61545,01,EDAS
61545,02,EDAS
61546,01,EDAS
61546,02,EDAS
61547,01,DAS
61547,02,DAS
61548,01,DAS
61548,02,DAS
61559,01,EDAS
61559,02,EDAS
61560,01,EDAS
61560,02,EDAS
61561,01,EDAS
61561,02,EDAS
61564,01,DAS
61564,02,DAS
61565,01,EDAS
61565,02,EDAS
61567,01,EDAS
61567,02,EDAS
61568,01,DAS
61568,02,DAS
61569,01,EDAS
61569,02,EDAS
61570,01,EDAS
61570,02,EDAS
61572,01,EDAS
61572,02,EDAS
61705,01,DAS
61705,02,DAS
61720,01,EDAS
61720,02,EDAS
61721,01,EDAS
61721,02,EDAS
61722,01,EDAS
61722,02,EDAS
61723,01,EDAS
61723,02,EDAS
61724,01,EDAS
61724,02,EDAS
61725,01,EDAS
61725,02,EDAS
61726,01,EDAS
61726,02,EDAS
61727,01,DAS
61727,02,DAS
61728,01,EDAS
61728,02,EDAS
61729,01,DAS
61729,02,DAS
61730,01,EDAS
61730,02,EDAS
61731,01,EDAS
61731,02,EDAS
61732,01,EDAS
61732,02,EDAS
61733,01,EDAS
61733,02,EDAS
61734,01,EDAS
61734,02,EDAS
61735,01,EDAS
61735,02,EDAS
61736,01,DAS
61736,02,DAS
61737,01,EDAS
61737,02,EDAS
61738,01,EDAS
61738,02,EDAS
61739,01,EDAS
61739,02,EDAS
61740,01,EDAS
61740,02,EDAS
61741,01,EDAS
61741,02,EDAS
61743,01,EDAS
61743,02,EDAS
61744,01,EDAS
61744,02,EDAS
61745,01,EDAS
61745,02,EDAS
61747,01,EDAS
61747,02,EDAS
61748,01,EDAS
61748,02,EDAS
61749,01,EDAS
61749,02,EDAS
61750,01,EDAS
61750,02,EDAS
61751,01,DAS
61751,02,DAS
61752,01,EDAS
61752,02,EDAS
61753,01,EDAS
61753,02,EDAS
61754,01,EDAS
61754,02,EDAS
61755,01,DAS
61755,02,DAS
61756,01,EDAS
61756,02,EDAS
61758,01,EDAS
61758,02,EDAS
61759,01,EDAS
61759,02,EDAS
61760,01,EDAS
61760,02,EDAS
61764,01,DAS
61764,02,DAS
61769,01,EDAS
61769,02,EDAS
61770,01,EDAS
61770,02,EDAS
61771,01,EDAS
61771,02,EDAS
61772,01,EDAS
61772,02,EDAS
61773,01,EDAS
61773,02,EDAS
61774,01,EDAS
61774,02,EDAS
61775,01,EDAS
61775,02,EDAS
61776,01,EDAS
61776,02,EDAS
61777,01,EDAS
61777,02,EDAS
61778,01,EDAS
61778,02,EDAS
61810,01,EDAS
61810,02,EDAS
61811,01,EDAS
61811,02,EDAS
61812,01,EDAS
61812,02,EDAS
61813,01,EDAS
61813,02,EDAS
61814,01,EDAS
61814,02,EDAS
61815,01,DAS
61815,02,DAS
61816,01,EDAS
61816,02,EDAS
61817,01,EDAS
61817,02,EDAS
61818,01,EDAS
61818,02,EDAS
61830,01,EDAS
61830,02,EDAS
61831,01,EDAS
61831,02,EDAS
61834,01,DAS
61834,02,DAS
61839,01,EDAS
61839,02,EDAS
61840,01,EDAS
61840,02,EDAS
61841,01,EDAS
61841,02,EDAS
61842,01,EDAS
61842,02,EDAS
61843,01,EDAS
61843,02,EDAS
61844,01,EDAS
61844,02,EDAS
61845,01,EDAS
61845,02,EDAS
61846,01,EDAS
61846,02,EDAS
61847,01,DAS
61847,02,DAS
61848,02,DAS
61849,01,EDAS
61849,02,EDAS
61850,01,EDAS
61850,02,EDAS
61851,01,DAS
61851,02,DAS
61852,01,DAS
61852,02,EDAS
61854,01,EDAS
61854,02,EDAS
61855,01,DAS
61855,02,DAS
61856,01,DAS
61856,02,DAS
61857,01,DAS
61857,02,DAS
61858,01,DAS
61858,02,DAS
61859,01,EDAS
61859,02,EDAS
61862,01,EDAS
61862,02,EDAS
61863,01,EDAS
61863,02,EDAS
61864,01,DAS
61864,02,DAS
61865,01,EDAS
61865,02,EDAS
61870,01,EDAS
61870,02,EDAS
61871,01,EDAS
61871,02,EDAS
61872,01,EDAS
61872,02,EDAS
61873,01,DAS
61873,02,DAS
61875,01,EDAS
61875,02,EDAS
61876,01,EDAS
61876,02,EDAS
61877,01,DAS
61877,02,DAS
61878,01,EDAS
61878,02,EDAS
61880,01,DAS
61880,02,DAS
61882,01,EDAS
61882,02,EDAS
61883,01,DAS
61883,02,DAS
61884,01,DAS
61884,02,DAS
61910,01,EDAS
61910,02,EDAS
61911,01,DAS
61911,02,DAS
61912,01,EDAS
61912,02,EDAS
61913,01,EDAS
61913,02,EDAS
61914,01,EDAS
61914,02,EDAS
61917,01,EDAS
61917,02,EDAS
61919,01,EDAS
61919,02,EDAS
61920,01,DAS
61920,02,DAS
61924,01,EDAS
61924,02,EDAS
61925,01,EDAS
61925,02,EDAS
61928,01,EDAS
61928,02,EDAS
61929,01,EDAS
61929,02,EDAS
61930,01,EDAS
61930,02,EDAS
61931,01,EDAS
61931,02,EDAS
61932,01,EDAS
61932,02,EDAS
61933,01,EDAS
61933,02,EDAS
61936,02,DAS
61937,01,EDAS
61937,02,EDAS
61938,01,DAS
61938,02,DAS
61940,01,EDAS
61940,02,EDAS
61941,01,DAS
61941,02,DAS
61942,01,EDAS
61942,02,EDAS
61943,01,EDAS
61943,02,EDAS
61944,01,DAS
61944,02,DAS
61949,01,EDAS
61949,02,EDAS
61951,01,EDAS
61951,02,EDAS
61953,01,DAS
61953,02,DAS
61955,01,DAS
61955,02,DAS
61956,01,DAS
61956,02,DAS
61957,01,EDAS
61957,02,EDAS
62001,01,REM
62001,02,REM
62006,01,EDAS
62006,02,EDAS
62009,01,DAS
62009,02,DAS
62011,01,EDAS
62011,02,EDAS
62012,01,EDAS
62012,02,EDAS
62013,01,EDAS
62013,02,EDAS
62014,01,EDAS
62014,02,EDAS
62015,01,EDAS
62015,02,EDAS
62016,01,EDAS
62016,02,EDAS
62017,01,EDAS
62017,02,EDAS
62019,01,EDAS
62019,02,EDAS
62021,01,EDAS
62021,02,EDAS
62022,01,EDAS
62022,02,EDAS
62023,01,DAS
62023,02,DAS
62027,01,EDAS
62027,02,EDAS
62028,01,EDAS
62028,02,EDAS
62030,01,DAS
62030,02,DAS
62031,01,EDAS
62031,02,EDAS
62032,01,EDAS
62032,02,EDAS
62033,01,EDAS
62033,02,EDAS
62035,01,DAS
62035,02,DAS
62036,01,EDAS
62036,02,EDAS
62037,01,REM
62037,02,REM
62044,01,EDAS
62044,02,EDAS
62045,01,EDAS
62045,02,EDAS
62046,01,DAS
62046,02,DAS
62047,01,EDAS
62047,02,EDAS
62048,01,DAS
62048,02,DAS
62049,01,EDAS
62049,02,EDAS
62050,01,EDAS
62050,02,EDAS
62051,01,EDAS
62051,02,EDAS
62052,01,EDAS
62052,02,EDAS
62053,01,REM
62053,02,REM
62054,01,EDAS
62054,02,EDAS
62056,01,EDAS
62056,02,EDAS
62058,01,DAS
62058,02,DAS
62061,01,EDAS
62061,02,EDAS
62063,01,EDAS
62063,02,EDAS
62065,01,EDAS
62065,02,EDAS
62067,01,DAS
62067,02,DAS
62069,01,DAS
62069,02,DAS
62070,01,EDAS
62070,02,EDAS
62074,01,REM
62074,02,REM
62075,01,EDAS
62075,02,EDAS
62076,01,EDAS
62076,02,EDAS
62078,01,EDAS
62078,02,EDAS
62079,01,EDAS
62079,02,EDAS
62080,01,EDAS
62080,02,EDAS
62081,01,EDAS
62081,02,EDAS
62082,01,EDAS
62082,02,EDAS
62083,01,EDAS
62083,02,EDAS
62084,01,DAS
62084,02,DAS
62085,01,DAS
62085,02,DAS
62086,01,EDAS
62086,02,EDAS
62087,01,DAS
62087,02,DAS
62088,01,DAS
62088,02,DAS
62089,01,DAS
62089,02,DAS
62090,01,DAS
62090,02,DAS
62091,01,EDAS
62091,02,EDAS
62092,01,EDAS
62092,02,EDAS
62093,01,DAS
62093,02,DAS
62094,01,EDAS
62094,02,EDAS
62097,01,EDAS
62097,02,EDAS
62098,01,EDAS
62098,02,EDAS
62201,01,DAS
62201,02,DAS
62202,01,DAS
62202,02,DAS
62203,01,DAS
62203,02,DAS
62204,01,DAS
62204,02,DAS
62214,01,EDAS
62214,02,EDAS
62215,01,DAS
62215,02,DAS
62216,01,DAS
62216,02,DAS
62217,01,EDAS
62217,02,EDAS
62218,01,EDAS
62218,02,EDAS
62219,01,DAS
62219,02,DAS
62224,01,DAS
62224,02,DAS
62230,01,DAS
62230,02,DAS
62231,01,EDAS
62231,02,EDAS
62232,01,DAS
62232,02,DAS
62233,01,DAS
62233,02,DAS
62236,01,DAS
62236,02,DAS
62237,01,EDAS
62237,02,EDAS
62238,01,EDAS
62238,02,EDAS
62240,01,DAS
62240,02,DAS
62241,01,EDAS
62241,02,EDAS
62242,01,EDAS
62242,02,EDAS
62243,01,DAS
62243,02,DAS
62244,01,EDAS
62244,02,EDAS
62245,01,EDAS
62245,02,EDAS
62246,01,DAS
62246,02,DAS
62249,01,DAS
62249,02,DAS
62250,01,DAS
62250,02,DAS
62252,01,EDAS
62252,02,EDAS
62253,01,EDAS
62253,02,EDAS
62254,01,DAS
62254,02,DAS
62255,01,EDAS
62255,02,EDAS
62256,02,DAS
62257,01,EDAS
62257,02,EDAS
62258,01,DAS
62258,02,DAS
62259,02,DAS
62260,01,DAS
62260,02,DAS
62261,01,EDAS
62261,02,EDAS
62262,01,REM
62262,02,REM
62263,01,EDAS
62263,02,EDAS
62264,01,DAS
62264,02,DAS
62265,01,DAS
62265,02,DAS
62266,01,DAS
62266,02,EDAS
62268,01,EDAS
62268,02,EDAS
62271,01,EDAS
62271,02,EDAS
62272,01,EDAS
62272,02,EDAS
62273,01,DAS
62273,02,EDAS
62274,01,EDAS
62274,02,EDAS
62275,01,EDAS
62275,02,EDAS
62277,01,EDAS
62277,02,EDAS
62278,01,DAS
62278,02,DAS
62279,01,DAS
62279,02,DAS
62280,01,REM
62280,02,REM
62281,01,EDAS
62281,02,EDAS
62282,01,DAS
62282,02,DAS
62283,01,EDAS
62283,02,EDAS
62284,01,EDAS
62284,02,EDAS
62285,01,DAS
62285,02,DAS
62286,01,DAS
62286,02,DAS
62288,01,EDAS
62288,02,EDAS
62289,01,DAS
62289,02,DAS
62292,01,DAS
62292,02,DAS
62293,01,DAS
62293,02,DAS
62295,01,DAS
62295,02,DAS
62297,01,EDAS
62297,02,EDAS
62298,01,DAS
62298,02,DAS
62311,01,EDAS
62311,02,EDAS
62312,01,EDAS
62312,02,EDAS
62313,01,EDAS
62313,02,EDAS
62314,01,EDAS
62314,02,EDAS
62316,01,EDAS
62316,02,EDAS
62318,01,EDAS
62318,02,EDAS
62319,01,EDAS
62319,02,EDAS
62320,01,EDAS
62320,02,EDAS
62321,01,EDAS
62321,02,EDAS
62323,01,REM
62323,02,REM
62324,01,EDAS
62324,02,EDAS
62325,01,EDAS
62325,02,EDAS
62326,01,EDAS
62326,02,EDAS
62329,01,EDAS
62329,02,EDAS
62330,01,EDAS
62330,02,EDAS
62334,01,DAS
62334,02,DAS
62336,01,EDAS
62336,02,EDAS
62338,01,EDAS
62338,02,EDAS
62339,01,EDAS
62339,02,EDAS
62340,01,EDAS
62340,02,EDAS
62341,01,EDAS
62341,02,EDAS
62343,01,EDAS
62343,02,EDAS
62344,01,REM
62344,02,REM
62345,01,EDAS
62345,02,EDAS
62346,01,EDAS
62346,02,EDAS
62347,01,EDAS
62347,02,EDAS
62348,01,EDAS
62348,02,EDAS
62349,01,EDAS
62349,02,EDAS
62351,01,EDAS
62351,02,EDAS
62352,01,DAS
62352,02,DAS
62353,01,EDAS
62353,02,EDAS
62354,01,EDAS
62354,02,EDAS
62355,01,REM
62355,02,REM
62356,01,EDAS
62356,02,EDAS
62357,01,EDAS
62357,02,EDAS
62358,01,EDAS
62358,02,EDAS
62359,01,DAS
62359,02,DAS
62360,01,EDAS
62360,02,EDAS
62361,01,EDAS
62361,02,EDAS
62362,01,DAS
62362,02,DAS
62363,01,EDAS
62363,02,EDAS
62365,01,EDAS
62365,02,EDAS
62366,01,EDAS
62366,02,EDAS
62367,01,REM
62367,02,EDAS
62370,01,EDAS
62370,02,EDAS
62373,01,EDAS
62373,02,EDAS
62374,01,EDAS
62374,02,EDAS
62375,01,EDAS
62375,02,EDAS
62376,01,EDAS
62376,02,EDAS
62378,01,EDAS
62378,02,EDAS
62379,01,EDAS
62379,02,EDAS
62380,01,EDAS
62380,02,EDAS
62410,01,EDAS
62410,02,EDAS
62411,01,EDAS
62411,02,EDAS
62413,01,EDAS
62413,02,EDAS
62414,01,EDAS
62414,02,EDAS
62417,01,EDAS
62417,02,EDAS
62418,01,EDAS
62418,02,EDAS
62419,01,EDAS
62419,02,EDAS
62420,01,EDAS
62420,02,EDAS
62421,01,EDAS
62421,02,EDAS
62422,01,EDAS
62422,02,EDAS
62423,01,EDAS
62423,02,EDAS
62424,01,EDAS
62424,02,EDAS
62425,01,EDAS
62425,02,EDAS
62426,01,EDAS
62426,02,EDAS
62427,01,EDAS
62427,02,EDAS
62428,01,EDAS
62428,02,EDAS
62431,01,EDAS
62431,02,EDAS
62432,01,EDAS
62432,02,EDAS
62433,01,EDAS
62433,02,EDAS
62434,01,EDAS
62434,02,EDAS
62436,01,EDAS
62436,02,EDAS
62438,01,EDAS
62438,02,EDAS
62439,01,EDAS
62439,02,EDAS
62440,01,EDAS
62440,02,EDAS
62441,01,EDAS
62441,02,EDAS
62442,01,EDAS
62442,02,EDAS
62443,01,REM
62443,02,REM
62444,01,EDAS
62444,02,EDAS
62445,01,EDAS
62445,02,EDAS
62446,01,EDAS
62446,02,EDAS
62447,01,EDAS
62447,02,EDAS
62448,01,EDAS
62448,02,EDAS
62449,01,EDAS
62449,02,EDAS
62450,01,DAS
62450,02,DAS
62451,01,EDAS
62451,02,EDAS
62452,01,EDAS
62452,02,EDAS
62454,01,DAS
62454,02,DAS
62458,01,DAS
62458,02,DAS
62459,01,DAS
62459,02,DAS
62460,01,REM
62460,02,REM
62461,01,EDAS
62461,02,EDAS
62462,01,EDAS
62462,02,EDAS
62463,01,EDAS
62463,02,EDAS
62464,01,DAS
62464,02,DAS
62465,01,EDAS
62465,02,EDAS
62466,01,EDAS
62466,02,EDAS
62467,01,DAS
62467,02,DAS
62468,01,EDAS
62468,02,EDAS
62469,01,EDAS
62469,02,EDAS
62471,01,DAS
62471,02,DAS
62473,01,EDAS
62473,02,EDAS
62474,01,EDAS
62474,02,EDAS
62475,01,EDAS
62475,02,EDAS
62476,01,EDAS
62476,02,EDAS
62477,01,EDAS
62477,02,EDAS
62478,01,EDAS
62478,02,EDAS
62479,01,EDAS
62479,02,EDAS
62480,01,EDAS
62480,02,EDAS
62481,01,DAS
62481,02,DAS
62501,01,EDAS
62501,02,EDAS
62510,01,EDAS
62510,02,EDAS
62512,01,EDAS
62512,02,EDAS
62513,01,REM
62513,02,REM
62514,01,EDAS
62514,02,EDAS
62515,01,EDAS
62515,02,EDAS
62517,01,DAS
62517,02,DAS
62518,01,EDAS
62518,02,EDAS
62519,01,DAS
62519,02,DAS
62520,01,EDAS
62520,02,EDAS
62522,01,DAS
62522,02,DAS
62523,01,DAS
62523,02,DAS
62525,01,DAS
62525,02,DAS
62530,01,EDAS
62530,02,EDAS
62531,01,REM
62531,02,REM
62532,01,DAS
62532,02,DAS
62533,01,EDAS
62533,02,EDAS
62534,01,EDAS
62534,02,EDAS
62536,01,EDAS
62536,02,EDAS
62537,01,DAS
62537,02,DAS
62538,01,REM
62538,02,REM
62539,01,EDAS
62539,02,EDAS
62540,01,DAS
62540,02,DAS
62541,01,DAS
62541,02,DAS
62543,01,EDAS
62543,02,EDAS
62544,01,EDAS
62544,02,EDAS
62545,01,EDAS
62545,02,EDAS
62546,01,REM
62546,02,REM
62547,01,EDAS
62547,02,EDAS
62548,01,EDAS
62548,02,EDAS
62549,01,DAS
62549,02,DAS
62550,01,EDAS
62550,02,EDAS
62551,01,EDAS
62551,02,EDAS
62552,01,EDAS
62552,02,EDAS
62553,01,REM
62553,02,REM
62554,01,DAS
62554,02,DAS
62555,01,EDAS
62555,02,EDAS
62556,01,EDAS
62556,02,EDAS
62557,01,EDAS
62557,02,EDAS
62558,01,EDAS
62558,02,EDAS
62560,01,EDAS
62560,02,EDAS
62561,01,DAS
62561,02,DAS
62563,01,DAS
62563,02,DAS
62565,01,EDAS
62565,02,EDAS
62567,01,EDAS
62567,02,EDAS
62568,01,DAS
62568,02,DAS
62571,01,EDAS
62571,02,EDAS
62572,01,EDAS
62572,02,EDAS
62573,01,EDAS
62573,02,EDAS
62601,01,EDAS
62601,02,EDAS
62610,01,DAS
62610,02,EDAS
62611,01,EDAS
62611,02,EDAS
62612,01,EDAS
62612,02,EDAS
62613,01,EDAS
62613,02,EDAS
62615,01,DAS
62615,02,DAS
62617,01,EDAS
62617,02,EDAS
62618,01,EDAS
62618,02,EDAS
62621,01,EDAS
62621,02,EDAS
62622,01,DAS
62622,02,DAS
62624,01,EDAS
62624,02,EDAS
62625,01,EDAS
62625,02,EDAS
62626,01,EDAS
62626,02,EDAS
62627,01,EDAS
62627,02,EDAS
62628,01,EDAS
62628,02,EDAS
62630,01,EDAS
62630,02,EDAS
62631,01,EDAS
62631,02,EDAS
62633,01,EDAS
62633,02,EDAS
62634,01,EDAS
62634,02,EDAS
62635,01,EDAS
62635,02,EDAS
62638,01,EDAS
62638,02,EDAS
62639,01,EDAS
62639,02,EDAS
62640,01,EDAS
62640,02,EDAS
62642,01,EDAS
62642,02,EDAS
62643,01,EDAS
62643,02,EDAS
62644,01,EDAS
62644,02,EDAS
62649,01,EDAS
62649,02,EDAS
62650,01,DAS
62650,02,DAS
62651,01,DAS
62651,02,DAS
62655,01,EDAS
62655,02,EDAS
62656,01,DAS
62656,02,DAS
62659,01,EDAS
62659,02,EDAS
62661,01,EDAS
62661,02,EDAS
62662,01,EDAS
62662,02,EDAS
62663,01,EDAS
62663,02,EDAS
62664,01,EDAS
62664,02,EDAS
62665,01,EDAS
62665,02,EDAS
62666,01,EDAS
62666,02,EDAS
62667,01,EDAS
62667,02,EDAS
62668,01,EDAS
62668,02,EDAS
62670,01,EDAS
62670,02,EDAS
62671,01,EDAS
62671,02,EDAS
62672,01,EDAS
62672,02,EDAS
62673,01,EDAS
62673,02,EDAS
62674,01,EDAS
62674,02,EDAS
62675,01,EDAS
62675,02,EDAS
62677,01,EDAS
62677,02,EDAS
62681,01,EDAS
62681,02,EDAS
62682,01,EDAS
62682,02,EDAS
62683,01,DAS
62683,02,DAS
62685,01,EDAS
62685,02,EDAS
62686,01,EDAS
62686,02,EDAS
62688,01,EDAS
62688,02,EDAS
62690,01,DAS
62690,02,DAS
62691,01,EDAS
62691,02,EDAS
62692,01,REM
62692,02,REM
62693,01,DAS
62693,02,DAS
62694,01,EDAS
62694,02,EDAS
62801,01,DAS
62801,02,DAS
62803,01,EDAS
62803,02,EDAS
62805,01,EDAS
62805,02,EDAS
62806,01,EDAS
62806,02,EDAS
62807,01,EDAS
62807,02,EDAS
62808,01,EDAS
62808,02,EDAS
62809,01,EDAS
62809,02,EDAS
62810,01,EDAS
62810,02,EDAS
62811,01,DAS
62811,02,EDAS
62812,01,DAS
62812,02,DAS
62814,01,EDAS
62814,02,EDAS
62815,01,EDAS
62815,02,EDAS
62816,01,EDAS
62816,02,EDAS
62817,01,EDAS
62817,02,EDAS
62818,01,EDAS
62818,02,EDAS
62819,01,DAS
62819,02,DAS
62820,01,EDAS
62820,02,EDAS
62821,01,EDAS
62821,02,EDAS
62822,01,DAS
62822,02,DAS
62823,01,EDAS
62823,02,EDAS
62824,01,EDAS
62824,02,EDAS
62825,01,DAS
62825,02,DAS
62827,01,EDAS
62827,02,EDAS
62828,01,EDAS
62828,02,EDAS
62830,01,EDAS
62830,02,EDAS
62831,01,EDAS
62831,02,EDAS
62832,01,EDAS
62832,02,EDAS
62833,01,REM
62833,02,REM
62835,01,EDAS
62835,02,EDAS
62836,01,EDAS
62836,02,EDAS
62837,01,EDAS
62837,02,EDAS
62838,01,EDAS
62838,02,EDAS
62841,01,DAS
62841,02,DAS
62842,01,EDAS
62842,02,EDAS
62843,01,REM
62843,02,REM
62844,01,EDAS
62844,02,EDAS
62845,01,EDAS
62845,02,EDAS
62846,01,DAS
62846,02,DAS
62847,01,EDAS
62847,02,EDAS
62848,01,DAS
62848,02,DAS
62849,01,REM
62849,02,REM
62850,01,EDAS
62850,02,EDAS
62851,01,EDAS
62851,02,EDAS
62852,01,DAS
62852,02,DAS
62853,01,EDAS
62853,02,EDAS
62854,01,EDAS
62854,02,EDAS
62855,01,EDAS
62855,02,EDAS
62857,01,EDAS
62857,02,EDAS
62858,01,EDAS
62858,02,EDAS
62859,01,EDAS
62859,02,EDAS
62860,01,REM
62860,02,EDAS
62861,01,REM
62861,02,REM
62862,01,EDAS
62862,02,EDAS
62863,01,EDAS
62863,02,EDAS
62865,01,REM
62865,02,REM
62866,01,EDAS
62866,02,EDAS
62867,01,EDAS
62867,02,EDAS
62868,01,EDAS
62868,02,EDAS
62869,01,EDAS
62869,02,EDAS
62870,01,EDAS
62870,02,EDAS
62871,01,EDAS
62871,02,EDAS
62872,01,EDAS
62872,02,EDAS
62874,01,DAS
62874,02,DAS
62875,01,EDAS
62875,02,EDAS
62876,02,DAS
62877,01,EDAS
62877,02,EDAS
62878,01,EDAS
62878,02,EDAS
62880,01,EDAS
62880,02,EDAS
62881,01,DAS
62881,02,DAS
62882,01,EDAS
62882,02,EDAS
62883,01,DAS
62883,02,DAS
62884,01,EDAS
62884,02,EDAS
62885,01,EDAS
62885,02,EDAS
62886,01,EDAS
62886,02,EDAS
62887,01,EDAS
62887,02,EDAS
62888,01,REM
62888,02,REM
62889,01,EDAS
62889,02,EDAS
62890,01,EDAS
62890,02,EDAS
62891,01,DAS
62891,02,DAS
62892,01,EDAS
62892,02,EDAS
62893,01,EDAS
62893,02,EDAS
62894,01,EDAS
62894,02,EDAS
62895,01,EDAS
62895,02,EDAS
62896,01,DAS
62896,02,DAS
62897,01,EDAS
62897,02,EDAS
62898,01,REM
62898,02,REM
62899,01,EDAS
62899,02,EDAS
62902,01,DAS
62902,02,DAS
62903,01,DAS
62903,02,DAS
62905,01,EDAS
62905,02,EDAS
62906,01,DAS
62906,02,DAS
62907,01,REM
62907,02,EDAS
62908,01,EDAS
62908,02,EDAS
62909,01,EDAS
62909,02,EDAS
62910,01,REM
62910,02,REM
62912,01,EDAS
62912,02,EDAS
62914,01,EDAS
62914,02,EDAS
62916,01,EDAS
62916,02,EDAS
62917,01,EDAS
62917,02,EDAS
62918,01,DAS
62918,02,DAS
62919,01,EDAS
62919,02,EDAS
62920,01,REM
62920,02,REM
62922,01,REM
62922,02,REM
62923,01,EDAS
62923,02,EDAS
62924,01,EDAS
62924,02,EDAS
62926,01,EDAS
62926,02,EDAS
62927,02,DAS
62928,01,REM
62928,02,REM
62930,01,DAS
62930,02,DAS
62931,01,REM
62931,02,REM
62932,01,EDAS
62932,02,EDAS
62933,01,DAS
62933,02,DAS
62934,01,EDAS
62934,02,EDAS
62935,01,EDAS
62935,02,EDAS
62938,01,REM
62938,02,REM
62939,01,DAS
62939,02,DAS
62940,01,REM
62940,02,REM
62941,01,EDAS
62941,02,EDAS
62942,01,EDAS
62942,02,EDAS
62943,01,EDAS
62943,02,EDAS
62946,01,DAS
62946,02,DAS
62947,01,REM
62947,02,REM
62949,01,DAS
62949,02,DAS
62950,01,EDAS
62950,02,EDAS
62951,01,DAS
62951,02,DAS
62952,01,EDAS
62952,02,EDAS
62953,01,EDAS
62953,02,EDAS
62954,01,EDAS
62954,02,EDAS
62956,01,EDAS
62956,02,EDAS
62957,01,EDAS
62957,02,EDAS
62958,01,EDAS
62958,02,EDAS
62960,01,EDAS
62960,02,EDAS
62961,01,EDAS
62961,02,EDAS
62962,01,REM
62962,02,REM
62963,01,EDAS
62963,02,EDAS
62964,01,EDAS
62964,02,EDAS
62965,01,DAS
62965,02,DAS
62966,01,DAS
62966,02,DAS
62967,01,EDAS
62967,02,EDAS
62969,01,EDAS
62969,02,EDAS
62970,01,EDAS
62970,02,EDAS
62972,01,EDAS
62972,02,EDAS
62974,01,EDAS
62974,02,EDAS
62975,01,EDAS
62975,02,EDAS
62976,01,EDAS
62976,02,EDAS
62977,01,EDAS
62977,02,EDAS
62979,01,EDAS
62979,02,EDAS
62982,01,EDAS
62982,02,EDAS
62983,01,EDAS
62983,02,EDAS
62984,01,EDAS
62984,02,EDAS
62985,01,EDAS
62985,02,EDAS
62987,01,EDAS
62987,02,EDAS
62988,01,EDAS
62988,02,EDAS
62990,01,EDAS
62990,02,EDAS
62991,01,EDAS
62991,02,EDAS
62992,01,EDAS
62992,02,EDAS
62994,01,EDAS
62994,02,EDAS
62995,01,EDAS
62995,02,EDAS
62996,01,EDAS
62996,02,EDAS
62997,01,EDAS
62997,02,EDAS
62998,01,EDAS
62998,02,EDAS
62999,01,DAS
62999,02,DAS
63001,01,DAS
63001,02,DAS
63012,01,DAS
63012,02,DAS
63013,01,REM
63013,02,REM
63014,01,EDAS
63014,02,EDAS
63015,01,EDAS
63015,02,EDAS
63016,01,DAS
63016,02,DAS
63019,01,DAS
63019,02,DAS
63020,01,EDAS
63020,02,EDAS
63023,01,EDAS
63023,02,EDAS
63025,01,DAS
63025,02,DAS
63028,01,DAS
63028,02,DAS
63030,01,REM
63030,02,REM
63036,01,EDAS
63036,02,EDAS
63037,01,EDAS
63037,02,EDAS
63038,01,EDAS
63038,02,DAS
63039,01,DAS
63039,02,DAS
63040,01,DAS
63040,02,DAS
63041,01,EDAS
63041,02,EDAS
63047,01,DAS
63047,02,DAS
63049,01,DAS
63049,02,DAS
63050,01,EDAS
63050,02,EDAS
63051,01,EDAS
63051,02,DAS
63052,01,DAS
63052,02,DAS
63055,01,EDAS
63055,02,EDAS
63056,01,REM
63056,02,REM
63057,01,DAS
63057,02,EDAS
63060,01,EDAS
63060,02,EDAS
63061,01,EDAS
63061,02,EDAS
63066,01,EDAS
63066,02,EDAS
63068,01,EDAS
63068,02,EDAS
63069,01,DAS
63069,02,DAS
63071,01,REM
63071,02,REM
63072,01,EDAS
63072,02,EDAS
63077,01,EDAS
63077,02,EDAS
63079,01,DAS
63079,02,DAS
63080,01,DAS
63080,02,DAS
63084,01,DAS
63084,02,DAS
63087,01,EDAS
63087,02,EDAS
63089,01,DAS
63089,02,DAS
63090,01,DAS
63090,02,DAS
63091,01,EDAS
63091,02,EDAS
63330,01,EDAS
63330,02,EDAS
63332,01,EDAS
63332,02,EDAS
63333,01,EDAS
63333,02,EDAS
63334,01,EDAS
63334,02,EDAS
63336,01,EDAS
63336,02,EDAS
63339,01,EDAS
63339,02,EDAS
63341,01,DAS
63341,02,DAS
63342,01,EDAS
63342,02,EDAS
63343,01,EDAS
63343,02,EDAS
63344,01,EDAS
63344,02,EDAS
63345,01,EDAS
63345,02,EDAS
63347,01,REM
63347,02,REM
63348,01,EDAS
63348,02,DAS
63349,01,EDAS
63349,02,EDAS
63350,01,EDAS
63350,02,EDAS
63351,01,EDAS
63351,02,EDAS
63352,01,EDAS
63352,02,EDAS
63353,01,EDAS
63353,02,EDAS
63357,01,EDAS
63357,02,EDAS
63359,01,EDAS
63359,02,EDAS
63361,01,EDAS
63361,02,EDAS
63362,01,DAS
63362,02,DAS
63363,01,REM
63363,02,REM
63369,01,EDAS
63369,02,EDAS
63370,01,DAS
63370,02,DAS
63373,01,EDAS
63373,02,EDAS
63377,01,EDAS
63377,02,EDAS
63378,01,EDAS
63378,02,EDAS
63379,01,DAS
63379,02,DAS
63380,01,EDAS
63380,02,EDAS
63381,01,EDAS
63381,02,EDAS
63382,01,EDAS
63382,02,EDAS
63383,01,EDAS
63383,02,EDAS
63384,01,EDAS
63384,02,EDAS
63386,01,REM
63386,02,REM
63387,01,DAS
63387,02,DAS
63388,01,REM
63388,02,REM
63389,01,DAS
63389,02,DAS
63390,01,EDAS
63390,02,EDAS
63401,01,DAS
63401,02,DAS
63430,01,EDAS
63430,02,EDAS
63431,01,EDAS
63431,02,EDAS
63432,01,EDAS
63432,02,EDAS
63433,01,REM
63433,02,REM
63434,01,EDAS
63434,02,EDAS
63435,01,EDAS
63435,02,EDAS
63436,01,EDAS
63436,02,EDAS
63437,01,EDAS
63437,02,EDAS
63438,01,EDAS
63438,02,EDAS
63439,01,REM
63439,02,REM
63440,01,EDAS
63440,02,EDAS
63441,01,EDAS
63441,02,EDAS
63442,01,DAS
63442,02,DAS
63443,01,EDAS
63443,02,EDAS
63445,01,EDAS
63445,02,EDAS
63446,01,REM
63446,02,REM
63447,01,EDAS
63447,02,EDAS
63448,01,EDAS
63448,02,EDAS
63450,01,REM
63450,02,REM
63451,01,EDAS
63451,02,EDAS
63452,01,EDAS
63452,02,EDAS
63453,01,EDAS
63453,02,EDAS
63454,01,EDAS
63454,02,EDAS
63456,01,EDAS
63456,02,EDAS
63457,01,DAS
63457,02,DAS
63458,01,EDAS
63458,02,EDAS
63459,01,EDAS
63459,02,EDAS
63460,01,EDAS
63460,02,EDAS
63461,01,EDAS
63461,02,EDAS
63462,01,EDAS
63462,02,EDAS
63463,01,EDAS
63463,02,EDAS
63464,01,EDAS
63464,02,EDAS
63465,01,EDAS
63465,02,EDAS
63466,01,EDAS
63466,02,EDAS
63467,01,DAS
63467,02,DAS
63468,01,EDAS
63468,02,EDAS
63469,01,EDAS
63469,02,EDAS
63471,01,EDAS
63471,02,EDAS
63472,01,EDAS
63472,02,EDAS
63473,01,EDAS
63473,02,EDAS
63474,01,EDAS
63474,02,EDAS
63501,01,DAS
63501,02,DAS
63530,01,EDAS
63530,02,EDAS
63531,01,EDAS
63531,02,EDAS
63532,01,EDAS
63532,02,EDAS
63533,01,EDAS
63533,02,EDAS
63534,01,EDAS
63534,02,EDAS
63535,01,EDAS
63535,02,EDAS
63536,01,EDAS
63536,02,EDAS
63537,01,EDAS
63537,02,EDAS
63538,01,EDAS
63538,02,EDAS
63539,01,EDAS
63539,02,EDAS
63540,01,DAS
63540,02,DAS
63541,01,EDAS
63541,02,EDAS
63543,01,EDAS
63543,02,EDAS
63544,01,REM
63544,02,REM
63545,01,EDAS
63545,02,EDAS
63546,01,EDAS
63546,02,EDAS
63547,01,EDAS
63547,02,EDAS
63548,01,EDAS
63548,02,EDAS
63549,01,EDAS
63549,02,EDAS
63551,01,EDAS
63551,02,EDAS
63552,01,EDAS
63552,02,EDAS
63555,01,EDAS
63555,02,EDAS
63556,01,EDAS
63556,02,EDAS
63557,01,REM
63557,02,REM
63558,01,EDAS
63558,02,EDAS
63559,01,EDAS
63559,02,EDAS
63560,01,REM
63560,02,REM
63561,01,EDAS
63561,02,EDAS
63563,01,DAS
63563,02,DAS
63565,01,EDAS
63565,02,EDAS
63566,01,EDAS
63566,02,EDAS
63567,01,EDAS
63567,02,EDAS
63601,01,DAS
63601,02,DAS
63620,01,REM
63620,02,REM
63621,01,EDAS
63621,02,EDAS
63622,01,EDAS
63622,02,EDAS
63623,01,REM
63623,02,EDAS
63624,01,EDAS
63624,02,EDAS
63625,01,REM
63625,02,REM
63626,01,EDAS
63626,02,EDAS
63627,01,EDAS
63627,02,EDAS
63628,01,EDAS
63628,02,EDAS
63629,01,REM
63629,02,REM
63630,01,REM
63630,02,REM
63631,01,EDAS
63631,02,EDAS
63633,01,REM
63633,02,REM
63636,01,EDAS
63636,02,EDAS
63637,01,EDAS
63637,02,EDAS
63638,01,REM
63638,02,REM
63640,01,DAS
63640,02,DAS
63645,01,EDAS
63645,02,EDAS
63648,01,EDAS
63648,02,EDAS
63650,01,EDAS
63650,02,EDAS
63651,01,DAS
63651,02,DAS
63653,01,EDAS
63653,02,EDAS
63654,01,EDAS
63654,02,EDAS
63655,01,REM
63655,02,REM
63656,01,REM
63656,02,REM
63660,01,EDAS
63660,02,EDAS
63662,01,REM
63662,02,REM
63663,01,DAS
63663,02,DAS
63664,01,EDAS
63664,02,EDAS
63665,01,REM
63665,02,REM
63666,01,DAS
63666,02,DAS
63670,01,EDAS
63670,02,EDAS
63673,01,EDAS
63673,02,EDAS
63674,01,REM
63674,02,REM
63675,01,REM
63675,02,REM
63730,01,EDAS
63730,02,EDAS
63732,01,EDAS
63732,02,EDAS
63735,01,EDAS
63735,02,EDAS
63736,01,EDAS
63736,02,EDAS
63738,01,EDAS
63738,02,EDAS
63739,01,EDAS
63739,02,EDAS
63740,01,EDAS
63740,02,EDAS
63742,01,DAS
63742,02,DAS
63743,01,EDAS
63743,02,EDAS
63744,01,EDAS
63744,02,EDAS
63745,01,EDAS
63745,02,EDAS
63747,01,EDAS
63747,02,EDAS
63748,01,EDAS
63748,02,EDAS
63750,01,EDAS
63750,02,EDAS
63751,01,REM
63751,02,REM
63753,01,EDAS
63753,02,EDAS
63755,01,DAS
63755,02,DAS
63758,01,DAS
63758,02,DAS
63760,01,EDAS
63760,02,EDAS
63763,01,REM
63763,02,REM
63764,01,REM
63764,02,REM
63766,01,EDAS
63766,02,EDAS
63767,01,EDAS
63767,02,EDAS
63769,01,EDAS
63769,02,EDAS
63770,01,EDAS
63770,02,EDAS
63771,01,EDAS
63771,02,EDAS
63774,01,EDAS
63774,02,EDAS
63775,01,DAS
63775,02,DAS
63776,01,DAS
63776,02,DAS
63779,01,DAS
63779,02,DAS
63780,01,DAS
63780,02,DAS
63781,01,REM
63781,02,REM
63782,01,EDAS
63782,02,EDAS
63783,01,EDAS
63783,02,EDAS
63784,01,REM
63784,02,REM
63785,01,EDAS
63785,02,EDAS
63787,01,REM
63787,02,REM
63820,01,EDAS
63820,02,EDAS
63821,01,EDAS
63821,02,EDAS
63822,01,EDAS
63822,02,EDAS
63823,01,EDAS
63823,02,EDAS
63824,01,DAS
63824,02,DAS
63825,01,EDAS
63825,02,EDAS
63826,01,DAS
63826,02,DAS
63827,01,EDAS
63827,02,EDAS
63828,01,DAS
63828,02,DAS
63829,01,EDAS
63829,02,EDAS
63830,01,EDAS
63830,02,EDAS
63833,01,REM
63833,02,REM
63834,01,EDAS
63834,02,EDAS
63837,01,EDAS
63837,02,EDAS
63839,01,EDAS
63839,02,EDAS
63840,01,DAS
63840,02,DAS
63841,01,DAS
63841,02,DAS
63845,01,EDAS
63845,02,EDAS
63846,01,EDAS
63846,02,EDAS
63847,01,REM
63847,02,REM
63848,01,EDAS
63848,02,EDAS
63849,01,DAS
63849,02,DAS
63850,01,EDAS
63850,02,EDAS
63851,01,EDAS
63851,02,EDAS
63852,01,EDAS
63852,02,EDAS
63853,01,DAS
63853,02,DAS
63855,01,EDAS
63855,02,EDAS
63857,01,DAS
63857,02,DAS
63860,01,EDAS
63860,02,EDAS
63862,01,EDAS
63862,02,EDAS
63863,01,DAS
63863,02,DAS
63866,01,DAS
63866,02,DAS
63867,01,EDAS
63867,02,EDAS
63868,01,EDAS
63868,02,EDAS
63869,01,EDAS
63869,02,EDAS
63870,01,EDAS
63870,02,EDAS
63871,01,EDAS
63871,02,EDAS
63873,01,EDAS
63873,02,EDAS
63874,01,EDAS
63874,02,EDAS
63875,01,EDAS
63875,02,EDAS
63876,01,EDAS
63876,02,EDAS
63877,01,EDAS
63877,02,EDAS
63878,01,REM
63878,02,REM
63879,01,EDAS
63879,02,EDAS
63880,01,DAS
63880,02,DAS
63882,01,DAS
63882,02,DAS
63901,01,DAS
63901,02,DAS
63902,01,DAS
63902,02,DAS
63931,01,EDAS
63931,02,EDAS
63932,01,EDAS
63932,02,EDAS
63933,01,EDAS
63933,02,EDAS
63934,01,EDAS
63934,02,EDAS
63935,01,EDAS
63935,02,EDAS
63936,01,REM
63936,02,REM
63937,01,REM
63937,02,REM
63939,01,EDAS
63939,02,EDAS
63940,01,EDAS
63940,02,EDAS
63941,01,REM
63941,02,REM
63942,01,REM
63942,02,REM
63943,01,EDAS
63943,02,EDAS
63944,01,REM
63944,02,REM
63945,01,EDAS
63945,02,EDAS
63947,01,EDAS
63947,02,EDAS
63950,01,REM
63950,02,REM
63951,01,REM
63951,02,REM
63952,01,REM
63952,02,REM
63953,01,EDAS
63953,02,EDAS
63954,01,REM
63954,02,REM
63955,01,EDAS
63955,02,EDAS
63956,01,REM
63956,02,REM
63957,01,REM
63957,02,REM
63960,01,EDAS
63960,02,EDAS
63961,01,REM
63961,02,REM
63963,01,EDAS
63963,02,EDAS
63964,01,REM
63964,02,REM
63965,01,EDAS
63965,02,EDAS
63966,01,EDAS
63966,02,EDAS
63967,01,EDAS
63967,02,EDAS
64001,01,EDAS
64001,02,EDAS
64011,01,EDAS
64011,02,EDAS
64016,01,EDAS
64016,02,EDAS
64017,01,EDAS
64017,02,EDAS
64018,01,EDAS
64018,02,EDAS
64019,01,EDAS
64019,02,EDAS
64020,01,EDAS
64020,02,EDAS
64021,01,EDAS
64021,02,EDAS
64022,01,EDAS
64022,02,EDAS
64024,01,DAS
64024,02,DAS
64034,01,DAS
64034,02,DAS
64035,01,EDAS
64035,02,EDAS
64036,01,EDAS
64036,02,EDAS
64037,01,EDAS
64037,02,EDAS
64040,01,EDAS
64040,02,EDAS
64048,01,DAS
64048,02,DAS
64056,01,DAS
64056,02,DAS
64060,01,DAS
64060,02,DAS
64061,01,EDAS
64061,02,EDAS
64062,01,EDAS
64062,02,EDAS
64066,01,DAS
64066,02,DAS
64067,01,EDAS
64067,02,EDAS
64070,01,DAS
64070,02,DAS
64071,01,EDAS
64071,02,EDAS
64074,01,EDAS
64074,02,EDAS
64075,01,DAS
64075,02,DAS
64076,01,EDAS
64076,02,EDAS
64077,01,EDAS
64077,02,EDAS
64078,01,DAS
64078,02,DAS
64079,01,DAS
64079,02,DAS
64080,01,DAS
64080,02,DAS
64084,01,EDAS
64084,02,EDAS
64085,01,EDAS
64085,02,EDAS
64088,01,EDAS
64088,02,EDAS
64089,01,DAS
64089,02,DAS
64090,01,DAS
64090,02,DAS
64093,01,DAS
64093,02,DAS
64096,01,EDAS
64096,02,EDAS
64097,01,DAS
64097,02,DAS
64098,01,EDAS
64098,02,EDAS
64136,01,DAS
64136,02,DAS
64146,01,DAS
64146,02,DAS
64149,01,DAS
64149,02,DAS
64163,01,DAS
64163,02,DAS
64164,01,EDAS
64164,02,EDAS
64165,01,DAS
64165,02,DAS
64166,01,EDAS
64166,02,EDAS
64167,01,DAS
64167,02,DAS
64401,01,EDAS
64401,02,EDAS
64402,01,REM
64402,02,REM
64420,01,EDAS
64420,02,EDAS
64421,01,REM
64421,02,REM
64422,01,EDAS
64422,02,EDAS
64423,01,EDAS
64423,02,EDAS
64424,01,EDAS
64424,02,EDAS
64426,01,EDAS
64426,02,EDAS
64427,01,EDAS
64427,02,EDAS
64428,01,EDAS
64428,02,EDAS
64429,01,DAS
64429,02,DAS
64430,01,EDAS
64430,02,EDAS
64431,01,EDAS
64431,02,EDAS
64432,01,DAS
64432,02,DAS
64433,01,EDAS
64433,02,EDAS
64434,01,EDAS
64434,02,EDAS
64436,01,EDAS
64436,02,EDAS
64437,01,REM
64437,02,REM
64438,01,EDAS
64438,02,EDAS
64439,01,EDAS
64439,02,EDAS
64440,01,EDAS
64440,02,EDAS
64441,01,REM
64441,02,REM
64442,01,EDAS
64442,02,EDAS
64443,01,EDAS
64443,02,EDAS
64444,01,EDAS
64444,02,EDAS
64445,01,EDAS
64445,02,EDAS
64446,01,EDAS
64446,02,EDAS
64448,01,EDAS
64448,02,EDAS
64449,01,EDAS
64449,02,EDAS
64451,01,EDAS
64451,02,EDAS
64453,01,EDAS
64453,02,EDAS
64454,01,EDAS
64454,02,EDAS
64455,01,EDAS
64455,02,EDAS
64456,01,REM
64456,02,REM
64457,01,REM
64457,02,REM
64458,01,EDAS
64458,02,EDAS
64459,01,EDAS
64459,02,EDAS
64461,01,EDAS
64461,02,EDAS
64463,01,EDAS
64463,02,EDAS
64465,01,EDAS
64465,02,EDAS
64466,01,EDAS
64466,02,EDAS
64467,01,EDAS
64467,02,EDAS
64468,01,DAS
64468,02,DAS
64469,01,EDAS
64469,02,EDAS
64470,01,EDAS
64470,02,EDAS
64471,01,EDAS
64471,02,EDAS
64473,01,EDAS
64473,02,EDAS
64474,01,EDAS
64474,02,EDAS
64475,01,EDAS
64475,02,EDAS
64476,01,EDAS
64476,02,EDAS
64477,01,EDAS
64477,02,EDAS
64479,01,EDAS
64479,02,EDAS
64480,01,EDAS
64480,02,EDAS
64481,01,REM
64481,02,REM
64482,01,EDAS
64482,02,EDAS
64483,01,EDAS
64483,02,EDAS
64484,01,EDAS
64484,02,EDAS
64485,01,DAS
64485,02,DAS
64486,01,EDAS
64486,02,EDAS
64487,01,REM
64487,02,REM
64489,01,EDAS
64489,02,EDAS
64490,01,EDAS
64490,02,EDAS
64491,01,REM
64491,02,REM
64492,01,EDAS
64492,02,EDAS
64493,01,EDAS
64493,02,EDAS
64494,01,EDAS
64494,02,EDAS
64496,01,EDAS
64496,02,EDAS
64497,01,EDAS
64497,02,EDAS
64498,01,REM
64498,02,REM
64499,01,REM
64499,02,REM
64504,01,DAS
64504,02,DAS
64505,01,DAS
64505,02,DAS
64601,01,DAS
64601,02,DAS
64620,01,EDAS
64620,02,EDAS
64622,01,EDAS
64622,02,EDAS
64623,01,EDAS
64623,02,EDAS
64624,01,EDAS
64624,02,EDAS
64625,01,EDAS
64625,02,EDAS
64628,01,DAS
64628,02,DAS
64630,01,EDAS
64630,02,EDAS
64631,01,EDAS
64631,02,EDAS
64632,01,EDAS
64632,02,EDAS
64633,01,EDAS
64633,02,EDAS
64635,01,EDAS
64635,02,EDAS
64636,01,EDAS
64636,02,EDAS
64637,01,EDAS
64637,02,EDAS
64638,01,EDAS
64638,02,EDAS
64639,01,EDAS
64639,02,EDAS
64640,01,EDAS
64640,02,EDAS
64641,01,EDAS
64641,02,EDAS
64642,01,EDAS
64642,02,EDAS
64643,01,EDAS
64643,02,EDAS
64644,01,EDAS
64644,02,EDAS
64645,01,EDAS
64645,02,EDAS
64646,01,REM
64646,02,REM
64647,01,EDAS
64647,02,EDAS
64648,01,EDAS
64648,02,EDAS
64649,01,EDAS
64649,02,EDAS
64650,01,EDAS
64650,02,EDAS
64651,01,EDAS
64651,02,EDAS
64652,01,EDAS
64652,02,EDAS
64653,01,EDAS
64653,02,EDAS
64654,01,EDAS
64654,02,EDAS
64655,01,EDAS
64655,02,EDAS
64656,01,EDAS
64656,02,EDAS
64657,01,EDAS
64657,02,EDAS
64658,01,DAS
64658,02,DAS
64659,01,EDAS
64659,02,EDAS
64660,01,EDAS
64660,02,EDAS
64661,01,EDAS
64661,02,EDAS
64664,01,EDAS
64664,02,EDAS
64667,01,REM
64667,02,REM
64668,01,EDAS
64668,02,EDAS
64670,01,EDAS
64670,02,EDAS
64671,01,EDAS
64671,02,EDAS
64672,01,REM
64672,02,REM
64673,01,EDAS
64673,02,EDAS
64674,01,EDAS
64674,02,EDAS
64676,01,EDAS
64676,02,EDAS
64679,01,EDAS
64679,02,EDAS
64680,01,EDAS
64680,02,EDAS
64681,01,EDAS
64681,02,EDAS
64682,01,EDAS
64682,02,EDAS
64683,01,EDAS
64683,02,EDAS
64686,01,EDAS
64686,02,EDAS
64688,01,EDAS
64688,02,EDAS
64689,01,EDAS
64689,02,EDAS
64701,01,DAS
64701,02,DAS
64720,01,EDAS
64720,02,EDAS
64722,01,EDAS
64722,02,EDAS
64723,01,EDAS
64723,02,EDAS
64724,01,EDAS
64724,02,EDAS
64725,01,EDAS
64725,02,EDAS
64726,01,EDAS
64726,02,EDAS
64728,01,EDAS
64728,02,EDAS
64730,01,EDAS
64730,02,EDAS
64733,01,EDAS
64733,02,EDAS
64734,01,EDAS
64734,02,EDAS
64735,01,DAS
64735,02,DAS
64738,01,EDAS
64738,02,EDAS
64739,01,EDAS
64739,02,EDAS
64740,01,REM
64740,02,REM
64741,01,EDAS
64741,02,EDAS
64742,01,EDAS
64742,02,EDAS
64743,01,DAS
64743,02,DAS
64744,01,EDAS
64744,02,EDAS
64745,01,EDAS
64745,02,EDAS
64746,01,EDAS
64746,02,EDAS
64747,01,EDAS
64747,02,EDAS
64748,01,EDAS
64748,02,EDAS
64750,01,EDAS
64750,02,EDAS
64751,01,EDAS
64751,02,EDAS
64752,01,EDAS
64752,02,EDAS
64755,01,EDAS
64755,02,EDAS
64756,01,REM
64756,02,REM
64759,01,EDAS
64759,02,EDAS
64761,01,EDAS
64761,02,EDAS
64762,01,EDAS
64762,02,EDAS
64763,01,EDAS
64763,02,EDAS
64765,01,DAS
64765,02,DAS
64767,01,EDAS
64767,02,EDAS
64769,01,EDAS
64769,02,EDAS
64770,01,EDAS
64770,02,EDAS
64771,01,EDAS
64771,02,EDAS
64772,01,DAS
64772,02,DAS
64776,01,EDAS
64776,02,EDAS
64778,01,EDAS
64778,02,EDAS
64779,01,EDAS
64779,02,EDAS
64780,01,EDAS
64780,02,EDAS
64781,01,EDAS
64781,02,EDAS
64783,01,EDAS
64783,02,EDAS
64784,01,EDAS
64784,02,EDAS
64788,01,REM
64788,02,REM
64790,01,EDAS
64790,02,EDAS
64830,01,DAS
64830,02,DAS
64831,01,EDAS
64831,02,EDAS
64832,01,EDAS
64832,02,EDAS
64833,01,EDAS
64833,02,EDAS
64834,01,DAS
64834,02,DAS
64836,01,DAS
64836,02,DAS
64840,01,DAS
64840,02,DAS
64842,01,EDAS
64842,02,EDAS
64843,01,EDAS
64843,02,EDAS
64844,01,EDAS
64844,02,EDAS
64847,01,EDAS
64847,02,EDAS
64848,01,EDAS
64848,02,EDAS
64849,01,DAS
64849,02,DAS
64850,01,DAS
64850,02,DAS
64853,01,EDAS
64853,02,EDAS
64854,01,EDAS
64854,02,EDAS
64855,01,EDAS
64855,02,EDAS
64856,01,EDAS
64856,02,EDAS
64859,01,EDAS
64859,02,EDAS
64861,01,EDAS
64861,02,EDAS
64862,01,EDAS
64862,02,EDAS
64863,01,EDAS
64863,02,EDAS
64865,01,EDAS
64865,02,EDAS
64866,01,REM
64866,02,REM
64867,01,EDAS
64867,02,EDAS
64868,01,REM
64868,02,REM
64873,01,EDAS
64873,02,EDAS
64874,01,DAS
64874,02,DAS
65001,01,EDAS
65001,02,EDAS
65010,01,DAS
65010,02,DAS
65011,01,REM
65011,02,REM
65013,01,EDAS
65013,02,EDAS
65014,01,REM
65014,02,REM
65016,01,EDAS
65016,02,EDAS
65017,01,REM
65017,02,REM
65018,01,EDAS
65018,02,EDAS
65020,01,DAS
65020,02,DAS
65023,01,EDAS
65023,02,EDAS
65024,01,EDAS
65024,02,EDAS
65025,01,EDAS
65025,02,EDAS
65026,01,DAS
65026,02,DAS
65032,01,EDAS
65032,02,EDAS
65034,01,EDAS
65034,02,EDAS
65035,01,EDAS
65035,02,EDAS
65036,01,EDAS
65036,02,EDAS
65037,01,EDAS
65037,02,EDAS
65038,01,EDAS
65038,02,EDAS
65039,01,EDAS
65039,02,EDAS
65040,01,EDAS
65040,02,EDAS
65041,01,EDAS
65041,02,EDAS
65042,01,EDAS
65042,02,EDAS
65043,01,DAS
65043,02,DAS
65046,01,EDAS
65046,02,EDAS
65047,01,EDAS
65047,02,EDAS
65048,01,EDAS
65048,02,EDAS
65049,01,DAS
65049,02,DAS
65050,01,REM
65050,02,REM
65051,01,EDAS
65051,02,EDAS
65052,01,EDAS
65052,02,EDAS
65053,01,EDAS
65053,02,EDAS
65054,01,EDAS
65054,02,EDAS
65055,01,EDAS
65055,02,EDAS
65058,01,REM
65058,02,REM
65059,01,EDAS
65059,02,EDAS
65061,01,REM
65061,02,REM
65062,01,EDAS
65062,02,EDAS
65063,01,EDAS
65063,02,EDAS
65064,01,REM
65064,02,REM
65066,01,EDAS
65066,02,EDAS
65067,01,REM
65067,02,REM
65068,01,REM
65068,02,REM
65069,01,EDAS
65069,02,EDAS
65072,01,EDAS
65072,02,EDAS
65074,01,EDAS
65074,02,EDAS
65075,01,EDAS
65075,02,EDAS
65076,01,EDAS
65076,02,EDAS
65077,01,REM
65077,02,REM
65078,01,REM
65078,02,REM
65079,01,EDAS
65079,02,EDAS
65080,01,EDAS
65080,02,EDAS
65081,01,EDAS
65081,02,EDAS
65082,01,EDAS
65082,02,EDAS
65083,01,EDAS
65083,02,EDAS
65084,01,EDAS
65084,02,EDAS
65085,01,EDAS
65085,02,EDAS
65230,01,EDAS
65230,02,EDAS
65231,01,EDAS
65231,02,EDAS
65232,01,EDAS
65232,02,EDAS
65233,01,DAS
65233,02,DAS
65236,01,EDAS
65236,02,EDAS
65237,01,REM
65237,02,REM
65239,01,EDAS
65239,02,EDAS
65240,01,EDAS
65240,02,EDAS
65243,01,DAS
65243,02,DAS
65244,01,REM
65244,02,REM
65246,01,EDAS
65246,02,EDAS
65247,01,EDAS
65247,02,EDAS
65248,01,EDAS
65248,02,EDAS
65250,01,EDAS
65250,02,EDAS
65251,01,DAS
65251,02,DAS
65254,01,EDAS
65254,02,EDAS
65255,01,DAS
65255,02,DAS
65256,01,EDAS
65256,02,EDAS
65257,01,EDAS
65257,02,EDAS
65258,01,EDAS
65258,02,EDAS
65259,01,EDAS
65259,02,EDAS
65260,01,EDAS
65260,02,EDAS
65261,01,EDAS
65261,02,EDAS
65262,01,EDAS
65262,02,EDAS
65263,01,EDAS
65263,02,EDAS
65264,01,EDAS
65264,02,EDAS
65265,01,DAS
65265,02,DAS
65270,01,DAS
65270,02,DAS
65274,01,EDAS
65274,02,EDAS
65275,01,EDAS
65275,02,EDAS
65276,01,EDAS
65276,02,EDAS
65279,01,EDAS
65279,02,EDAS
65280,01,EDAS
65280,02,EDAS
65281,01,EDAS
65281,02,EDAS
65282,01,EDAS
65282,02,EDAS
65283,01,REM
65283,02,REM
65284,01,EDAS
65284,02,EDAS
65285,01,REM
65285,02,REM
65286,01,EDAS
65286,02,EDAS
65287,01,EDAS
65287,02,EDAS
65305,01,DAS
65305,02,DAS
65320,01,DAS
65320,02,DAS
65321,01,EDAS
65321,02,EDAS
65322,01,EDAS
65322,02,EDAS
65323,01,REM
65323,02,REM
65324,01,REM
65324,02,REM
65325,01,EDAS
65325,02,EDAS
65326,01,EDAS
65326,02,EDAS
65327,01,EDAS
65327,02,EDAS
65329,01,EDAS
65329,02,EDAS
65330,01,EDAS
65330,02,EDAS
65332,01,EDAS
65332,02,EDAS
65333,01,EDAS
65333,02,EDAS
65334,01,EDAS
65334,02,EDAS
65335,01,EDAS
65335,02,EDAS
65336,01,EDAS
65336,02,EDAS
65337,01,EDAS
65337,02,EDAS
65338,01,EDAS
65338,02,EDAS
65339,01,REM
65339,02,REM
65340,01,DAS
65340,02,DAS
65344,01,EDAS
65344,02,EDAS
65345,01,EDAS
65345,02,EDAS
65347,01,EDAS
65347,02,EDAS
65348,01,EDAS
65348,02,EDAS
65349,01,EDAS
65349,02,EDAS
65350,01,EDAS
65350,02,EDAS
65351,01,EDAS
65351,02,EDAS
65354,01,EDAS
65354,02,EDAS
65355,01,EDAS
65355,02,EDAS
65360,01,EDAS
65360,02,EDAS
65401,01,DAS
65401,02,DAS
65409,01,DAS
65409,02,DAS
65433,01,EDAS
65433,02,EDAS
65436,01,REM
65436,02,REM
65438,01,REM
65438,02,REM
65439,01,REM
65439,02,REM
65440,01,REM
65440,02,REM
65441,01,REM
65441,02,REM
65443,01,REM
65443,02,REM
65444,01,EDAS
65444,02,EDAS
65446,01,EDAS
65446,02,EDAS
65449,01,REM
65449,02,REM
65452,01,REM
65452,02,REM
65453,01,EDAS
65453,02,DAS
65456,01,EDAS
65456,02,EDAS
65457,01,EDAS
65457,02,EDAS
65459,01,REM
65459,02,EDAS
65461,01,REM
65461,02,REM
65462,01,EDAS
65462,02,EDAS
65463,01,REM
65463,02,REM
65464,01,EDAS
65464,02,EDAS
65466,01,EDAS
65466,02,EDAS
65468,01,DAS
65468,02,DAS
65470,01,REM
65470,02,REM
65473,01,EDAS
65473,02,EDAS
65479,01,REM
65479,02,REM
65483,01,EDAS
65483,02,EDAS
65484,01,EDAS
65484,02,EDAS
65486,01,REM
65486,02,REM
65501,01,REM
65501,02,REM
65529,01,REM
65529,02,REM
65532,01,REM
65532,02,REM
65534,01,EDAS
65534,02,EDAS
65535,01,EDAS
65535,02,EDAS
65536,01,DAS
65536,02,DAS
65540,01,EDAS
65540,02,EDAS
65541,01,EDAS
65541,02,EDAS
65542,01,EDAS
65542,02,EDAS
65543,01,EDAS
65543,02,EDAS
65548,01,EDAS
65548,02,EDAS
65550,01,REM
65550,02,REM
65552,01,EDAS
65552,02,EDAS
65555,01,EDAS
65555,02,EDAS
65556,01,REM
65556,02,REM
65557,01,EDAS
65557,02,EDAS
65559,01,DAS
65559,02,DAS
65560,01,EDAS
65560,02,EDAS
65564,01,REM
65564,02,REM
65565,01,REM
65565,02,REM
65566,01,EDAS
65566,02,EDAS
65567,01,EDAS
65567,02,EDAS
65570,01,EDAS
65570,02,EDAS
65571,01,EDAS
65571,02,EDAS
65580,01,EDAS
65580,02,EDAS
65582,01,EDAS
65582,02,EDAS
65583,01,DAS
65583,02,DAS
65584,01,EDAS
65584,02,EDAS
65586,01,REM
65586,02,REM
65588,01,EDAS
65588,02,EDAS
65589,01,EDAS
65589,02,EDAS
65590,01,REM
65590,02,REM
65591,01,EDAS
65591,02,EDAS
65601,01,EDAS
65601,02,EDAS
65603,01,REM
65603,02,REM
65604,01,EDAS
65604,02,EDAS
65605,01,EDAS
65605,02,EDAS
65606,01,EDAS
65606,02,EDAS
65608,01,EDAS
65608,02,EDAS
65609,01,EDAS
65609,02,EDAS
65610,01,DAS
65610,02,DAS
65611,01,EDAS
65611,02,EDAS
65612,01,EDAS
65612,02,EDAS
65613,01,DAS
65613,02,DAS
65614,01,EDAS
65614,02,EDAS
65617,01,EDAS
65617,02,EDAS
65618,01,EDAS
65618,02,EDAS
65620,01,EDAS
65620,02,EDAS
65622,01,EDAS
65622,02,EDAS
65623,01,EDAS
65623,02,EDAS
65624,01,EDAS
65624,02,EDAS
65625,01,REM
65625,02,REM
65626,01,REM
65626,02,EDAS
65627,01,EDAS
65627,02,EDAS
65629,01,EDAS
65629,02,EDAS
65630,01,DAS
65630,02,DAS
65631,01,DAS
65631,02,DAS
65632,01,REM
65632,02,REM
65633,01,EDAS
65633,02,EDAS
65634,01,REM
65634,02,REM
65635,01,REM
65635,02,REM
65636,01,DAS
65636,02,DAS
65637,01,REM
65637,02,REM
65638,01,REM
65638,02,REM
65640,01,EDAS
65640,02,EDAS
65641,01,REM
65641,02,REM
65644,01,REM
65644,02,EDAS
65646,01,REM
65646,02,REM
65647,01,REM
65647,02,REM
65648,01,EDAS
65648,02,EDAS
65649,01,EDAS
65649,02,EDAS
65650,01,EDAS
65650,02,EDAS
65652,01,EDAS
65652,02,EDAS
65653,01,EDAS
65653,02,EDAS
65654,01,DAS
65654,02,DAS
65655,01,REM
65655,02,REM
65656,01,EDAS
65656,02,EDAS
65657,01,REM
65657,02,REM
65658,01,EDAS
65658,02,EDAS
65659,01,EDAS
65659,02,EDAS
65660,01,EDAS
65660,02,EDAS
65661,01,EDAS
65661,02,EDAS
65662,01,EDAS
65662,02,EDAS
65663,01,REM
65663,02,REM
65664,01,DAS
65664,02,DAS
65666,01,EDAS
65666,02,EDAS
65667,01,REM
65667,02,REM
65668,01,EDAS
65668,02,EDAS
65669,01,EDAS
65669,02,EDAS
65672,01,DAS
65672,02,DAS
65673,01,DAS
65673,02,DAS
65674,01,EDAS
65674,02,EDAS
65675,01,DAS
65675,02,DAS
65676,01,REM
65676,02,REM
65679,01,EDAS
65679,02,EDAS
65680,01,EDAS
65680,02,EDAS
65681,01,EDAS
65681,02,EDAS
65682,01,EDAS
65682,02,EDAS
65685,01,REM
65685,02,REM
65686,01,DAS
65686,02,DAS
65688,01,DAS
65688,02,DAS
65689,01,EDAS
65689,02,EDAS
65690,01,REM
65690,02,REM
65692,01,REM
65692,02,REM
65701,01,EDAS
65701,02,EDAS
65702,01,REM
65702,02,REM
65704,01,REM
65704,02,REM
65705,01,EDAS
65705,02,EDAS
65706,01,DAS
65706,02,DAS
65707,01,REM
65707,02,REM
65708,01,EDAS
65708,02,EDAS
65710,01,EDAS
65710,02,EDAS
65711,01,EDAS
65711,02,EDAS
65712,01,DAS
65712,02,DAS
65713,01,REM
65713,02,REM
65715,01,EDAS
65715,02,EDAS
65717,01,REM
65717,02,REM
65720,01,EDAS
65720,02,EDAS
65721,01,DAS
65721,02,DAS
65722,01,EDAS
65722,02,EDAS
65723,01,REM
65723,02,REM
65724,01,EDAS
65724,02,EDAS
65725,01,EDAS
65725,02,EDAS
65726,01,DAS
65726,02,DAS
65727,01,REM
65727,02,REM
65728,01,EDAS
65728,02,EDAS
65729,01,EDAS
65729,02,EDAS
65730,01,EDAS
65730,02,EDAS
65731,01,EDAS
65731,02,EDAS
65732,01,EDAS
65732,02,EDAS
65733,01,EDAS
65733,02,EDAS
65734,01,REM
65734,02,REM
65735,01,REM
65735,02,REM
65737,01,EDAS
65737,02,EDAS
65739,01,DAS
65739,02,DAS
65740,01,EDAS
65740,02,EDAS
65741,01,DAS
65741,02,DAS
65742,01,DAS
65742,02,DAS
65744,01,REM
65744,02,REM
65745,01,REM
65745,02,REM
65746,01,EDAS
65746,02,EDAS
65747,01,REM
65747,02,REM
65752,01,EDAS
65752,02,EDAS
65753,01,EDAS
65753,02,EDAS
65754,01,EDAS
65754,02,EDAS
65755,01,EDAS
65755,02,EDAS
65756,01,EDAS
65756,02,EDAS
65757,01,DAS
65757,02,DAS
65759,01,EDAS
65759,02,EDAS
65760,01,EDAS
65760,02,EDAS
65761,01,REM
65761,02,REM
65762,01,REM
65762,02,REM
65764,01,EDAS
65764,02,EDAS
65766,01,EDAS
65766,02,EDAS
65767,01,EDAS
65767,02,EDAS
65768,01,REM
65768,02,REM
65769,01,REM
65769,02,REM
65770,01,EDAS
65770,02,EDAS
65771,01,EDAS
65771,02,EDAS
65772,01,REM
65772,02,REM
65773,01,EDAS
65773,02,EDAS
65774,01,EDAS
65774,02,EDAS
65775,01,EDAS
65775,02,EDAS
65776,01,EDAS
65776,02,EDAS
65777,01,EDAS
65777,02,EDAS
65778,01,REM
65778,02,REM
65779,01,REM
65779,02,REM
65781,01,EDAS
65781,02,EDAS
65783,01,REM
65783,02,REM
65784,01,REM
65784,02,REM
65785,01,EDAS
65785,02,EDAS
65786,01,EDAS
65786,02,EDAS
65787,01,REM
65787,02,REM
65788,01,EDAS
65788,02,EDAS
65789,01,REM
65789,02,REM
65790,01,EDAS
65790,02,EDAS
65791,01,EDAS
65791,02,EDAS
65793,01,EDAS
65793,02,EDAS
65809,01,DAS
66002,01,DAS
66002,02,DAS
66006,01,DAS
66006,02,DAS
66007,01,DAS
66007,02,DAS
66008,01,EDAS
66008,02,EDAS
66010,01,EDAS
66010,02,EDAS
66013,01,DAS
66013,02,DAS
66014,01,REM
66014,02,REM
66015,01,EDAS
66015,02,EDAS
66016,01,EDAS
66016,02,EDAS
66017,01,EDAS
66017,02,EDAS
66020,01,EDAS
66020,02,EDAS
66021,01,EDAS
66021,02,EDAS
66023,01,EDAS
66023,02,EDAS
66025,01,DAS
66025,02,DAS
66026,01,EDAS
66026,02,EDAS
66032,01,EDAS
66032,02,EDAS
66033,01,REM
66033,02,REM
66035,01,EDAS
66035,02,EDAS
66039,01,REM
66039,02,REM
66040,01,EDAS
66040,02,EDAS
66041,01,EDAS
66041,02,EDAS
66042,01,REM
66042,02,REM
66047,01,DAS
66047,02,DAS
66048,01,DAS
66048,02,DAS
66050,01,EDAS
66050,02,EDAS
66052,01,EDAS
66052,02,EDAS
66053,01,EDAS
66053,02,EDAS
66054,01,EDAS
66054,02,EDAS
66056,01,EDAS
66056,02,EDAS
66058,01,EDAS
66058,02,EDAS
66060,01,EDAS
66060,02,EDAS
66064,01,EDAS
66064,02,EDAS
66066,01,EDAS
66066,02,EDAS
66067,01,DAS
66067,02,DAS
66070,01,EDAS
66070,02,EDAS
66071,01,DAS
66071,02,DAS
66072,01,EDAS
66072,02,EDAS
66073,01,EDAS
66073,02,EDAS
66075,01,EDAS
66075,02,EDAS
66076,01,EDAS
66076,02,EDAS
66078,01,EDAS
66078,02,EDAS
66079,01,EDAS
66079,02,EDAS
66080,01,EDAS
66080,02,EDAS
66083,01,DAS
66083,02,DAS
66086,01,EDAS
66086,02,EDAS
66087,01,EDAS
66087,02,EDAS
66088,01,EDAS
66088,02,EDAS
66090,01,EDAS
66090,02,EDAS
66091,01,EDAS
66091,02,EDAS
66092,01,EDAS
66092,02,EDAS
66093,01,REM
66093,02,REM
66094,01,EDAS
66094,02,EDAS
66095,01,EDAS
66095,02,EDAS
66097,01,EDAS
66097,02,EDAS
66113,01,DAS
66113,02,DAS
66401,01,REM
66401,02,REM
66402,01,DAS
66402,02,DAS
66403,01,EDAS
66403,02,EDAS
66404,01,REM
66404,02,REM
66406,01,REM
66406,02,REM
66407,01,EDAS
66407,02,EDAS
66408,01,EDAS
66408,02,EDAS
66409,01,DAS
66409,02,DAS
66411,01,EDAS
66411,02,EDAS
66412,01,REM
66412,02,REM
66413,01,REM
66413,02,REM
66414,01,EDAS
66414,02,EDAS
66415,01,EDAS
66415,02,EDAS
66416,01,EDAS
66416,02,EDAS
66417,01,EDAS
66417,02,EDAS
66418,01,EDAS
66418,02,EDAS
66419,01,EDAS
66419,02,EDAS
66422,01,EDAS
66422,02,EDAS
66423,01,EDAS
66423,02,EDAS
66424,01,EDAS
66424,02,EDAS
66425,01,EDAS
66425,02,EDAS
66427,01,EDAS
66427,02,EDAS
66428,01,EDAS
66428,02,EDAS
66429,01,EDAS
66429,02,EDAS
66431,01,EDAS
66431,02,EDAS
66432,01,EDAS
66432,02,EDAS
66434,01,DAS
66434,02,DAS
66436,01,EDAS
66436,02,EDAS
66438,01,EDAS
66438,02,EDAS
66439,01,EDAS
66439,02,EDAS
66440,01,EDAS
66440,02,EDAS
66441,01,DAS
66441,02,DAS
66449,01,EDAS
66449,02,EDAS
66450,01,EDAS
66450,02,EDAS
66451,01,EDAS
66451,02,EDAS
66501,01,EDAS
66501,02,EDAS
66503,01,DAS
66503,02,DAS
66507,01,EDAS
66507,02,EDAS
66508,01,EDAS
66508,02,EDAS
66509,01,EDAS
66509,02,EDAS
66510,01,EDAS
66510,02,EDAS
66512,01,EDAS
66512,02,EDAS
66514,01,EDAS
66514,02,EDAS
66515,01,EDAS
66515,02,EDAS
66516,01,EDAS
66516,02,EDAS
66518,01,REM
66518,02,REM
66520,01,EDAS
66520,02,EDAS
66521,01,EDAS
66521,02,EDAS
66522,01,EDAS
66522,02,EDAS
66523,01,EDAS
66523,02,EDAS
66524,01,EDAS
66524,02,EDAS
66526,01,EDAS
66526,02,EDAS
66527,01,REM
66527,02,REM
66528,01,EDAS
66528,02,EDAS
66531,01,EDAS
66531,02,EDAS
66532,01,REM
66532,02,REM
66533,01,EDAS
66533,02,EDAS
66534,01,EDAS
66534,02,EDAS
66535,01,EDAS
66535,02,EDAS
66536,01,DAS
66536,02,DAS
66537,01,EDAS
66537,02,EDAS
66538,01,EDAS
66538,02,EDAS
66539,01,DAS
66539,02,DAS
66540,01,EDAS
66540,02,EDAS
66541,01,EDAS
66541,02,EDAS
66542,01,DAS
66542,02,DAS
66543,01,EDAS
66543,02,EDAS
66544,01,REM
66544,02,REM
66546,01,EDAS
66546,02,EDAS
66547,01,DAS
66547,02,DAS
66548,01,EDAS
66548,02,EDAS
66549,01,EDAS
66549,02,EDAS
66550,01,EDAS
66550,02,EDAS
66551,01,EDAS
66551,02,EDAS
66552,01,EDAS
66552,02,EDAS
66554,01,EDAS
66554,02,EDAS
66618,01,DAS
66618,02,DAS
66630,01,EDAS
66630,02,EDAS
66701,01,EDAS
66701,02,EDAS
66710,01,REM
66710,02,REM
66711,01,EDAS
66711,02,EDAS
66712,01,DAS
66712,02,DAS
66713,01,EDAS
66713,02,EDAS
66714,01,REM
66714,02,REM
66716,01,EDAS
66716,02,EDAS
66717,01,EDAS
66717,02,EDAS
66720,01,DAS
66720,02,DAS
66724,01,EDAS
66724,02,EDAS
66725,01,EDAS
66725,02,EDAS
66727,01,EDAS
66727,02,EDAS
66728,01,DAS
66728,02,DAS
66732,01,EDAS
66732,02,EDAS
66733,01,EDAS
66733,02,EDAS
66734,01,REM
66734,02,REM
66735,01,EDAS
66735,02,EDAS
66736,01,EDAS
66736,02,EDAS
66738,01,EDAS
66738,02,EDAS
66739,01,EDAS
66739,02,EDAS
66740,01,EDAS
66740,02,EDAS
66741,01,EDAS
66741,02,EDAS
66742,01,DAS
66742,02,DAS
66743,01,EDAS
66743,02,EDAS
66746,01,EDAS
66746,02,EDAS
66748,01,EDAS
66748,02,EDAS
66749,01,DAS
66749,02,DAS
66751,01,REM
66751,02,REM
66753,01,EDAS
66753,02,EDAS
66754,01,REM
66754,02,REM
66755,01,REM
66755,02,REM
66756,01,EDAS
66756,02,EDAS
66757,01,DAS
66757,02,DAS
66758,01,EDAS
66758,02,EDAS
66759,01,DAS
66759,02,DAS
66760,01,DAS
66760,02,DAS
66761,01,EDAS
66761,02,EDAS
66763,01,DAS
66763,02,DAS
66767,01,EDAS
66767,02,EDAS
66769,01,EDAS
66769,02,EDAS
66770,01,EDAS
66770,02,EDAS
66771,01,EDAS
66771,02,EDAS
66772,01,EDAS
66772,02,EDAS
66773,01,EDAS
66773,02,EDAS
66775,01,EDAS
66775,02,EDAS
66776,01,EDAS
66776,02,EDAS
66777,01,REM
66777,02,REM
66778,01,EDAS
66778,02,EDAS
66779,01,EDAS
66779,02,EDAS
66780,01,EDAS
66780,02,EDAS
66781,01,EDAS
66781,02,EDAS
66782,01,DAS
66782,02,DAS
66783,01,REM
66783,02,REM
66801,01,DAS
66801,02,DAS
66830,01,EDAS
66830,02,EDAS
66833,01,EDAS
66833,02,EDAS
66834,01,EDAS
66834,02,EDAS
66835,01,EDAS
66835,02,EDAS
66838,01,EDAS
66838,02,EDAS
66839,01,EDAS
66839,02,EDAS
66840,01,REM
66840,02,REM
66842,01,EDAS
66842,02,EDAS
66843,01,EDAS
66843,02,EDAS
66845,01,EDAS
66845,02,EDAS
66846,01,EDAS
66846,02,EDAS
66849,01,EDAS
66849,02,EDAS
66850,01,REM
66850,02,REM
66851,01,EDAS
66851,02,EDAS
66852,01,EDAS
66852,02,EDAS
66853,01,REM
66853,02,REM
66854,01,EDAS
66854,02,EDAS
66856,01,EDAS
66856,02,EDAS
66857,01,EDAS
66857,02,EDAS
66858,01,EDAS
66858,02,EDAS
66859,01,EDAS
66859,02,EDAS
66860,01,EDAS
66860,02,EDAS
66861,01,EDAS
66861,02,EDAS
66862,01,EDAS
66862,02,EDAS
66863,01,REM
66863,02,REM
66864,01,EDAS
66864,02,EDAS
66865,01,EDAS
66865,02,EDAS
66866,01,REM
66866,02,REM
66868,01,EDAS
66868,02,EDAS
66869,01,EDAS
66869,02,EDAS
66870,01,REM
66870,02,REM
66871,01,EDAS
66871,02,EDAS
66872,01,EDAS
66872,02,EDAS
66873,01,EDAS
66873,02,EDAS
66901,01,EDAS
66901,02,EDAS
66930,01,EDAS
66930,02,EDAS
66932,01,EDAS
66932,02,EDAS
66933,01,REM
66933,02,REM
66935,01,EDAS
66935,02,EDAS
66936,01,EDAS
66936,02,EDAS
66937,01,EDAS
66937,02,EDAS
66938,01,EDAS
66938,02,EDAS
66939,01,EDAS
66939,02,EDAS
66940,01,EDAS
66940,02,EDAS
66941,01,EDAS
66941,02,EDAS
66942,01,REM
66942,02,REM
66943,01,REM
66943,02,REM
66944,01,EDAS
66944,02,EDAS
66945,01,EDAS
66945,02,EDAS
66946,01,REM
66946,02,REM
66948,01,EDAS
66948,02,EDAS
66949,01,EDAS
66949,02,EDAS
66951,01,EDAS
66951,02,EDAS
66952,01,EDAS
66952,02,EDAS
66953,01,EDAS
66953,02,EDAS
66955,01,EDAS
66955,02,EDAS
66956,01,EDAS
66956,02,EDAS
66958,01,REM
66958,02,REM
66959,01,REM
66959,02,REM
66960,01,REM
66960,02,REM
66961,01,EDAS
66961,02,EDAS
66962,01,EDAS
66962,02,EDAS
66963,01,REM
66963,02,REM
66964,01,EDAS
66964,02,EDAS
66966,01,EDAS
66966,02,EDAS
66967,01,EDAS
66967,02,EDAS
66968,01,EDAS
66968,02,EDAS
66970,01,REM
66970,02,REM
67001,01,EDAS
67001,02,EDAS
67003,01,EDAS
67003,02,EDAS
67004,01,EDAS
67004,02,EDAS
67005,01,DAS
67005,02,DAS
67008,01,EDAS
67008,02,EDAS
67009,01,REM
67009,02,REM
67010,01,DAS
67010,02,DAS
67012,01,EDAS
67012,02,EDAS
67013,01,EDAS
67013,02,EDAS
67016,01,DAS
67016,02,DAS
67017,01,EDAS
67017,02,EDAS
67018,01,REM
67018,02,REM
67019,01,EDAS
67019,02,EDAS
67020,01,EDAS
67020,02,EDAS
67021,01,EDAS
67021,02,EDAS
67022,01,EDAS
67022,02,EDAS
67023,01,REM
67023,02,REM
67024,01,EDAS
67024,02,EDAS
67025,01,EDAS
67025,02,EDAS
67026,01,EDAS
67026,02,EDAS
67028,01,REM
67028,02,REM
67029,01,EDAS
67029,02,EDAS
67030,01,DAS
67030,02,DAS
67031,01,EDAS
67031,02,EDAS
67035,01,EDAS
67035,02,EDAS
67036,01,REM
67036,02,REM
67038,01,EDAS
67038,02,EDAS
67039,01,EDAS
67039,02,EDAS
67041,01,DAS
67041,02,EDAS
67042,01,DAS
67042,02,DAS
67045,01,EDAS
67045,02,EDAS
67047,01,EDAS
67047,02,EDAS
67049,01,REM
67049,02,REM
67050,01,EDAS
67050,02,EDAS
67051,01,EDAS
67051,02,EDAS
67052,01,DAS
67052,02,DAS
67053,01,EDAS
67053,02,EDAS
67054,01,EDAS
67054,02,EDAS
67056,01,EDAS
67056,02,EDAS
67057,01,REM
67057,02,REM
67058,01,EDAS
67058,02,EDAS
67059,01,EDAS
67059,02,EDAS
67061,01,EDAS
67061,02,EDAS
67062,01,DAS
67062,02,DAS
67063,01,EDAS
67063,02,EDAS
67065,01,EDAS
67065,02,EDAS
67066,01,EDAS
67066,02,EDAS
67067,01,DAS
67067,02,DAS
67068,01,EDAS
67068,02,EDAS
67070,01,EDAS
67070,02,EDAS
67071,01,EDAS
67071,02,EDAS
67072,01,EDAS
67072,02,EDAS
67073,01,EDAS
67073,02,EDAS
67074,01,EDAS
67074,02,EDAS
67102,01,REM
67102,02,REM
67103,01,EDAS
67103,02,EDAS
67104,01,EDAS
67104,02,EDAS
67105,01,EDAS
67105,02,EDAS
67106,01,EDAS
67106,02,EDAS
67107,01,DAS
67107,02,DAS
67108,01,EDAS
67108,02,EDAS
67109,01,REM
67109,02,REM
67110,01,DAS
67110,02,DAS
67111,01,EDAS
67111,02,EDAS
67112,01,EDAS
67112,02,EDAS
67114,01,DAS
67114,02,DAS
67118,01,EDAS
67118,02,EDAS
67119,01,EDAS
67119,02,EDAS
67120,01,EDAS
67120,02,EDAS
67122,01,REM
67122,02,REM
67123,01,EDAS
67123,02,EDAS
67124,01,EDAS
67124,02,EDAS
67127,01,EDAS
67127,02,EDAS
67131,01,EDAS
67131,02,EDAS
67132,01,EDAS
67132,02,EDAS
67133,01,DAS
67133,02,DAS
67134,01,EDAS
67134,02,EDAS
67135,01,EDAS
67135,02,EDAS
67137,01,REM
67137,02,REM
67138,01,EDAS
67138,02,EDAS
67140,01,EDAS
67140,02,EDAS
67142,01,REM
67142,02,REM
67143,01,EDAS
67143,02,EDAS
67144,01,EDAS
67144,02,EDAS
67146,01,EDAS
67146,02,EDAS
67147,01,DAS
67147,02,DAS
67149,01,EDAS
67149,02,EDAS
67150,01,REM
67150,02,REM
67151,01,EDAS
67151,02,EDAS
67152,01,DAS
67152,02,DAS
67154,01,EDAS
67154,02,EDAS
67155,01,REM
67155,02,REM
67156,01,DAS
67156,02,DAS
67159,01,EDAS
67159,02,EDAS
67232,01,EDAS
67232,02,EDAS
67301,01,EDAS
67301,02,EDAS
67330,01,EDAS
67330,02,EDAS
67332,01,EDAS
67332,02,EDAS
67333,01,EDAS
67333,02,EDAS
67334,01,DAS
67334,02,DAS
67335,01,EDAS
67335,02,EDAS
67336,01,EDAS
67336,02,EDAS
67337,01,DAS
67337,02,DAS
67340,01,DAS
67340,02,DAS
67341,01,EDAS
67341,02,EDAS
67342,01,EDAS
67342,02,EDAS
67344,01,REM
67344,02,REM
67345,01,REM
67345,02,REM
67346,01,EDAS
67346,02,EDAS
67347,01,EDAS
67347,02,EDAS
67349,01,EDAS
67349,02,EDAS
67351,01,EDAS
67351,02,EDAS
67352,01,EDAS
67352,02,EDAS
67353,01,EDAS
67353,02,EDAS
67354,01,EDAS
67354,02,EDAS
67355,01,REM
67355,02,REM
67356,01,EDAS
67356,02,EDAS
67357,01,DAS
67357,02,DAS
67360,01,REM
67360,02,REM
67361,01,EDAS
67361,02,EDAS
67363,01,EDAS
67363,02,EDAS
67364,01,EDAS
67364,02,EDAS
67410,01,EDAS
67410,02,EDAS
67416,01,EDAS
67416,02,EDAS
67417,01,EDAS
67417,02,EDAS
67418,01,EDAS
67418,02,EDAS
67420,01,EDAS
67420,02,EDAS
67422,01,EDAS
67422,02,EDAS
67423,01,REM
67423,02,REM
67425,01,EDAS
67425,02,EDAS
67427,01,EDAS
67427,02,EDAS
67428,01,EDAS
67428,02,EDAS
67430,01,EDAS
67430,02,EDAS
67431,01,EDAS
67431,02,EDAS
67432,01,EDAS
67432,02,EDAS
67436,01,EDAS
67436,02,EDAS
67437,01,EDAS
67437,02,EDAS
67438,01,EDAS
67438,02,EDAS
67439,01,EDAS
67439,02,EDAS
67441,01,EDAS
67441,02,EDAS
67442,01,EDAS
67442,02,EDAS
67443,01,EDAS
67443,02,EDAS
67444,01,REM
67444,02,REM
67445,01,EDAS
67445,02,EDAS
67446,01,EDAS
67446,02,EDAS
67447,01,REM
67447,02,REM
67448,01,EDAS
67448,02,EDAS
67449,01,EDAS
67449,02,EDAS
67450,01,EDAS
67450,02,EDAS
67451,01,EDAS
67451,02,EDAS
67452,01,REM
67452,02,REM
67454,01,EDAS
67454,02,EDAS
67455,01,EDAS
67455,02,EDAS
67456,01,EDAS
67456,02,EDAS
67457,01,EDAS
67457,02,EDAS
67458,01,EDAS
67458,02,EDAS
67459,01,EDAS
67459,02,EDAS
67460,01,DAS
67460,02,DAS
67464,01,EDAS
67464,02,EDAS
67466,01,EDAS
67466,02,EDAS
67467,01,EDAS
67467,02,EDAS
67468,01,EDAS
67468,02,EDAS
67470,01,EDAS
67470,02,EDAS
67473,01,EDAS
67473,02,EDAS
67474,01,EDAS
67474,02,EDAS
67475,01,EDAS
67475,02,EDAS
67476,01,DAS
67476,02,DAS
67478,01,EDAS
67478,02,EDAS
67480,01,EDAS
67480,02,EDAS
67481,01,REM
67481,02,REM
67482,01,DAS
67482,02,DAS
67483,01,EDAS
67483,02,EDAS
67484,01,REM
67484,02,REM
67485,01,EDAS
67485,02,EDAS
67487,01,EDAS
67487,02,EDAS
67490,01,EDAS
67490,02,EDAS
67491,01,EDAS
67491,02,EDAS
67492,01,EDAS
67492,02,EDAS
67501,01,DAS
67501,02,DAS
67505,01,DAS
67505,02,DAS
67510,01,EDAS
67510,02,EDAS
67511,01,REM
67511,02,REM
67512,01,EDAS
67512,02,EDAS
67513,01,REM
67513,02,REM
67514,01,EDAS
67514,02,EDAS
67515,01,REM
67515,02,REM
67516,01,EDAS
67516,02,EDAS
67518,01,REM
67518,02,REM
67519,01,REM
67519,02,REM
67520,01,EDAS
67520,02,EDAS
67521,01,EDAS
67521,02,EDAS
67522,01,EDAS
67522,02,EDAS
67523,01,EDAS
67523,02,EDAS
67524,01,EDAS
67524,02,EDAS
67525,01,EDAS
67525,02,EDAS
67526,01,EDAS
67526,02,EDAS
67529,01,EDAS
67529,02,EDAS
67530,01,EDAS
67530,02,EDAS
67543,01,EDAS
67543,02,EDAS
67544,01,EDAS
67544,02,EDAS
67545,01,EDAS
67545,02,EDAS
67546,01,EDAS
67546,02,EDAS
67547,01,EDAS
67547,02,EDAS
67548,01,EDAS
67548,02,EDAS
67550,01,EDAS
67550,02,EDAS
67552,01,EDAS
67552,02,EDAS
67553,01,DAS
67553,02,DAS
67554,01,EDAS
67554,02,EDAS
67556,01,EDAS
67556,02,EDAS
67557,01,EDAS
67557,02,EDAS
67559,01,REM
67559,02,REM
67560,01,EDAS
67560,02,EDAS
67561,01,EDAS
67561,02,EDAS
67563,01,EDAS
67563,02,EDAS
67564,01,EDAS
67564,02,EDAS
67565,01,EDAS
67565,02,EDAS
67566,01,EDAS
67566,02,EDAS
67567,01,EDAS
67567,02,EDAS
67568,01,REM
67568,02,REM
67570,01,EDAS
67570,02,EDAS
67572,01,EDAS
67572,02,EDAS
67573,01,REM
67573,02,REM
67574,01,EDAS
67574,02,EDAS
67575,01,EDAS
67575,02,EDAS
67576,01,EDAS
67576,02,EDAS
67578,01,EDAS
67578,02,EDAS
67579,01,EDAS
67579,02,EDAS
67581,01,REM
67581,02,REM
67583,01,EDAS
67583,02,EDAS
67584,01,EDAS
67584,02,EDAS
67585,02,DAS
67621,01,EDAS
67621,02,EDAS
67622,01,EDAS
67622,02,EDAS
67623,01,REM
67623,02,REM
67625,01,EDAS
67625,02,EDAS
67626,01,EDAS
67626,02,EDAS
67627,01,DAS
67627,02,EDAS
67628,01,REM
67628,02,REM
67629,01,EDAS
67629,02,EDAS
67631,01,REM
67631,02,REM
67632,01,EDAS
67632,02,EDAS
67634,01,REM
67634,02,REM
67635,01,REM
67635,02,REM
67637,01,EDAS
67637,02,EDAS
67638,01,EDAS
67638,02,EDAS
67639,01,EDAS
67639,02,EDAS
67640,01,EDAS
67640,02,EDAS
67642,01,EDAS
67642,02,EDAS
67643,01,REM
67643,02,REM
67644,01,EDAS
67644,02,EDAS
67645,01,REM
67645,02,REM
67646,01,REM
67646,02,REM
67647,01,EDAS
67647,02,EDAS
67648,01,EDAS
67648,02,EDAS
67649,01,EDAS
67649,02,EDAS
67650,01,REM
67650,02,REM
67651,01,EDAS
67651,02,EDAS
67653,01,REM
67653,02,REM
67654,01,REM
67654,02,REM
67656,01,EDAS
67656,02,EDAS
67657,01,EDAS
67657,02,EDAS
67658,01,REM
67658,02,REM
67659,01,EDAS
67659,02,EDAS
67660,01,DAS
67660,02,DAS
67661,01,EDAS
67661,02,EDAS
67663,01,EDAS
67663,02,EDAS
67664,01,REM
67664,02,REM
67665,01,DAS
67665,02,DAS
67667,01,EDAS
67667,02,EDAS
67669,01,EDAS
67669,02,EDAS
67671,01,REM
67671,02,REM
67672,01,EDAS
67672,02,EDAS
67673,01,REM
67673,02,REM
67674,01,DAS
67674,02,DAS
67675,01,REM
67675,02,REM
67701,01,EDAS
67701,02,EDAS
67730,01,EDAS
67730,02,EDAS
67731,01,EDAS
67731,02,EDAS
67732,01,EDAS
67732,02,EDAS
67733,01,EDAS
67733,02,EDAS
67734,01,EDAS
67734,02,EDAS
67735,01,REM
67735,02,REM
67736,01,REM
67736,02,REM
67737,01,EDAS
67737,02,EDAS
67738,01,EDAS
67738,02,EDAS
67739,01,EDAS
67739,02,EDAS
67740,01,EDAS
67740,02,EDAS
67741,01,REM
67741,02,REM
67743,01,EDAS
67743,02,EDAS
67744,01,REM
67744,02,REM
67745,01,EDAS
67745,02,EDAS
67747,01,EDAS
67747,02,EDAS
67748,01,EDAS
67748,02,EDAS
67749,01,EDAS
67749,02,EDAS
67751,01,EDAS
67751,02,EDAS
67752,01,EDAS
67752,02,EDAS
67753,01,EDAS
67753,02,EDAS
67756,01,EDAS
67756,02,EDAS
67757,01,EDAS
67757,02,EDAS
67758,01,EDAS
67758,02,EDAS
67761,01,REM
67761,02,REM
67762,01,REM
67762,02,REM
67764,01,REM
67764,02,REM
67831,01,REM
67831,02,REM
67834,01,EDAS
67834,02,EDAS
67835,01,EDAS
67835,02,EDAS
67836,01,REM
67836,02,REM
67837,01,EDAS
67837,02,EDAS
67838,01,EDAS
67838,02,EDAS
67839,01,REM
67839,02,REM
67840,01,REM
67840,02,REM
67841,01,REM
67841,02,REM
67842,01,REM
67842,02,REM
67843,01,DAS
67843,02,DAS
67844,01,REM
67844,02,REM
67846,01,DAS
67846,02,DAS
67849,01,EDAS
67849,02,EDAS
67850,01,REM
67850,02,REM
67851,01,DAS
67851,02,DAS
67853,01,REM
67853,02,REM
67854,01,EDAS
67854,02,EDAS
67855,01,EDAS
67855,02,EDAS
67857,01,REM
67857,02,REM
67859,01,EDAS
67859,02,EDAS
67860,01,EDAS
67860,02,EDAS
67861,01,EDAS
67861,02,EDAS
67862,01,REM
67862,02,REM
67863,01,REM
67863,02,REM
67864,01,EDAS
67864,02,EDAS
67865,01,EDAS
67865,02,EDAS
67867,01,EDAS
67867,02,EDAS
67868,01,REM
67868,02,REM
67869,01,EDAS
67869,02,EDAS
67870,01,REM
67870,02,REM
67871,01,EDAS
67871,02,EDAS
67876,01,EDAS
67876,02,EDAS
67877,01,EDAS
67877,02,EDAS
67878,01,EDAS
67878,02,EDAS
67879,01,REM
67879,02,REM
67880,01,REM
67880,02,REM
67882,01,EDAS
67882,02,EDAS
67901,01,DAS
67901,02,DAS
67905,01,DAS
67905,02,DAS
67950,01,EDAS
67950,02,EDAS
67951,01,EDAS
67951,02,EDAS
67952,01,EDAS
67952,02,EDAS
67953,01,REM
67953,02,REM
67954,01,REM
67954,02,REM
68001,01,DAS
68001,02,DAS
68002,01,EDAS
68002,02,EDAS
68003,01,EDAS
68003,02,EDAS
68004,01,EDAS
68004,02,EDAS
68008,01,DAS
68008,02,DAS
68014,01,EDAS
68014,02,EDAS
68015,01,EDAS
68015,02,EDAS
68016,01,EDAS
68016,02,EDAS
68017,01,EDAS
68017,02,EDAS
68018,01,EDAS
68018,02,EDAS
68019,01,REM
68019,02,REM
68020,01,EDAS
68020,02,EDAS
68023,01,DAS
68023,02,DAS
68025,01,DAS
68025,02,DAS
68026,01,DAS
68026,02,DAS
68029,01,REM
68029,02,REM
68030,01,EDAS
68030,02,EDAS
68031,01,EDAS
68031,02,EDAS
68033,01,EDAS
68033,02,EDAS
68034,01,EDAS
68034,02,EDAS
68035,01,EDAS
68035,02,EDAS
68036,01,EDAS
68036,02,EDAS
68037,01,EDAS
68037,02,EDAS
68038,01,EDAS
68038,02,EDAS
68039,01,EDAS
68039,02,EDAS
68040,01,EDAS
68040,02,EDAS
68041,01,DAS
68041,02,DAS
68042,01,EDAS
68042,02,EDAS
68044,01,EDAS
68044,02,EDAS
68045,01,EDAS
68045,02,EDAS
68047,01,EDAS
68047,02,EDAS
68048,01,EDAS
68048,02,EDAS
68050,01,EDAS
68050,02,EDAS
68054,01,EDAS
68054,02,EDAS
68055,01,REM
68055,02,REM
68057,01,EDAS
68057,02,EDAS
68058,01,EDAS
68058,02,EDAS
68059,01,DAS
68059,02,DAS
68061,01,EDAS
68061,02,EDAS
68062,01,EDAS
68062,02,EDAS
68063,01,DAS
68063,02,DAS
68064,01,DAS
68064,02,DAS
68065,01,EDAS
68065,02,EDAS
68066,01,EDAS
68066,02,EDAS
68067,01,EDAS
68067,02,EDAS
68068,01,DAS
68068,02,DAS
68069,01,DAS
68069,02,DAS
68070,01,EDAS
68070,02,EDAS
68071,01,EDAS
68071,02,EDAS
68072,01,DAS
68072,02,DAS
68073,01,EDAS
68073,02,EDAS
68301,01,EDAS
68301,02,EDAS
68303,01,EDAS
68303,02,EDAS
68304,01,EDAS
68304,02,EDAS
68305,01,EDAS
68305,02,EDAS
68307,01,EDAS
68307,02,EDAS
68309,01,DAS
68309,02,DAS
68310,01,DAS
68310,02,DAS
68313,01,EDAS
68313,02,EDAS
68314,01,EDAS
68314,02,EDAS
68315,01,EDAS
68315,02,EDAS
68316,01,EDAS
68316,02,EDAS
68317,01,EDAS
68317,02,EDAS
68318,01,EDAS
68318,02,EDAS
68319,01,EDAS
68319,02,EDAS
68320,01,EDAS
68320,02,EDAS
68321,01,EDAS
68321,02,EDAS
68322,01,EDAS
68322,02,EDAS
68323,01,EDAS
68323,02,EDAS
68324,01,EDAS
68324,02,EDAS
68325,01,EDAS
68325,02,EDAS
68326,01,EDAS
68326,02,EDAS
68327,01,EDAS
68327,02,EDAS
68328,01,EDAS
68328,02,EDAS
68329,01,EDAS
68329,02,EDAS
68330,01,REM
68330,02,REM
68331,01,EDAS
68331,02,EDAS
68332,01,EDAS
68332,02,EDAS
68333,01,DAS
68333,02,DAS
68335,01,EDAS
68335,02,EDAS
68336,01,EDAS
68336,02,EDAS
68337,01,EDAS
68337,02,EDAS
68338,01,EDAS
68338,02,EDAS
68339,01,EDAS
68339,02,EDAS
68340,01,EDAS
68340,02,EDAS
68341,01,EDAS
68341,02,EDAS
68342,01,EDAS
68342,02,EDAS
68343,01,EDAS
68343,02,EDAS
68344,01,EDAS
68344,02,EDAS
68345,01,EDAS
68345,02,EDAS
68346,01,EDAS
68346,02,EDAS
68347,01,EDAS
68347,02,EDAS
68348,01,EDAS
68348,02,EDAS
68349,01,EDAS
68349,02,EDAS
68350,01,EDAS
68350,02,EDAS
68351,01,EDAS
68351,02,EDAS
68352,01,EDAS
68352,02,EDAS
68354,01,EDAS
68354,02,EDAS
68355,01,EDAS
68355,02,EDAS
68357,01,EDAS
68357,02,EDAS
68358,01,EDAS
68358,02,EDAS
68359,01,EDAS
68359,02,EDAS
68360,01,EDAS
68360,02,EDAS
68361,01,EDAS
68361,02,EDAS
68362,01,DAS
68362,02,DAS
68364,01,EDAS
68364,02,EDAS
68365,01,EDAS
68365,02,EDAS
68366,01,DAS
68366,02,DAS
68367,01,EDAS
68367,02,EDAS
68368,01,EDAS
68368,02,EDAS
68370,01,EDAS
68370,02,EDAS
68371,01,EDAS
68371,02,EDAS
68372,01,EDAS
68372,02,EDAS
68374,01,EDAS
68374,02,EDAS
68375,01,DAS
68375,02,DAS
68376,01,EDAS
68376,02,EDAS
68377,01,EDAS
68377,02,EDAS
68378,01,EDAS
68378,02,EDAS
68379,01,DAS
68379,02,DAS
68380,01,DAS
68380,02,EDAS
68381,01,REM
68381,02,REM
68382,01,EDAS
68382,02,EDAS
68401,01,EDAS
68401,02,EDAS
68402,01,EDAS
68402,02,EDAS
68403,01,EDAS
68403,02,EDAS
68404,01,EDAS
68404,02,EDAS
68405,01,EDAS
68405,02,EDAS
68406,01,EDAS
68406,02,EDAS
68407,01,EDAS
68407,02,EDAS
68409,01,EDAS
68409,02,EDAS
68410,01,EDAS
68410,02,EDAS
68413,01,EDAS
68413,02,EDAS
68414,01,EDAS
68414,02,EDAS
68415,01,EDAS
68415,02,EDAS
68416,01,EDAS
68416,02,EDAS
68417,01,EDAS
68417,02,EDAS
68418,01,EDAS
68418,02,EDAS
68419,01,EDAS
68419,02,EDAS
68420,01,EDAS
68420,02,EDAS
68421,01,EDAS
68421,02,EDAS
68422,01,EDAS
68422,02,EDAS
68423,01,EDAS
68423,02,EDAS
68424,01,EDAS
68424,02,EDAS
68428,01,EDAS
68428,02,EDAS
68429,01,REM
68429,02,REM
68430,01,DAS
68430,02,DAS
68431,01,EDAS
68431,02,EDAS
68433,01,EDAS
68433,02,EDAS
68434,01,DAS
68434,02,DAS
68436,01,EDAS
68436,02,EDAS
68437,01,EDAS
68437,02,EDAS
68438,01,EDAS
68438,02,EDAS
68439,01,EDAS
68439,02,EDAS
68440,01,EDAS
68440,02,EDAS
68441,01,EDAS
68441,02,EDAS
68442,01,EDAS
68442,02,EDAS
68443,01,EDAS
68443,02,EDAS
68444,01,REM
68444,02,REM
68445,01,EDAS
68445,02,EDAS
68446,01,EDAS
68446,02,EDAS
68447,01,EDAS
68447,02,EDAS
68448,01,EDAS
68448,02,EDAS
68450,01,EDAS
68450,02,EDAS
68452,01,DAS
68452,02,DAS
68453,01,EDAS
68453,02,EDAS
68454,01,EDAS
68454,02,EDAS
68455,01,EDAS
68455,02,EDAS
68456,01,EDAS
68456,02,EDAS
68457,01,EDAS
68457,02,EDAS
68458,01,EDAS
68458,02,EDAS
68460,01,EDAS
68460,02,EDAS
68461,01,EDAS
68461,02,EDAS
68462,01,DAS
68462,02,DAS
68463,01,EDAS
68463,02,EDAS
68464,01,EDAS
68464,02,EDAS
68465,01,EDAS
68465,02,EDAS
68466,01,EDAS
68466,02,EDAS
68467,01,DAS
68467,02,DAS
68514,01,DAS
68514,02,DAS
68523,01,DAS
68523,02,DAS
68527,01,DAS
68527,02,DAS
68531,01,DAS
68531,02,DAS
68532,01,DAS
68532,02,DAS
68601,01,DAS
68601,02,DAS
68602,01,DAS
68602,02,DAS
68620,01,EDAS
68620,02,EDAS
68621,01,REM
68621,02,REM
68622,01,EDAS
68622,02,EDAS
68623,01,EDAS
68623,02,EDAS
68624,01,EDAS
68624,02,EDAS
68626,01,EDAS
68626,02,EDAS
68627,01,EDAS
68627,02,EDAS
68628,01,EDAS
68628,02,EDAS
68629,01,EDAS
68629,02,EDAS
68631,01,REM
68631,02,REM
68632,01,EDAS
68632,02,EDAS
68633,01,EDAS
68633,02,EDAS
68634,01,EDAS
68634,02,EDAS
68635,01,EDAS
68635,02,EDAS
68636,01,EDAS
68636,02,EDAS
68637,01,REM
68637,02,REM
68638,01,EDAS
68638,02,EDAS
68640,01,EDAS
68640,02,EDAS
68641,01,EDAS
68641,02,EDAS
68642,01,EDAS
68642,02,EDAS
68643,01,EDAS
68643,02,EDAS
68644,01,EDAS
68644,02,EDAS
68647,01,EDAS
68647,02,EDAS
68648,01,EDAS
68648,02,EDAS
68649,01,EDAS
68649,02,EDAS
68651,01,EDAS
68651,02,EDAS
68652,01,EDAS
68652,02,EDAS
68653,01,EDAS
68653,02,EDAS
68654,01,EDAS
68654,02,EDAS
68655,01,EDAS
68655,02,EDAS
68658,01,EDAS
68658,02,EDAS
68659,01,REM
68659,02,REM
68660,01,EDAS
68660,02,EDAS
68661,01,DAS
68661,02,DAS
68662,01,EDAS
68662,02,EDAS
68663,01,EDAS
68663,02,EDAS
68665,01,EDAS
68665,02,EDAS
68666,01,EDAS
68666,02,EDAS
68667,01,EDAS
68667,02,EDAS
68669,01,EDAS
68669,02,EDAS
68701,01,DAS
68701,02,DAS
68710,01,EDAS
68710,02,EDAS
68711,01,EDAS
68711,02,EDAS
68713,01,EDAS
68713,02,EDAS
68714,01,REM
68714,02,REM
68715,01,EDAS
68715,02,EDAS
68716,01,EDAS
68716,02,EDAS
68717,01,EDAS
68717,02,EDAS
68718,01,EDAS
68718,02,EDAS
68719,01,REM
68719,02,REM
68720,01,EDAS
68720,02,EDAS
68722,01,EDAS
68722,02,EDAS
68723,01,EDAS
68723,02,EDAS
68724,01,EDAS
68724,02,EDAS
68725,01,EDAS
68725,02,EDAS
68726,01,REM
68726,02,REM
68727,01,EDAS
68727,02,EDAS
68728,01,EDAS
68728,02,EDAS
68729,01,EDAS
68729,02,EDAS
68730,01,EDAS
68730,02,EDAS
68731,01,DAS
68731,02,DAS
68732,01,EDAS
68732,02,EDAS
68733,01,EDAS
68733,02,EDAS
68734,01,EDAS
68734,02,EDAS
68735,01,REM
68735,02,REM
68736,01,EDAS
68736,02,EDAS
68737,01,EDAS
68737,02,EDAS
68738,01,DAS
68738,02,DAS
68739,01,EDAS
68739,02,EDAS
68740,01,EDAS
68740,02,EDAS
68741,01,EDAS
68741,02,EDAS
68742,01,REM
68742,02,REM
68743,01,EDAS
68743,02,EDAS
68745,01,EDAS
68745,02,EDAS
68746,01,REM
68746,02,REM
68747,01,EDAS
68747,02,EDAS
68748,01,EDAS
68748,02,EDAS
68749,01,EDAS
68749,02,EDAS
68751,01,DAS
68751,02,DAS
68752,01,EDAS
68752,02,EDAS
68753,01,REM
68753,02,REM
68755,01,EDAS
68755,02,EDAS
68756,01,EDAS
68756,02,EDAS
68757,01,EDAS
68757,02,EDAS
68758,01,EDAS
68758,02,EDAS
68759,01,REM
68759,02,REM
68760,01,REM
68760,02,REM
68761,01,EDAS
68761,02,EDAS
68763,01,EDAS
68763,02,EDAS
68764,01,EDAS
68764,02,EDAS
68765,01,EDAS
68765,02,EDAS
68766,01,EDAS
68766,02,EDAS
68767,01,EDAS
68767,02,EDAS
68768,01,EDAS
68768,02,EDAS
68769,01,EDAS
68769,02,EDAS
68770,01,EDAS
68770,02,EDAS
68771,01,EDAS
68771,02,EDAS
68772,01,EDAS
68772,02,EDAS
68773,01,EDAS
68773,02,EDAS
68774,01,REM
68774,02,REM
68777,01,EDAS
68777,02,EDAS
68778,01,REM
68778,02,REM
68779,01,EDAS
68779,02,EDAS
68780,01,EDAS
68780,02,EDAS
68781,01,EDAS
68781,02,EDAS
68783,01,EDAS
68783,02,EDAS
68784,01,EDAS
68784,02,EDAS
68785,01,EDAS
68785,02,EDAS
68786,01,EDAS
68786,02,EDAS
68787,01,EDAS
68787,02,EDAS
68788,01,EDAS
68788,02,EDAS
68789,01,EDAS
68789,02,EDAS
68790,01,EDAS
68790,02,EDAS
68791,01,EDAS
68791,02,EDAS
68792,01,EDAS
68792,02,EDAS
68803,01,DAS
68803,02,DAS
68810,01,DAS
68810,02,DAS
68812,01,EDAS
68812,02,EDAS
68813,01,REM
68813,02,REM
68814,01,EDAS
68814,02,EDAS
68815,01,EDAS
68815,02,EDAS
68816,01,EDAS
68816,02,EDAS
68817,01,EDAS
68817,02,EDAS
68818,01,REM
68818,02,REM
68819,01,EDAS
68819,02,EDAS
68820,01,EDAS
68820,02,EDAS
68821,01,REM
68821,02,REM
68822,01,REM
68822,02,REM
68823,01,REM
68823,02,REM
68824,01,EDAS
68824,02,EDAS
68825,01,EDAS
68825,02,EDAS
68826,01,EDAS
68826,02,EDAS
68827,01,EDAS
68827,02,EDAS
68828,01,REM
68828,02,REM
68831,01,EDAS
68831,02,EDAS
68832,01,EDAS
68832,02,EDAS
68833,01,REM
68833,02,REM
68834,01,REM
68834,02,REM
68835,01,EDAS
68835,02,EDAS
68836,01,EDAS
68836,02,EDAS
68837,01,EDAS
68837,02,EDAS
68838,01,EDAS
68838,02,EDAS
68840,01,DAS
68840,02,DAS
68841,01,EDAS
68841,02,EDAS
68842,01,EDAS
68842,02,EDAS
68843,01,EDAS
68843,02,EDAS
68844,01,EDAS
68844,02,EDAS
68845,01,DAS
68845,02,DAS
68846,01,EDAS
68846,02,EDAS
68847,01,DAS
68847,02,DAS
68848,01,DAS
68848,02,DAS
68850,01,EDAS
68850,02,EDAS
68852,01,EDAS
68852,02,EDAS
68853,01,EDAS
68853,02,EDAS
68854,01,EDAS
68854,02,EDAS
68855,01,REM
68855,02,REM
68856,01,EDAS
68856,02,EDAS
68858,01,EDAS
68858,02,EDAS
68859,01,REM
68859,02,REM
68860,01,REM
68860,02,REM
68861,01,DAS
68861,02,EDAS
68862,01,EDAS
68862,02,EDAS
68863,01,EDAS
68863,02,EDAS
68864,01,EDAS
68864,02,EDAS
68865,01,EDAS
68865,02,EDAS
68866,01,EDAS
68866,02,EDAS
68869,01,EDAS
68869,02,EDAS
68870,01,EDAS
68870,02,EDAS
68871,01,REM
68871,02,REM
68872,01,EDAS
68872,02,EDAS
68873,01,EDAS
68873,02,EDAS
68874,01,EDAS
68874,02,EDAS
68875,01,EDAS
68875,02,EDAS
68876,01,EDAS
68876,02,EDAS
68878,01,EDAS
68878,02,EDAS
68879,01,REM
68879,02,REM
68881,01,DAS
68881,02,DAS
68882,01,EDAS
68882,02,EDAS
68883,01,EDAS
68883,02,EDAS
68901,01,DAS
68901,02,DAS
68920,01,EDAS
68920,02,EDAS
68922,01,EDAS
68922,02,EDAS
68923,01,EDAS
68923,02,EDAS
68924,01,EDAS
68924,02,EDAS
68925,01,EDAS
68925,02,EDAS
68926,01,REM
68926,02,REM
68927,01,EDAS
68927,02,EDAS
68928,01,EDAS
68928,02,EDAS
68929,01,EDAS
68929,02,EDAS
68930,01,EDAS
68930,02,EDAS
68932,01,EDAS
68932,02,EDAS
68933,01,EDAS
68933,02,EDAS
68934,01,REM
68934,02,REM
68935,01,EDAS
68935,02,EDAS
68936,01,REM
68936,02,REM
68937,01,EDAS
68937,02,EDAS
68938,01,EDAS
68938,02,EDAS
68939,01,EDAS
68939,02,EDAS
68940,01,EDAS
68940,02,EDAS
68941,01,EDAS
68941,02,EDAS
68942,01,EDAS
68942,02,EDAS
68943,01,REM
68943,02,REM
68944,01,EDAS
68944,02,EDAS
68945,01,EDAS
68945,02,EDAS
68946,01,REM
68946,02,REM
68947,01,EDAS
68947,02,EDAS
68948,01,REM
68948,02,REM
68949,01,REM
68949,02,REM
68950,01,EDAS
68950,02,EDAS
68952,01,EDAS
68952,02,EDAS
68954,01,EDAS
68954,02,EDAS
68955,01,EDAS
68955,02,EDAS
68956,01,EDAS
68956,02,EDAS
68957,01,EDAS
68957,02,EDAS
68958,01,EDAS
68958,02,EDAS
68959,01,EDAS
68959,02,EDAS
68960,01,EDAS
68960,02,EDAS
68961,01,EDAS
68961,02,EDAS
68963,01,EDAS
68963,02,EDAS
68964,01,EDAS
68964,02,EDAS
68966,01,EDAS
68966,02,EDAS
68967,01,EDAS
68967,02,EDAS
68969,01,DAS
68969,02,DAS
68970,01,EDAS
68970,02,EDAS
68971,01,EDAS
68971,02,EDAS
68972,01,REM
68972,02,REM
68973,01,EDAS
68973,02,EDAS
68974,01,EDAS
68974,02,EDAS
68975,01,EDAS
68975,02,EDAS
68976,01,EDAS
68976,02,EDAS
68977,01,REM
68977,02,REM
68978,01,EDAS
68978,02,EDAS
68979,01,EDAS
68979,02,EDAS
68980,01,EDAS
68980,02,EDAS
68981,01,EDAS
68981,02,EDAS
68982,01,EDAS
68982,02,EDAS
69001,01,EDAS
69001,02,EDAS
69020,01,REM
69020,02,REM
69021,01,EDAS
69021,02,EDAS
69022,01,EDAS
69022,02,EDAS
69023,01,REM
69023,02,REM
69024,01,REM
69024,02,REM
69025,01,EDAS
69025,02,EDAS
69026,01,REM
69026,02,REM
69027,01,REM
69027,02,REM
69028,01,EDAS
69028,02,EDAS
69029,01,EDAS
69029,02,EDAS
69030,01,REM
69030,02,REM
69031,01,EDAS
69031,02,EDAS
69032,01,REM
69032,02,REM
69033,01,EDAS
69033,02,EDAS
69034,01,REM
69034,02,REM
69036,01,EDAS
69036,02,EDAS
69037,01,REM
69037,02,REM
69038,01,REM
69038,02,REM
69039,01,REM
69039,02,REM
69040,01,REM
69040,02,REM
69041,01,EDAS
69041,02,EDAS
69042,01,DAS
69042,02,DAS
69043,01,EDAS
69043,02,EDAS
69044,01,REM
69044,02,REM
69045,01,REM
69045,02,REM
69046,01,REM
69046,02,REM
69101,01,DAS
69101,02,DAS
69120,01,EDAS
69120,02,EDAS
69121,01,REM
69121,02,REM
69122,01,EDAS
69122,02,EDAS
69123,01,REM
69123,02,REM
69125,01,EDAS
69125,02,EDAS
69127,01,REM
69127,02,REM
69128,01,REM
69128,02,REM
69129,01,EDAS
69129,02,EDAS
69130,01,REM
69130,02,REM
69131,01,REM
69131,02,REM
69132,01,REM
69132,02,REM
69133,01,EDAS
69133,02,EDAS
69134,01,EDAS
69134,02,EDAS
69135,01,EDAS
69135,02,EDAS
69138,01,REM
69138,02,REM
69140,01,REM
69140,02,REM
69141,01,REM
69141,02,REM
69142,01,REM
69142,02,REM
69143,01,EDAS
69143,02,EDAS
69144,01,REM
69144,02,REM
69145,01,EDAS
69145,02,EDAS
69146,01,EDAS
69146,02,EDAS
69147,01,REM
69147,02,REM
69148,01,REM
69148,02,REM
69149,01,REM
69149,02,REM
69150,01,EDAS
69150,02,EDAS
69151,01,EDAS
69151,02,EDAS
69152,01,REM
69152,02,REM
69153,01,EDAS
69153,02,EDAS
69154,01,EDAS
69154,02,EDAS
69155,01,REM
69155,02,REM
69156,01,REM
69156,02,REM
69157,01,REM
69157,02,REM
69160,01,EDAS
69160,02,EDAS
69161,01,REM
69161,02,REM
69162,01,EDAS
69162,02,EDAS
69163,01,REM
69163,02,REM
69165,01,EDAS
69165,02,EDAS
69166,01,REM
69166,02,REM
69167,01,REM
69167,02,REM
69168,01,REM
69168,02,REM
69169,01,REM
69169,02,REM
69170,01,EDAS
69170,02,EDAS
69171,01,DAS
69171,02,DAS
69190,01,EDAS
69190,02,EDAS
69201,01,REM
69201,02,REM
69210,01,REM
69210,02,REM
69211,01,REM
69211,02,REM
69212,01,REM
69212,02,REM
69214,01,REM
69214,02,REM
69216,01,REM
69216,02,REM
69217,01,EDAS
69217,02,EDAS
69218,01,REM
69218,02,REM
69219,01,REM
69219,02,REM
69220,01,REM
69220,02,REM
69221,01,REM
69221,02,REM
69301,01,REM
69301,02,REM
69331,01,REM
69331,02,REM
69333,01,EDAS
69333,02,EDAS
69334,01,EDAS
69334,02,EDAS
69335,01,REM
69335,02,REM
69336,01,EDAS
69336,02,EDAS
69337,01,EDAS
69337,02,EDAS
69339,01,EDAS
69339,02,EDAS
69340,01,REM
69340,02,REM
69341,01,EDAS
69341,02,EDAS
69343,01,REM
69343,02,REM
69345,01,REM
69345,02,REM
69346,01,REM
69346,02,REM
69347,01,REM
69347,02,REM
69348,01,EDAS
69348,02,EDAS
69349,01,EDAS
69349,02,EDAS
69350,01,REM
69350,02,REM
69351,01,REM
69351,02,REM
69352,01,EDAS
69352,02,EDAS
69353,01,EDAS
69353,02,EDAS
69354,01,REM
69354,02,REM
69355,01,DAS
69355,02,DAS
69356,01,EDAS
69356,02,EDAS
69357,01,DAS
69357,02,DAS
69358,01,EDAS
69358,02,EDAS
69360,01,REM
69360,02,REM
69361,02,DAS
69365,01,DAS
69365,02,DAS
69366,01,REM
69366,02,REM
69367,01,REM
69367,02,REM
70030,01,DAS
70030,02,DAS
70031,01,DAS
70031,02,DAS
70036,01,EDAS
70036,02,EDAS
70038,01,DAS
70038,02,DAS
70040,01,EDAS
70040,02,EDAS
70041,01,EDAS
70041,02,EDAS
70046,01,EDAS
70046,02,EDAS
70049,01,EDAS
70049,02,EDAS
70050,01,DAS
70050,02,DAS
70051,01,DAS
70051,02,DAS
70052,01,EDAS
70052,02,EDAS
70057,01,EDAS
70057,02,EDAS
70066,01,EDAS
70066,02,EDAS
70067,01,EDAS
70067,02,EDAS
70068,01,DAS
70068,02,DAS
70070,01,DAS
70070,02,DAS
70071,01,DAS
70071,02,DAS
70076,01,DAS
70076,02,DAS
70080,01,EDAS
70080,02,EDAS
70081,01,EDAS
70081,02,EDAS
70082,01,EDAS
70082,02,EDAS
70083,01,EDAS
70083,02,EDAS
70084,01,DAS
70084,02,DAS
70085,01,EDAS
70085,02,EDAS
70086,01,EDAS
70086,02,EDAS
70090,01,EDAS
70090,02,EDAS
70091,01,EDAS
70091,02,EDAS
70092,01,DAS
70092,02,DAS
70126,01,DAS
70126,02,DAS
70301,01,DAS
70301,02,DAS
70302,01,DAS
70302,02,DAS
70310,01,DAS
70310,02,DAS
70339,01,EDAS
70339,02,EDAS
70340,01,EDAS
70340,02,EDAS
70341,01,EDAS
70341,02,EDAS
70342,01,DAS
70342,02,DAS
70343,01,DAS
70343,02,DAS
70344,01,EDAS
70344,02,EDAS
70345,01,DAS
70345,02,DAS
70346,01,EDAS
70346,02,EDAS
70352,01,EDAS
70352,02,EDAS
70353,01,EDAS
70353,02,EDAS
70354,01,EDAS
70354,02,EDAS
70355,01,EDAS
70355,02,EDAS
70356,01,EDAS
70356,02,EDAS
70357,01,EDAS
70357,02,EDAS
70358,01,EDAS
70358,02,EDAS
70359,01,DAS
70359,02,DAS
70363,01,DAS
70363,02,DAS
70364,01,DAS
70364,02,DAS
70372,01,REM
70372,02,REM
70373,01,EDAS
70373,02,EDAS
70374,01,DAS
70374,02,DAS
70375,01,EDAS
70375,02,EDAS
70377,01,EDAS
70377,02,EDAS
70380,01,DAS
70380,02,DAS
70381,01,DAS
70381,02,DAS
70390,01,EDAS
70390,02,EDAS
70391,01,EDAS
70391,02,EDAS
70392,01,EDAS
70392,02,EDAS
70393,01,DAS
70393,02,DAS
70394,01,DAS
70394,02,DAS
70395,01,DAS
70395,02,DAS
70397,01,EDAS
70397,02,EDAS
70420,01,DAS
70420,02,DAS
70421,01,DAS
70421,02,DAS
70422,01,DAS
70422,02,DAS
70426,01,REM
70426,02,REM
70427,01,DAS
70427,02,DAS
70429,01,DAS
70429,02,DAS
70431,01,EDAS
70431,02,EDAS
70435,01,DAS
70435,02,DAS
70436,01,EDAS
70436,02,EDAS
70437,01,DAS
70437,02,DAS
70438,01,EDAS
70438,02,EDAS
70441,01,REM
70441,02,REM
70442,01,EDAS
70442,02,EDAS
70443,01,DAS
70443,02,DAS
70444,01,EDAS
70444,02,EDAS
70445,01,DAS
70445,02,DAS
70446,01,EDAS
70446,02,EDAS
70448,01,DAS
70448,02,DAS
70449,01,EDAS
70449,02,EDAS
70450,01,REM
70450,02,REM
70451,01,DAS
70451,02,DAS
70452,01,DAS
70452,02,DAS
70453,01,EDAS
70453,02,EDAS
70454,01,DAS
70454,02,DAS
70455,01,DAS
70455,02,DAS
70456,01,EDAS
70456,02,EDAS
70457,02,DAS
70462,01,EDAS
70462,02,EDAS
70463,01,EDAS
70463,02,EDAS
70464,01,DAS
70464,02,DAS
70465,01,EDAS
70465,02,EDAS
70466,01,DAS
70466,02,DAS
70467,01,EDAS
70467,02,EDAS
70510,01,DAS
70510,02,DAS
70511,01,DAS
70511,02,DAS
70512,01,EDAS
70512,02,EDAS
70513,01,EDAS
70513,02,EDAS
70514,01,EDAS
70514,02,EDAS
70515,01,EDAS
70515,02,EDAS
70516,01,EDAS
70516,02,EDAS
70517,01,DAS
70517,02,DAS
70519,01,DAS
70519,02,DAS
70521,01,EDAS
70521,02,EDAS
70522,01,REM
70522,02,REM
70524,01,DAS
70524,02,DAS
70525,01,DAS
70525,02,DAS
70526,01,DAS
70526,02,DAS
70528,01,DAS
70528,02,DAS
70529,01,DAS
70529,02,DAS
70531,01,EDAS
70531,02,EDAS
70532,01,REM
70532,02,REM
70533,01,DAS
70533,02,DAS
70534,01,EDAS
70534,02,EDAS
70535,01,DAS
70535,02,DAS
70537,01,EDAS
70537,02,EDAS
70538,01,EDAS
70538,02,EDAS
70540,01,EDAS
70540,02,EDAS
70541,01,DAS
70541,02,DAS
70542,01,EDAS
70542,02,EDAS
70543,01,EDAS
70543,02,EDAS
70544,01,EDAS
70544,02,EDAS
70546,01,DAS
70546,02,DAS
70548,01,EDAS
70548,02,EDAS
70549,01,EDAS
70549,02,EDAS
70551,01,DAS
70551,02,DAS
70552,01,EDAS
70552,02,EDAS
70554,01,EDAS
70554,02,EDAS
70555,01,DAS
70555,02,DAS
70556,01,EDAS
70556,02,EDAS
70559,01,EDAS
70559,02,EDAS
70563,01,DAS
70563,02,DAS
70569,01,REM
70569,02,REM
70576,01,DAS
70576,02,DAS
70577,01,EDAS
70577,02,EDAS
70578,01,DAS
70578,02,DAS
70580,01,EDAS
70580,02,EDAS
70581,01,EDAS
70581,02,EDAS
70582,01,EDAS
70582,02,EDAS
70584,01,EDAS
70584,02,EDAS
70585,01,EDAS
70585,02,EDAS
70586,01,EDAS
70586,02,EDAS
70589,01,EDAS
70589,02,EDAS
70591,01,EDAS
70591,02,EDAS
70607,01,DAS
70607,02,DAS
70611,01,DAS
70611,02,DAS
70630,01,REM
70630,02,REM
70631,01,REM
70631,02,REM
70632,01,REM
70632,02,REM
70633,01,EDAS
70633,02,EDAS
70634,01,DAS
70634,02,DAS
70637,01,REM
70637,02,REM
70638,01,EDAS
70638,02,EDAS
70639,01,EDAS
70639,02,EDAS
70640,01,DAS
70640,02,DAS
70643,01,REM
70643,02,REM
70644,01,EDAS
70644,02,EDAS
70645,01,EDAS
70645,02,EDAS
70646,01,DAS
70646,02,DAS
70647,01,EDAS
70647,02,EDAS
70648,01,EDAS
70648,02,EDAS
70650,01,EDAS
70650,02,EDAS
70651,01,REM
70651,02,REM
70652,01,REM
70652,02,REM
70653,01,REM
70653,02,REM
70654,01,EDAS
70654,02,EDAS
70655,01,EDAS
70655,02,EDAS
70656,01,REM
70656,02,REM
70657,01,EDAS
70657,02,EDAS
70658,01,EDAS
70658,02,EDAS
70659,01,DAS
70659,02,DAS
70660,01,EDAS
70660,02,EDAS
70661,01,EDAS
70661,02,EDAS
70662,01,EDAS
70662,02,EDAS
70665,01,DAS
70665,02,DAS
70668,01,DAS
70668,02,DAS
70704,01,DAS
70704,02,DAS
70706,01,DAS
70706,02,DAS
70711,01,DAS
70711,02,DAS
70712,01,EDAS
70712,02,EDAS
70714,01,DAS
70714,02,DAS
70715,01,EDAS
70715,02,EDAS
70717,01,EDAS
70717,02,EDAS
70720,01,EDAS
70720,02,EDAS
70721,01,DAS
70721,02,DAS
70722,01,EDAS
70722,02,EDAS
70723,01,DAS
70723,02,DAS
70725,01,EDAS
70725,02,EDAS
70729,01,EDAS
70729,02,EDAS
70730,01,EDAS
70730,02,EDAS
70732,01,EDAS
70732,02,EDAS
70733,01,DAS
70733,02,DAS
70736,01,EDAS
70736,02,EDAS
70738,01,EDAS
70738,02,EDAS
70739,01,DAS
70739,02,DAS
70740,01,EDAS
70740,02,EDAS
70743,01,DAS
70743,02,DAS
70744,01,EDAS
70744,02,EDAS
70747,01,DAS
70747,02,DAS
70748,01,EDAS
70748,02,EDAS
70749,01,EDAS
70749,02,EDAS
70750,01,EDAS
70750,02,EDAS
70752,01,EDAS
70752,02,EDAS
70753,01,EDAS
70753,02,EDAS
70754,01,DAS
70754,02,DAS
70755,01,EDAS
70755,02,EDAS
70756,01,EDAS
70756,02,EDAS
70757,01,EDAS
70757,02,EDAS
70759,01,EDAS
70759,02,EDAS
70760,01,DAS
70760,02,DAS
70761,01,REM
70761,02,EDAS
70762,01,EDAS
70762,02,EDAS
70763,01,DAS
70763,02,DAS
70764,01,DAS
70764,02,DAS
70765,01,DAS
70765,02,DAS
70767,01,DAS
70767,02,DAS
70769,01,DAS
70770,01,DAS
70770,02,DAS
70772,01,EDAS
70772,02,EDAS
70773,01,EDAS
70773,02,EDAS
70774,01,DAS
70774,02,DAS
70775,01,EDAS
70775,02,EDAS
70776,01,DAS
70776,02,DAS
70777,01,EDAS
70777,02,EDAS
70778,01,DAS
70778,02,DAS
70780,01,DAS
70780,02,DAS
70781,01,EDAS
70781,02,EDAS
70782,01,DAS
70782,02,DAS
70783,01,EDAS
70783,02,EDAS
70784,01,EDAS
70784,02,EDAS
70785,01,DAS
70785,02,DAS
70787,01,DAS
70787,02,DAS
70788,01,EDAS
70788,02,EDAS
70789,01,EDAS
70789,02,EDAS
70791,01,DAS
70791,02,DAS
70792,01,DAS
70792,02,DAS
70807,01,DAS
70807,02,DAS
70818,01,DAS
71001,01,EDAS
71001,02,EDAS
71002,01,REM
71002,02,REM
71003,01,REM
71003,02,REM
71004,01,EDAS
71004,02,EDAS
71006,01,DAS
71006,02,DAS
71007,01,EDAS
71007,02,EDAS
71008,01,EDAS
71008,02,EDAS
71016,01,REM
71016,02,REM
71018,01,EDAS
71018,02,EDAS
71019,01,EDAS
71019,02,EDAS
71021,01,REM
71021,02,REM
71023,01,EDAS
71023,02,EDAS
71024,01,REM
71024,02,EDAS
71027,01,EDAS
71027,02,EDAS
71028,01,EDAS
71028,02,EDAS
71029,01,EDAS
71029,02,EDAS
71030,01,EDAS
71030,02,EDAS
71031,01,REM
71031,02,REM
71032,01,EDAS
71032,02,EDAS
71033,01,DAS
71033,02,DAS
71034,01,EDAS
71034,02,EDAS
71037,01,DAS
71037,02,DAS
71038,01,EDAS
71038,02,EDAS
71039,01,EDAS
71039,02,EDAS
71040,01,EDAS
71040,02,EDAS
71043,01,EDAS
71043,02,EDAS
71044,01,EDAS
71044,02,EDAS
71045,01,EDAS
71045,02,EDAS
71046,01,EDAS
71046,02,EDAS
71047,01,EDAS
71047,02,EDAS
71048,01,REM
71048,02,REM
71049,01,EDAS
71049,02,EDAS
71051,01,EDAS
71051,02,EDAS
71052,01,EDAS
71052,02,EDAS
71055,01,EDAS
71055,02,DAS
71060,01,EDAS
71060,02,EDAS
71061,01,EDAS
71061,02,EDAS
71063,01,EDAS
71063,02,EDAS
71064,01,REM
71064,02,REM
71065,01,EDAS
71065,02,EDAS
71066,01,DAS
71066,02,DAS
71067,01,REM
71067,02,REM
71068,01,EDAS
71068,02,EDAS
71069,01,EDAS
71069,02,EDAS
71070,01,REM
71070,02,REM
71071,01,EDAS
71071,02,EDAS
71072,01,EDAS
71072,02,EDAS
71073,01,EDAS
71073,02,EDAS
71075,01,DAS
71075,02,DAS
71078,01,EDAS
71078,02,EDAS
71079,01,EDAS
71079,02,EDAS
71080,01,DAS
71080,02,DAS
71082,01,EDAS
71082,02,EDAS
71107,01,DAS
71107,02,DAS
71119,01,DAS
71119,02,DAS
71202,01,DAS
71218,01,DAS
71218,02,DAS
71219,01,EDAS
71219,02,EDAS
71220,01,DAS
71220,02,DAS
71221,01,DAS
71221,02,DAS
71222,01,EDAS
71222,02,EDAS
71223,01,REM
71223,02,REM
71225,01,EDAS
71225,02,EDAS
71226,01,EDAS
71226,02,EDAS
71227,01,EDAS
71227,02,EDAS
71229,01,EDAS
71229,02,EDAS
71230,01,EDAS
71230,02,EDAS
71232,01,EDAS
71232,02,EDAS
71233,01,EDAS
71233,02,EDAS
71234,01,EDAS
71234,02,EDAS
71235,01,EDAS
71235,02,EDAS
71237,01,EDAS
71237,02,EDAS
71238,01,EDAS
71238,02,EDAS
71240,01,DAS
71240,02,DAS
71241,01,EDAS
71241,02,DAS
71242,01,EDAS
71242,02,EDAS
71243,01,EDAS
71243,02,EDAS
71245,01,DAS
71245,02,DAS
71247,01,DAS
71247,02,DAS
71249,01,EDAS
71249,02,EDAS
71250,01,REM
71250,02,REM
71251,01,EDAS
71251,02,EDAS
71253,01,REM
71253,02,REM
71254,01,EDAS
71254,02,EDAS
71256,01,EDAS
71256,02,EDAS
71259,01,EDAS
71259,02,EDAS
71260,01,REM
71260,02,REM
71261,01,EDAS
71261,02,EDAS
71263,01,EDAS
71263,02,EDAS
71264,01,REM
71264,02,REM
71266,01,EDAS
71266,02,EDAS
71268,01,EDAS
71268,02,EDAS
71269,01,EDAS
71269,02,EDAS
71270,01,DAS
71270,02,DAS
71272,01,DAS
71272,02,DAS
71275,01,EDAS
71275,02,EDAS
71276,01,EDAS
71276,02,EDAS
71277,01,REM
71277,02,REM
71279,01,REM
71279,02,REM
71280,01,DAS
71280,02,DAS
71282,01,EDAS
71282,02,EDAS
71284,01,EDAS
71284,02,EDAS
71286,01,EDAS
71286,02,EDAS
71295,01,EDAS
71295,02,EDAS
71316,01,EDAS
71316,02,EDAS
71320,01,DAS
71320,02,DAS
71322,01,EDAS
71322,02,EDAS
71323,01,EDAS
71323,02,EDAS
71324,01,EDAS
71324,02,EDAS
71325,01,EDAS
71325,02,EDAS
71326,01,REM
71326,02,REM
71327,01,EDAS
71327,02,EDAS
71328,01,EDAS
71328,02,EDAS
71329,01,DAS
71329,02,DAS
71330,01,DAS
71330,02,DAS
71331,01,EDAS
71331,02,EDAS
71333,01,EDAS
71333,02,EDAS
71334,01,EDAS
71334,02,EDAS
71336,01,EDAS
71336,02,EDAS
71339,01,EDAS
71339,02,EDAS
71340,01,REM
71340,02,REM
71341,01,REM
71341,02,REM
71342,01,EDAS
71342,02,EDAS
71343,01,REM
71343,02,REM
71345,01,EDAS
71345,02,EDAS
71346,01,EDAS
71346,02,EDAS
71350,01,DAS
71350,02,DAS
71351,01,DAS
71351,02,DAS
71353,01,EDAS
71353,02,EDAS
71354,01,EDAS
71354,02,EDAS
71355,01,EDAS
71355,02,EDAS
71356,01,EDAS
71356,02,EDAS
71357,01,EDAS
71357,02,EDAS
71358,01,EDAS
71358,02,EDAS
71360,01,DAS
71360,02,DAS
71362,01,EDAS
71362,02,EDAS
71366,01,EDAS
71366,02,EDAS
71367,01,EDAS
71367,02,EDAS
71368,01,REM
71368,02,EDAS
71369,01,EDAS
71369,02,EDAS
71371,01,EDAS
71371,02,EDAS
71373,01,EDAS
71373,02,EDAS
71375,01,REM
71375,02,REM
71377,01,EDAS
71377,02,EDAS
71378,01,EDAS
71378,02,EDAS
71401,01,REM
71401,02,REM
71403,01,REM
71403,02,REM
71404,01,EDAS
71404,02,EDAS
71405,01,DAS
71405,02,DAS
71406,01,REM
71406,02,REM
71407,01,EDAS
71407,02,EDAS
71409,01,EDAS
71409,02,EDAS
71410,01,DAS
71410,02,DAS
71411,01,EDAS
71411,02,EDAS
71414,01,REM
71414,02,REM
71415,01,EDAS
71415,02,EDAS
71416,01,REM
71416,02,REM
71417,01,EDAS
71417,02,EDAS
71418,01,EDAS
71418,02,EDAS
71419,01,REM
71419,02,REM
71422,01,EDAS
71422,02,EDAS
71423,01,EDAS
71423,02,EDAS
71424,01,EDAS
71424,02,EDAS
71425,01,REM
71425,02,REM
71426,01,EDAS
71426,02,EDAS
71427,01,EDAS
71427,02,EDAS
71428,01,REM
71428,02,REM
71429,01,EDAS
71429,02,EDAS
71430,01,EDAS
71430,02,EDAS
71432,01,EDAS
71432,02,EDAS
71433,01,EDAS
71433,02,EDAS
71434,01,DAS
71434,02,DAS
71435,01,EDAS
71435,02,EDAS
71438,01,EDAS
71438,02,EDAS
71439,01,REM
71439,02,REM
71440,01,DAS
71440,02,DAS
71441,01,EDAS
71441,02,EDAS
71446,01,EDAS
71446,02,EDAS
71447,01,EDAS
71447,02,EDAS
71449,01,EDAS
71449,02,EDAS
71450,01,REM
71450,02,REM
71452,01,EDAS
71452,02,EDAS
71454,01,EDAS
71454,02,EDAS
71455,01,REM
71455,02,REM
71456,01,EDAS
71456,02,EDAS
71457,01,DAS
71457,02,DAS
71458,01,DAS
71458,02,DAS
71459,01,DAS
71459,02,DAS
71460,01,EDAS
71460,02,EDAS
71462,01,REM
71462,02,REM
71463,01,DAS
71463,02,DAS
71465,01,EDAS
71465,02,EDAS
71466,01,DAS
71466,02,DAS
71467,01,EDAS
71467,02,EDAS
71468,01,REM
71468,02,REM
71469,01,EDAS
71469,02,EDAS
71472,01,REM
71472,02,REM
71473,01,REM
71473,02,REM
71474,01,EDAS
71474,02,EDAS
71475,01,EDAS
71475,02,EDAS
71479,01,EDAS
71479,02,EDAS
71480,01,EDAS
71480,02,EDAS
71483,01,EDAS
71483,02,EDAS
71485,01,DAS
71485,02,DAS
71486,01,EDAS
71486,02,EDAS
71496,01,EDAS
71496,02,EDAS
71497,01,DAS
71497,02,DAS
71601,01,DAS
71601,02,DAS
71602,01,DAS
71602,02,DAS
71603,01,DAS
71603,02,DAS
71611,01,DAS
71611,02,DAS
71612,01,DAS
71612,02,DAS
71613,01,DAS
71613,02,DAS
71630,01,EDAS
71630,02,EDAS
71631,01,REM
71631,02,REM
71635,01,DAS
71635,02,DAS
71638,01,EDAS
71638,02,EDAS
71639,01,EDAS
71639,02,EDAS
71640,01,EDAS
71640,02,EDAS
71642,01,EDAS
71642,02,EDAS
71643,01,EDAS
71643,02,EDAS
71644,01,EDAS
71644,02,EDAS
71646,01,EDAS
71646,02,EDAS
71647,01,EDAS
71647,02,EDAS
71651,01,REM
71651,02,REM
71652,01,REM
71652,02,REM
71653,01,EDAS
71653,02,EDAS
71654,01,DAS
71654,02,DAS
71655,01,DAS
71655,02,DAS
71656,01,DAS
71656,02,DAS
71657,01,DAS
71657,02,DAS
71658,01,EDAS
71658,02,EDAS
71659,01,REM
71659,02,REM
71660,01,EDAS
71660,02,EDAS
71661,01,DAS
71661,02,EDAS
71662,01,EDAS
71662,02,EDAS
71663,01,EDAS
71663,02,EDAS
71665,01,EDAS
71665,02,EDAS
71666,01,DAS
71666,02,DAS
71667,01,EDAS
71667,02,EDAS
71670,01,EDAS
71670,02,EDAS
71671,01,EDAS
71671,02,EDAS
71674,01,EDAS
71674,02,EDAS
71675,01,EDAS
71675,02,EDAS
71676,01,EDAS
71676,02,EDAS
71677,01,REM
71677,02,REM
71678,01,EDAS
71678,02,EDAS
71701,01,DAS
71701,02,DAS
71711,01,DAS
71711,02,DAS
71720,01,EDAS
71720,02,EDAS
71721,01,REM
71721,02,REM
71722,01,REM
71722,02,REM
71724,01,EDAS
71724,02,EDAS
71725,01,EDAS
71725,02,EDAS
71726,01,REM
71726,02,REM
71728,01,EDAS
71728,02,EDAS
71730,01,DAS
71730,02,DAS
71740,01,EDAS
71740,02,EDAS
71742,01,EDAS
71742,02,EDAS
71743,01,EDAS
71743,02,EDAS
71744,01,EDAS
71744,02,EDAS
71745,01,DAS
71745,02,DAS
71747,01,EDAS
71747,02,EDAS
71748,01,EDAS
71748,02,EDAS
71749,01,EDAS
71749,02,EDAS
71751,01,EDAS
71751,02,EDAS
71752,01,EDAS
71752,02,EDAS
71753,01,DAS
71753,02,DAS
71758,01,EDAS
71758,02,EDAS
71759,02,DAS
71762,01,DAS
71762,02,DAS
71763,01,REM
71763,02,EDAS
71764,01,REM
71764,02,REM
71765,01,EDAS
71765,02,EDAS
71766,01,EDAS
71766,02,EDAS
71768,01,DAS
71768,02,DAS
71770,01,EDAS
71770,02,EDAS
71772,01,EDAS
71772,02,EDAS
71801,01,DAS
71801,02,DAS
71802,01,DAS
71802,02,DAS
71820,01,EDAS
71820,02,EDAS
71822,01,EDAS
71822,02,EDAS
71823,01,EDAS
71823,02,EDAS
71825,01,EDAS
71825,02,EDAS
71826,01,EDAS
71826,02,EDAS
71827,01,REM
71827,02,REM
71828,01,EDAS
71828,02,EDAS
71831,01,REM
71831,02,REM
71832,01,EDAS
71832,02,EDAS
71833,01,REM
71833,02,REM
71834,01,REM
71834,02,REM
71835,01,EDAS
71835,02,EDAS
71836,01,REM
71836,02,REM
71837,01,EDAS
71837,02,EDAS
71838,01,EDAS
71838,02,EDAS
71839,01,REM
71839,02,REM
71841,01,REM
71841,02,REM
71842,01,EDAS
71842,02,EDAS
71845,01,REM
71845,02,REM
71846,01,REM
71846,02,REM
71847,01,EDAS
71847,02,EDAS
71851,01,EDAS
71851,02,EDAS
71852,01,EDAS
71852,02,EDAS
71853,01,REM
71853,02,REM
71855,01,EDAS
71855,02,EDAS
71857,01,EDAS
71857,02,EDAS
71858,01,REM
71858,02,REM
71859,01,EDAS
71859,02,EDAS
71860,01,EDAS
71860,02,EDAS
71861,01,REM
71861,02,REM
71862,01,EDAS
71862,02,EDAS
71864,01,DAS
71864,02,DAS
71865,01,DAS
71865,02,DAS
71866,01,EDAS
71866,02,EDAS
71909,01,DAS
71909,02,DAS
71910,01,DAS
71910,02,DAS
71920,01,EDAS
71920,02,EDAS
71921,01,EDAS
71921,02,EDAS
71922,01,DAS
71922,02,DAS
71923,01,DAS
71923,02,DAS
71929,01,EDAS
71929,02,EDAS
71933,01,EDAS
71933,02,EDAS
71935,01,REM
71935,02,REM
71937,01,EDAS
71937,02,EDAS
71940,01,EDAS
71940,02,EDAS
71941,01,EDAS
71941,02,EDAS
71942,01,DAS
71942,02,DAS
71943,01,DAS
71943,02,DAS
71944,01,EDAS
71944,02,EDAS
71945,01,EDAS
71945,02,EDAS
71949,01,EDAS
71949,02,EDAS
71950,01,EDAS
71950,02,EDAS
71952,01,EDAS
71952,02,EDAS
71953,01,EDAS
71953,02,EDAS
71956,01,EDAS
71956,02,EDAS
71957,01,EDAS
71957,02,EDAS
71958,01,EDAS
71958,02,EDAS
71959,01,EDAS
71959,02,EDAS
71960,01,EDAS
71960,02,EDAS
71961,01,REM
71961,02,EDAS
71962,01,REM
71962,02,REM
71964,01,DAS
71964,02,DAS
71965,01,EDAS
71965,02,EDAS
71966,01,DAS
71966,02,DAS
71968,01,EDAS
71968,02,EDAS
71969,01,REM
71969,02,REM
71970,01,EDAS
71970,02,EDAS
71971,01,EDAS
71971,02,EDAS
71972,01,EDAS
71972,02,EDAS
71973,01,REM
71973,02,REM
71998,01,DAS
71998,02,DAS
71999,01,DAS
71999,02,DAS
72001,01,REM
72001,02,REM
72002,01,DAS
72002,02,DAS
72003,01,REM
72003,02,REM
72004,01,REM
72004,02,REM
72005,01,EDAS
72005,02,EDAS
72006,01,EDAS
72006,02,EDAS
72007,01,DAS
72007,02,DAS
72010,01,EDAS
72010,02,EDAS
72011,01,DAS
72011,02,DAS
72012,01,DAS
72012,02,DAS
72013,01,REM
72013,02,REM
72014,01,REM
72014,02,REM
72015,01,DAS
72015,02,DAS
72016,01,EDAS
72016,02,EDAS
72017,01,EDAS
72017,02,EDAS
72019,01,DAS
72019,02,DAS
72020,01,EDAS
72020,02,EDAS
72021,01,EDAS
72021,02,EDAS
72023,01,DAS
72023,02,DAS
72024,01,EDAS
72024,02,EDAS
72025,01,EDAS
72025,02,EDAS
72026,01,REM
72026,02,REM
72027,01,REM
72027,02,REM
72028,01,EDAS
72028,02,EDAS
72029,01,EDAS
72029,02,EDAS
72030,01,REM
72030,02,REM
72031,01,REM
72031,02,REM
72036,01,EDAS
72036,02,EDAS
72037,01,DAS
72037,02,DAS
72038,01,REM
72038,02,REM
72039,01,EDAS
72039,02,EDAS
72040,01,EDAS
72040,02,EDAS
72041,01,EDAS
72041,02,EDAS
72042,01,EDAS
72042,02,EDAS
72043,01,DAS
72043,02,DAS
72044,01,EDAS
72044,02,EDAS
72045,01,EDAS
72045,02,EDAS
72046,01,EDAS
72046,02,EDAS
72047,01,EDAS
72047,02,EDAS
72048,01,REM
72048,02,REM
72051,01,REM
72051,02,REM
72052,01,DAS
72052,02,DAS
72055,01,EDAS
72055,02,EDAS
72057,01,EDAS
72057,02,EDAS
72058,01,DAS
72058,02,DAS
72059,01,DAS
72059,02,DAS
72060,01,EDAS
72060,02,EDAS
72061,01,DAS
72061,02,DAS
72063,01,EDAS
72063,02,EDAS
72064,01,EDAS
72064,02,EDAS
72065,01,DAS
72065,02,DAS
72067,01,EDAS
72067,02,EDAS
72068,01,DAS
72068,02,DAS
72069,01,REM
72069,02,REM
72070,01,EDAS
72070,02,EDAS
72072,01,REM
72072,02,REM
72073,01,REM
72073,02,REM
72074,01,EDAS
72074,02,EDAS
72075,01,REM
72075,02,REM
72079,01,DAS
72079,02,DAS
72080,01,REM
72080,02,REM
72081,01,EDAS
72081,02,EDAS
72082,01,EDAS
72082,02,EDAS
72083,01,EDAS
72083,02,EDAS
72084,01,EDAS
72084,02,EDAS
72085,01,EDAS
72085,02,EDAS
72086,01,DAS
72086,02,DAS
72087,01,EDAS
72087,02,EDAS
72088,01,EDAS
72088,02,EDAS
72101,01,EDAS
72101,02,EDAS
72102,01,EDAS
72102,02,EDAS
72104,01,DAS
72104,02,DAS
72105,01,DAS
72105,02,DAS
72106,01,DAS
72106,02,DAS
72107,01,EDAS
72107,02,EDAS
72108,01,EDAS
72108,02,EDAS
72110,01,DAS
72110,02,DAS
72111,01,EDAS
72111,02,EDAS
72112,01,EDAS
72112,02,EDAS
72121,01,REM
72121,02,REM
72122,01,EDAS
72122,02,EDAS
72123,01,REM
72123,02,REM
72125,01,EDAS
72125,02,EDAS
72126,01,EDAS
72126,02,EDAS
72127,01,EDAS
72127,02,EDAS
72128,01,EDAS
72128,02,EDAS
72129,01,EDAS
72129,02,EDAS
72130,01,EDAS
72130,02,EDAS
72131,01,EDAS
72131,02,EDAS
72132,01,EDAS
72132,02,EDAS
72133,01,EDAS
72133,02,EDAS
72134,01,EDAS
72134,02,EDAS
72135,01,EDAS
72135,02,EDAS
72136,01,EDAS
72136,02,EDAS
72137,01,EDAS
72137,02,EDAS
72139,01,DAS
72139,02,DAS
72140,01,REM
72140,02,REM
72141,01,REM
72141,02,REM
72142,01,EDAS
72142,02,EDAS
72143,01,DAS
72143,02,DAS
72149,01,DAS
72149,02,DAS
72150,01,DAS
72150,02,DAS
72152,01,REM
72152,02,REM
72153,01,REM
72153,02,REM
72156,01,EDAS
72156,02,EDAS
72157,01,EDAS
72157,02,EDAS
72160,01,DAS
72160,02,DAS
72165,01,REM
72165,02,REM
72166,01,REM
72166,02,REM
72167,01,REM
72167,02,REM
72168,01,REM
72168,02,REM
72169,01,DAS
72169,02,DAS
72170,01,EDAS
72170,02,EDAS
72173,01,DAS
72173,02,DAS
72175,01,EDAS
72175,02,EDAS
72176,01,DAS
72176,02,DAS
72179,01,EDAS
72179,02,EDAS
72180,01,DAS
72180,02,DAS
72181,01,DAS
72181,02,DAS
72182,01,EDAS
72182,02,EDAS
72301,01,DAS
72301,02,DAS
72310,01,DAS
72310,02,DAS
72311,01,DAS
72311,02,DAS
72312,01,DAS
72312,02,DAS
72313,01,EDAS
72313,02,EDAS
72315,01,DAS
72315,02,DAS
72316,01,DAS
72316,02,DAS
72320,01,EDAS
72320,02,EDAS
72321,01,DAS
72321,02,DAS
72322,01,EDAS
72322,02,EDAS
72324,01,EDAS
72324,02,EDAS
72325,01,EDAS
72325,02,EDAS
72326,01,EDAS
72326,02,EDAS
72327,01,EDAS
72327,02,EDAS
72328,01,REM
72328,02,REM
72330,01,EDAS
72330,02,EDAS
72331,01,EDAS
72331,02,EDAS
72332,01,EDAS
72332,02,EDAS
72333,01,EDAS
72333,02,EDAS
72335,01,DAS
72335,02,DAS
72336,01,DAS
72336,02,DAS
72338,01,EDAS
72338,02,EDAS
72339,01,DAS
72339,02,DAS
72340,01,DAS
72340,02,DAS
72341,01,DAS
72341,02,DAS
72342,01,EDAS
72342,02,EDAS
72346,01,EDAS
72346,02,EDAS
72347,01,EDAS
72347,02,EDAS
72348,01,EDAS
72348,02,EDAS
72350,01,EDAS
72350,02,EDAS
72351,01,EDAS
72351,02,EDAS
72352,01,EDAS
72352,02,EDAS
72353,01,EDAS
72353,02,EDAS
72354,01,EDAS
72354,02,EDAS
72355,01,EDAS
72355,02,EDAS
72358,01,EDAS
72358,02,EDAS
72359,01,DAS
72359,02,DAS
72360,01,EDAS
72360,02,EDAS
72364,01,DAS
72364,02,DAS
72365,01,EDAS
72365,02,EDAS
72366,01,EDAS
72366,02,EDAS
72367,01,REM
72367,02,REM
72368,01,REM
72368,02,REM
72369,01,EDAS
72369,02,EDAS
72370,01,EDAS
72370,02,EDAS
72372,01,EDAS
72372,02,EDAS
72373,01,EDAS
72373,02,EDAS
72374,01,EDAS
72374,02,EDAS
72376,01,EDAS
72376,02,EDAS
72379,01,REM
72379,02,REM
72383,01,EDAS
72383,02,EDAS
72384,01,EDAS
72384,02,EDAS
72386,01,EDAS
72386,02,EDAS
72387,01,DAS
72387,02,DAS
72390,01,EDAS
72390,02,EDAS
72392,01,EDAS
72392,02,EDAS
72394,01,REM
72394,02,REM
72395,01,EDAS
72395,02,EDAS
72396,01,DAS
72396,02,DAS
72410,01,REM
72410,02,REM
72411,01,DAS
72411,02,DAS
72412,01,EDAS
72412,02,EDAS
72413,01,EDAS
72413,02,EDAS
72414,01,EDAS
72414,02,EDAS
72415,01,EDAS
72415,02,EDAS
72416,01,EDAS
72416,02,EDAS
72417,01,DAS
72417,02,DAS
72419,01,EDAS
72419,02,EDAS
72421,01,REM
72421,02,REM
72422,01,EDAS
72422,02,EDAS
72424,01,REM
72424,02,REM
72425,01,REM
72425,02,REM
72426,02,DAS
72427,01,DAS
72427,02,DAS
72428,01,REM
72428,02,REM
72429,01,EDAS
72429,02,EDAS
72430,01,EDAS
72430,02,EDAS
72431,01,EDAS
72431,02,EDAS
72432,01,EDAS
72432,02,EDAS
72433,01,EDAS
72433,02,EDAS
72434,01,EDAS
72434,02,EDAS
72435,01,EDAS
72435,02,EDAS
72436,01,EDAS
72436,02,EDAS
72437,01,EDAS
72437,02,EDAS
72438,01,EDAS
72438,02,EDAS
72439,01,DAS
72439,02,DAS
72440,01,EDAS
72440,02,EDAS
72441,01,EDAS
72441,02,EDAS
72442,01,EDAS
72442,02,EDAS
72443,01,EDAS
72443,02,EDAS
72444,01,EDAS
72444,02,EDAS
72445,01,DAS
72445,02,DAS
72447,01,EDAS
72447,02,EDAS
72449,01,EDAS
72449,02,EDAS
72450,01,EDAS
72450,02,EDAS
72453,01,EDAS
72453,02,EDAS
72454,01,EDAS
72454,02,EDAS
72455,01,EDAS
72455,02,EDAS
72456,01,EDAS
72456,02,EDAS
72457,01,EDAS
72457,02,EDAS
72458,01,EDAS
72458,02,EDAS
72459,01,REM
72459,02,REM
72460,01,EDAS
72460,02,EDAS
72461,01,EDAS
72461,02,EDAS
72462,01,EDAS
72462,02,EDAS
72464,01,DAS
72464,02,DAS
72465,01,REM
72465,02,REM
72466,01,REM
72466,02,REM
72467,01,EDAS
72467,02,EDAS
72469,01,EDAS
72469,02,EDAS
72470,01,EDAS
72470,02,EDAS
72471,01,EDAS
72471,02,EDAS
72472,01,DAS
72472,02,DAS
72473,01,EDAS
72473,02,EDAS
72475,01,DAS
72475,02,DAS
72476,01,DAS
72476,02,DAS
72478,01,EDAS
72478,02,EDAS
72479,01,EDAS
72479,02,EDAS
72482,01,REM
72482,02,REM
72501,01,DAS
72501,02,DAS
72503,01,DAS
72503,02,DAS
72512,01,REM
72512,02,REM
72513,01,EDAS
72513,02,EDAS
72515,01,REM
72515,02,REM
72517,01,REM
72517,02,REM
72519,01,REM
72519,02,REM
72520,01,EDAS
72520,02,EDAS
72521,01,EDAS
72521,02,EDAS
72522,01,EDAS
72522,02,EDAS
72523,01,EDAS
72523,02,EDAS
72524,01,EDAS
72524,02,EDAS
72525,01,EDAS
72525,02,EDAS
72526,01,DAS
72526,02,DAS
72527,01,EDAS
72527,02,EDAS
72528,01,REM
72528,02,REM
72529,01,EDAS
72529,02,EDAS
72530,01,REM
72530,02,REM
72531,01,REM
72531,02,REM
72532,01,EDAS
72532,02,EDAS
72533,01,REM
72533,02,REM
72534,01,EDAS
72534,02,EDAS
72536,01,EDAS
72536,02,EDAS
72537,01,EDAS
72537,02,EDAS
72538,01,REM
72538,02,REM
72539,01,EDAS
72539,02,EDAS
72540,01,EDAS
72540,02,EDAS
72542,01,REM
72542,02,REM
72543,01,DAS
72543,02,DAS
72544,01,EDAS
72544,02,EDAS
72546,01,REM
72546,02,REM
72550,01,EDAS
72550,02,EDAS
72553,01,DAS
72553,02,DAS
72554,01,EDAS
72554,02,EDAS
72555,01,EDAS
72555,02,EDAS
72556,01,EDAS
72556,02,EDAS
72560,01,REM
72560,02,REM
72561,01,REM
72561,02,REM
72562,01,EDAS
72562,02,EDAS
72564,01,EDAS
72564,02,EDAS
72565,01,REM
72565,02,EDAS
72566,01,REM
72566,02,REM
72567,01,EDAS
72567,02,EDAS
72568,01,EDAS
72568,02,EDAS
72569,01,REM
72569,02,REM
72571,01,EDAS
72571,02,EDAS
72572,01,EDAS
72572,02,EDAS
72573,01,EDAS
72573,02,EDAS
72575,01,EDAS
72575,02,EDAS
72576,01,EDAS
72576,02,EDAS
72577,01,EDAS
72577,02,EDAS
72578,01,REM
72578,02,REM
72579,01,EDAS
72579,02,EDAS
72581,01,EDAS
72581,02,EDAS
72583,01,REM
72583,02,REM
72584,01,REM
72584,02,REM
72585,01,EDAS
72585,02,EDAS
72587,01,REM
72587,02,REM
72601,01,DAS
72601,02,DAS
72602,01,DAS
72602,02,DAS
72610,01,EDAS
72610,02,EDAS
72611,01,EDAS
72611,02,EDAS
72613,01,DAS
72613,02,DAS
72616,01,EDAS
72616,02,EDAS
72617,01,REM
72617,02,REM
72619,01,EDAS
72619,02,EDAS
72623,01,EDAS
72623,02,EDAS
72624,01,REM
72624,02,REM
72626,01,DAS
72626,02,DAS
72628,01,REM
72628,02,REM
72629,01,EDAS
72629,02,EDAS
72630,01,EDAS
72630,02,EDAS
72631,01,EDAS
72631,02,EDAS
72632,01,EDAS
72632,02,EDAS
72633,01,EDAS
72633,02,EDAS
72634,01,EDAS
72634,02,EDAS
72635,01,EDAS
72635,02,EDAS
72636,01,DAS
72636,02,DAS
72638,01,EDAS
72638,02,EDAS
72639,01,REM
72639,02,REM
72640,01,REM
72640,02,REM
72641,01,REM
72641,02,REM
72642,01,EDAS
72642,02,EDAS
72644,01,EDAS
72644,02,EDAS
72645,01,REM
72645,02,REM
72648,01,REM
72648,02,REM
72650,01,REM
72650,02,REM
72651,01,DAS
72651,02,DAS
72653,01,DAS
72653,02,DAS
72654,01,DAS
72654,02,DAS
72655,01,REM
72655,02,REM
72657,01,EDAS
72657,02,EDAS
72658,01,EDAS
72658,02,EDAS
72660,01,EDAS
72660,02,EDAS
72661,01,EDAS
72661,02,EDAS
72662,01,EDAS
72662,02,EDAS
72663,01,REM
72663,02,REM
72666,01,EDAS
72666,02,EDAS
72668,01,EDAS
72668,02,EDAS
72669,01,EDAS
72669,02,EDAS
72670,01,REM
72670,02,REM
72672,01,EDAS
72672,02,EDAS
72675,01,REM
72675,02,REM
72677,01,REM
72677,02,REM
72679,01,EDAS
72679,02,EDAS
72680,01,REM
72680,02,REM
72682,01,REM
72682,02,REM
72683,01,REM
72683,02,REM
72685,01,REM
72685,02,REM
72686,01,REM
72686,02,REM
72687,01,REM
72687,02,REM
72714,01,DAS
72715,01,DAS
72715,02,DAS
72717,01,REM
72717,02,REM
72721,01,EDAS
72721,02,EDAS
72722,01,DAS
72722,02,DAS
72727,01,EDAS
72727,02,EDAS
72729,01,REM
72729,02,REM
72730,01,DAS
72732,01,EDAS
72732,02,EDAS
72733,01,EDAS
72733,02,EDAS
72734,01,DAS
72734,02,DAS
72736,01,EDAS
72736,02,EDAS
72738,01,EDAS
72738,02,EDAS
72739,01,DAS
72739,02,DAS
72740,01,EDAS
72740,02,EDAS
72742,01,REM
72742,02,REM
72744,01,EDAS
72744,02,EDAS
72747,01,EDAS
72747,02,EDAS
72749,01,EDAS
72749,02,EDAS
72751,01,DAS
72751,02,DAS
72752,01,REM
72752,02,REM
72753,01,DAS
72753,02,DAS
72760,01,REM
72760,02,REM
72761,01,DAS
72761,02,DAS
72768,01,EDAS
72768,02,EDAS
72769,01,EDAS
72769,02,EDAS
72773,01,EDAS
72773,02,EDAS
72774,01,EDAS
72774,02,EDAS
72776,01,REM
72776,02,REM
72801,01,DAS
72801,02,DAS
72802,01,DAS
72802,02,DAS
72812,01,DAS
72812,02,DAS
72820,01,DAS
72820,02,DAS
72821,01,EDAS
72821,02,EDAS
72823,01,EDAS
72823,02,EDAS
72824,01,EDAS
72824,02,EDAS
72826,01,REM
72826,02,REM
72827,01,EDAS
72827,02,EDAS
72828,01,EDAS
72828,02,EDAS
72830,01,DAS
72830,02,DAS
72832,01,EDAS
72832,02,EDAS
72833,01,EDAS
72833,02,EDAS
72834,01,DAS
72834,02,DAS
72835,01,EDAS
72835,02,EDAS
72837,01,EDAS
72837,02,EDAS
72838,01,EDAS
72838,02,EDAS
72839,01,REM
72839,02,REM
72840,01,EDAS
72840,02,EDAS
72841,01,REM
72841,02,REM
72842,01,EDAS
72842,02,EDAS
72843,01,EDAS
72843,02,EDAS
72845,01,EDAS
72845,02,EDAS
72846,01,EDAS
72846,02,EDAS
72847,01,EDAS
72847,02,EDAS
72851,01,REM
72851,02,REM
72852,01,REM
72852,02,REM
72853,01,EDAS
72853,02,EDAS
72854,01,REM
72854,02,REM
72855,01,DAS
72855,02,DAS
72856,01,REM
72856,02,REM
72857,01,REM
72857,02,REM
72858,01,DAS
72858,02,DAS
72860,01,REM
72860,02,REM
72863,01,EDAS
72863,02,EDAS
72865,01,DAS
72865,02,DAS
72921,01,EDAS
72921,02,DAS
72924,01,EDAS
72924,02,EDAS
72926,01,REM
72926,02,REM
72927,01,EDAS
72927,02,EDAS
72928,01,EDAS
72928,02,EDAS
72930,01,EDAS
72930,02,EDAS
72932,01,EDAS
72932,02,EDAS
72933,01,EDAS
72933,02,EDAS
72934,01,EDAS
72934,02,EDAS
72935,01,DAS
72935,02,DAS
72936,01,EDAS
72936,02,DAS
72937,01,EDAS
72937,02,EDAS
72938,01,EDAS
72938,02,EDAS
72940,01,EDAS
72940,02,EDAS
72941,01,DAS
72941,02,DAS
72943,01,REM
72943,02,EDAS
72944,01,EDAS
72944,02,EDAS
72945,01,EDAS
72945,02,EDAS
72946,01,EDAS
72946,02,EDAS
72947,01,EDAS
72947,02,EDAS
72948,01,EDAS
72948,02,EDAS
72949,01,EDAS
72949,02,EDAS
72950,01,EDAS
72950,02,EDAS
72951,01,DAS
72951,02,DAS
72952,01,EDAS
72952,02,EDAS
72955,01,REM
72955,02,REM
72958,01,EDAS
72958,02,EDAS
72959,01,REM
72959,02,REM
73001,01,EDAS
73001,02,EDAS
73002,01,EDAS
73002,02,EDAS
73004,01,EDAS
73004,02,EDAS
73005,01,EDAS
73005,02,EDAS
73006,01,EDAS
73006,02,EDAS
73007,01,DAS
73007,02,DAS
73009,01,EDAS
73009,02,EDAS
73010,01,EDAS
73010,02,EDAS
73011,01,EDAS
73011,02,EDAS
73014,01,REM
73014,02,REM
73015,01,EDAS
73015,02,EDAS
73016,01,REM
73016,02,REM
73017,01,EDAS
73017,02,EDAS
73018,01,DAS
73018,02,DAS
73020,01,DAS
73020,02,DAS
73021,01,EDAS
73021,02,EDAS
73022,01,DAS
73022,02,DAS
73023,01,DAS
73023,02,DAS
73024,01,EDAS
73024,02,EDAS
73025,01,DAS
73025,02,DAS
73026,01,EDAS
73026,02,EDAS
73027,01,EDAS
73027,02,EDAS
73028,01,EDAS
73028,02,EDAS
73029,01,EDAS
73029,02,EDAS
73030,01,EDAS
73030,02,EDAS
73031,01,DAS
73031,02,EDAS
73032,01,EDAS
73032,02,EDAS
73033,01,DAS
73033,02,DAS
73036,01,DAS
73036,02,DAS
73038,01,REM
73038,02,REM
73040,01,REM
73040,02,REM
73041,01,REM
73041,02,REM
73042,01,REM
73042,02,REM
73043,01,REM
73043,02,REM
73044,01,EDAS
73044,02,EDAS
73045,01,EDAS
73045,02,EDAS
73047,01,EDAS
73047,02,EDAS
73048,01,DAS
73048,02,DAS
73049,01,EDAS
73049,02,EDAS
73050,01,EDAS
73050,02,EDAS
73051,01,EDAS
73051,02,EDAS
73052,01,EDAS
73052,02,EDAS
73053,01,EDAS
73053,02,EDAS
73054,01,EDAS
73054,02,EDAS
73055,01,EDAS
73055,02,EDAS
73056,01,REM
73056,02,REM
73057,01,EDAS
73057,02,EDAS
73058,01,REM
73058,02,REM
73059,01,EDAS
73059,02,EDAS
73061,01,EDAS
73061,02,EDAS
73062,01,EDAS
73062,02,EDAS
73063,01,EDAS
73063,02,EDAS
73065,01,DAS
73065,02,DAS
73067,01,REM
73067,02,REM
73068,01,EDAS
73068,02,EDAS
73073,01,EDAS
73073,02,EDAS
73074,01,EDAS
73074,02,EDAS
73075,01,EDAS
73075,02,EDAS
73077,01,EDAS
73077,02,EDAS
73078,01,DAS
73078,02,DAS
73079,01,REM
73079,02,REM
73080,01,EDAS
73080,02,EDAS
73082,01,REM
73082,02,REM
73084,01,DAS
73084,02,DAS
73086,01,EDAS
73086,02,EDAS
73089,01,DAS
73089,02,DAS
73090,01,EDAS
73090,02,EDAS
73092,01,EDAS
73092,02,EDAS
73093,01,DAS
73093,02,DAS
73095,01,EDAS
73095,02,EDAS
73098,01,EDAS
73098,02,EDAS
73150,01,DAS
73150,02,DAS
73151,01,DAS
73151,02,DAS
73165,01,EDAS
73165,02,EDAS
73173,01,DAS
73173,02,DAS
73401,01,DAS
73401,02,DAS
73402,01,DAS
73402,02,DAS
73425,01,DAS
73425,02,DAS
73430,01,REM
73430,02,REM
73432,01,EDAS
73432,02,EDAS
73433,01,REM
73433,02,REM
73434,01,REM
73434,02,REM
73435,01,REM
73435,02,REM
73436,01,EDAS
73436,02,EDAS
73437,01,EDAS
73437,02,EDAS
73438,01,EDAS
73438,02,EDAS
73439,01,EDAS
73439,02,EDAS
73440,01,EDAS
73440,02,EDAS
73441,01,EDAS
73441,02,EDAS
73442,01,EDAS
73442,02,EDAS
73443,01,EDAS
73443,02,EDAS
73444,01,EDAS
73444,02,EDAS
73446,01,EDAS
73446,02,EDAS
73447,01,EDAS
73447,02,EDAS
73448,01,EDAS
73448,02,EDAS
73449,01,EDAS
73449,02,EDAS
73450,01,REM
73450,02,REM
73453,01,EDAS
73453,02,EDAS
73455,01,EDAS
73455,02,EDAS
73456,01,REM
73456,02,REM
73458,01,EDAS
73458,02,EDAS
73459,01,DAS
73459,02,DAS
73460,01,EDAS
73460,02,EDAS
73461,01,REM
73461,02,REM
73463,01,EDAS
73463,02,EDAS
73481,01,EDAS
73481,02,EDAS
73487,01,EDAS
73487,02,EDAS
73488,01,REM
73488,02,REM
73491,01,DAS
73491,02,DAS
73501,01,DAS
73501,02,DAS
73502,01,DAS
73502,02,DAS
73507,01,DAS
73507,02,DAS
73520,01,DAS
73520,02,DAS
73521,01,DAS
73521,02,DAS
73522,01,DAS
73522,02,DAS
73526,01,EDAS
73526,02,EDAS
73527,01,EDAS
73527,02,EDAS
73528,01,EDAS
73528,02,EDAS
73529,01,EDAS
73529,02,EDAS
73530,01,EDAS
73530,02,EDAS
73531,01,DAS
73531,02,DAS
73532,01,EDAS
73532,02,EDAS
73533,01,DAS
73533,02,DAS
73536,01,DAS
73536,02,DAS
73537,01,EDAS
73537,02,EDAS
73538,01,EDAS
73538,02,EDAS
73539,01,EDAS
73539,02,EDAS
73540,01,EDAS
73540,02,EDAS
73541,01,EDAS
73541,02,EDAS
73542,01,EDAS
73542,02,EDAS
73543,01,REM
73543,02,REM
73544,01,REM
73544,02,REM
73546,01,EDAS
73546,02,EDAS
73547,01,EDAS
73547,02,EDAS
73548,01,EDAS
73548,02,EDAS
73549,01,EDAS
73549,02,EDAS
73550,01,EDAS
73550,02,EDAS
73551,01,DAS
73551,02,DAS
73552,01,EDAS
73552,02,EDAS
73553,01,EDAS
73553,02,EDAS
73554,01,EDAS
73554,02,EDAS
73555,01,DAS
73555,02,DAS
73556,01,EDAS
73556,02,EDAS
73557,01,EDAS
73557,02,EDAS
73559,01,REM
73559,02,REM
73560,01,EDAS
73560,02,EDAS
73561,01,EDAS
73561,02,EDAS
73562,01,EDAS
73562,02,EDAS
73564,01,EDAS
73564,02,EDAS
73565,01,EDAS
73565,02,EDAS
73566,01,EDAS
73566,02,EDAS
73567,01,EDAS
73567,02,EDAS
73568,01,EDAS
73568,02,EDAS
73569,01,EDAS
73569,02,EDAS
73570,01,EDAS
73570,02,EDAS
73571,01,REM
73571,02,REM
73572,01,EDAS
73572,02,EDAS
73573,01,EDAS
73573,02,EDAS
73601,01,DAS
73601,02,DAS
73620,01,EDAS
73620,02,EDAS
73622,01,EDAS
73622,02,EDAS
73624,01,EDAS
73624,02,EDAS
73625,01,REM
73625,02,REM
73626,01,EDAS
73626,02,EDAS
73627,01,REM
73627,02,REM
73628,01,REM
73628,02,REM
73632,01,EDAS
73632,02,EDAS
73638,01,REM
73638,02,REM
73639,01,EDAS
73639,02,EDAS
73641,01,EDAS
73641,02,EDAS
73642,01,REM
73642,02,REM
73644,01,EDAS
73644,02,EDAS
73645,01,EDAS
73645,02,EDAS
73646,01,EDAS
73646,02,EDAS
73647,01,EDAS
73647,02,EDAS
73648,01,EDAS
73648,02,EDAS
73650,01,EDAS
73650,02,EDAS
73651,01,EDAS
73651,02,EDAS
73654,01,EDAS
73654,02,EDAS
73655,01,EDAS
73655,02,EDAS
73658,01,REM
73658,02,REM
73659,01,REM
73659,02,REM
73660,01,REM
73660,02,REM
73661,01,EDAS
73661,02,EDAS
73662,01,EDAS
73662,02,EDAS
73663,01,EDAS
73663,02,EDAS
73664,01,EDAS
73664,02,EDAS
73666,01,EDAS
73666,02,EDAS
73667,01,REM
73667,02,REM
73668,01,DAS
73668,02,DAS
73669,01,EDAS
73669,02,EDAS
73673,01,EDAS
73673,02,EDAS
73716,01,EDAS
73716,02,EDAS
73717,01,EDAS
73717,02,EDAS
73718,01,EDAS
73718,02,EDAS
73719,01,REM
73719,02,REM
73720,01,EDAS
73720,02,EDAS
73722,01,REM
73722,02,REM
73724,01,EDAS
73724,02,EDAS
73726,01,EDAS
73726,02,EDAS
73727,01,EDAS
73727,02,EDAS
73728,01,EDAS
73728,02,EDAS
73729,01,EDAS
73729,02,EDAS
73730,01,EDAS
73730,02,EDAS
73731,01,EDAS
73731,02,EDAS
73733,01,EDAS
73733,02,EDAS
73734,01,REM
73734,02,REM
73735,01,EDAS
73735,02,EDAS
73736,01,EDAS
73736,02,EDAS
73737,01,EDAS
73737,02,EDAS
73738,01,EDAS
73738,02,EDAS
73739,01,EDAS
73739,02,EDAS
73741,01,EDAS
73741,02,EDAS
73742,01,EDAS
73742,02,EDAS
73743,01,EDAS
73743,02,EDAS
73744,01,REM
73744,02,REM
73746,01,REM
73746,02,REM
73747,01,EDAS
73747,02,EDAS
73749,01,EDAS
73749,02,EDAS
73750,01,EDAS
73750,02,EDAS
73753,01,REM
73753,02,REM
73754,01,EDAS
73754,02,EDAS
73755,01,REM
73755,02,REM
73756,01,EDAS
73756,02,EDAS
73757,01,EDAS
73757,02,EDAS
73758,01,EDAS
73758,02,EDAS
73759,01,EDAS
73759,02,EDAS
73760,01,EDAS
73760,02,EDAS
73761,01,REM
73761,02,REM
73762,01,EDAS
73762,02,EDAS
73763,01,REM
73763,02,REM
73764,01,EDAS
73764,02,EDAS
73766,01,EDAS
73766,02,EDAS
73768,01,REM
73768,02,REM
73770,01,REM
73770,02,REM
73771,01,EDAS
73771,02,EDAS
73772,01,EDAS
73772,02,EDAS
73773,01,EDAS
73773,02,EDAS
73801,01,EDAS
73801,02,EDAS
73802,01,EDAS
73802,02,EDAS
73832,01,EDAS
73832,02,EDAS
73834,01,EDAS
73834,02,EDAS
73835,01,EDAS
73835,02,EDAS
73838,01,EDAS
73838,02,EDAS
73840,01,EDAS
73840,02,EDAS
73841,01,EDAS
73841,02,EDAS
73842,01,REM
73842,02,REM
73843,01,REM
73843,02,REM
73844,01,REM
73844,02,REM
73847,01,EDAS
73847,02,EDAS
73848,01,REM
73848,02,REM
73851,01,REM
73851,02,REM
73852,01,EDAS
73852,02,EDAS
73853,01,EDAS
73853,02,EDAS
73855,01,REM
73855,02,REM
73857,01,EDAS
73857,02,EDAS
73858,01,EDAS
73858,02,EDAS
73859,01,EDAS
73859,02,EDAS
73860,01,EDAS
73860,02,EDAS
73901,01,EDAS
73901,02,EDAS
73931,01,REM
73931,02,REM
73932,01,EDAS
73932,02,EDAS
73933,01,REM
73933,02,REM
73937,01,REM
73937,02,REM
73938,01,EDAS
73938,02,EDAS
73939,01,REM
73939,02,REM
73942,01,EDAS
73942,02,EDAS
73944,01,REM
73944,02,REM
73945,01,EDAS
73945,02,EDAS
73946,01,REM
73946,02,REM
73947,01,REM
73947,02,REM
73949,01,REM
73949,02,REM
73950,01,EDAS
73950,02,EDAS
73951,01,EDAS
73951,02,EDAS
73960,01,DAS
73960,02,DAS
74001,01,REM
74001,02,REM
74002,01,REM
74002,02,REM
74003,01,DAS
74003,02,DAS
74004,01,DAS
74004,02,DAS
74006,01,DAS
74008,01,DAS
74008,02,DAS
74009,01,EDAS
74009,02,EDAS
74010,01,EDAS
74010,02,EDAS
74015,01,DAS
74015,02,DAS
74016,01,EDAS
74016,02,EDAS
74017,01,DAS
74017,02,DAS
74018,01,DAS
74018,02,DAS
74019,01,EDAS
74019,02,DAS
74020,01,EDAS
74020,02,EDAS
74021,01,DAS
74021,02,DAS
74022,01,EDAS
74022,02,EDAS
74023,01,EDAS
74023,02,EDAS
74026,01,EDAS
74026,02,EDAS
74027,01,REM
74027,02,REM
74028,01,REM
74028,02,REM
74029,01,REM
74029,02,REM
74030,01,EDAS
74030,02,EDAS
74031,01,DAS
74031,02,DAS
74032,01,EDAS
74032,02,EDAS
74034,01,EDAS
74034,02,EDAS
74035,01,REM
74035,02,REM
74036,01,EDAS
74036,02,EDAS
74038,01,EDAS
74038,02,EDAS
74039,01,EDAS
74039,02,EDAS
74041,01,DAS
74041,02,DAS
74042,01,REM
74042,02,REM
74043,01,EDAS
74043,02,EDAS
74044,01,EDAS
74044,02,EDAS
74045,01,EDAS
74045,02,EDAS
74046,01,REM
74046,02,REM
74047,01,REM
74047,02,EDAS
74048,01,EDAS
74048,02,EDAS
74051,01,EDAS
74051,02,EDAS
74052,01,EDAS
74052,02,EDAS
74053,01,DAS
74053,02,DAS
74054,01,EDAS
74054,02,EDAS
74056,01,REM
74056,02,REM
74058,01,EDAS
74058,02,EDAS
74059,01,EDAS
74059,02,EDAS
74060,01,EDAS
74060,02,EDAS
74061,01,EDAS
74061,02,EDAS
74062,01,EDAS
74062,02,EDAS
74063,01,DAS
74063,02,DAS
74066,01,DAS
74066,02,DAS
74067,01,DAS
74067,02,DAS
74068,01,DAS
74068,02,DAS
74070,01,EDAS
74070,02,EDAS
74071,01,REM
74071,02,REM
74072,01,REM
74072,02,REM
74073,01,DAS
74073,02,DAS
74075,01,DAS
74075,02,DAS
74079,01,EDAS
74079,02,EDAS
74080,01,EDAS
74080,02,EDAS
74081,01,EDAS
74081,02,EDAS
74082,01,DAS
74082,02,DAS
74083,01,REM
74083,02,REM
74084,01,EDAS
74084,02,EDAS
74085,01,REM
74085,02,REM
74126,01,DAS
74126,02,DAS
74127,01,DAS
74130,01,DAS
74130,02,DAS
74301,01,EDAS
74301,02,EDAS
74330,01,EDAS
74330,02,EDAS
74331,01,EDAS
74331,02,EDAS
74332,01,EDAS
74332,02,EDAS
74333,01,EDAS
74333,02,EDAS
74335,01,EDAS
74335,02,EDAS
74337,01,EDAS
74337,02,EDAS
74338,01,EDAS
74338,02,EDAS
74340,01,EDAS
74340,02,EDAS
74342,01,EDAS
74342,02,EDAS
74343,01,EDAS
74343,02,EDAS
74344,01,DAS
74344,02,DAS
74345,01,DAS
74345,02,DAS
74346,01,EDAS
74346,02,EDAS
74347,01,EDAS
74347,02,EDAS
74349,01,EDAS
74349,02,EDAS
74350,01,DAS
74350,02,DAS
74352,01,EDAS
74352,02,EDAS
74354,01,DAS
74354,02,DAS
74355,01,DAS
74355,02,DAS
74358,01,DAS
74358,02,DAS
74359,01,EDAS
74359,02,EDAS
74360,01,EDAS
74360,02,EDAS
74361,01,DAS
74361,02,DAS
74362,01,DAS
74362,02,DAS
74363,01,EDAS
74363,02,EDAS
74364,01,REM
74364,02,REM
74365,01,EDAS
74365,02,EDAS
74366,01,EDAS
74366,02,EDAS
74367,01,EDAS
74367,02,EDAS
74368,01,DAS
74368,02,DAS
74369,01,REM
74369,02,REM
74370,01,REM
74370,02,REM
74401,01,DAS
74401,02,DAS
74402,01,DAS
74402,02,DAS
74403,01,DAS
74403,02,DAS
74421,01,EDAS
74421,02,EDAS
74422,01,EDAS
74422,02,EDAS
74423,01,EDAS
74423,02,EDAS
74425,01,EDAS
74425,02,EDAS
74426,01,EDAS
74426,02,EDAS
74427,01,EDAS
74427,02,EDAS
74428,01,EDAS
74428,02,EDAS
74429,01,DAS
74429,02,DAS
74430,01,EDAS
74430,02,EDAS
74431,01,EDAS
74431,02,EDAS
74432,01,EDAS
74432,02,EDAS
74434,01,EDAS
74434,02,EDAS
74435,01,EDAS
74435,02,EDAS
74436,01,EDAS
74436,02,EDAS
74437,01,EDAS
74437,02,EDAS
74438,01,EDAS
74438,02,EDAS
74440,01,EDAS
74440,02,EDAS
74441,01,EDAS
74441,02,EDAS
74442,01,REM
74442,02,REM
74445,01,EDAS
74445,02,EDAS
74446,01,DAS
74446,02,DAS
74447,01,DAS
74447,02,DAS
74450,01,EDAS
74450,02,EDAS
74451,01,EDAS
74451,02,EDAS
74452,01,EDAS
74452,02,EDAS
74454,01,EDAS
74454,02,EDAS
74455,01,REM
74455,02,REM
74456,01,DAS
74456,02,DAS
74457,01,REM
74457,02,REM
74458,01,EDAS
74458,02,EDAS
74459,01,EDAS
74459,02,EDAS
74460,01,EDAS
74460,02,EDAS
74461,01,EDAS
74461,02,EDAS
74462,01,EDAS
74462,02,EDAS
74463,01,DAS
74463,02,DAS
74464,01,DAS
74464,02,DAS
74465,01,DAS
74465,02,DAS
74467,01,DAS
74467,02,DAS
74468,01,DAS
74468,02,DAS
74469,01,EDAS
74469,02,EDAS
74470,01,EDAS
74470,02,EDAS
74471,01,EDAS
74471,02,EDAS
74472,01,EDAS
74472,02,EDAS
74477,01,DAS
74477,02,DAS
74501,01,DAS
74501,02,DAS
74502,01,DAS
74502,02,DAS
74521,01,REM
74521,02,REM
74522,02,DAS
74523,01,REM
74523,02,REM
74525,01,REM
74525,02,REM
74528,01,REM
74528,02,REM
74529,01,REM
74529,02,REM
74530,01,EDAS
74530,02,EDAS
74531,01,REM
74531,02,REM
74533,01,EDAS
74533,02,EDAS
74534,01,EDAS
74534,02,EDAS
74535,01,EDAS
74535,02,EDAS
74536,01,REM
74536,02,REM
74538,01,REM
74538,02,REM
74540,01,EDAS
74540,02,EDAS
74542,01,EDAS
74542,02,EDAS
74543,01,REM
74543,02,REM
74545,01,EDAS
74545,02,EDAS
74546,01,EDAS
74546,02,EDAS
74547,01,EDAS
74547,02,EDAS
74549,01,REM
74549,02,REM
74552,01,REM
74552,02,REM
74553,01,EDAS
74553,02,EDAS
74554,01,DAS
74554,02,DAS
74555,01,REM
74555,02,REM
74556,01,REM
74556,02,REM
74557,01,REM
74557,02,REM
74558,01,REM
74558,02,REM
74559,01,REM
74559,02,REM
74560,01,REM
74560,02,REM
74561,01,EDAS
74561,02,EDAS
74562,01,REM
74562,02,REM
74563,01,REM
74563,02,REM
74565,01,DAS
74565,02,DAS
74567,01,EDAS
74567,02,EDAS
74569,01,REM
74569,02,REM
74570,01,EDAS
74570,02,EDAS
74571,01,REM
74571,02,REM
74572,01,REM
74572,02,REM
74574,01,REM
74574,02,REM
74576,01,REM
74576,02,REM
74577,01,EDAS
74577,02,EDAS
74578,01,EDAS
74578,02,EDAS
74601,01,DAS
74601,02,DAS
74602,01,DAS
74602,02,DAS
74604,01,EDAS
74604,02,EDAS
74630,01,EDAS
74630,02,EDAS
74631,01,EDAS
74631,02,EDAS
74632,01,EDAS
74632,02,EDAS
74633,01,EDAS
74633,02,EDAS
74636,01,EDAS
74636,02,EDAS
74637,01,EDAS
74637,02,EDAS
74640,01,EDAS
74640,02,EDAS
74641,01,EDAS
74641,02,EDAS
74643,01,EDAS
74643,02,EDAS
74644,01,EDAS
74644,02,EDAS
74646,01,EDAS
74646,02,EDAS
74647,01,EDAS
74647,02,EDAS
74650,01,REM
74650,02,REM
74651,01,EDAS
74651,02,EDAS
74652,01,EDAS
74652,02,EDAS
74653,01,EDAS
74653,02,EDAS
74701,01,DAS
74701,02,DAS
74702,01,DAS
74702,02,DAS
74720,01,DAS
74720,02,DAS
74721,01,REM
74721,02,REM
74722,01,EDAS
74722,02,EDAS
74723,01,REM
74723,02,EDAS
74724,01,EDAS
74724,02,EDAS
74726,01,EDAS
74726,02,EDAS
74727,01,EDAS
74727,02,EDAS
74728,01,EDAS
74728,02,EDAS
74729,01,EDAS
74729,02,EDAS
74730,01,EDAS
74730,02,EDAS
74731,01,EDAS
74731,02,EDAS
74733,01,EDAS
74733,02,EDAS
74734,01,EDAS
74734,02,EDAS
74735,01,REM
74735,02,REM
74736,01,REM
74736,02,REM
74737,01,EDAS
74737,02,EDAS
74738,01,REM
74738,02,REM
74740,01,EDAS
74740,02,EDAS
74741,01,EDAS
74741,02,EDAS
74743,01,EDAS
74743,02,EDAS
74745,01,DAS
74745,02,DAS
74747,01,DAS
74747,02,DAS
74748,01,REM
74748,02,REM
74750,01,EDAS
74750,02,EDAS
74752,01,DAS
74752,02,DAS
74753,01,REM
74753,02,REM
74754,01,EDAS
74754,02,EDAS
74755,01,REM
74755,02,REM
74756,01,REM
74756,02,REM
74759,01,REM
74759,02,REM
74760,01,REM
74760,02,REM
74761,01,REM
74761,02,REM
74764,01,EDAS
74764,02,EDAS
74766,01,REM
74766,02,REM
74801,01,EDAS
74801,02,EDAS
74802,01,DAS
74802,02,DAS
74804,01,DAS
74804,02,DAS
74818,01,DAS
74818,02,DAS
74820,01,DAS
74820,02,DAS
74821,01,DAS
74821,02,DAS
74824,01,EDAS
74824,02,EDAS
74825,01,EDAS
74825,02,EDAS
74826,01,REM
74826,02,REM
74827,01,EDAS
74827,02,EDAS
74829,01,EDAS
74829,02,EDAS
74830,01,DAS
74830,02,DAS
74831,01,EDAS
74831,02,EDAS
74832,01,EDAS
74832,02,EDAS
74833,01,EDAS
74833,02,EDAS
74834,01,EDAS
74834,02,EDAS
74836,01,EDAS
74836,02,EDAS
74837,01,DAS
74837,02,DAS
74839,01,REM
74839,02,REM
74840,01,EDAS
74840,02,EDAS
74842,01,EDAS
74842,02,EDAS
74843,01,EDAS
74843,02,EDAS
74844,01,EDAS
74844,02,EDAS
74845,01,REM
74845,02,REM
74848,01,EDAS
74848,02,EDAS
74849,01,EDAS
74849,02,EDAS
74850,01,EDAS
74850,02,EDAS
74851,01,DAS
74851,02,DAS
74852,01,EDAS
74852,02,EDAS
74854,01,EDAS
74854,02,EDAS
74855,01,EDAS
74855,02,EDAS
74856,01,EDAS
74856,02,EDAS
74857,01,EDAS
74857,02,DAS
74859,01,EDAS
74859,02,EDAS
74860,01,EDAS
74860,02,EDAS
74864,01,EDAS
74864,02,EDAS
74865,01,EDAS
74865,02,EDAS
74866,01,EDAS
74866,02,EDAS
74867,01,REM
74867,02,REM
74868,01,DAS
74868,02,DAS
74869,01,EDAS
74869,02,EDAS
74871,01,REM
74871,02,REM
74872,01,EDAS
74872,02,EDAS
74873,01,EDAS
74873,02,EDAS
74875,01,EDAS
74875,02,EDAS
74878,01,REM
74878,02,REM
74880,01,EDAS
74880,02,EDAS
74881,01,REM
74881,02,EDAS
74883,01,EDAS
74883,02,EDAS
74884,01,EDAS
74884,02,EDAS
74901,01,DAS
74901,02,DAS
74902,01,DAS
74902,02,DAS
74930,01,REM
74930,02,REM
74931,01,REM
74931,02,REM
74932,01,EDAS
74932,02,EDAS
74935,01,REM
74935,02,REM
74936,01,DAS
74936,02,DAS
74937,01,REM
74937,02,REM
74939,01,REM
74939,02,REM
74940,01,EDAS
74940,02,EDAS
74941,01,EDAS
74941,02,EDAS
74942,01,REM
74942,02,REM
74943,01,EDAS
74943,02,EDAS
74944,01,EDAS
74944,02,EDAS
74945,01,EDAS
74945,02,EDAS
74946,01,DAS
74946,02,DAS
74947,01,DAS
74947,02,DAS
74948,01,EDAS
74948,02,EDAS
74949,01,REM
74949,02,REM
74951,01,EDAS
74951,02,EDAS
74953,01,DAS
74953,02,DAS
74954,01,DAS
74954,02,DAS
74955,01,EDAS
74955,02,DAS
74956,01,EDAS
74956,02,EDAS
74957,01,REM
74957,02,REM
74959,01,EDAS
74959,02,EDAS
74960,01,EDAS
74960,02,EDAS
74962,01,REM
74962,02,REM
74963,01,REM
74963,02,REM
74964,01,EDAS
74964,02,EDAS
74965,01,EDAS
74965,02,EDAS
74966,01,REM
74966,02,REM
75009,01,DAS
75009,02,DAS
75013,01,DAS
75013,02,DAS
75021,01,EDAS
75021,02,EDAS
75058,01,EDAS
75058,02,EDAS
75065,01,DAS
75065,02,DAS
75076,01,DAS
75076,02,DAS
75101,01,DAS
75101,02,DAS
75102,01,EDAS
75102,02,EDAS
75103,01,DAS
75103,02,DAS
75105,01,REM
75105,02,REM
75109,01,REM
75109,02,REM
75110,01,DAS
75110,02,DAS
75114,01,DAS
75114,02,DAS
75117,01,DAS
75117,02,DAS
75119,01,DAS
75119,02,DAS
75120,01,DAS
75120,02,DAS
75121,01,DAS
75121,02,DAS
75124,01,EDAS
75124,02,EDAS
75125,01,EDAS
75125,02,EDAS
75126,01,DAS
75126,02,DAS
75127,01,EDAS
75127,02,EDAS
75135,01,DAS
75135,02,DAS
75140,01,EDAS
75140,02,EDAS
75142,01,DAS
75142,02,DAS
75143,01,EDAS
75143,02,EDAS
75144,01,EDAS
75144,02,EDAS
75147,01,DAS
75147,02,DAS
75148,01,EDAS
75148,02,EDAS
75151,01,DAS
75151,02,DAS
75152,01,DAS
75152,02,DAS
75153,01,REM
75153,02,REM
75154,01,DAS
75154,02,DAS
75155,01,EDAS
75155,02,EDAS
75156,01,DAS
75156,02,DAS
75157,01,REM
75157,02,REM
75158,01,EDAS
75158,02,EDAS
75160,01,DAS
75160,02,DAS
75161,01,EDAS
75161,02,EDAS
75163,01,EDAS
75163,02,EDAS
75165,01,DAS
75165,02,DAS
75166,01,DAS
75166,02,DAS
75167,01,DAS
75167,02,DAS
75169,01,EDAS
75169,02,EDAS
75173,01,DAS
75173,02,DAS
75189,01,DAS
75189,02,DAS
75393,01,DAS
75393,02,DAS
75401,01,DAS
75401,02,DAS
75403,01,DAS
75403,02,DAS
75407,01,DAS
75407,02,DAS
75409,01,DAS
75409,02,DAS
75410,01,REM
75410,02,REM
75411,01,EDAS
75411,02,EDAS
75412,01,EDAS
75412,02,EDAS
75413,01,EDAS
75413,02,EDAS
75414,01,DAS
75414,02,DAS
75415,01,EDAS
75415,02,EDAS
75416,01,REM
75416,02,REM
75417,01,REM
75417,02,REM
75418,01,DAS
75418,02,DAS
75420,01,EDAS
75420,02,EDAS
75421,01,EDAS
75421,02,EDAS
75422,01,EDAS
75422,02,EDAS
75423,01,EDAS
75423,02,EDAS
75424,01,EDAS
75424,02,EDAS
75425,01,EDAS
75425,02,EDAS
75426,01,EDAS
75426,02,EDAS
75428,01,EDAS
75428,02,EDAS
75429,01,EDAS
75429,02,EDAS
75431,01,REM
75431,02,REM
75432,01,REM
75432,02,REM
75433,01,REM
75433,02,REM
75434,01,EDAS
75434,02,EDAS
75435,01,EDAS
75435,02,EDAS
75436,01,REM
75436,02,REM
75437,01,EDAS
75437,02,EDAS
75438,01,EDAS
75438,02,EDAS
75439,01,EDAS
75439,02,EDAS
75440,01,EDAS
75440,02,EDAS
75441,01,DAS
75441,02,DAS
75442,01,EDAS
75442,02,EDAS
75444,01,DAS
75444,02,EDAS
75446,01,EDAS
75446,02,EDAS
75447,01,EDAS
75447,02,EDAS
75448,01,EDAS
75448,02,EDAS
75449,01,EDAS
75449,02,EDAS
75450,01,REM
75450,02,REM
75451,01,EDAS
75451,02,EDAS
75452,01,EDAS
75452,02,EDAS
75453,01,EDAS
75453,02,EDAS
75454,01,DAS
75454,02,DAS
75455,01,DAS
75455,02,DAS
75456,01,DAS
75456,02,DAS
75457,01,EDAS
75457,02,EDAS
75458,01,EDAS
75458,02,EDAS
75459,01,DAS
75459,02,DAS
75460,01,DAS
75460,02,DAS
75461,01,DAS
75461,02,DAS
75462,01,EDAS
75462,02,EDAS
75468,01,EDAS
75468,02,EDAS
75469,01,EDAS
75469,02,EDAS
75470,01,EDAS
75470,02,EDAS
75471,01,EDAS
75471,02,EDAS
75472,01,EDAS
75472,02,EDAS
75473,01,EDAS
75473,02,EDAS
75474,01,EDAS
75474,02,EDAS
75476,01,REM
75476,02,REM
75477,01,REM
75477,02,REM
75478,01,EDAS
75478,02,EDAS
75479,01,REM
75479,02,REM
75480,01,REM
75480,02,REM
75481,01,EDAS
75481,02,EDAS
75482,01,DAS
75482,02,DAS
75483,01,DAS
75483,02,DAS
75485,01,DAS
75485,02,DAS
75486,01,EDAS
75486,02,EDAS
75487,01,EDAS
75487,02,EDAS
75488,01,EDAS
75488,02,EDAS
75489,01,DAS
75489,02,DAS
75490,01,DAS
75490,02,DAS
75491,01,EDAS
75491,02,EDAS
75492,01,REM
75492,02,REM
75493,01,EDAS
75493,02,EDAS
75494,01,EDAS
75494,02,EDAS
75495,01,DAS
75495,02,DAS
75496,01,EDAS
75496,02,EDAS
75497,01,EDAS
75497,02,EDAS
75550,01,EDAS
75550,02,EDAS
75551,01,DAS
75551,02,DAS
75554,01,REM
75554,02,REM
75555,01,REM
75555,02,REM
75556,01,EDAS
75556,02,EDAS
75558,01,REM
75558,02,REM
75559,01,REM
75559,02,REM
75560,01,REM
75560,02,REM
75561,01,DAS
75561,02,DAS
75562,01,EDAS
75562,02,EDAS
75563,01,EDAS
75563,02,EDAS
75565,01,REM
75565,02,REM
75566,01,EDAS
75566,02,EDAS
75567,01,EDAS
75567,02,EDAS
75568,01,EDAS
75568,02,EDAS
75570,01,DAS
75570,02,DAS
75571,01,EDAS
75571,02,EDAS
75572,01,EDAS
75572,02,EDAS
75573,01,EDAS
75573,02,EDAS
75574,01,EDAS
75574,02,EDAS
75603,01,DAS
75603,02,DAS
75630,01,REM
75630,02,REM
75631,01,REM
75631,02,REM
75633,01,EDAS
75633,02,EDAS
75636,01,EDAS
75636,02,EDAS
75637,01,EDAS
75637,02,EDAS
75638,01,EDAS
75638,02,EDAS
75639,01,REM
75639,02,REM
75640,01,EDAS
75640,02,EDAS
75642,01,DAS
75642,02,DAS
75643,01,EDAS
75643,02,EDAS
75644,01,DAS
75644,02,DAS
75645,01,EDAS
75645,02,EDAS
75647,01,DAS
75647,02,DAS
75650,01,EDAS
75650,02,EDAS
75651,01,REM
75651,02,REM
75652,01,DAS
75652,02,DAS
75653,01,EDAS
75653,02,EDAS
75654,01,DAS
75654,02,DAS
75656,01,EDAS
75656,02,EDAS
75657,01,EDAS
75657,02,EDAS
75658,01,DAS
75658,02,DAS
75659,01,DAS
75659,02,DAS
75661,01,REM
75661,02,REM
75662,01,DAS
75662,02,DAS
75663,01,DAS
75663,02,DAS
75666,01,REM
75666,02,REM
75667,01,EDAS
75667,02,EDAS
75668,01,EDAS
75668,02,EDAS
75669,01,REM
75669,02,REM
75670,01,DAS
75670,02,DAS
75671,01,DAS
75671,02,DAS
75672,01,DAS
75672,02,DAS
75680,01,DAS
75680,02,DAS
75681,01,REM
75681,02,REM
75682,01,EDAS
75682,02,EDAS
75683,01,REM
75683,02,REM
75684,01,EDAS
75684,02,EDAS
75685,01,EDAS
75685,02,EDAS
75686,01,EDAS
75686,02,EDAS
75687,01,DAS
75687,02,DAS
75688,01,DAS
75688,02,DAS
75689,01,EDAS
75689,02,EDAS
75691,01,EDAS
75691,02,EDAS
75692,01,REM
75692,02,REM
75693,01,DAS
75693,02,DAS
75694,01,DAS
75694,02,DAS
75704,01,EDAS
75704,02,DAS
75705,01,EDAS
75705,02,EDAS
75706,01,DAS
75706,02,DAS
75750,01,EDAS
75750,02,EDAS
75751,01,DAS
75751,02,DAS
75752,01,EDAS
75752,02,EDAS
75754,01,EDAS
75754,02,EDAS
75755,01,EDAS
75755,02,EDAS
75756,01,EDAS
75756,02,EDAS
75757,01,DAS
75757,02,DAS
75758,01,EDAS
75758,02,EDAS
75760,01,REM
75760,02,REM
75762,01,DAS
75762,02,DAS
75763,01,EDAS
75763,02,EDAS
75764,01,REM
75764,02,REM
75765,01,EDAS
75765,02,EDAS
75766,01,EDAS
75766,02,EDAS
75770,01,REM
75770,02,REM
75771,01,DAS
75771,02,DAS
75772,01,REM
75772,02,REM
75773,01,EDAS
75773,02,EDAS
75778,01,REM
75778,02,REM
75779,01,EDAS
75779,02,EDAS
75780,01,DAS
75780,02,DAS
75782,01,DAS
75782,02,DAS
75783,01,EDAS
75783,02,EDAS
75784,01,EDAS
75784,02,EDAS
75785,01,REM
75785,02,REM
75788,01,EDAS
75788,02,EDAS
75789,01,EDAS
75789,02,EDAS
75790,01,DAS
75790,02,DAS
75791,01,DAS
75791,02,DAS
75792,01,REM
75792,02,REM
75801,01,DAS
75801,02,DAS
75802,01,EDAS
75802,02,EDAS
75803,01,EDAS
75803,02,EDAS
75831,01,EDAS
75831,02,EDAS
75832,01,EDAS
75832,02,EDAS
75833,01,REM
75833,02,REM
75834,01,EDAS
75834,02,EDAS
75835,01,EDAS
75835,02,EDAS
75838,01,REM
75838,02,REM
75839,01,EDAS
75839,02,EDAS
75840,01,EDAS
75840,02,EDAS
75844,01,EDAS
75844,02,EDAS
75845,01,EDAS
75845,02,EDAS
75846,01,EDAS
75846,02,EDAS
75847,01,REM
75847,02,REM
75848,01,DAS
75848,02,EDAS
75849,01,DAS
75849,02,DAS
75850,01,REM
75850,02,REM
75851,01,REM
75851,02,REM
75852,01,REM
75852,02,REM
75853,01,EDAS
75853,02,EDAS
75855,01,EDAS
75855,02,EDAS
75856,01,EDAS
75856,02,EDAS
75858,01,EDAS
75858,02,EDAS
75859,01,EDAS
75859,02,EDAS
75860,01,EDAS
75860,02,EDAS
75861,01,EDAS
75861,02,EDAS
75862,01,REM
75862,02,REM
75865,01,REM
75865,02,REM
75880,01,EDAS
75880,02,EDAS
75884,01,EDAS
75884,02,EDAS
75886,01,EDAS
75886,02,EDAS
75903,01,DAS
75903,02,DAS
75925,01,EDAS
75925,02,EDAS
75926,01,REM
75926,02,REM
75928,01,REM
75928,02,REM
75929,01,REM
75929,02,REM
75930,01,REM
75930,02,REM
75931,01,REM
75931,02,REM
75932,01,REM
75932,02,REM
75933,01,REM
75933,02,REM
75934,01,EDAS
75934,02,EDAS
75935,01,EDAS
75935,02,EDAS
75936,01,EDAS
75936,02,EDAS
75937,01,EDAS
75937,02,EDAS
75938,01,REM
75938,02,REM
75939,01,EDAS
75939,02,EDAS
75941,01,EDAS
75941,02,EDAS
75942,01,DAS
75942,02,DAS
75943,01,REM
75943,02,REM
75944,01,REM
75944,02,REM
75946,01,REM
75946,02,REM
75948,01,REM
75948,02,REM
75949,01,EDAS
75949,02,EDAS
75951,01,EDAS
75951,02,EDAS
75954,01,EDAS
75954,02,EDAS
75956,01,EDAS
75956,02,EDAS
75958,01,DAS
75958,02,DAS
75959,01,REM
75959,02,REM
75960,01,REM
75960,02,REM
75961,01,DAS
75961,02,DAS
75962,01,DAS
75962,02,DAS
75964,01,DAS
75964,02,DAS
75966,01,EDAS
75966,02,EDAS
75968,01,EDAS
75968,02,EDAS
75969,01,EDAS
75969,02,EDAS
75972,01,EDAS
75972,02,EDAS
75973,01,REM
75973,02,REM
75974,01,REM
75974,02,REM
75975,01,EDAS
75975,02,EDAS
75976,01,DAS
75976,02,DAS
75977,01,REM
75977,02,REM
75979,01,EDAS
75979,02,EDAS
75980,01,REM
75980,02,REM
75990,01,DAS
75990,02,DAS
76008,01,DAS
76008,02,DAS
76009,01,DAS
76009,02,DAS
76020,01,DAS
76020,02,DAS
76022,01,DAS
76022,02,DAS
76023,01,EDAS
76023,02,EDAS
76031,01,DAS
76031,02,DAS
76033,01,DAS
76033,02,DAS
76035,01,EDAS
76035,02,EDAS
76041,01,EDAS
76041,02,EDAS
76043,01,EDAS
76043,02,EDAS
76044,01,EDAS
76044,02,EDAS
76048,01,DAS
76048,02,DAS
76049,01,DAS
76049,02,DAS
76050,01,EDAS
76050,02,EDAS
76055,01,EDAS
76055,02,EDAS
76058,01,DAS
76058,02,DAS
76059,01,DAS
76059,02,DAS
76061,01,DAS
76061,02,EDAS
76064,01,EDAS
76064,02,EDAS
76066,01,EDAS
76066,02,EDAS
76067,01,EDAS
76067,02,EDAS
76068,01,EDAS
76068,02,EDAS
76070,01,EDAS
76070,02,EDAS
76071,01,DAS
76071,02,DAS
76073,01,EDAS
76073,02,EDAS
76077,01,EDAS
76077,02,EDAS
76078,01,DAS
76078,02,DAS
76082,01,DAS
76082,02,DAS
76084,01,EDAS
76084,02,EDAS
76085,01,EDAS
76085,02,EDAS
76087,01,DAS
76087,02,DAS
76088,01,EDAS
76088,02,EDAS
76093,01,REM
76093,02,REM
76113,01,DAS
76113,02,DAS
76225,01,EDAS
76225,02,EDAS
76227,01,DAS
76227,02,DAS
76228,01,EDAS
76228,02,EDAS
76230,01,EDAS
76230,02,EDAS
76233,01,EDAS
76233,02,EDAS
76234,01,EDAS
76234,02,EDAS
76238,01,EDAS
76238,02,EDAS
76239,01,EDAS
76239,02,EDAS
76240,01,DAS
76240,02,DAS
76241,01,REM
76241,02,REM
76245,01,DAS
76245,02,DAS
76246,01,REM
76246,02,REM
76247,01,DAS
76247,02,DAS
76249,01,DAS
76249,02,DAS
76250,01,DAS
76250,02,DAS
76251,01,REM
76251,02,REM
76252,01,EDAS
76252,02,EDAS
76253,01,DAS
76253,02,DAS
76255,01,REM
76255,02,REM
76258,01,DAS
76258,02,DAS
76259,01,EDAS
76259,02,DAS
76261,01,EDAS
76261,02,EDAS
76263,01,REM
76263,02,REM
76264,01,EDAS
76264,02,EDAS
76265,01,EDAS
76265,02,EDAS
76266,01,DAS
76266,02,DAS
76267,01,DAS
76267,02,DAS
76268,01,DAS
76268,02,DAS
76270,01,EDAS
76270,02,EDAS
76271,01,EDAS
76271,02,EDAS
76272,01,EDAS
76272,02,EDAS
76273,01,EDAS
76273,02,EDAS
76305,01,DAS
76305,02,DAS
76351,01,DAS
76351,02,DAS
76352,01,EDAS
76352,02,EDAS
76354,01,DAS
76354,02,DAS
76357,01,EDAS
76357,02,EDAS
76360,01,EDAS
76360,02,EDAS
76363,01,REM
76363,02,REM
76364,01,DAS
76364,02,DAS
76365,01,EDAS
76365,02,EDAS
76366,01,EDAS
76366,02,EDAS
76367,01,DAS
76367,02,DAS
76369,01,DAS
76369,02,DAS
76370,01,EDAS
76370,02,EDAS
76371,01,EDAS
76371,02,EDAS
76372,01,EDAS
76372,02,EDAS
76373,01,EDAS
76373,02,EDAS
76374,01,EDAS
76374,02,EDAS
76377,01,EDAS
76377,02,EDAS
76379,01,EDAS
76379,02,EDAS
76380,01,EDAS
76380,02,EDAS
76384,01,EDAS
76384,02,EDAS
76385,01,EDAS
76385,02,EDAS
76388,01,REM
76388,02,REM
76389,01,EDAS
76389,02,EDAS
76401,01,DAS
76401,02,DAS
76402,01,DAS
76402,02,DAS
76424,01,REM
76424,02,REM
76426,01,EDAS
76426,02,EDAS
76427,01,EDAS
76427,02,EDAS
76429,01,REM
76429,02,REM
76430,01,EDAS
76430,02,EDAS
76431,01,EDAS
76431,02,EDAS
76432,01,EDAS
76432,02,EDAS
76433,01,REM
76433,02,REM
76435,01,EDAS
76435,02,EDAS
76436,01,EDAS
76436,02,EDAS
76437,01,REM
76437,02,REM
76439,01,EDAS
76439,02,EDAS
76442,01,REM
76442,02,REM
76443,01,EDAS
76443,02,EDAS
76444,01,REM
76444,02,REM
76445,01,EDAS
76445,02,EDAS
76446,01,REM
76446,02,REM
76448,01,REM
76448,02,REM
76449,01,REM
76449,02,REM
76450,01,EDAS
76450,02,EDAS
76452,01,REM
76452,02,REM
76453,01,REM
76453,02,REM
76454,01,EDAS
76454,02,EDAS
76455,01,EDAS
76455,02,EDAS
76457,01,EDAS
76457,02,EDAS
76458,01,EDAS
76458,02,EDAS
76459,01,REM
76459,02,REM
76460,01,EDAS
76460,02,EDAS
76461,01,EDAS
76461,02,EDAS
76462,01,EDAS
76462,02,EDAS
76463,01,REM
76463,02,REM
76464,01,REM
76464,02,REM
76466,01,DAS
76466,02,DAS
76467,01,EDAS
76467,02,EDAS
76468,01,DAS
76468,02,DAS
76469,01,EDAS
76469,02,EDAS
76470,01,EDAS
76470,02,EDAS
76471,01,EDAS
76471,02,EDAS
76472,01,REM
76472,02,REM
76474,01,EDAS
76474,02,EDAS
76475,01,EDAS
76475,02,EDAS
76476,01,EDAS
76476,02,EDAS
76481,01,EDAS
76481,02,EDAS
76483,01,EDAS
76483,02,EDAS
76484,01,EDAS
76484,02,EDAS
76485,01,DAS
76485,02,DAS
76486,01,EDAS
76486,02,EDAS
76487,01,EDAS
76487,02,EDAS
76490,01,DAS
76490,02,DAS
76491,01,EDAS
76491,02,EDAS
76511,01,EDAS
76511,02,EDAS
76513,01,DAS
76513,02,DAS
76518,01,REM
76518,02,REM
76519,01,EDAS
76519,02,EDAS
76520,01,EDAS
76520,02,EDAS
76522,01,DAS
76522,02,DAS
76523,01,DAS
76523,02,DAS
76524,01,DAS
76524,02,DAS
76525,01,REM
76525,02,REM
76527,01,EDAS
76527,02,EDAS
76528,01,EDAS
76528,02,EDAS
76530,01,EDAS
76530,02,EDAS
76531,01,REM
76531,02,REM
76534,01,EDAS
76534,02,EDAS
76537,01,DAS
76537,02,DAS
76538,01,REM
76538,02,REM
76539,01,EDAS
76539,02,EDAS
76550,01,EDAS
76550,02,EDAS
76554,01,DAS
76554,02,DAS
76556,01,EDAS
76556,02,EDAS
76557,01,EDAS
76557,02,EDAS
76558,01,DAS
76558,02,DAS
76559,01,DAS
76559,02,DAS
76561,01,EDAS
76561,02,EDAS
76564,01,DAS
76564,02,DAS
76565,01,REM
76565,02,REM
76566,01,REM
76566,02,REM
76567,01,EDAS
76567,02,EDAS
76569,01,EDAS
76569,02,EDAS
76570,01,EDAS
76570,02,EDAS
76571,01,DAS
76571,02,DAS
76573,01,DAS
76573,02,DAS
76574,01,DAS
76574,02,DAS
76577,01,EDAS
76577,02,EDAS
76578,01,EDAS
76578,02,EDAS
76579,01,DAS
76579,02,DAS
76596,01,DAS
76596,02,DAS
76598,01,DAS
76598,02,DAS
76621,01,EDAS
76621,02,EDAS
76622,01,EDAS
76622,02,EDAS
76623,01,EDAS
76623,02,EDAS
76624,01,EDAS
76624,02,EDAS
76626,01,REM
76626,02,REM
76627,01,EDAS
76627,02,EDAS
76628,01,EDAS
76628,02,EDAS
76629,01,EDAS
76629,02,EDAS
76630,01,EDAS
76630,02,EDAS
76631,01,EDAS
76631,02,EDAS
76632,01,EDAS
76632,02,EDAS
76633,01,DAS
76633,02,DAS
76634,01,EDAS
76634,02,EDAS
76635,01,EDAS
76635,02,EDAS
76636,01,REM
76636,02,REM
76637,01,EDAS
76637,02,EDAS
76638,01,EDAS
76638,02,EDAS
76639,01,EDAS
76639,02,EDAS
76640,01,EDAS
76640,02,EDAS
76641,01,REM
76641,02,REM
76642,01,EDAS
76642,02,EDAS
76644,01,EDAS
76644,02,EDAS
76645,01,DAS
76645,02,DAS
76648,01,EDAS
76648,02,EDAS
76649,01,EDAS
76649,02,EDAS
76650,01,EDAS
76650,02,EDAS
76651,01,REM
76651,02,REM
76652,01,EDAS
76652,02,EDAS
76653,01,EDAS
76653,02,EDAS
76654,01,DAS
76654,02,DAS
76655,01,DAS
76655,02,DAS
76656,01,REM
76656,02,REM
76660,01,EDAS
76660,02,EDAS
76661,01,EDAS
76661,02,EDAS
76664,01,EDAS
76664,02,EDAS
76665,01,EDAS
76665,02,EDAS
76666,01,EDAS
76666,02,EDAS
76667,01,EDAS
76667,02,EDAS
76670,01,EDAS
76670,02,EDAS
76671,01,EDAS
76671,02,EDAS
76673,01,EDAS
76673,02,EDAS
76675,01,EDAS
76675,02,EDAS
76676,01,DAS
76676,02,DAS
76677,01,EDAS
76677,02,EDAS
76678,01,EDAS
76678,02,EDAS
76679,01,EDAS
76679,02,EDAS
76680,01,EDAS
76680,02,EDAS
76681,01,EDAS
76681,02,EDAS
76682,01,REM
76682,02,REM
76684,01,EDAS
76684,02,EDAS
76685,01,EDAS
76685,02,EDAS
76686,01,REM
76686,02,REM
76687,01,REM
76687,02,REM
76689,01,EDAS
76689,02,EDAS
76690,01,REM
76690,02,REM
76691,01,EDAS
76691,02,EDAS
76692,01,EDAS
76692,02,EDAS
76693,01,REM
76693,02,REM
76801,01,DAS
76801,02,DAS
76802,01,REM
76802,02,REM
76803,01,REM
76803,02,REM
76804,01,DAS
76804,02,DAS
76820,01,REM
76820,02,REM
76821,01,REM
76821,02,REM
76823,01,EDAS
76823,02,EDAS
76824,01,REM
76824,02,REM
76825,01,REM
76825,02,REM
76827,01,REM
76827,02,REM
76828,01,REM
76828,02,REM
76831,01,REM
76831,02,REM
76832,01,REM
76832,02,REM
76834,01,EDAS
76834,02,EDAS
76836,01,REM
76836,02,REM
76837,01,EDAS
76837,02,EDAS
76841,01,REM
76841,02,REM
76842,01,EDAS
76842,02,EDAS
76844,01,EDAS
76844,02,EDAS
76845,01,REM
76845,02,REM
76848,01,REM
76848,02,REM
76849,01,REM
76849,02,REM
76852,01,REM
76852,02,REM
76853,01,REM
76853,02,REM
76854,01,REM
76854,02,REM
76856,01,REM
76856,02,REM
76857,01,EDAS
76857,02,EDAS
76858,01,REM
76858,02,REM
76859,01,REM
76859,02,REM
76861,01,EDAS
76861,02,EDAS
76862,01,EDAS
76862,02,EDAS
76864,01,REM
76864,02,EDAS
76865,01,EDAS
76865,02,EDAS
76866,01,EDAS
76866,02,EDAS
76869,01,REM
76869,02,REM
76870,01,REM
76870,02,REM
76871,01,REM
76871,02,REM
76872,01,REM
76872,02,REM
76873,01,REM
76873,02,REM
76874,01,EDAS
76874,02,EDAS
76875,01,EDAS
76875,02,EDAS
76877,01,EDAS
76877,02,EDAS
76878,01,REM
76878,02,REM
76880,01,REM
76880,02,REM
76882,01,REM
76882,02,REM
76883,01,EDAS
76883,02,EDAS
76884,01,REM
76884,02,REM
76885,01,REM
76885,02,REM
76886,01,DAS
76886,02,DAS
76887,01,REM
76887,02,REM
76888,01,REM
76888,02,REM
76890,01,EDAS
76890,02,EDAS
76901,01,DAS
76901,02,DAS
76903,01,DAS
76903,02,DAS
76904,01,DAS
76904,02,DAS
76905,01,DAS
76905,02,DAS
76906,01,DAS
76906,02,DAS
76930,01,REM
76930,02,REM
76932,01,REM
76932,02,REM
76933,01,EDAS
76933,02,EDAS
76934,01,EDAS
76934,02,EDAS
76935,01,EDAS
76935,02,EDAS
76936,01,EDAS
76936,02,EDAS
76937,01,EDAS
76937,02,EDAS
76939,01,REM
76939,02,REM
76940,01,EDAS
76940,02,EDAS
76941,01,EDAS
76941,02,EDAS
76943,01,EDAS
76943,02,EDAS
76945,01,EDAS
76945,02,EDAS
76949,01,EDAS
76949,02,EDAS
76950,01,REM
76950,02,REM
76951,01,EDAS
76951,02,EDAS
76953,01,REM
76953,02,REM
76955,01,REM
76955,02,REM
76957,01,EDAS
76957,02,EDAS
76958,01,EDAS
76958,02,EDAS
77016,01,DAS
77016,02,DAS
77028,01,DAS
77028,02,DAS
77049,01,DAS
77049,02,DAS
77050,01,DAS
77050,02,DAS
77078,01,DAS
77078,02,DAS
77302,01,DAS
77302,02,DAS
77306,01,EDAS
77306,02,EDAS
77316,01,DAS
77316,02,DAS
77318,01,DAS
77318,02,DAS
77320,01,EDAS
77320,02,EDAS
77326,01,EDAS
77326,02,EDAS
77327,01,DAS
77327,02,DAS
77328,01,EDAS
77328,02,EDAS
77331,01,EDAS
77331,02,EDAS
77332,01,EDAS
77332,02,EDAS
77334,01,EDAS
77334,02,EDAS
77335,01,EDAS
77335,02,EDAS
77336,01,EDAS
77336,02,EDAS
77340,01,DAS
77340,02,DAS
77341,01,DAS
77341,02,DAS
77342,02,DAS
77343,01,EDAS
77343,02,EDAS
77344,01,EDAS
77344,02,EDAS
77349,01,EDAS
77349,02,EDAS
77350,01,DAS
77350,02,EDAS
77351,01,EDAS
77351,02,EDAS
77354,01,DAS
77354,02,DAS
77355,01,DAS
77355,02,DAS
77356,01,DAS
77356,02,DAS
77357,01,DAS
77357,02,DAS
77358,01,EDAS
77358,02,EDAS
77359,01,EDAS
77359,02,EDAS
77360,01,EDAS
77360,02,EDAS
77362,01,DAS
77362,02,DAS
77363,01,EDAS
77363,02,EDAS
77364,01,EDAS
77364,02,EDAS
77365,01,DAS
77365,02,DAS
77367,01,EDAS
77367,02,EDAS
77368,01,REM
77368,02,REM
77369,01,EDAS
77369,02,EDAS
77371,01,EDAS
77371,02,EDAS
77372,01,EDAS
77372,02,DAS
77374,01,EDAS
77374,02,EDAS
77376,01,EDAS
77376,02,EDAS
77378,01,DAS
77378,02,DAS
77384,01,DAS
77399,01,EDAS
77399,02,EDAS
77404,01,REM
77404,02,REM
77412,01,EDAS
77412,02,EDAS
77414,01,EDAS
77414,02,EDAS
77415,01,EDAS
77415,02,EDAS
77417,01,EDAS
77417,02,EDAS
77418,01,EDAS
77418,02,EDAS
77419,01,EDAS
77419,02,EDAS
77420,01,EDAS
77420,02,EDAS
77422,01,EDAS
77422,02,EDAS
77423,01,DAS
77423,02,DAS
77426,01,EDAS
77426,02,EDAS
77428,01,REM
77428,02,REM
77430,01,REM
77430,02,REM
77431,01,REM
77431,02,REM
77432,01,EDAS
77432,02,EDAS
77434,01,EDAS
77434,02,EDAS
77435,01,EDAS
77435,02,EDAS
77436,01,EDAS
77436,02,EDAS
77437,01,DAS
77437,02,DAS
77440,01,EDAS
77440,02,EDAS
77441,01,DAS
77441,02,DAS
77442,01,EDAS
77442,02,EDAS
77443,01,EDAS
77443,02,EDAS
77444,01,REM
77444,02,REM
77445,01,EDAS
77445,02,EDAS
77446,01,EDAS
77446,02,EDAS
77447,01,EDAS
77447,02,DAS
77448,01,EDAS
77448,02,EDAS
77451,01,EDAS
77451,02,EDAS
77452,01,DAS
77452,02,DAS
77453,01,EDAS
77453,02,EDAS
77454,01,EDAS
77454,02,EDAS
77455,01,EDAS
77455,02,EDAS
77456,01,EDAS
77456,02,EDAS
77457,01,EDAS
77457,02,EDAS
77458,01,EDAS
77458,02,EDAS
77460,01,REM
77460,02,REM
77461,01,EDAS
77461,02,EDAS
77463,01,DAS
77463,02,DAS
77464,01,EDAS
77464,02,EDAS
77465,01,EDAS
77465,02,EDAS
77466,01,EDAS
77466,02,EDAS
77467,01,DAS
77467,02,DAS
77468,01,REM
77468,02,REM
77469,01,DAS
77469,02,DAS
77470,01,EDAS
77470,02,EDAS
77471,01,DAS
77471,02,DAS
77474,01,DAS
77474,02,DAS
77475,01,EDAS
77475,02,EDAS
77476,01,DAS
77476,02,DAS
77480,01,EDAS
77480,02,EDAS
77481,01,EDAS
77481,02,EDAS
77482,01,REM
77482,02,REM
77483,01,EDAS
77483,02,EDAS
77484,01,DAS
77484,02,DAS
77485,01,EDAS
77485,02,EDAS
77486,01,DAS
77486,02,DAS
77488,01,EDAS
77488,02,EDAS
77501,01,DAS
77501,02,DAS
77510,01,DAS
77510,02,DAS
77511,01,DAS
77511,02,DAS
77512,01,DAS
77512,02,DAS
77514,01,EDAS
77514,02,EDAS
77515,01,DAS
77515,02,DAS
77516,01,DAS
77516,02,DAS
77517,01,DAS
77517,02,DAS
77519,01,EDAS
77519,02,EDAS
77523,01,DAS
77523,02,DAS
77532,01,DAS
77532,02,DAS
77533,01,EDAS
77533,02,EDAS
77534,01,DAS
77534,02,DAS
77535,01,DAS
77535,02,DAS
77538,01,EDAS
77538,02,EDAS
77539,01,DAS
77539,02,DAS
77541,01,DAS
77541,02,DAS
77542,01,DAS
77542,02,DAS
77547,01,DAS
77547,02,DAS
77554,01,DAS
77554,02,DAS
77560,01,EDAS
77560,02,EDAS
77561,01,EDAS
77561,02,EDAS
77563,01,DAS
77563,02,DAS
77564,01,EDAS
77564,02,EDAS
77575,01,EDAS
77575,02,EDAS
77577,01,EDAS
77577,02,EDAS
77578,01,DAS
77578,02,DAS
77580,01,DAS
77580,02,DAS
77582,01,DAS
77582,02,DAS
77583,01,DAS
77583,02,DAS
77585,01,EDAS
77585,02,EDAS
77597,01,REM
77597,02,REM
77611,01,DAS
77612,01,REM
77612,02,REM
77613,01,EDAS
77613,02,EDAS
77614,01,DAS
77614,02,DAS
77615,01,EDAS
77615,02,EDAS
77616,01,REM
77616,02,REM
77617,01,EDAS
77617,02,EDAS
77622,01,REM
77622,02,REM
77623,01,REM
77623,02,REM
77624,01,REM
77624,02,REM
77625,01,EDAS
77625,02,EDAS
77626,01,DAS
77626,02,DAS
77629,01,EDAS
77629,02,EDAS
77630,01,DAS
77630,02,DAS
77632,01,EDAS
77632,02,EDAS
77650,01,EDAS
77650,02,EDAS
77655,01,EDAS
77655,02,EDAS
77656,01,DAS
77656,02,DAS
77657,01,DAS
77657,02,DAS
77659,01,EDAS
77659,02,EDAS
77660,01,EDAS
77660,02,EDAS
77661,01,REM
77661,02,REM
77662,01,DAS
77662,02,DAS
77663,01,REM
77663,02,REM
77664,01,REM
77664,02,REM
77665,01,EDAS
77665,02,EDAS
77713,01,DAS
77713,02,DAS
77808,01,DAS
77808,02,DAS
77830,01,REM
77830,02,REM
77831,01,REM
77831,02,REM
77833,01,DAS
77833,02,DAS
77834,02,DAS
77835,01,EDAS
77835,02,EDAS
77836,01,EDAS
77836,02,EDAS
77837,01,EDAS
77837,02,EDAS
77838,01,EDAS
77838,02,EDAS
77850,01,EDAS
77850,02,EDAS
77852,01,EDAS
77852,02,EDAS
77853,01,REM
77853,02,REM
77855,01,EDAS
77855,02,EDAS
77856,01,EDAS
77856,02,EDAS
77857,01,EDAS
77857,02,EDAS
77859,01,EDAS
77859,02,EDAS
77861,01,EDAS
77861,02,EDAS
77862,01,DAS
77862,02,DAS
77863,01,REM
77863,02,REM
77864,01,EDAS
77864,02,EDAS
77865,01,REM
77865,02,REM
77866,01,DAS
77866,02,DAS
77867,01,EDAS
77867,02,EDAS
77868,01,DAS
77868,02,DAS
77869,01,DAS
77869,02,DAS
77870,01,DAS
77870,02,DAS
77871,01,EDAS
77871,02,EDAS
77872,01,EDAS
77872,02,EDAS
77873,01,REM
77873,02,EDAS
77875,01,EDAS
77875,02,EDAS
77876,01,EDAS
77876,02,EDAS
77878,01,EDAS
77878,02,EDAS
77879,01,EDAS
77879,02,EDAS
77880,01,EDAS
77880,02,EDAS
77882,01,EDAS
77882,02,EDAS
77905,01,DAS
77905,02,DAS
77950,01,EDAS
77950,02,EDAS
77951,01,DAS
77951,02,DAS
77954,01,EDAS
77954,02,EDAS
77957,01,EDAS
77957,02,EDAS
77960,01,DAS
77960,02,DAS
77961,01,REM
77961,02,REM
77962,01,EDAS
77962,02,EDAS
77963,01,EDAS
77963,02,EDAS
77964,01,EDAS
77964,02,EDAS
77968,01,EDAS
77968,02,EDAS
77969,01,REM
77969,02,REM
77970,01,REM
77970,02,REM
77971,01,DAS
77971,02,DAS
77972,01,EDAS
77972,02,EDAS
77973,01,REM
77973,02,REM
77974,01,EDAS
77974,02,EDAS
77975,01,EDAS
77975,02,EDAS
77977,01,DAS
77977,02,DAS
77978,01,DAS
77978,02,DAS
77979,01,DAS
77979,02,DAS
77982,01,EDAS
77982,02,EDAS
77983,01,DAS
77983,02,DAS
77984,01,EDAS
77984,02,EDAS
77987,01,EDAS
77987,02,EDAS
77989,01,REM
77989,02,REM
77990,01,EDAS
77990,02,EDAS
77991,01,DAS
77991,02,DAS
77993,01,REM
77993,02,REM
77994,01,EDAS
77994,02,EDAS
77995,01,EDAS
77995,02,EDAS
78001,01,DAS
78001,02,DAS
78002,01,EDAS
78002,02,EDAS
78003,01,EDAS
78003,02,EDAS
78004,01,EDAS
78004,02,EDAS
78005,01,REM
78005,02,REM
78006,01,DAS
78006,02,DAS
78007,01,EDAS
78007,02,EDAS
78008,01,REM
78008,02,REM
78009,01,EDAS
78009,02,EDAS
78010,01,EDAS
78010,02,EDAS
78011,01,REM
78011,02,REM
78012,01,EDAS
78012,02,EDAS
78013,01,EDAS
78013,02,EDAS
78014,01,REM
78014,02,REM
78015,01,DAS
78016,01,EDAS
78016,02,EDAS
78017,01,EDAS
78017,02,EDAS
78019,01,REM
78019,02,REM
78021,01,REM
78021,02,REM
78022,01,EDAS
78022,02,EDAS
78024,01,REM
78024,02,REM
78025,01,EDAS
78025,02,EDAS
78026,01,EDAS
78026,02,EDAS
78027,01,REM
78027,02,REM
78028,01,DAS
78028,02,DAS
78029,01,DAS
78029,02,DAS
78039,01,DAS
78039,02,DAS
78046,01,DAS
78046,02,DAS
78050,01,EDAS
78050,02,EDAS
78052,01,EDAS
78052,02,EDAS
78054,01,EDAS
78054,02,EDAS
78055,01,EDAS
78055,02,EDAS
78056,01,EDAS
78056,02,EDAS
78057,01,EDAS
78057,02,EDAS
78058,01,REM
78058,02,REM
78059,01,EDAS
78059,02,EDAS
78060,01,EDAS
78060,02,EDAS
78061,01,EDAS
78061,02,EDAS
78062,01,DAS
78062,02,DAS
78063,01,EDAS
78063,02,EDAS
78064,01,EDAS
78064,02,EDAS
78065,01,EDAS
78065,02,EDAS
78066,01,EDAS
78066,02,EDAS
78067,01,EDAS
78067,02,EDAS
78069,01,DAS
78069,02,DAS
78070,01,DAS
78070,02,DAS
78071,01,EDAS
78071,02,EDAS
78072,01,REM
78072,02,REM
78073,01,EDAS
78073,02,EDAS
78074,01,REM
78074,02,REM
78075,01,EDAS
78075,02,EDAS
78076,01,EDAS
78076,02,EDAS
78101,01,DAS
78101,02,DAS
78102,01,EDAS
78102,02,EDAS
78104,01,REM
78104,02,REM
78107,01,EDAS
78107,02,EDAS
78108,01,DAS
78111,01,EDAS
78111,02,EDAS
78112,01,DAS
78112,02,DAS
78113,01,EDAS
78113,02,EDAS
78114,01,DAS
78114,02,DAS
78116,01,EDAS
78116,02,EDAS
78117,01,EDAS
78117,02,EDAS
78118,01,EDAS
78118,02,EDAS
78119,01,EDAS
78119,02,EDAS
78121,01,DAS
78121,02,DAS
78122,01,EDAS
78122,02,EDAS
78124,01,DAS
78124,02,DAS
78125,01,EDAS
78125,02,EDAS
78132,01,DAS
78132,02,DAS
78133,01,EDAS
78133,02,EDAS
78140,01,EDAS
78140,02,EDAS
78141,01,EDAS
78141,02,EDAS
78142,01,EDAS
78142,02,EDAS
78143,01,DAS
78143,02,DAS
78145,01,EDAS
78145,02,EDAS
78146,01,EDAS
78146,02,EDAS
78147,01,EDAS
78147,02,EDAS
78151,01,EDAS
78151,02,EDAS
78152,01,EDAS
78152,02,EDAS
78155,01,EDAS
78155,02,EDAS
78159,01,EDAS
78159,02,EDAS
78160,01,EDAS
78160,02,EDAS
78161,01,EDAS
78161,02,EDAS
78162,01,EDAS
78162,02,EDAS
78163,01,DAS
78163,02,DAS
78164,01,EDAS
78164,02,EDAS
78252,01,DAS
78252,02,DAS
78263,01,DAS
78263,02,DAS
78264,01,DAS
78264,02,DAS
78266,01,DAS
78266,02,DAS
78330,01,DAS
78330,02,DAS
78332,01,DAS
78332,02,DAS
78333,01,DAS
78333,02,DAS
78336,01,DAS
78336,02,DAS
78338,01,EDAS
78338,02,EDAS
78339,01,EDAS
78339,02,EDAS
78340,01,EDAS
78340,02,EDAS
78341,01,EDAS
78341,02,EDAS
78342,01,DAS
78342,02,DAS
78343,01,EDAS
78343,02,EDAS
78344,01,REM
78344,02,REM
78349,01,REM
78349,02,REM
78350,01,EDAS
78350,02,EDAS
78351,01,EDAS
78351,02,EDAS
78352,01,DAS
78352,02,EDAS
78353,01,REM
78353,02,REM
78355,01,EDAS
78355,02,EDAS
78357,01,EDAS
78357,02,EDAS
78358,01,DAS
78358,02,DAS
78360,01,REM
78360,02,REM
78361,01,EDAS
78361,02,EDAS
78363,01,DAS
78363,02,DAS
78364,01,DAS
78364,02,DAS
78368,01,EDAS
78368,02,EDAS
78369,01,REM
78369,02,REM
78370,01,EDAS
78370,02,EDAS
78371,01,EDAS
78371,02,EDAS
78372,01,EDAS
78372,02,EDAS
78373,01,DAS
78373,02,DAS
78375,01,EDAS
78375,02,EDAS
78376,01,REM
78376,02,REM
78377,01,EDAS
78377,02,EDAS
78379,01,EDAS
78379,02,EDAS
78380,01,DAS
78380,02,DAS
78381,01,DAS
78381,02,DAS
78382,01,DAS
78382,02,DAS
78383,01,EDAS
78383,02,EDAS
78384,01,EDAS
78384,02,EDAS
78385,01,EDAS
78385,02,EDAS
78387,01,EDAS
78387,02,EDAS
78389,01,EDAS
78389,02,EDAS
78390,01,EDAS
78390,02,EDAS
78391,01,EDAS
78391,02,EDAS
78393,01,EDAS
78393,02,EDAS
78406,01,DAS
78406,02,DAS
78516,01,DAS
78516,02,DAS
78536,01,REM
78536,02,REM
78537,01,DAS
78537,02,DAS
78538,01,EDAS
78538,02,EDAS
78541,01,DAS
78541,02,DAS
78542,01,DAS
78542,02,DAS
78543,01,EDAS
78543,02,EDAS
78545,01,EDAS
78545,02,EDAS
78547,01,REM
78547,02,REM
78548,01,EDAS
78548,02,EDAS
78549,01,EDAS
78549,02,EDAS
78558,01,DAS
78558,02,DAS
78559,01,DAS
78559,02,DAS
78560,01,DAS
78560,02,DAS
78561,01,DAS
78561,02,DAS
78562,01,DAS
78562,02,DAS
78563,01,REM
78563,02,REM
78564,01,REM
78564,02,REM
78566,01,DAS
78566,02,DAS
78569,01,EDAS
78569,02,EDAS
78574,01,DAS
78574,02,DAS
78578,01,DAS
78578,02,DAS
78580,01,DAS
78580,02,DAS
78582,01,EDAS
78582,02,EDAS
78583,01,EDAS
78583,02,EDAS
78584,01,DAS
78584,02,DAS
78586,01,DAS
78586,02,DAS
78588,01,REM
78588,02,REM
78590,01,DAS
78590,02,DAS
78591,01,REM
78591,02,REM
78592,01,DAS
78592,02,DAS
78593,01,DAS
78593,02,DAS
78594,01,EDAS
78594,02,EDAS
78595,01,DAS
78595,02,DAS
78597,01,DAS
78597,02,DAS
78598,01,EDAS
78598,02,EDAS
78602,01,DAS
78602,02,DAS
78603,01,EDAS
78603,02,EDAS
78604,01,EDAS
78604,02,EDAS
78605,01,EDAS
78605,02,EDAS
78606,01,EDAS
78606,02,EDAS
78607,01,REM
78607,02,REM
78608,01,REM
78608,02,REM
78609,01,EDAS
78609,02,EDAS
78610,01,DAS
78611,01,EDAS
78611,02,EDAS
78612,01,EDAS
78612,02,EDAS
78614,01,EDAS
78614,02,EDAS
78615,01,EDAS
78615,02,EDAS
78616,01,DAS
78616,02,DAS
78617,01,DAS
78617,02,DAS
78618,01,REM
78618,02,REM
78619,01,EDAS
78619,02,DAS
78620,01,EDAS
78620,02,DAS
78621,01,DAS
78621,02,DAS
78622,01,EDAS
78622,02,EDAS
78623,01,DAS
78623,02,DAS
78624,01,EDAS
78624,02,EDAS
78629,01,EDAS
78629,02,EDAS
78631,01,EDAS
78631,02,EDAS
78632,01,REM
78632,02,REM
78633,01,DAS
78633,02,DAS
78635,01,EDAS
78635,02,EDAS
78636,01,REM
78636,02,REM
78638,01,EDAS
78638,02,EDAS
78639,01,EDAS
78639,02,EDAS
78640,01,DAS
78642,01,DAS
78642,02,DAS
78643,01,REM
78643,02,REM
78644,01,DAS
78644,02,DAS
78645,01,DAS
78645,02,DAS
78648,01,EDAS
78648,02,EDAS
78650,01,EDAS
78650,02,EDAS
78653,01,DAS
78653,02,DAS
78654,01,DAS
78654,02,DAS
78655,01,EDAS
78655,02,EDAS
78656,01,EDAS
78656,02,EDAS
78657,01,EDAS
78657,02,EDAS
78658,01,EDAS
78658,02,EDAS
78659,01,EDAS
78659,02,EDAS
78661,01,EDAS
78661,02,EDAS
78662,01,EDAS
78662,02,EDAS
78663,01,REM
78663,02,REM
78669,01,DAS
78669,02,DAS
78670,01,EDAS
78670,02,EDAS
78671,01,EDAS
78671,02,EDAS
78672,01,EDAS
78672,02,EDAS
78673,01,DAS
78673,02,DAS
78674,01,DAS
78674,02,DAS
78675,01,REM
78675,02,REM
78676,01,DAS
78676,02,DAS
78677,01,REM
78677,02,REM
78733,01,DAS
78734,01,DAS
78735,01,DAS
78736,01,DAS
78737,01,DAS
78737,02,DAS
78742,01,EDAS
78742,02,EDAS
78747,01,DAS
78766,01,DAS
78766,02,DAS
78801,01,DAS
78801,02,DAS
78802,01,DAS
78802,02,DAS
78827,01,EDAS
78827,02,EDAS
78828,01,REM
78828,02,REM
78829,01,REM
78829,02,REM
78830,01,REM
78830,02,REM
78832,01,EDAS
78832,02,EDAS
78833,01,REM
78833,02,REM
78834,01,DAS
78834,02,DAS
78836,01,REM
78836,02,REM
78837,01,REM
78837,02,REM
78838,01,EDAS
78838,02,EDAS
78839,01,EDAS
78839,02,EDAS
78840,01,DAS
78840,02,DAS
78850,01,EDAS
78850,02,EDAS
78851,01,REM
78851,02,REM
78852,01,EDAS
78852,02,EDAS
78853,01,DAS
78853,02,DAS
78860,01,REM
78860,02,REM
78861,01,EDAS
78861,02,EDAS
78870,01,EDAS
78870,02,EDAS
78871,01,REM
78871,02,REM
78872,01,EDAS
78872,02,EDAS
78873,01,REM
78873,02,REM
78877,01,EDAS
78877,02,EDAS
78879,01,EDAS
78879,02,EDAS
78880,01,REM
78880,02,REM
78881,01,EDAS
78881,02,EDAS
78883,01,EDAS
78883,02,EDAS
78884,01,REM
78884,02,REM
78885,01,EDAS
78885,02,EDAS
78886,01,EDAS
78886,02,EDAS
78931,01,EDAS
78931,02,EDAS
78932,01,REM
78932,02,REM
78933,01,REM
78933,02,REM
78934,01,EDAS
78934,02,EDAS
78935,01,REM
78935,02,REM
78938,01,EDAS
78938,02,EDAS
78940,01,REM
78940,02,REM
78941,01,REM
78941,02,EDAS
78942,01,EDAS
78942,02,EDAS
78943,01,EDAS
78943,02,EDAS
78944,01,EDAS
78944,02,EDAS
78945,01,EDAS
78945,02,EDAS
78946,01,REM
78946,02,REM
78947,01,REM
78947,02,EDAS
78948,01,REM
78948,02,REM
78949,01,REM
78949,02,REM
78950,01,REM
78950,02,REM
78951,01,DAS
78951,02,DAS
78952,01,EDAS
78952,02,EDAS
78953,01,REM
78953,02,REM
78954,01,EDAS
78954,02,EDAS
78956,01,REM
78956,02,REM
78957,01,EDAS
78957,02,EDAS
78959,01,REM
78959,02,REM
78960,01,EDAS
78960,02,EDAS
78962,01,EDAS
78962,02,EDAS
78963,01,EDAS
78963,02,EDAS
79001,01,EDAS
79001,02,EDAS
79002,01,REM
79002,02,REM
79003,01,EDAS
79003,02,EDAS
79005,01,EDAS
79005,02,EDAS
79007,01,DAS
79007,02,DAS
79008,01,DAS
79008,02,DAS
79009,01,EDAS
79009,02,EDAS
79010,01,REM
79010,02,REM
79011,01,REM
79011,02,REM
79012,01,DAS
79012,02,DAS
79013,01,EDAS
79013,02,EDAS
79014,01,REM
79014,02,REM
79015,01,DAS
79015,02,DAS
79018,01,REM
79018,02,REM
79019,01,EDAS
79019,02,EDAS
79021,01,EDAS
79021,02,EDAS
79022,01,EDAS
79022,02,EDAS
79024,01,EDAS
79024,02,EDAS
79025,01,EDAS
79025,02,EDAS
79027,01,EDAS
79027,02,EDAS
79029,01,DAS
79029,02,DAS
79031,01,EDAS
79031,02,EDAS
79032,01,DAS
79032,02,DAS
79033,01,DAS
79033,02,DAS
79034,01,REM
79034,02,REM
79035,01,EDAS
79035,02,EDAS
79036,01,EDAS
79036,02,EDAS
79039,01,EDAS
79039,02,EDAS
79040,01,REM
79040,02,REM
79041,01,EDAS
79041,02,EDAS
79042,01,EDAS
79042,02,EDAS
79043,01,EDAS
79043,02,EDAS
79044,01,EDAS
79044,02,EDAS
79045,01,EDAS
79045,02,EDAS
79046,01,REM
79046,02,REM
79051,01,REM
79051,02,REM
79052,01,EDAS
79052,02,EDAS
79053,01,EDAS
79053,02,EDAS
79054,01,EDAS
79054,02,EDAS
79056,01,REM
79056,02,REM
79057,01,REM
79057,02,REM
79058,01,REM
79058,02,REM
79059,01,EDAS
79059,02,EDAS
79061,01,EDAS
79061,02,EDAS
79062,01,REM
79062,02,REM
79063,01,EDAS
79063,02,EDAS
79064,01,EDAS
79064,02,EDAS
79065,01,EDAS
79065,02,EDAS
79066,01,EDAS
79066,02,EDAS
79068,01,EDAS
79068,02,EDAS
79070,01,EDAS
79070,02,EDAS
79078,01,REM
79078,02,REM
79079,01,EDAS
79079,02,EDAS
79080,01,REM
79080,02,REM
79081,01,EDAS
79081,02,EDAS
79082,01,EDAS
79082,02,EDAS
79083,01,REM
79083,02,REM
79084,01,REM
79084,02,EDAS
79085,01,EDAS
79085,02,EDAS
79086,01,EDAS
79086,02,EDAS
79087,01,REM
79087,02,REM
79088,01,EDAS
79088,02,EDAS
79091,01,DAS
79091,02,EDAS
79092,01,EDAS
79092,02,EDAS
79093,01,REM
79093,02,REM
79094,01,REM
79094,02,REM
79095,01,EDAS
79095,02,EDAS
79096,01,EDAS
79096,02,EDAS
79097,01,EDAS
79097,02,EDAS
79098,01,EDAS
79098,02,EDAS
79108,01,DAS
79108,02,DAS
79201,01,EDAS
79201,02,EDAS
79220,01,REM
79220,02,REM
79221,01,EDAS
79221,02,EDAS
79223,01,REM
79223,02,REM
79225,01,EDAS
79225,02,EDAS
79226,01,EDAS
79226,02,EDAS
79227,01,EDAS
79227,02,EDAS
79229,01,REM
79229,02,REM
79230,01,REM
79230,02,REM
79231,01,REM
79231,02,REM
79232,01,EDAS
79232,02,EDAS
79233,01,EDAS
79233,02,EDAS
79234,01,REM
79234,02,REM
79235,01,EDAS
79235,02,EDAS
79236,01,EDAS
79236,02,EDAS
79237,01,EDAS
79237,02,EDAS
79239,01,REM
79239,02,REM
79240,01,EDAS
79240,02,EDAS
79241,01,EDAS
79241,02,EDAS
79243,01,EDAS
79243,02,EDAS
79244,01,EDAS
79244,02,EDAS
79245,01,EDAS
79245,02,EDAS
79247,01,EDAS
79247,02,EDAS
79248,01,REM
79248,02,REM
79250,01,EDAS
79250,02,EDAS
79251,01,REM
79251,02,REM
79252,01,EDAS
79252,02,EDAS
79255,01,EDAS
79255,02,EDAS
79256,01,EDAS
79256,02,EDAS
79257,01,EDAS
79257,02,EDAS
79258,01,EDAS
79258,02,EDAS
79259,01,REM
79259,02,REM
79261,01,EDAS
79261,02,EDAS
79311,01,EDAS
79311,02,EDAS
79312,01,EDAS
79312,02,EDAS
79313,01,EDAS
79313,02,EDAS
79314,01,DAS
79314,02,DAS
79316,01,EDAS
79316,02,EDAS
79320,01,EDAS
79320,02,EDAS
79322,01,EDAS
79322,02,EDAS
79323,01,EDAS
79323,02,EDAS
79324,01,REM
79324,02,REM
79325,01,EDAS
79325,02,EDAS
79326,01,DAS
79326,02,DAS
79329,01,EDAS
79329,02,EDAS
79330,01,REM
79330,02,REM
79331,01,EDAS
79331,02,EDAS
79336,01,EDAS
79336,02,EDAS
79338,01,EDAS
79338,02,EDAS
79339,01,EDAS
79339,02,EDAS
79342,01,EDAS
79342,02,EDAS
79343,01,EDAS
79343,02,EDAS
79344,01,EDAS
79344,02,EDAS
79345,01,REM
79345,02,REM
79346,01,EDAS
79346,02,EDAS
79347,01,EDAS
79347,02,EDAS
79351,01,REM
79351,02,REM
79353,01,EDAS
79353,02,EDAS
79355,01,EDAS
79355,02,EDAS
79356,01,EDAS
79356,02,EDAS
79357,01,EDAS
79357,02,EDAS
79358,01,EDAS
79358,02,EDAS
79359,01,EDAS
79359,02,EDAS
79360,01,EDAS
79360,02,EDAS
79363,01,DAS
79363,02,DAS
79364,01,EDAS
79364,02,EDAS
79366,01,DAS
79366,02,DAS
79369,01,EDAS
79369,02,EDAS
79370,01,EDAS
79370,02,EDAS
79371,01,EDAS
79371,02,EDAS
79372,01,EDAS
79372,02,EDAS
79373,01,EDAS
79373,02,EDAS
79376,01,REM
79376,02,REM
79377,01,EDAS
79377,02,EDAS
79378,01,EDAS
79378,02,EDAS
79379,01,EDAS
79379,02,EDAS
79380,01,DAS
79380,02,DAS
79381,01,EDAS
79381,02,EDAS
79383,01,DAS
79383,02,DAS
79501,01,EDAS
79501,02,EDAS
79502,01,EDAS
79502,02,EDAS
79503,01,REM
79503,02,REM
79504,01,EDAS
79504,02,EDAS
79505,01,EDAS
79505,02,EDAS
79506,01,EDAS
79506,02,EDAS
79508,01,EDAS
79508,02,EDAS
79510,01,REM
79510,02,REM
79511,01,EDAS
79511,02,EDAS
79512,01,REM
79512,02,REM
79517,01,EDAS
79517,02,EDAS
79518,01,REM
79518,02,REM
79519,01,EDAS
79519,02,EDAS
79520,01,EDAS
79520,02,EDAS
79521,01,EDAS
79521,02,EDAS
79525,01,EDAS
79525,02,EDAS
79526,01,EDAS
79526,02,EDAS
79527,01,EDAS
79527,02,EDAS
79528,01,EDAS
79528,02,EDAS
79529,01,EDAS
79529,02,EDAS
79530,01,EDAS
79530,02,EDAS
79532,01,EDAS
79532,02,EDAS
79533,01,EDAS
79533,02,EDAS
79534,01,EDAS
79534,02,EDAS
79535,01,EDAS
79535,02,EDAS
79536,01,EDAS
79536,02,EDAS
79537,01,REM
79537,02,REM
79538,01,EDAS
79538,02,EDAS
79539,01,EDAS
79539,02,EDAS
79540,01,REM
79540,02,REM
79541,01,EDAS
79541,02,EDAS
79543,01,EDAS
79543,02,EDAS
79544,01,EDAS
79544,02,EDAS
79545,01,EDAS
79545,02,EDAS
79546,01,EDAS
79546,02,EDAS
79547,01,EDAS
79547,02,EDAS
79548,01,REM
79548,02,REM
79549,01,EDAS
79549,02,EDAS
79550,01,EDAS
79550,02,EDAS
79553,01,EDAS
79553,02,EDAS
79556,01,EDAS
79556,02,EDAS
79560,01,EDAS
79560,02,EDAS
79561,01,EDAS
79561,02,EDAS
79562,01,EDAS
79562,02,EDAS
79563,01,DAS
79563,02,DAS
79565,01,EDAS
79565,02,EDAS
79566,01,REM
79566,02,REM
79567,01,EDAS
79567,02,EDAS
79601,02,DAS
79602,01,DAS
79602,02,DAS
79603,02,DAS
79605,01,DAS
79605,02,DAS
79606,01,DAS
79606,02,DAS
79607,02,DAS
79705,01,DAS
79705,02,DAS
79706,01,DAS
79706,02,DAS
79707,01,DAS
79707,02,DAS
79711,01,DAS
79711,02,DAS
79713,01,REM
79713,02,REM
79714,01,REM
79714,02,REM
79718,01,EDAS
79718,02,EDAS
79719,01,EDAS
79719,02,EDAS
79720,01,EDAS
79720,02,EDAS
79721,01,REM
79721,02,REM
79730,01,REM
79730,02,REM
79731,01,EDAS
79731,02,EDAS
79733,01,DAS
79733,02,DAS
79734,01,REM
79734,02,REM
79735,01,REM
79735,02,REM
79738,01,EDAS
79738,02,EDAS
79739,01,REM
79739,02,REM
79740,01,EDAS
79740,02,EDAS
79741,01,REM
79741,02,REM
79742,01,EDAS
79742,02,EDAS
79743,01,EDAS
79743,02,EDAS
79744,01,EDAS
79744,02,EDAS
79745,01,EDAS
79745,02,EDAS
79748,01,REM
79748,02,REM
79749,01,EDAS
79749,02,EDAS
79752,01,EDAS
79752,02,EDAS
79754,01,REM
79754,02,REM
79755,01,REM
79755,02,REM
79756,01,REM
79756,02,REM
79758,01,EDAS
79758,02,EDAS
79759,01,REM
79759,02,REM
79764,01,DAS
79764,02,DAS
79765,01,DAS
79765,02,DAS
79766,01,DAS
79766,02,DAS
79770,01,REM
79770,02,REM
79772,01,REM
79772,02,REM
79776,01,DAS
79776,02,DAS
79777,01,EDAS
79777,02,EDAS
79778,01,REM
79778,02,REM
79780,01,EDAS
79780,02,EDAS
79781,01,EDAS
79781,02,EDAS
79782,01,REM
79782,02,REM
79783,01,EDAS
79783,02,EDAS
79785,01,EDAS
79785,02,EDAS
79786,01,DAS
79786,02,DAS
79788,01,EDAS
79788,02,EDAS
79789,01,REM
79789,02,REM
79830,01,EDAS
79830,02,EDAS
79831,01,EDAS
79831,02,EDAS
79832,01,EDAS
79832,02,EDAS
79834,01,EDAS
79834,02,EDAS
79836,01,DAS
79836,02,DAS
79837,01,REM
79837,02,REM
79838,01,DAS
79838,02,DAS
79839,01,EDAS
79839,02,EDAS
79842,01,REM
79842,02,REM
79843,01,EDAS
79843,02,EDAS
79845,01,EDAS
79845,02,EDAS
79846,01,REM
79846,02,REM
79847,01,REM
79847,02,REM
79848,01,EDAS
79848,02,EDAS
79849,01,DAS
79849,02,DAS
79850,01,EDAS
79850,02,EDAS
79851,01,EDAS
79851,02,EDAS
79852,01,EDAS
79852,02,EDAS
79853,01,EDAS
79853,02,EDAS
79854,01,REM
79854,02,REM
79855,01,EDAS
79855,02,EDAS
79911,01,DAS
79911,02,DAS
79950,01,DAS
79950,02,DAS
79968,01,DAS
79968,02,DAS
80018,01,DAS
80018,02,DAS
80025,01,EDAS
80025,02,EDAS
80101,01,REM
80101,02,REM
80102,01,EDAS
80102,02,EDAS
80103,01,REM
80103,02,REM
80105,01,EDAS
80105,02,EDAS
80106,01,EDAS
80106,02,EDAS
80107,01,EDAS
80107,02,EDAS
80116,01,EDAS
80116,02,EDAS
80117,01,EDAS
80117,02,EDAS
80118,01,EDAS
80118,02,EDAS
80131,01,EDAS
80131,02,EDAS
80132,01,DAS
80132,02,DAS
80135,01,EDAS
80135,02,EDAS
80136,01,EDAS
80136,02,EDAS
80137,01,REM
80137,02,EDAS
80249,01,DAS
80302,01,DAS
80403,01,DAS
80403,02,DAS
80420,01,EDAS
80420,02,EDAS
80421,01,EDAS
80421,02,EDAS
80422,01,EDAS
80422,02,EDAS
80423,01,REM
80423,02,REM
80424,01,EDAS
80424,02,EDAS
80425,01,EDAS
80425,02,EDAS
80426,01,EDAS
80426,02,EDAS
80427,01,EDAS
80427,02,EDAS
80428,01,EDAS
80428,02,EDAS
80429,01,EDAS
80429,02,EDAS
80430,01,EDAS
80430,02,EDAS
80432,01,REM
80432,02,REM
80433,01,EDAS
80433,02,EDAS
80434,01,REM
80434,02,REM
80435,01,DAS
80435,02,DAS
80436,01,EDAS
80436,02,EDAS
80437,01,DAS
80437,02,DAS
80438,01,EDAS
80438,02,EDAS
80439,01,EDAS
80439,02,EDAS
80440,01,REM
80440,02,REM
80442,01,EDAS
80442,02,EDAS
80443,01,DAS
80443,02,DAS
80444,01,EDAS
80444,02,EDAS
80446,01,EDAS
80446,02,EDAS
80447,01,REM
80447,02,REM
80448,01,REM
80448,02,REM
80449,01,REM
80449,02,REM
80451,01,EDAS
80451,02,EDAS
80452,01,EDAS
80452,02,EDAS
80453,01,EDAS
80453,02,EDAS
80454,01,DAS
80454,02,DAS
80455,01,REM
80455,02,REM
80456,01,REM
80456,02,REM
80457,01,DAS
80457,02,DAS
80459,01,REM
80459,02,REM
80461,01,EDAS
80461,02,EDAS
80463,01,EDAS
80463,02,EDAS
80465,01,DAS
80465,02,DAS
80466,01,EDAS
80466,02,EDAS
80467,01,EDAS
80467,02,EDAS
80468,01,REM
80468,02,REM
80469,01,EDAS
80469,02,EDAS
80470,01,EDAS
80470,02,EDAS
80471,01,EDAS
80471,02,EDAS
80473,01,EDAS
80473,02,EDAS
80474,01,EDAS
80474,02,EDAS
80475,01,EDAS
80475,02,EDAS
80476,01,EDAS
80476,02,EDAS
80477,01,DAS
80477,02,DAS
80478,01,EDAS
80478,02,EDAS
80479,01,REM
80479,02,REM
80480,01,REM
80480,02,REM
80481,01,REM
80481,02,REM
80482,01,EDAS
80482,02,EDAS
80483,01,EDAS
80483,02,EDAS
80487,01,EDAS
80487,02,EDAS
80488,01,DAS
80488,02,DAS
80498,01,DAS
80498,02,DAS
80510,01,REM
80510,02,REM
80511,01,DAS
80511,02,DAS
80512,01,EDAS
80512,02,EDAS
80513,01,DAS
80513,02,DAS
80514,01,DAS
80514,02,DAS
80515,01,REM
80515,02,REM
80517,01,DAS
80517,02,DAS
80520,01,DAS
80520,02,DAS
80530,01,DAS
80530,02,DAS
80532,01,EDAS
80532,02,EDAS
80535,01,EDAS
80535,02,EDAS
80536,01,REM
80536,02,REM
80540,01,EDAS
80540,02,EDAS
80541,01,DAS
80541,02,EDAS
80542,01,EDAS
80542,02,EDAS
80543,01,DAS
80543,02,DAS
80544,01,DAS
80544,02,DAS
80545,01,EDAS
80545,02,EDAS
80549,01,EDAS
80549,02,EDAS
80603,01,DAS
80603,02,DAS
80610,01,EDAS
80610,02,EDAS
80611,01,EDAS
80611,02,EDAS
80612,01,EDAS
80612,02,EDAS
80615,01,DAS
80615,02,DAS
80621,01,EDAS
80621,02,DAS
80622,01,EDAS
80622,02,EDAS
80623,01,DAS
80623,02,DAS
80624,01,EDAS
80624,02,EDAS
80642,01,EDAS
80642,02,EDAS
80643,01,REM
80643,02,REM
80644,01,EDAS
80644,02,EDAS
80645,01,DAS
80645,02,DAS
80646,01,EDAS
80646,02,EDAS
80648,01,EDAS
80648,02,EDAS
80649,01,REM
80649,02,REM
80650,01,EDAS
80650,02,EDAS
80651,01,DAS
80651,02,DAS
80652,01,REM
80652,02,REM
80653,01,DAS
80653,02,DAS
80654,01,DAS
80654,02,DAS
80705,01,DAS
80705,02,DAS
80720,01,EDAS
80720,02,EDAS
80721,01,EDAS
80721,02,EDAS
80722,01,DAS
80722,02,DAS
80723,01,DAS
80723,02,DAS
80726,01,EDAS
80726,02,EDAS
80727,01,REM
80727,02,REM
80728,01,EDAS
80728,02,EDAS
80729,01,REM
80729,02,REM
80731,01,EDAS
80731,02,EDAS
80732,01,REM
80732,02,REM
80733,01,EDAS
80733,02,EDAS
80734,01,EDAS
80734,02,EDAS
80735,01,REM
80735,02,REM
80736,01,REM
80736,02,REM
80737,01,EDAS
80737,02,EDAS
80740,01,EDAS
80740,02,EDAS
80741,01,EDAS
80741,02,EDAS
80742,01,EDAS
80742,02,EDAS
80743,01,REM
80743,02,REM
80744,01,REM
80744,02,REM
80745,01,REM
80745,02,REM
80746,01,DAS
80746,02,EDAS
80747,01,EDAS
80747,02,EDAS
80749,01,REM
80749,02,REM
80750,01,EDAS
80750,02,EDAS
80754,01,REM
80754,02,REM
80755,01,REM
80755,02,REM
80757,01,EDAS
80757,02,EDAS
80758,01,EDAS
80758,02,EDAS
80759,01,EDAS
80759,02,EDAS
80801,01,REM
80801,02,REM
80802,01,REM
80802,02,REM
80804,01,REM
80804,02,REM
80805,01,REM
80805,02,REM
80807,01,EDAS
80807,02,EDAS
80808,01,EDAS
80808,02,EDAS
80809,01,EDAS
80809,02,EDAS
80810,01,EDAS
80810,02,EDAS
80812,01,EDAS
80812,02,EDAS
80813,01,EDAS
80813,02,EDAS
80814,01,EDAS
80814,02,EDAS
80815,01,EDAS
80815,02,EDAS
80816,01,REM
80816,02,REM
80818,01,REM
80818,02,REM
80819,01,DAS
80819,02,DAS
80820,01,REM
80820,02,REM
80821,01,EDAS
80821,02,EDAS
80822,01,EDAS
80822,02,EDAS
80823,01,REM
80823,02,REM
80824,01,REM
80824,02,REM
80825,01,REM
80825,02,REM
80826,01,EDAS
80826,02,EDAS
80827,01,REM
80827,02,REM
80828,01,EDAS
80828,02,EDAS
80830,01,REM
80830,02,REM
80831,01,DAS
80831,02,DAS
80832,01,REM
80832,02,REM
80833,01,REM
80833,02,REM
80834,01,REM
80834,02,REM
80835,01,EDAS
80835,02,EDAS
80836,01,EDAS
80836,02,EDAS
80860,01,EDAS
80860,02,EDAS
80861,01,REM
80861,02,REM
80862,01,REM
80862,02,REM
80863,01,EDAS
80863,02,EDAS
80864,01,REM
80864,02,REM
80866,01,DAS
80866,02,DAS
80908,01,DAS
80908,02,DAS
80925,01,DAS
80925,02,DAS
80926,01,REM
80926,02,REM
80928,01,EDAS
80928,02,EDAS
80929,01,EDAS
80929,02,EDAS
80930,01,DAS
80930,02,DAS
80938,01,EDAS
80938,02,EDAS
80939,01,DAS
80939,02,DAS
81004,01,DAS
81004,02,DAS
81005,01,DAS
81005,02,DAS
81006,01,DAS
81006,02,DAS
81007,01,DAS
81007,02,DAS
81019,01,REM
81019,02,REM
81020,01,REM
81020,02,REM
81021,01,REM
81021,02,REM
81022,01,EDAS
81022,02,EDAS
81023,01,REM
81023,02,REM
81024,01,REM
81024,02,REM
81025,01,REM
81025,02,REM
81027,01,REM
81027,02,REM
81029,01,REM
81029,02,REM
81030,01,EDAS
81030,02,EDAS
81033,01,REM
81033,02,REM
81034,01,REM
81034,02,REM
81036,01,EDAS
81036,02,EDAS
81038,01,EDAS
81038,02,EDAS
81039,01,EDAS
81039,02,EDAS
81040,01,REM
81040,02,REM
81041,01,REM
81041,02,REM
81042,01,EDAS
81042,02,EDAS
81043,01,DAS
81043,02,DAS
81044,01,REM
81044,02,REM
81045,01,REM
81045,02,REM
81046,01,EDAS
81046,02,EDAS
81047,01,EDAS
81047,02,EDAS
81049,01,REM
81049,02,REM
81050,01,EDAS
81050,02,EDAS
81052,01,EDAS
81052,02,EDAS
81054,01,EDAS
81054,02,EDAS
81055,01,EDAS
81055,02,EDAS
81057,01,REM
81057,02,REM
81058,01,EDAS
81058,02,EDAS
81059,01,REM
81059,02,REM
81062,01,EDAS
81062,02,EDAS
81063,01,EDAS
81063,02,EDAS
81064,01,EDAS
81064,02,EDAS
81067,01,EDAS
81067,02,EDAS
81069,01,REM
81069,02,REM
81071,01,REM
81071,02,REM
81073,01,EDAS
81073,02,EDAS
81074,01,DAS
81074,02,DAS
81076,01,EDAS
81076,02,EDAS
81077,01,REM
81077,02,REM
81081,01,REM
81081,02,REM
81082,01,EDAS
81082,02,EDAS
81084,01,REM
81084,02,REM
81087,01,EDAS
81087,02,EDAS
81089,01,REM
81089,02,REM
81090,01,REM
81090,02,REM
81091,01,REM
81091,02,REM
81092,01,EDAS
81092,02,EDAS
81101,01,DAS
81101,02,DAS
81102,01,DAS
81102,02,DAS
81120,01,EDAS
81120,02,EDAS
81121,01,EDAS
81121,02,EDAS
81122,01,REM
81122,02,REM
81123,01,EDAS
81123,02,EDAS
81124,01,REM
81124,02,REM
81125,01,EDAS
81125,02,EDAS
81126,01,REM
81126,02,REM
81127,01,EDAS
81127,02,EDAS
81128,01,DAS
81128,02,DAS
81129,01,DAS
81129,02,DAS
81130,01,EDAS
81130,02,EDAS
81131,01,EDAS
81131,02,EDAS
81132,01,EDAS
81132,02,EDAS
81133,01,REM
81133,02,REM
81135,01,EDAS
81135,02,EDAS
81136,01,EDAS
81136,02,EDAS
81137,01,EDAS
81137,02,EDAS
81138,01,REM
81138,02,REM
81140,01,EDAS
81140,02,EDAS
81141,01,EDAS
81141,02,EDAS
81143,01,REM
81143,02,REM
81144,01,EDAS
81144,02,EDAS
81146,01,EDAS
81146,02,EDAS
81147,01,REM
81147,02,REM
81148,01,EDAS
81148,02,EDAS
81149,01,REM
81149,02,REM
81151,01,REM
81151,02,REM
81152,01,REM
81152,02,REM
81153,01,EDAS
81153,02,EDAS
81154,01,EDAS
81154,02,EDAS
81155,01,REM
81155,02,REM
81157,01,EDAS
81157,02,EDAS
81201,01,DAS
81201,02,DAS
81210,01,EDAS
81210,02,EDAS
81211,01,EDAS
81211,02,EDAS
81212,01,DAS
81212,02,DAS
81215,01,DAS
81215,02,DAS
81220,01,REM
81220,02,REM
81221,01,DAS
81221,02,DAS
81222,01,EDAS
81222,02,EDAS
81223,01,REM
81223,02,REM
81224,01,EDAS
81224,02,EDAS
81225,01,DAS
81225,02,DAS
81226,01,DAS
81226,02,DAS
81227,01,DAS
81227,02,DAS
81228,01,EDAS
81228,02,EDAS
81230,01,EDAS
81230,02,EDAS
81231,01,REM
81231,02,REM
81232,01,REM
81232,02,REM
81233,01,EDAS
81233,02,EDAS
81235,01,EDAS
81235,02,EDAS
81236,01,EDAS
81236,02,EDAS
81237,01,EDAS
81237,02,EDAS
81239,01,EDAS
81239,02,EDAS
81240,01,EDAS
81240,02,EDAS
81241,01,EDAS
81241,02,EDAS
81242,01,DAS
81242,02,DAS
81243,01,REM
81243,02,REM
81244,01,DAS
81244,02,DAS
81248,01,EDAS
81248,02,EDAS
81251,01,EDAS
81251,02,EDAS
81252,01,REM
81252,02,REM
81253,01,EDAS
81253,02,EDAS
81290,01,DAS
81290,02,DAS
81301,01,DAS
81301,02,DAS
81302,01,DAS
81302,02,DAS
81303,01,EDAS
81303,02,EDAS
81320,01,REM
81320,02,REM
81321,01,DAS
81321,02,DAS
81323,01,REM
81323,02,REM
81324,01,REM
81324,02,REM
81325,01,REM
81325,02,REM
81326,01,EDAS
81326,02,EDAS
81327,01,EDAS
81327,02,EDAS
81328,01,EDAS
81328,02,EDAS
81329,01,EDAS
81329,02,EDAS
81330,01,EDAS
81330,02,EDAS
81331,01,REM
81331,02,REM
81332,01,EDAS
81332,02,EDAS
81334,01,EDAS
81334,02,EDAS
81335,01,EDAS
81335,02,EDAS
81401,01,DAS
81401,02,DAS
81403,01,EDAS
81403,02,EDAS
81410,01,EDAS
81410,02,EDAS
81411,01,EDAS
81411,02,EDAS
81413,01,EDAS
81413,02,EDAS
81414,01,EDAS
81414,02,EDAS
81415,01,EDAS
81415,02,EDAS
81416,01,DAS
81416,02,DAS
81418,01,EDAS
81418,02,EDAS
81419,01,EDAS
81419,02,EDAS
81420,01,DAS
81420,02,DAS
81422,01,EDAS
81422,02,EDAS
81423,01,EDAS
81423,02,EDAS
81424,01,EDAS
81424,02,EDAS
81425,01,EDAS
81425,02,EDAS
81426,01,EDAS
81426,02,EDAS
81427,01,EDAS
81427,02,EDAS
81428,01,EDAS
81428,02,EDAS
81429,01,EDAS
81429,02,EDAS
81430,01,EDAS
81430,02,EDAS
81431,01,REM
81431,02,REM
81432,01,EDAS
81432,02,EDAS
81433,01,EDAS
81433,02,EDAS
81434,01,REM
81434,02,REM
81435,01,EDAS
81435,02,EDAS
81522,01,REM
81522,02,REM
81523,01,REM
81523,02,REM
81524,01,EDAS
81524,02,EDAS
81525,01,EDAS
81525,02,EDAS
81526,01,DAS
81526,02,DAS
81527,01,REM
81527,02,REM
81601,01,DAS
81601,02,DAS
81602,01,DAS
81602,02,DAS
81610,01,REM
81610,02,REM
81611,01,DAS
81611,02,DAS
81612,01,DAS
81612,02,DAS
81615,01,DAS
81615,02,DAS
81620,01,DAS
81620,02,DAS
81621,01,DAS
81621,02,DAS
81623,01,DAS
81623,02,DAS
81624,01,REM
81624,02,REM
81625,01,REM
81625,02,REM
81626,01,EDAS
81626,02,EDAS
81630,01,EDAS
81630,02,EDAS
81631,01,DAS
81631,02,DAS
81632,01,DAS
81632,02,DAS
81633,01,EDAS
81633,02,EDAS
81635,01,EDAS
81635,02,EDAS
81636,01,EDAS
81636,02,EDAS
81637,01,DAS
81637,02,DAS
81638,01,REM
81638,02,REM
81639,01,EDAS
81639,02,EDAS
81640,01,REM
81640,02,REM
81641,01,EDAS
81641,02,EDAS
81642,01,EDAS
81642,02,EDAS
81643,01,EDAS
81643,02,EDAS
81645,01,EDAS
81645,02,EDAS
81646,01,EDAS
81646,02,EDAS
81647,01,EDAS
81647,02,EDAS
81648,01,EDAS
81648,02,EDAS
81649,01,EDAS
81649,02,EDAS
81650,01,REM
81650,02,REM
81652,01,REM
81652,02,REM
81653,01,EDAS
81653,02,EDAS
81654,01,EDAS
81654,02,EDAS
81655,01,EDAS
81655,02,EDAS
81656,01,EDAS
81656,02,EDAS
81657,01,DAS
81657,02,DAS
81658,01,DAS
81658,02,DAS
82003,01,DAS
82003,02,DAS
82009,01,DAS
82009,02,DAS
82050,01,EDAS
82050,02,EDAS
82051,01,REM
82051,02,REM
82052,01,REM
82052,02,REM
82053,01,REM
82053,02,REM
82054,01,EDAS
82054,02,EDAS
82055,01,REM
82055,02,REM
82058,01,REM
82058,02,REM
82059,01,EDAS
82059,02,EDAS
82060,01,EDAS
82060,02,EDAS
82061,01,REM
82061,02,REM
82063,01,EDAS
82063,02,EDAS
82070,01,EDAS
82070,02,EDAS
82071,01,DAS
82071,02,DAS
82072,01,DAS
82072,02,DAS
82073,01,EDAS
82073,02,EDAS
82081,01,REM
82081,02,REM
82082,01,EDAS
82082,02,EDAS
82083,01,REM
82083,02,REM
82084,01,REM
82084,02,REM
82190,01,REM
82190,02,REM
82201,01,EDAS
82201,02,EDAS
82210,01,REM
82210,02,REM
82212,01,EDAS
82212,02,EDAS
82213,01,REM
82213,02,REM
82214,01,EDAS
82214,02,EDAS
82215,01,EDAS
82215,02,EDAS
82217,01,REM
82217,02,REM
82218,01,REM
82218,02,REM
82219,01,REM
82219,02,REM
82221,01,EDAS
82221,02,EDAS
82222,01,REM
82222,02,REM
82223,01,REM
82223,02,REM
82224,01,REM
82224,02,REM
82225,01,EDAS
82225,02,EDAS
82227,01,EDAS
82227,02,EDAS
82229,01,REM
82229,02,REM
82240,01,EDAS
82240,02,EDAS
82242,01,EDAS
82242,02,EDAS
82243,01,REM
82243,02,REM
82244,01,REM
82244,02,REM
82301,01,EDAS
82301,02,EDAS
82310,01,REM
82310,02,REM
82321,01,EDAS
82321,02,EDAS
82322,01,REM
82322,02,REM
82323,01,EDAS
82323,02,EDAS
82324,01,EDAS
82324,02,EDAS
82325,01,EDAS
82325,02,EDAS
82327,01,EDAS
82327,02,EDAS
82329,01,REM
82329,02,REM
82331,01,EDAS
82331,02,EDAS
82332,01,EDAS
82332,02,EDAS
82334,01,REM
82334,02,REM
82335,01,EDAS
82335,02,EDAS
82336,01,EDAS
82336,02,EDAS
82401,01,EDAS
82401,02,EDAS
82410,01,EDAS
82410,02,EDAS
82411,01,EDAS
82411,02,EDAS
82412,01,EDAS
82412,02,EDAS
82414,01,DAS
82414,02,DAS
82420,01,EDAS
82420,02,EDAS
82421,01,EDAS
82421,02,EDAS
82422,01,REM
82422,02,REM
82423,01,EDAS
82423,02,EDAS
82426,01,EDAS
82426,02,EDAS
82428,01,REM
82428,02,REM
82430,01,DAS
82430,02,DAS
82431,01,EDAS
82431,02,EDAS
82432,01,EDAS
82432,02,EDAS
82433,01,REM
82433,02,REM
82434,01,EDAS
82434,02,EDAS
82435,01,EDAS
82435,02,EDAS
82440,01,DAS
82440,02,DAS
82441,01,EDAS
82441,02,EDAS
82442,01,REM
82442,02,REM
82443,01,EDAS
82443,02,EDAS
82450,01,EDAS
82450,02,EDAS
82501,01,DAS
82501,02,DAS
82510,01,EDAS
82510,02,EDAS
82512,01,REM
82512,02,REM
82513,01,EDAS
82513,02,EDAS
82514,01,REM
82514,02,REM
82515,01,DAS
82515,02,DAS
82516,01,EDAS
82516,02,EDAS
82520,01,EDAS
82520,02,EDAS
82523,01,EDAS
82523,02,EDAS
82524,01,DAS
82524,02,DAS
82601,01,DAS
82601,02,DAS
82604,01,EDAS
82604,02,EDAS
82620,01,REM
82620,02,REM
82630,01,REM
82630,02,REM
82631,01,EDAS
82631,02,EDAS
82633,01,EDAS
82633,02,EDAS
82635,01,REM
82635,02,REM
82636,01,DAS
82636,02,DAS
82637,01,EDAS
82637,02,EDAS
82638,01,REM
82638,02,REM
82639,01,REM
82639,02,REM
82642,01,REM
82642,02,REM
82643,01,EDAS
82643,02,EDAS
82644,01,DAS
82644,02,DAS
82646,01,REM
82646,02,REM
82648,01,EDAS
82648,02,EDAS
82649,01,EDAS
82649,02,EDAS
82701,01,REM
82701,02,REM
82710,01,REM
82710,02,REM
82711,01,EDAS
82711,02,EDAS
82712,01,REM
82712,02,REM
82714,01,REM
82714,02,REM
82715,01,REM
82715,02,REM
82716,01,DAS
82716,02,DAS
82717,01,DAS
82717,02,DAS
82718,01,DAS
82718,02,DAS
82720,01,REM
82720,02,REM
82721,01,REM
82721,02,REM
82723,01,REM
82723,02,REM
82725,01,REM
82725,02,REM
82727,01,REM
82727,02,REM
82729,01,REM
82729,02,REM
82730,01,REM
82730,02,REM
82731,01,REM
82731,02,REM
82732,01,EDAS
82732,02,EDAS
82801,01,DAS
82801,02,DAS
82831,01,REM
82831,02,REM
82832,01,EDAS
82832,02,EDAS
82833,01,DAS
82833,02,DAS
82834,01,EDAS
82834,02,EDAS
82835,01,REM
82835,02,REM
82836,01,EDAS
82836,02,EDAS
82837,01,REM
82837,02,REM
82838,01,EDAS
82838,02,EDAS
82839,01,EDAS
82839,02,EDAS
82840,01,REM
82840,02,REM
82842,01,EDAS
82842,02,EDAS
82844,01,REM
82844,02,REM
82845,01,DAS
82845,02,DAS
82901,01,EDAS
82901,02,EDAS
82902,01,DAS
82902,02,DAS
82922,01,EDAS
82922,02,EDAS
82923,01,EDAS
82923,02,EDAS
82925,01,EDAS
82925,02,EDAS
82929,01,DAS
82929,02,DAS
82930,01,EDAS
82930,02,EDAS
82931,01,EDAS
82931,02,EDAS
82932,01,REM
82932,02,REM
82933,01,REM
82933,02,REM
82934,01,REM
82934,02,REM
82935,01,EDAS
82935,02,EDAS
82936,01,REM
82936,02,REM
82937,01,EDAS
82937,02,EDAS
82938,01,REM
82938,02,REM
82939,01,EDAS
82939,02,EDAS
82941,01,REM
82941,02,REM
82942,01,DAS
82942,02,DAS
82943,01,EDAS
82943,02,EDAS
82944,01,EDAS
82944,02,EDAS
82945,01,REM
82945,02,REM
83001,01,DAS
83001,02,DAS
83002,01,DAS
83002,02,DAS
83011,01,EDAS
83011,02,EDAS
83012,01,EDAS
83012,02,EDAS
83013,01,REM
83013,02,REM
83014,01,EDAS
83014,02,EDAS
83025,01,DAS
83025,02,DAS
83101,01,EDAS
83101,02,EDAS
83110,01,EDAS
83110,02,EDAS
83111,01,REM
83111,02,REM
83112,01,EDAS
83112,02,EDAS
83113,01,REM
83113,02,REM
83114,01,EDAS
83114,02,EDAS
83115,01,EDAS
83115,02,EDAS
83116,01,EDAS
83116,02,EDAS
83118,01,EDAS
83118,02,EDAS
83119,01,EDAS
83119,02,EDAS
83120,01,EDAS
83120,02,EDAS
83121,01,EDAS
83121,02,EDAS
83122,01,EDAS
83122,02,EDAS
83123,01,EDAS
83123,02,EDAS
83124,01,EDAS
83124,02,EDAS
83126,01,EDAS
83126,02,EDAS
83127,01,REM
83127,02,REM
83128,01,EDAS
83128,02,EDAS
83201,01,DAS
83201,02,DAS
83202,01,DAS
83202,02,DAS
83203,01,EDAS
83203,02,EDAS
83204,01,DAS
83204,02,DAS
83210,01,EDAS
83210,02,EDAS
83211,01,EDAS
83211,02,EDAS
83212,01,REM
83212,02,REM
83213,01,REM
83213,02,REM
83214,01,EDAS
83214,02,EDAS
83215,01,REM
83215,02,REM
83217,01,EDAS
83217,02,EDAS
83218,02,DAS
83220,01,EDAS
83220,02,EDAS
83221,01,DAS
83221,02,DAS
83223,01,EDAS
83223,02,EDAS
83226,01,EDAS
83226,02,EDAS
83227,01,REM
83227,02,REM
83228,01,EDAS
83228,02,EDAS
83229,01,REM
83229,02,REM
83230,01,EDAS
83230,02,EDAS
83232,01,EDAS
83232,02,EDAS
83233,01,EDAS
83233,02,EDAS
83234,01,EDAS
83234,02,EDAS
83235,01,REM
83235,02,REM
83236,01,EDAS
83236,02,EDAS
83237,01,EDAS
83237,02,EDAS
83238,01,EDAS
83238,02,EDAS
83239,01,EDAS
83239,02,EDAS
83241,01,EDAS
83241,02,EDAS
83243,01,REM
83243,02,REM
83244,01,REM
83244,02,REM
83245,01,EDAS
83245,02,EDAS
83246,01,REM
83246,02,REM
83250,01,REM
83250,02,REM
83251,01,EDAS
83251,02,EDAS
83252,01,EDAS
83252,02,EDAS
83253,01,REM
83253,02,REM
83254,01,EDAS
83254,02,EDAS
83255,01,REM
83255,02,REM
83256,02,DAS
83261,01,EDAS
83261,02,EDAS
83262,01,EDAS
83262,02,EDAS
83263,01,EDAS
83263,02,EDAS
83271,01,EDAS
83271,02,EDAS
83272,01,EDAS
83272,02,EDAS
83274,01,EDAS
83274,02,EDAS
83276,01,REM
83276,02,REM
83277,01,EDAS
83277,02,EDAS
83278,01,REM
83278,02,REM
83281,01,REM
83281,02,REM
83283,01,REM
83283,02,REM
83285,01,REM
83285,02,REM
83286,01,EDAS
83286,02,EDAS
83287,01,EDAS
83287,02,EDAS
83302,01,REM
83302,02,REM
83311,01,EDAS
83311,02,EDAS
83312,01,EDAS
83312,02,EDAS
83313,01,EDAS
83313,02,EDAS
83314,01,EDAS
83314,02,EDAS
83316,01,EDAS
83316,02,EDAS
83318,01,DAS
83318,02,DAS
83320,01,REM
83320,02,REM
83321,01,EDAS
83321,02,EDAS
83322,01,EDAS
83322,02,EDAS
83323,01,EDAS
83323,02,EDAS
83324,01,EDAS
83324,02,EDAS
83325,01,EDAS
83325,02,EDAS
83327,01,REM
83327,02,REM
83328,01,DAS
83328,02,DAS
83330,01,EDAS
83330,02,EDAS
83332,01,EDAS
83332,02,EDAS
83333,01,DAS
83333,02,DAS
83334,01,EDAS
83334,02,EDAS
83335,01,EDAS
83335,02,EDAS
83336,01,EDAS
83336,02,EDAS
83337,01,EDAS
83337,02,EDAS
83338,01,DAS
83338,02,DAS
83340,01,DAS
83340,02,DAS
83341,01,DAS
83341,02,DAS
83342,01,REM
83342,02,REM
83344,01,EDAS
83344,02,EDAS
83346,01,REM
83346,02,REM
83347,01,EDAS
83347,02,EDAS
83348,01,EDAS
83348,02,EDAS
83349,01,EDAS
83349,02,EDAS
83350,01,EDAS
83350,02,EDAS
83352,01,EDAS
83352,02,EDAS
83353,01,EDAS
83353,02,EDAS
83355,01,EDAS
83355,02,EDAS
83401,01,DAS
83401,02,DAS
83403,01,DAS
83403,02,DAS
83404,01,DAS
83404,02,DAS
83406,02,DAS
83414,01,EDAS
83414,02,EDAS
83420,01,EDAS
83420,02,EDAS
83421,01,DAS
83421,02,DAS
83422,01,DAS
83422,02,DAS
83423,01,EDAS
83423,02,EDAS
83424,01,EDAS
83424,02,EDAS
83425,01,REM
83425,02,REM
83427,01,EDAS
83427,02,EDAS
83428,01,EDAS
83428,02,EDAS
83429,01,EDAS
83429,02,EDAS
83431,01,EDAS
83431,02,EDAS
83433,01,EDAS
83433,02,EDAS
83434,01,EDAS
83434,02,EDAS
83435,01,EDAS
83435,02,EDAS
83436,01,EDAS
83436,02,EDAS
83438,01,DAS
83438,02,DAS
83440,01,DAS
83440,02,DAS
83441,02,DAS
83442,01,DAS
83442,02,DAS
83443,01,EDAS
83443,02,EDAS
83444,01,EDAS
83444,02,EDAS
83445,01,EDAS
83445,02,EDAS
83446,01,REM
83446,02,REM
83447,01,EDAS
83447,02,EDAS
83448,01,EDAS
83448,02,EDAS
83449,01,EDAS
83449,02,EDAS
83450,01,EDAS
83450,02,EDAS
83451,01,EDAS
83451,02,EDAS
83452,01,EDAS
83452,02,EDAS
83454,01,DAS
83454,02,DAS
83455,01,EDAS
83455,02,EDAS
83462,01,REM
83462,02,REM
83463,01,REM
83463,02,REM
83464,01,REM
83464,02,REM
83465,01,REM
83465,02,REM
83466,01,REM
83466,02,REM
83467,01,REM
83467,02,REM
83468,01,EDAS
83468,02,EDAS
83469,01,REM
83469,02,REM
83520,01,EDAS
83520,02,EDAS
83522,01,EDAS
83522,02,EDAS
83523,01,REM
83523,02,REM
83524,01,REM
83524,02,REM
83525,01,REM
83525,02,REM
83526,01,REM
83526,02,REM
83530,01,EDAS
83530,02,EDAS
83531,01,DAS
83531,02,DAS
83533,01,REM
83533,02,REM
83535,01,EDAS
83535,02,EDAS
83536,01,EDAS
83536,02,EDAS
83537,01,REM
83537,02,REM
83539,01,REM
83539,02,REM
83540,01,EDAS
83540,02,EDAS
83541,01,REM
83541,02,REM
83542,01,REM
83542,02,REM
83543,01,REM
83543,02,REM
83544,01,EDAS
83544,02,EDAS
83545,01,EDAS
83545,02,EDAS
83546,01,REM
83546,02,REM
83547,01,REM
83547,02,REM
83548,01,EDAS
83548,02,EDAS
83549,01,EDAS
83549,02,EDAS
83551,01,EDAS
83551,02,EDAS
83552,01,REM
83552,02,REM
83553,01,REM
83553,02,REM
83554,01,REM
83554,02,REM
83555,01,EDAS
83555,02,EDAS
83601,01,EDAS
83601,02,EDAS
83602,01,EDAS
83602,02,EDAS
83604,01,REM
83604,02,REM
83607,01,DAS
83607,02,DAS
83610,01,REM
83610,02,REM
83611,01,EDAS
83611,02,EDAS
83612,01,REM
83612,02,REM
83615,01,EDAS
83615,02,EDAS
83617,01,EDAS
83617,02,EDAS
83619,01,EDAS
83619,02,EDAS
83620,01,EDAS
83620,02,EDAS
83622,01,REM
83622,02,REM
83623,01,EDAS
83623,02,EDAS
83624,01,EDAS
83624,02,EDAS
83626,01,EDAS
83626,02,EDAS
83627,01,EDAS
83627,02,EDAS
83628,01,EDAS
83628,02,EDAS
83629,01,EDAS
83629,02,EDAS
83631,01,EDAS
83631,02,EDAS
83632,01,EDAS
83632,02,EDAS
83633,01,EDAS
83633,02,EDAS
83634,01,DAS
83634,02,DAS
83635,01,EDAS
83635,02,EDAS
83636,01,REM
83636,02,REM
83637,01,EDAS
83637,02,EDAS
83638,01,EDAS
83638,02,EDAS
83639,01,EDAS
83639,02,EDAS
83641,01,EDAS
83641,02,EDAS
83643,01,EDAS
83643,02,EDAS
83644,01,DAS
83644,02,DAS
83645,01,EDAS
83645,02,EDAS
83647,01,EDAS
83647,02,EDAS
83648,01,DAS
83648,02,DAS
83650,01,REM
83650,02,REM
83654,01,EDAS
83654,02,EDAS
83655,01,EDAS
83655,02,EDAS
83656,01,DAS
83656,02,DAS
83657,01,REM
83657,02,REM
83660,01,EDAS
83660,02,EDAS
83661,01,EDAS
83661,02,EDAS
83666,01,REM
83666,02,REM
83670,01,REM
83670,02,REM
83672,01,EDAS
83672,02,EDAS
83676,01,EDAS
83676,02,EDAS
83677,01,DAS
83677,02,DAS
83801,01,EDAS
83801,02,EDAS
83802,01,REM
83802,02,REM
83803,01,EDAS
83803,02,EDAS
83804,01,EDAS
83804,02,EDAS
83805,01,EDAS
83805,02,EDAS
83806,01,EDAS
83806,02,EDAS
83808,01,REM
83808,02,REM
83809,01,EDAS
83809,02,EDAS
83810,01,EDAS
83810,02,EDAS
83811,01,EDAS
83811,02,EDAS
83812,01,EDAS
83812,02,EDAS
83813,01,EDAS
83813,02,EDAS
83821,01,EDAS
83821,02,EDAS
83822,01,EDAS
83822,02,EDAS
83823,01,REM
83823,02,REM
83824,01,REM
83824,02,REM
83825,01,EDAS
83825,02,EDAS
83826,01,REM
83826,02,REM
83827,01,REM
83827,02,REM
83830,01,EDAS
83830,02,EDAS
83832,01,EDAS
83832,02,EDAS
83833,01,EDAS
83833,02,EDAS
83834,01,EDAS
83834,02,EDAS
83835,01,DAS
83835,02,DAS
83836,01,EDAS
83836,02,EDAS
83837,01,DAS
83837,02,DAS
83839,01,EDAS
83839,02,EDAS
83840,01,EDAS
83840,02,EDAS
83841,01,EDAS
83841,02,EDAS
83842,01,EDAS
83842,02,EDAS
83843,01,DAS
83843,02,DAS
83845,01,EDAS
83845,02,EDAS
83846,01,EDAS
83846,02,EDAS
83847,01,REM
83847,02,REM
83848,01,EDAS
83848,02,EDAS
83849,01,EDAS
83849,02,EDAS
83850,01,EDAS
83850,02,EDAS
83851,01,EDAS
83851,02,EDAS
83853,01,EDAS
83853,02,EDAS
83855,01,EDAS
83855,02,EDAS
83856,01,REM
83856,02,REM
83857,01,EDAS
83857,02,EDAS
83858,01,DAS
83858,02,DAS
83860,01,REM
83860,02,REM
83861,01,EDAS
83861,02,EDAS
83864,01,DAS
83864,02,DAS
83865,01,DAS
83865,02,DAS
83866,01,REM
83866,02,REM
83867,01,EDAS
83867,02,EDAS
83869,01,EDAS
83869,02,EDAS
83870,01,REM
83870,02,REM
83871,01,EDAS
83871,02,EDAS
83872,01,EDAS
83872,02,EDAS
83873,01,EDAS
83873,02,EDAS
83874,01,DAS
83874,02,DAS
83876,01,EDAS
83876,02,EDAS
84001,01,EDAS
84001,02,EDAS
84002,01,EDAS
84002,02,EDAS
84005,01,DAS
84005,02,DAS
84006,01,DAS
84006,02,DAS
84007,01,EDAS
84007,02,EDAS
84008,01,EDAS
84008,02,EDAS
84013,01,EDAS
84013,02,EDAS
84017,01,EDAS
84017,02,EDAS
84018,01,EDAS
84018,02,EDAS
84021,01,EDAS
84021,02,EDAS
84022,01,EDAS
84022,02,EDAS
84023,01,REM
84023,02,REM
84024,01,REM
84024,02,REM
84026,01,EDAS
84026,02,EDAS
84027,01,REM
84027,02,REM
84028,01,EDAS
84028,02,EDAS
84029,01,DAS
84029,02,DAS
84031,01,EDAS
84031,02,EDAS
84032,01,EDAS
84032,02,EDAS
84033,01,EDAS
84033,02,EDAS
84034,01,REM
84034,02,REM
84035,01,EDAS
84035,02,EDAS
84036,01,EDAS
84036,02,EDAS
84038,01,EDAS
84038,02,EDAS
84039,01,EDAS
84039,02,EDAS
84044,01,DAS
84044,02,DAS
84046,01,REM
84046,02,REM
84049,01,DAS
84049,02,DAS
84050,01,EDAS
84050,02,EDAS
84051,01,EDAS
84051,02,EDAS
84052,01,REM
84052,02,REM
84053,01,EDAS
84053,02,EDAS
84055,01,REM
84055,02,REM
84060,01,DAS
84060,02,DAS
84061,01,EDAS
84061,02,EDAS
84063,01,EDAS
84063,02,EDAS
84064,01,REM
84064,02,REM
84066,01,EDAS
84066,02,EDAS
84068,01,DAS
84068,02,DAS
84069,01,EDAS
84069,02,EDAS
84071,01,EDAS
84071,02,EDAS
84072,01,EDAS
84072,02,EDAS
84073,01,EDAS
84073,02,EDAS
84074,01,DAS
84074,02,DAS
84075,01,DAS
84075,02,DAS
84076,01,EDAS
84076,02,EDAS
84078,01,EDAS
84078,02,EDAS
84079,01,EDAS
84079,02,EDAS
84080,01,EDAS
84080,02,EDAS
84082,01,EDAS
84082,02,EDAS
84083,01,EDAS
84083,02,EDAS
84085,01,EDAS
84085,02,EDAS
84086,01,EDAS
84086,02,EDAS
84301,01,EDAS
84301,02,EDAS
84302,01,DAS
84302,02,DAS
84304,01,DAS
84304,02,DAS
84305,01,EDAS
84305,02,EDAS
84306,01,EDAS
84306,02,EDAS
84307,01,EDAS
84307,02,EDAS
84308,01,EDAS
84308,02,EDAS
84309,01,EDAS
84309,02,EDAS
84310,01,EDAS
84310,02,EDAS
84311,01,EDAS
84311,02,EDAS
84312,01,EDAS
84312,02,EDAS
84313,01,REM
84313,02,REM
84314,01,EDAS
84314,02,EDAS
84315,01,DAS
84315,02,DAS
84316,01,EDAS
84316,02,EDAS
84317,01,EDAS
84317,02,EDAS
84319,01,DAS
84319,02,DAS
84320,01,EDAS
84320,02,EDAS
84324,01,EDAS
84324,02,EDAS
84325,01,DAS
84325,02,DAS
84326,01,DAS
84326,02,DAS
84327,01,EDAS
84327,02,EDAS
84328,01,EDAS
84328,02,EDAS
84329,01,REM
84329,02,REM
84330,01,EDAS
84330,02,EDAS
84331,01,EDAS
84331,02,EDAS
84332,01,DAS
84332,02,DAS
84333,01,EDAS
84333,02,EDAS
84334,01,EDAS
84334,02,EDAS
84335,01,DAS
84335,02,DAS
84336,01,REM
84336,02,REM
84337,01,DAS
84337,02,DAS
84338,01,EDAS
84338,02,EDAS
84339,01,DAS
84339,02,DAS
84340,01,EDAS
84340,02,EDAS
84408,01,DAS
84408,02,DAS
84501,01,EDAS
84501,02,EDAS
84510,01,REM
84510,02,REM
84511,01,REM
84511,02,REM
84512,01,REM
84512,02,REM
84513,01,EDAS
84513,02,EDAS
84515,01,REM
84515,02,REM
84516,01,REM
84516,02,REM
84518,01,EDAS
84518,02,EDAS
84520,01,EDAS
84520,02,EDAS
84521,01,EDAS
84521,02,EDAS
84522,01,EDAS
84522,02,EDAS
84523,01,REM
84523,02,REM
84525,01,EDAS
84525,02,EDAS
84526,01,EDAS
84526,02,EDAS
84528,01,EDAS
84528,02,EDAS
84529,01,REM
84529,02,REM
84530,01,EDAS
84530,02,EDAS
84531,01,REM
84531,02,REM
84532,01,EDAS
84532,02,EDAS
84533,01,EDAS
84533,02,EDAS
84534,01,REM
84534,02,REM
84535,01,EDAS
84535,02,EDAS
84536,01,REM
84536,02,REM
84537,01,REM
84537,02,REM
84539,01,REM
84539,02,REM
84540,01,EDAS
84540,02,EDAS
84542,01,EDAS
84542,02,EDAS
84620,01,EDAS
84620,02,EDAS
84621,01,EDAS
84621,02,EDAS
84622,01,EDAS
84622,02,EDAS
84623,01,EDAS
84623,02,EDAS
84624,01,EDAS
84624,02,EDAS
84626,01,REM
84626,02,REM
84627,01,EDAS
84627,02,EDAS
84628,01,EDAS
84628,02,EDAS
84629,01,EDAS
84629,02,EDAS
84630,01,EDAS
84630,02,EDAS
84631,01,EDAS
84631,02,EDAS
84632,01,EDAS
84632,02,EDAS
84633,01,DAS
84633,02,DAS
84634,01,DAS
84634,02,DAS
84635,01,EDAS
84635,02,EDAS
84636,01,EDAS
84636,02,EDAS
84637,01,EDAS
84637,02,EDAS
84638,01,EDAS
84638,02,EDAS
84639,01,EDAS
84639,02,EDAS
84640,01,EDAS
84640,02,EDAS
84642,01,EDAS
84642,02,EDAS
84643,01,EDAS
84643,02,EDAS
84644,01,EDAS
84644,02,EDAS
84645,01,EDAS
84645,02,EDAS
84646,01,EDAS
84646,02,EDAS
84647,01,EDAS
84647,02,EDAS
84648,01,EDAS
84648,02,EDAS
84649,01,REM
84649,02,REM
84650,01,EDAS
84650,02,EDAS
84652,01,EDAS
84652,02,EDAS
84654,01,EDAS
84654,02,EDAS
84655,01,EDAS
84655,02,EDAS
84656,01,EDAS
84656,02,EDAS
84657,01,EDAS
84657,02,EDAS
84662,01,EDAS
84662,02,EDAS
84664,01,DAS
84665,01,EDAS
84665,02,EDAS
84667,01,EDAS
84667,02,EDAS
84701,01,DAS
84701,02,DAS
84710,01,EDAS
84710,02,EDAS
84711,01,EDAS
84711,02,EDAS
84712,01,EDAS
84712,02,EDAS
84713,01,EDAS
84713,02,EDAS
84714,01,REM
84714,02,REM
84715,01,EDAS
84715,02,EDAS
84716,01,REM
84716,02,REM
84717,01,EDAS
84717,02,EDAS
84718,01,EDAS
84718,02,EDAS
84719,01,EDAS
84719,02,EDAS
84720,01,DAS
84720,02,DAS
84721,01,DAS
84721,02,DAS
84722,01,EDAS
84722,02,EDAS
84723,01,EDAS
84723,02,EDAS
84724,01,EDAS
84724,02,EDAS
84725,01,EDAS
84725,02,EDAS
84726,01,REM
84726,02,REM
84728,01,REM
84728,02,REM
84729,01,EDAS
84729,02,EDAS
84730,01,EDAS
84730,02,EDAS
84731,01,REM
84731,02,REM
84732,01,EDAS
84732,02,EDAS
84733,01,REM
84733,02,REM
84734,01,EDAS
84734,02,EDAS
84735,01,REM
84735,02,REM
84736,01,EDAS
84736,02,EDAS
84738,01,DAS
84738,02,DAS
84739,01,EDAS
84739,02,EDAS
84740,01,EDAS
84740,02,EDAS
84741,01,REM
84741,02,REM
84742,01,DAS
84742,02,DAS
84743,01,REM
84743,02,REM
84744,01,EDAS
84744,02,EDAS
84745,01,EDAS
84745,02,EDAS
84746,01,REM
84746,02,REM
84747,01,EDAS
84747,02,EDAS
84749,01,EDAS
84749,02,EDAS
84750,01,EDAS
84750,02,EDAS
84751,01,EDAS
84751,02,EDAS
84752,01,EDAS
84752,02,EDAS
84753,01,REM
84753,02,REM
84754,01,EDAS
84754,02,EDAS
84755,01,EDAS
84755,02,EDAS
84756,01,REM
84756,02,REM
84757,01,EDAS
84757,02,EDAS
84758,01,EDAS
84758,02,EDAS
84759,01,EDAS
84759,02,EDAS
84760,01,EDAS
84760,02,EDAS
84761,01,REM
84761,02,REM
84762,01,EDAS
84762,02,EDAS
84763,01,EDAS
84763,02,EDAS
84764,01,EDAS
84764,02,EDAS
84765,01,DAS
84765,02,DAS
84766,01,EDAS
84766,02,EDAS
84767,01,DAS
84767,02,DAS
84770,01,DAS
84770,02,DAS
84772,01,EDAS
84772,02,EDAS
84773,01,REM
84773,02,REM
84774,01,EDAS
84774,02,EDAS
84775,01,EDAS
84775,02,EDAS
84776,01,EDAS
84776,02,EDAS
84779,01,DAS
84779,02,DAS
84780,01,DAS
84780,02,DAS
84781,01,EDAS
84781,02,EDAS
84782,01,EDAS
84782,02,EDAS
84783,01,EDAS
84783,02,EDAS
84784,01,DAS
84784,02,DAS
85086,01,DAS
85087,01,DAS
85087,02,DAS
85118,01,EDAS
85118,02,EDAS
85119,01,DAS
85119,02,DAS
85121,01,EDAS
85121,02,EDAS
85123,01,DAS
85123,02,DAS
85127,01,DAS
85127,02,DAS
85128,01,DAS
85128,02,DAS
85131,01,EDAS
85131,02,EDAS
85132,01,EDAS
85132,02,EDAS
85135,01,EDAS
85135,02,EDAS
85137,01,EDAS
85137,02,EDAS
85138,01,DAS
85138,02,DAS
85139,01,EDAS
85139,02,EDAS
85141,01,EDAS
85141,02,EDAS
85145,01,EDAS
85145,02,EDAS
85172,01,EDAS
85172,02,EDAS
85173,01,EDAS
85173,02,EDAS
85190,01,EDAS
85190,02,EDAS
85192,01,REM
85192,02,REM
85193,01,DAS
85193,02,DAS
85194,01,DAS
85194,02,DAS
85218,01,DAS
85218,02,DAS
85221,01,DAS
85221,02,DAS
85228,01,DAS
85228,02,DAS
85231,01,EDAS
85231,02,EDAS
85232,01,EDAS
85232,02,EDAS
85235,01,EDAS
85235,02,EDAS
85237,01,EDAS
85237,02,EDAS
85239,01,DAS
85239,02,DAS
85241,01,EDAS
85241,02,EDAS
85243,01,DAS
85243,02,DAS
85245,01,EDAS
85245,02,EDAS
85253,01,DAS
85253,02,DAS
85262,01,DAS
85262,02,DAS
85263,01,DAS
85263,02,DAS
85264,01,REM
85264,02,REM
85266,01,DAS
85266,02,DAS
85269,01,DAS
85269,02,DAS
85272,01,EDAS
85272,02,EDAS
85273,01,DAS
85273,02,DAS
85274,01,DAS
85274,02,DAS
85291,01,EDAS
85291,02,EDAS
85292,01,EDAS
85292,02,EDAS
85320,01,EDAS
85320,02,EDAS
85321,01,EDAS
85321,02,EDAS
85322,01,REM
85322,02,REM
85324,01,EDAS
85324,02,EDAS
85325,01,REM
85325,02,EDAS
85327,01,EDAS
85327,02,EDAS
85328,01,REM
85328,02,REM
85331,01,DAS
85331,02,DAS
85332,01,REM
85332,02,REM
85333,01,REM
85333,02,REM
85334,01,EDAS
85334,02,EDAS
85337,01,EDAS
85337,02,EDAS
85339,01,DAS
85339,02,DAS
85341,01,REM
85341,02,REM
85342,01,REM
85342,02,REM
85343,01,EDAS
85343,02,EDAS
85344,01,EDAS
85344,02,EDAS
85346,01,EDAS
85346,02,EDAS
85347,01,REM
85347,02,REM
85348,01,REM
85348,02,REM
85349,02,DAS
85350,01,DAS
85350,02,DAS
85352,01,EDAS
85352,02,EDAS
85354,01,REM
85354,02,REM
85355,01,DAS
85355,02,DAS
85356,01,EDAS
85356,02,EDAS
85357,01,EDAS
85357,02,EDAS
85358,01,EDAS
85358,02,EDAS
85359,01,EDAS
85359,02,EDAS
85360,01,REM
85360,02,REM
85361,01,EDAS
85361,02,EDAS
85362,01,EDAS
85362,02,EDAS
85365,01,DAS
85365,02,DAS
85367,02,DAS
85371,01,EDAS
85371,02,EDAS
85377,01,DAS
85377,02,DAS
85387,01,DAS
85387,02,DAS
85390,01,EDAS
85390,02,EDAS
85396,01,DAS
85396,02,DAS
85501,01,EDAS
85501,02,EDAS
85502,01,EDAS
85502,02,EDAS
85530,01,REM
85530,02,REM
85533,01,EDAS
85533,02,EDAS
85534,01,EDAS
85534,02,EDAS
85535,01,EDAS
85535,02,EDAS
85536,01,EDAS
85536,02,EDAS
85539,01,EDAS
85539,02,EDAS
85540,01,EDAS
85540,02,EDAS
85541,01,EDAS
85541,02,EDAS
85542,01,EDAS
85542,02,EDAS
85543,01,EDAS
85543,02,EDAS
85544,01,EDAS
85544,02,EDAS
85545,01,EDAS
85545,02,EDAS
85546,01,EDAS
85546,02,EDAS
85547,01,REM
85547,02,REM
85548,01,EDAS
85548,02,EDAS
85550,01,EDAS
85550,02,EDAS
85551,01,EDAS
85551,02,EDAS
85552,01,DAS
85552,02,DAS
85553,01,REM
85553,02,REM
85554,01,REM
85554,02,REM
85601,01,EDAS
85601,02,EDAS
85602,01,EDAS
85602,02,EDAS
85603,01,EDAS
85603,02,EDAS
85605,01,EDAS
85605,02,EDAS
85606,01,EDAS
85606,02,EDAS
85607,01,DAS
85607,02,DAS
85608,01,DAS
85608,02,DAS
85609,01,REM
85609,02,REM
85610,01,REM
85610,02,REM
85611,01,REM
85611,02,REM
85613,01,DAS
85613,02,DAS
85615,01,EDAS
85615,02,DAS
85616,01,EDAS
85616,02,EDAS
85617,01,EDAS
85617,02,EDAS
85618,01,EDAS
85618,02,EDAS
85619,01,REM
85619,02,REM
85620,01,DAS
85620,02,DAS
85622,01,DAS
85622,02,DAS
85623,01,EDAS
85623,02,EDAS
85624,01,EDAS
85624,02,EDAS
85625,01,REM
85625,02,REM
85626,01,DAS
85626,02,DAS
85627,01,EDAS
85627,02,EDAS
85629,01,EDAS
85629,02,EDAS
85630,01,EDAS
85630,02,EDAS
85631,01,EDAS
85631,02,EDAS
85632,01,REM
85632,02,REM
85633,01,REM
85633,02,REM
85634,01,REM
85634,02,REM
85637,01,EDAS
85637,02,EDAS
85638,01,EDAS
85638,02,EDAS
85640,01,DAS
85640,02,DAS
85641,01,DAS
85641,02,DAS
85643,01,EDAS
85643,02,EDAS
85644,01,EDAS
85644,02,EDAS
85645,01,EDAS
85645,02,EDAS
85646,01,EDAS
85646,02,EDAS
85648,01,DAS
85648,02,DAS
85650,01,DAS
85650,02,DAS
85653,01,DAS
85653,02,DAS
85654,01,DAS
85654,02,DAS
85658,01,DAS
85658,02,DAS
85718,01,DAS
85718,02,DAS
85735,01,EDAS
85735,02,EDAS
85736,01,REM
85736,02,REM
85739,01,DAS
85739,02,DAS
85749,01,DAS
85749,02,DAS
85901,01,DAS
85901,02,DAS
85911,01,REM
85911,02,REM
85912,01,EDAS
85912,02,EDAS
85920,01,REM
85920,02,REM
85922,01,REM
85922,02,REM
85923,01,EDAS
85923,02,EDAS
85924,01,REM
85924,02,REM
85925,01,EDAS
85925,02,EDAS
85926,01,DAS
85926,02,DAS
85927,01,REM
85927,02,REM
85928,01,REM
85928,02,REM
85929,01,DAS
85929,02,DAS
85930,01,DAS
85930,02,DAS
85931,01,EDAS
85931,02,EDAS
85932,01,REM
85932,02,REM
85933,01,REM
85933,02,REM
85934,01,EDAS
85934,02,EDAS
85935,01,DAS
85935,02,DAS
85936,01,REM
85936,02,REM
85937,01,REM
85937,02,REM
85938,01,EDAS
85938,02,EDAS
85939,01,DAS
85939,02,DAS
85940,01,REM
85940,02,REM
85941,01,DAS
85941,02,DAS
85942,01,EDAS
85942,02,EDAS
86001,01,DAS
86001,02,DAS
86004,01,DAS
86004,02,DAS
86005,02,DAS
86015,01,EDAS
86015,02,EDAS
86016,01,EDAS
86016,02,EDAS
86017,01,EDAS
86017,02,EDAS
86018,01,EDAS
86018,02,EDAS
86020,01,REM
86020,02,REM
86021,01,REM
86021,02,REM
86022,01,REM
86022,02,REM
86023,01,EDAS
86023,02,EDAS
86024,01,REM
86024,02,REM
86025,01,EDAS
86025,02,EDAS
86028,01,EDAS
86028,02,EDAS
86029,01,EDAS
86029,02,EDAS
86030,01,REM
86030,02,REM
86031,01,EDAS
86031,02,EDAS
86032,01,EDAS
86032,02,EDAS
86033,01,REM
86033,02,REM
86034,01,REM
86034,02,REM
86035,01,REM
86035,02,REM
86036,01,EDAS
86036,02,EDAS
86038,01,REM
86038,02,REM
86039,01,EDAS
86039,02,EDAS
86040,01,REM
86040,02,REM
86042,01,EDAS
86042,02,EDAS
86043,01,REM
86043,02,REM
86044,01,REM
86044,02,REM
86045,01,EDAS
86045,02,EDAS
86046,01,REM
86046,02,REM
86047,01,REM
86047,02,REM
86052,01,EDAS
86052,02,EDAS
86053,01,REM
86053,02,REM
86054,01,REM
86054,02,REM
86302,01,DAS
86302,02,DAS
86303,01,DAS
86303,02,DAS
86304,01,DAS
86304,02,DAS
86305,01,DAS
86305,02,DAS
86315,01,EDAS
86315,02,EDAS
86320,01,REM
86320,02,REM
86321,01,REM
86321,02,REM
86322,01,DAS
86322,02,DAS
86323,01,EDAS
86323,02,DAS
86324,01,EDAS
86324,02,EDAS
86325,01,EDAS
86325,02,EDAS
86326,01,DAS
86326,02,DAS
86327,01,DAS
86327,02,DAS
86329,01,DAS
86329,02,DAS
86331,01,EDAS
86331,02,EDAS
86332,01,REM
86332,02,REM
86333,01,EDAS
86333,02,EDAS
86334,01,EDAS
86334,02,EDAS
86335,01,DAS
86335,02,DAS
86336,01,DAS
86336,02,DAS
86337,01,REM
86337,02,REM
86338,01,REM
86338,02,REM
86339,01,DAS
86339,02,DAS
86340,01,DAS
86340,02,DAS
86341,01,DAS
86341,02,DAS
86342,01,DAS
86342,02,DAS
86343,01,EDAS
86343,02,EDAS
86351,01,DAS
86351,02,DAS
86401,01,DAS
86401,02,DAS
86402,01,DAS
86402,02,DAS
86404,01,DAS
86404,02,DAS
86406,01,DAS
86406,02,DAS
86411,01,REM
86411,02,REM
86413,01,EDAS
86413,02,EDAS
86426,01,DAS
86426,02,DAS
86427,01,EDAS
86427,02,EDAS
86429,01,DAS
86429,02,DAS
86430,01,DAS
86430,02,DAS
86431,01,DAS
86431,02,DAS
86432,01,REM
86432,02,REM
86433,01,DAS
86433,02,DAS
86434,01,EDAS
86434,02,EDAS
86435,01,EDAS
86435,02,EDAS
86436,01,EDAS
86436,02,EDAS
86437,01,REM
86437,02,REM
86438,01,REM
86438,02,REM
86440,01,EDAS
86440,02,EDAS
86441,01,REM
86441,02,REM
86443,01,REM
86443,02,REM
86444,01,REM
86444,02,REM
86445,01,REM
86445,02,REM
86446,01,EDAS
86446,02,EDAS
86502,01,REM
86502,02,REM
86503,01,EDAS
86503,02,EDAS
86504,01,EDAS
86504,02,EDAS
86505,01,REM
86505,02,REM
86506,01,REM
86506,02,REM
86507,01,REM
86507,02,REM
86508,01,REM
86508,02,REM
86510,01,EDAS
86510,02,EDAS
86511,01,REM
86511,02,REM
86512,01,REM
86512,02,REM
86514,01,EDAS
86514,02,EDAS
86515,01,EDAS
86515,02,EDAS
86520,01,REM
86520,02,REM
86535,01,EDAS
86535,02,EDAS
86538,01,REM
86538,02,REM
86540,01,DAS
86540,02,DAS
86544,01,REM
86544,02,REM
86545,01,REM
86545,02,REM
86547,01,REM
86547,02,REM
86556,01,REM
86556,02,REM
87001,01,EDAS
87001,02,EDAS
87002,01,EDAS
87002,02,EDAS
87004,01,DAS
87004,02,DAS
87005,01,REM
87005,02,REM
87006,01,EDAS
87006,02,EDAS
87007,01,EDAS
87007,02,EDAS
87008,01,DAS
87008,02,DAS
87009,01,EDAS
87009,02,EDAS
87010,01,EDAS
87010,02,EDAS
87011,01,REM
87011,02,REM
87012,01,REM
87012,02,REM
87013,01,REM
87013,02,REM
87014,01,EDAS
87014,02,EDAS
87015,01,EDAS
87015,02,EDAS
87016,01,REM
87016,02,REM
87017,01,EDAS
87017,02,EDAS
87018,01,REM
87018,02,REM
87020,01,REM
87020,02,REM
87021,01,DAS
87021,02,DAS
87022,01,EDAS
87022,02,EDAS
87023,01,EDAS
87023,02,EDAS
87024,01,EDAS
87024,02,EDAS
87025,01,REM
87025,02,REM
87026,01,REM
87026,02,REM
87027,01,REM
87027,02,REM
87028,01,EDAS
87028,02,EDAS
87029,01,REM
87029,02,REM
87031,01,DAS
87031,02,DAS
87032,01,REM
87032,02,REM
87034,01,EDAS
87034,02,EDAS
87035,01,EDAS
87035,02,EDAS
87036,01,REM
87036,02,REM
87037,01,EDAS
87037,02,EDAS
87040,01,REM
87040,02,REM
87041,01,EDAS
87041,02,EDAS
87042,01,EDAS
87042,02,EDAS
87043,01,EDAS
87043,02,EDAS
87044,01,EDAS
87044,02,EDAS
87045,01,REM
87045,02,REM
87046,01,REM
87046,02,REM
87047,01,EDAS
87047,02,EDAS
87049,01,EDAS
87049,02,EDAS
87051,01,DAS
87051,02,DAS
87052,01,EDAS
87052,02,EDAS
87053,01,EDAS
87053,02,EDAS
87056,01,REM
87056,02,REM
87057,01,EDAS
87057,02,EDAS
87059,01,EDAS
87059,02,EDAS
87060,01,DAS
87060,02,DAS
87061,01,REM
87061,02,REM
87062,01,EDAS
87062,02,EDAS
87063,01,REM
87063,02,REM
87064,01,EDAS
87064,02,EDAS
87068,01,EDAS
87068,02,EDAS
87070,01,REM
87070,02,REM
87072,01,EDAS
87072,02,EDAS
87083,01,EDAS
87083,02,EDAS
87105,01,DAS
87105,02,DAS
87122,01,DAS
87144,01,DAS
87301,01,EDAS
87301,02,EDAS
87302,01,EDAS
87302,02,EDAS
87305,01,REM
87305,02,REM
87310,01,REM
87310,02,REM
87311,01,REM
87311,02,REM
87312,01,EDAS
87312,02,EDAS
87313,01,REM
87313,02,REM
87315,01,REM
87315,02,REM
87316,01,EDAS
87316,02,EDAS
87317,01,REM
87317,02,REM
87319,01,DAS
87319,02,DAS
87320,01,EDAS
87320,02,EDAS
87321,01,REM
87321,02,REM
87322,01,EDAS
87322,02,EDAS
87323,01,REM
87323,02,REM
87325,01,EDAS
87325,02,EDAS
87326,01,REM
87326,02,REM
87327,01,EDAS
87327,02,EDAS
87328,01,EDAS
87328,02,EDAS
87347,01,EDAS
87347,02,EDAS
87357,01,REM
87357,02,REM
87364,01,REM
87364,02,REM
87365,01,EDAS
87365,02,EDAS
87375,01,EDAS
87375,02,EDAS
87401,01,DAS
87401,02,DAS
87402,02,DAS
87410,01,EDAS
87410,02,EDAS
87412,01,REM
87412,02,REM
87413,01,REM
87413,02,REM
87415,01,DAS
87415,02,DAS
87416,01,DAS
87416,02,DAS
87417,01,DAS
87417,02,DAS
87418,01,EDAS
87418,02,EDAS
87419,01,REM
87419,02,REM
87420,01,EDAS
87420,02,EDAS
87421,01,DAS
87421,02,DAS
87455,01,REM
87455,02,REM
87461,01,REM
87461,02,REM
87506,01,EDAS
87506,02,EDAS
87508,01,DAS
87508,02,DAS
87510,01,REM
87510,02,REM
87511,01,EDAS
87511,02,EDAS
87512,01,REM
87512,02,REM
87513,01,REM
87513,02,REM
87514,01,DAS
87514,02,DAS
87515,01,REM
87515,02,REM
87516,01,EDAS
87516,02,EDAS
87517,01,REM
87517,02,REM
87518,01,REM
87518,02,REM
87519,01,EDAS
87519,02,EDAS
87520,01,REM
87520,02,REM
87521,01,REM
87521,02,REM
87522,01,EDAS
87522,02,EDAS
87523,01,EDAS
87523,02,EDAS
87524,01,REM
87524,02,REM
87525,01,EDAS
87525,02,EDAS
87527,01,EDAS
87527,02,EDAS
87528,01,REM
87528,02,REM
87529,01,EDAS
87529,02,EDAS
87530,01,REM
87530,02,REM
87531,01,EDAS
87531,02,EDAS
87532,01,DAS
87532,02,DAS
87533,01,DAS
87533,02,DAS
87535,01,EDAS
87535,02,EDAS
87537,01,EDAS
87537,02,EDAS
87538,01,REM
87538,02,REM
87539,01,REM
87539,02,REM
87540,01,EDAS
87540,02,EDAS
87543,01,REM
87543,02,REM
87547,01,DAS
87547,02,DAS
87548,01,EDAS
87548,02,EDAS
87549,01,REM
87549,02,REM
87551,01,REM
87551,02,REM
87552,01,EDAS
87552,02,EDAS
87553,01,EDAS
87553,02,EDAS
87556,01,REM
87556,02,REM
87557,01,EDAS
87557,02,EDAS
87558,01,EDAS
87558,02,EDAS
87560,01,EDAS
87560,02,EDAS
87562,01,REM
87562,02,REM
87564,01,REM
87564,02,REM
87565,01,REM
87565,02,REM
87566,01,EDAS
87566,02,EDAS
87567,01,EDAS
87567,02,EDAS
87569,01,EDAS
87569,02,EDAS
87571,01,EDAS
87571,02,EDAS
87573,01,REM
87573,02,REM
87574,01,DAS
87574,02,DAS
87575,01,REM
87575,02,REM
87576,01,EDAS
87576,02,EDAS
87577,01,REM
87577,02,REM
87578,01,EDAS
87578,02,EDAS
87579,01,REM
87579,02,REM
87580,01,REM
87580,02,REM
87581,01,REM
87581,02,REM
87582,01,DAS
87582,02,DAS
87583,01,DAS
87583,02,DAS
87701,01,EDAS
87701,02,EDAS
87710,01,REM
87710,02,REM
87711,01,EDAS
87711,02,EDAS
87712,01,REM
87712,02,REM
87713,01,REM
87713,02,REM
87714,01,REM
87714,02,REM
87715,01,EDAS
87715,02,EDAS
87718,01,REM
87718,02,REM
87722,01,EDAS
87722,02,EDAS
87723,01,EDAS
87723,02,EDAS
87724,01,EDAS
87724,02,EDAS
87728,01,REM
87728,02,REM
87729,01,EDAS
87729,02,EDAS
87730,01,REM
87730,02,REM
87731,01,REM
87731,02,REM
87732,01,EDAS
87732,02,EDAS
87733,01,REM
87733,02,REM
87734,01,REM
87734,02,REM
87735,01,REM
87735,02,REM
87736,01,EDAS
87736,02,EDAS
87740,01,EDAS
87740,02,EDAS
87742,01,REM
87742,02,REM
87743,01,REM
87743,02,REM
87745,01,REM
87745,02,REM
87746,01,REM
87746,02,REM
87747,01,EDAS
87747,02,EDAS
87749,01,REM
87749,02,REM
87750,01,REM
87750,02,REM
87752,01,REM
87752,02,REM
87753,01,EDAS
87753,02,EDAS
87801,01,EDAS
87801,02,EDAS
87820,01,REM
87820,02,REM
87821,01,REM
87821,02,REM
87823,01,EDAS
87823,02,EDAS
87824,01,REM
87824,02,REM
87825,01,EDAS
87825,02,EDAS
87827,01,REM
87827,02,REM
87828,01,DAS
87828,02,DAS
87829,01,REM
87829,02,REM
87830,01,EDAS
87830,02,EDAS
87831,01,DAS
87831,02,DAS
87832,01,REM
87832,02,REM
87901,01,EDAS
87901,02,EDAS
87930,01,EDAS
87930,02,EDAS
87931,01,EDAS
87931,02,EDAS
87933,01,EDAS
87933,02,EDAS
87935,01,REM
87935,02,REM
87936,01,EDAS
87936,02,EDAS
87937,01,EDAS
87937,02,EDAS
87939,01,REM
87939,02,REM
87940,01,EDAS
87940,02,EDAS
87941,01,EDAS
87941,02,EDAS
87942,01,EDAS
87942,02,EDAS
87943,01,REM
87943,02,REM
88002,01,DAS
88002,02,DAS
88005,01,DAS
88005,02,DAS
88007,01,DAS
88007,02,DAS
88009,01,REM
88009,02,REM
88012,01,EDAS
88012,02,EDAS
88020,01,REM
88020,02,REM
88021,01,DAS
88021,02,DAS
88022,01,REM
88022,02,REM
88023,01,EDAS
88023,02,EDAS
88025,01,REM
88025,02,REM
88026,01,REM
88026,02,REM
88027,01,EDAS
88027,02,EDAS
88028,01,EDAS
88028,02,EDAS
88029,01,EDAS
88029,02,EDAS
88030,01,EDAS
88030,02,EDAS
88031,01,REM
88031,02,REM
88032,01,DAS
88032,02,DAS
88033,01,DAS
88033,02,DAS
88034,01,REM
88034,02,REM
88036,01,EDAS
88036,02,EDAS
88038,01,REM
88038,02,REM
88039,01,EDAS
88039,02,EDAS
88040,01,EDAS
88040,02,EDAS
88041,01,REM
88041,02,REM
88042,01,REM
88042,02,REM
88043,01,EDAS
88043,02,EDAS
88044,01,EDAS
88044,02,EDAS
88045,01,REM
88045,02,REM
88046,01,DAS
88046,02,DAS
88047,01,DAS
88047,02,DAS
88048,01,EDAS
88048,02,EDAS
88049,01,REM
88049,02,REM
88051,01,REM
88051,02,REM
88052,01,EDAS
88052,02,EDAS
88053,01,REM
88053,02,REM
88054,01,EDAS
88054,02,EDAS
88055,01,REM
88055,02,REM
88056,01,EDAS
88056,02,EDAS
88058,01,REM
88058,02,REM
88061,01,EDAS
88061,02,EDAS
88062,01,REM
88062,02,REM
88063,01,DAS
88063,02,DAS
88065,01,EDAS
88065,02,EDAS
88072,01,EDAS
88072,02,EDAS
88081,01,DAS
88081,02,DAS
88101,01,DAS
88101,02,DAS
88102,02,DAS
88112,01,REM
88112,02,REM
88113,01,REM
88113,02,REM
88114,01,REM
88114,02,REM
88115,01,REM
88115,02,REM
88116,01,REM
88116,02,REM
88118,01,EDAS
88118,02,EDAS
88119,01,REM
88119,02,REM
88120,01,REM
88120,02,REM
88121,01,REM
88121,02,REM
88122,01,DAS
88122,02,DAS
88123,01,REM
88123,02,REM
88124,01,EDAS
88124,02,EDAS
88125,01,REM
88125,02,REM
88126,01,REM
88126,02,REM
88130,01,EDAS
88130,02,EDAS
88132,01,EDAS
88132,02,EDAS
88133,01,REM
88133,02,REM
88134,01,REM
88134,02,REM
88135,01,REM
88135,02,REM
88136,01,REM
88136,02,REM
88201,01,DAS
88201,02,DAS
88202,01,DAS
88202,02,DAS
88203,01,DAS
88203,02,DAS
88210,01,DAS
88210,02,DAS
88211,01,DAS
88211,02,DAS
88213,01,REM
88213,02,REM
88220,01,DAS
88220,02,DAS
88221,01,DAS
88221,02,DAS
88230,01,EDAS
88230,02,EDAS
88231,01,EDAS
88231,02,EDAS
88232,01,EDAS
88232,02,EDAS
88240,01,DAS
88240,02,DAS
88242,01,EDAS
88242,02,EDAS
88250,01,EDAS
88250,02,EDAS
88252,01,EDAS
88252,02,EDAS
88253,01,EDAS
88253,02,EDAS
88254,01,REM
88254,02,REM
88255,01,EDAS
88255,02,EDAS
88256,01,EDAS
88256,02,EDAS
88260,01,EDAS
88260,02,EDAS
88262,01,REM
88262,02,REM
88263,01,EDAS
88263,02,EDAS
88264,01,EDAS
88264,02,EDAS
88265,01,EDAS
88265,02,EDAS
88267,01,EDAS
88267,02,EDAS
88268,01,EDAS
88268,02,EDAS
88301,01,REM
88301,02,REM
88310,01,DAS
88310,02,DAS
88311,01,DAS
88311,02,DAS
88312,01,EDAS
88312,02,EDAS
88314,01,EDAS
88314,02,EDAS
88316,01,REM
88316,02,REM
88317,01,EDAS
88317,02,EDAS
88318,01,REM
88318,02,REM
88321,01,REM
88321,02,REM
88323,01,EDAS
88323,02,EDAS
88324,01,EDAS
88324,02,EDAS
88325,01,EDAS
88325,02,EDAS
88330,01,DAS
88330,02,DAS
88336,01,EDAS
88336,02,EDAS
88337,01,EDAS
88337,02,EDAS
88338,01,EDAS
88338,02,EDAS
88339,01,EDAS
88339,02,EDAS
88340,01,REM
88340,02,REM
88341,01,EDAS
88341,02,EDAS
88342,01,EDAS
88342,02,EDAS
88343,01,EDAS
88343,02,EDAS
88344,01,REM
88344,02,REM
88345,01,EDAS
88345,02,EDAS
88346,01,DAS
88346,02,DAS
88347,01,REM
88347,02,REM
88348,01,EDAS
88348,02,EDAS
88349,01,DAS
88349,02,DAS
88350,01,EDAS
88350,02,EDAS
88351,01,EDAS
88351,02,EDAS
88352,01,EDAS
88352,02,EDAS
88353,01,EDAS
88353,02,EDAS
88354,01,REM
88354,02,REM
88355,01,EDAS
88355,02,EDAS
88401,01,EDAS
88401,02,EDAS
88410,01,REM
88410,02,REM
88411,01,REM
88411,02,REM
88414,01,REM
88414,02,REM
88415,01,REM
88415,02,REM
88416,01,EDAS
88416,02,EDAS
88417,01,REM
88417,02,REM
88418,01,REM
88418,02,REM
88419,01,REM
88419,02,REM
88421,01,REM
88421,02,REM
88422,01,REM
88422,02,REM
88424,01,EDAS
88424,02,EDAS
88426,01,EDAS
88426,02,EDAS
88427,01,REM
88427,02,REM
88430,01,REM
88430,02,REM
88431,01,REM
88431,02,REM
88433,01,EDAS
88433,02,EDAS
88434,01,EDAS
88434,02,EDAS
88435,01,EDAS
88435,02,EDAS
88436,01,REM
88436,02,REM
88437,01,EDAS
88437,02,EDAS
88439,01,REM
88439,02,REM
88441,01,EDAS
88441,02,EDAS
89001,01,REM
89001,02,REM
89003,01,EDAS
89003,02,EDAS
89004,01,EDAS
89004,02,EDAS
89005,01,EDAS
89005,02,EDAS
89006,01,REM
89006,02,REM
89007,01,EDAS
89007,02,EDAS
89008,01,REM
89008,02,REM
89010,01,REM
89010,02,REM
89013,01,EDAS
89013,02,EDAS
89017,01,REM
89017,02,REM
89018,01,EDAS
89018,02,EDAS
89019,01,EDAS
89019,02,EDAS
89020,01,EDAS
89020,02,EDAS
89021,01,EDAS
89021,02,EDAS
89022,01,REM
89022,02,REM
89023,01,EDAS
89023,02,EDAS
89024,01,EDAS
89024,02,EDAS
89025,01,EDAS
89025,02,EDAS
89027,01,EDAS
89027,02,EDAS
89028,01,DAS
89028,02,DAS
89029,01,DAS
89029,02,DAS
89034,01,DAS
89034,02,DAS
89036,01,EDAS
89036,02,EDAS
89037,01,DAS
89037,02,DAS
89039,01,REM
89039,02,REM
89040,01,EDAS
89040,02,EDAS
89041,01,REM
89041,02,REM
89042,01,EDAS
89042,02,EDAS
89043,01,REM
89043,02,REM
89044,01,DAS
89044,02,DAS
89045,01,EDAS
89045,02,EDAS
89046,01,REM
89046,02,REM
89047,01,REM
89047,02,REM
89048,01,DAS
89048,02,DAS
89049,01,REM
89049,02,REM
89054,01,EDAS
89054,02,EDAS
89060,01,EDAS
89060,02,EDAS
89061,01,EDAS
89061,02,EDAS
89067,01,DAS
89067,02,DAS
89070,01,EDAS
89070,02,EDAS
89124,01,REM
89124,02,REM
89161,01,REM
89161,02,REM
89166,01,DAS
89166,02,DAS
89191,01,EDAS
89191,02,EDAS
89301,01,EDAS
89301,02,EDAS
89310,01,REM
89310,02,REM
89311,01,REM
89311,02,REM
89314,01,EDAS
89314,02,EDAS
89315,01,EDAS
89315,02,EDAS
89316,01,REM
89316,02,REM
89317,01,REM
89317,02,REM
89318,01,EDAS
89318,02,EDAS
89319,01,EDAS
89319,02,EDAS
89402,01,DAS
89402,02,DAS
89403,01,DAS
89403,02,DAS
89404,01,REM
89404,02,REM
89405,01,REM
89405,02,REM
89406,01,EDAS
89406,02,EDAS
89407,01,REM
89407,02,REM
89408,01,DAS
89408,02,DAS
89409,01,REM
89409,02,REM
89410,01,EDAS
89410,02,EDAS
89411,01,DAS
89411,02,DAS
89412,01,REM
89412,02,REM
89413,01,EDAS
89413,02,EDAS
89414,01,REM
89414,02,REM
89415,01,REM
89415,02,REM
89418,01,REM
89418,02,REM
89419,01,EDAS
89419,02,EDAS
89420,01,REM
89420,02,REM
89421,01,REM
89421,02,REM
89422,01,EDAS
89422,02,EDAS
89423,01,DAS
89424,01,REM
89424,02,REM
89425,01,REM
89425,02,REM
89426,01,REM
89426,02,REM
89427,01,REM
89427,02,REM
89428,01,EDAS
89428,02,EDAS
89429,01,EDAS
89429,02,EDAS
89430,01,EDAS
89430,02,EDAS
89433,01,DAS
89433,02,DAS
89438,01,REM
89438,02,REM
89439,01,DAS
89439,02,DAS
89440,01,EDAS
89440,02,EDAS
89441,01,DAS
89441,02,DAS
89442,01,EDAS
89442,02,EDAS
89444,01,EDAS
89444,02,EDAS
89445,01,EDAS
89445,02,EDAS
89446,01,EDAS
89446,02,EDAS
89447,01,EDAS
89447,02,EDAS
89448,01,DAS
89448,02,DAS
89449,01,DAS
89449,02,DAS
89450,01,DAS
89450,02,DAS
89451,01,DAS
89451,02,DAS
89460,01,DAS
89460,02,DAS
89496,01,EDAS
89496,02,EDAS
89508,01,DAS
89508,02,DAS
89510,01,REM
89510,02,REM
89704,01,EDAS
89704,02,EDAS
89801,01,EDAS
89801,02,EDAS
89803,01,EDAS
89803,02,EDAS
89815,01,REM
89815,02,REM
89820,01,EDAS
89820,02,EDAS
89821,01,REM
89821,02,REM
89822,01,EDAS
89822,02,EDAS
89823,01,REM
89823,02,REM
89825,01,EDAS
89825,02,EDAS
89826,01,DAS
89826,02,EDAS
89828,01,EDAS
89828,02,EDAS
89830,01,REM
89830,02,REM
89831,01,REM
89831,02,REM
89832,01,EDAS
89832,02,EDAS
89833,01,REM
89833,02,REM
89834,01,REM
89834,02,REM
89835,01,EDAS
89835,02,EDAS
89883,01,EDAS
89883,02,EDAS
90005,01,DAS
90005,02,DAS
90020,01,DAS
90020,02,DAS
90044,01,DAS
90044,02,DAS
90057,01,DAS
90057,02,DAS
90264,01,EDAS
90264,02,EDAS
90265,01,DAS
90265,02,DAS
90272,01,DAS
90272,02,DAS
90290,01,EDAS
90290,02,EDAS
90704,01,REM
90704,02,DAS
90748,01,DAS
90748,02,DAS
91024,01,DAS
91024,02,DAS
91042,01,DAS
91310,01,DAS
91310,02,DAS
91321,01,DAS
91321,02,DAS
91383,01,DAS
91383,02,DAS
91384,01,DAS
91384,02,DAS
91387,01,DAS
91390,01,DAS
91390,02,DAS
91759,01,EDAS
91759,02,EDAS
91901,01,EDAS
91901,02,DAS
91903,01,DAS
91903,02,DAS
91905,01,REM
91905,02,REM
91906,01,EDAS
91906,02,EDAS
91916,01,EDAS
91916,02,EDAS
91917,01,EDAS
91917,02,EDAS
91931,01,DAS
91931,02,DAS
91934,01,EDAS
91934,02,EDAS
91935,01,EDAS
91935,02,EDAS
91948,01,EDAS
91948,02,EDAS
91962,01,REM
91962,02,REM
91963,01,REM
91963,02,REM
91978,01,DAS
91978,02,DAS
92003,01,DAS
92003,02,DAS
92004,01,EDAS
92004,02,EDAS
92026,01,DAS
92026,02,DAS
92027,01,DAS
92027,02,DAS
92028,01,DAS
92028,02,DAS
92036,01,EDAS
92036,02,EDAS
92040,01,DAS
92040,02,DAS
92059,01,DAS
92059,02,DAS
92060,01,EDAS
92060,02,EDAS
92061,01,EDAS
92061,02,EDAS
92065,01,DAS
92065,02,DAS
92066,01,REM
92066,02,REM
92067,01,DAS
92067,02,DAS
92070,01,REM
92070,02,REM
92075,01,DAS
92075,02,DAS
92082,01,EDAS
92082,02,EDAS
92086,01,REM
92086,02,REM
92091,01,DAS
92091,02,DAS
92147,01,EDAS
92147,02,EDAS
92210,01,DAS
92220,01,DAS
92220,02,DAS
92222,01,EDAS
92222,02,EDAS
92225,01,EDAS
92225,02,EDAS
92226,01,EDAS
92226,02,EDAS
92227,01,DAS
92227,02,DAS
92233,01,EDAS
92233,02,EDAS
92236,01,DAS
92236,02,DAS
92239,01,EDAS
92239,02,EDAS
92240,01,DAS
92240,02,DAS
92241,01,DAS
92241,02,DAS
92242,01,EDAS
92242,02,EDAS
92243,01,DAS
92243,02,DAS
92249,01,DAS
92249,02,DAS
92250,01,EDAS
92250,02,EDAS
92251,01,EDAS
92251,02,EDAS
92252,01,EDAS
92252,02,EDAS
92254,01,EDAS
92254,02,EDAS
92256,01,EDAS
92256,02,EDAS
92257,01,REM
92257,02,REM
92258,01,EDAS
92258,02,EDAS
92259,01,EDAS
92259,02,EDAS
92266,01,EDAS
92266,02,EDAS
92267,01,REM
92267,02,REM
92268,01,EDAS
92268,02,EDAS
92273,01,DAS
92273,02,DAS
92274,01,EDAS
92274,02,EDAS
92275,01,DAS
92275,02,DAS
92276,01,DAS
92276,02,DAS
92277,01,EDAS
92277,02,EDAS
92278,01,DAS
92278,02,DAS
92280,01,REM
92280,02,REM
92281,01,EDAS
92281,02,EDAS
92282,01,EDAS
92282,02,EDAS
92283,01,REM
92283,02,REM
92284,01,DAS
92284,02,DAS
92285,01,EDAS
92285,02,EDAS
92286,01,DAS
92286,02,DAS
92301,01,EDAS
92301,02,EDAS
92304,01,REM
92304,02,REM
92305,01,REM
92305,02,REM
92307,01,DAS
92307,02,DAS
92308,01,DAS
92308,02,DAS
92309,01,REM
92309,02,REM
92310,01,EDAS
92310,02,EDAS
92311,01,DAS
92311,02,DAS
92312,01,DAS
92312,02,DAS
92314,01,EDAS
92314,02,EDAS
92315,01,DAS
92315,02,DAS
92317,01,DAS
92317,02,DAS
92321,01,EDAS
92321,02,EDAS
92322,01,EDAS
92322,02,EDAS
92323,01,REM
92323,02,REM
92325,01,DAS
92325,02,DAS
92326,01,DAS
92326,02,DAS
92327,01,EDAS
92327,02,EDAS
92328,01,REM
92328,02,REM
92329,01,REM
92329,02,REM
92332,01,REM
92332,02,REM
92333,01,EDAS
92333,02,EDAS
92338,01,EDAS
92338,02,EDAS
92339,01,EDAS
92339,02,EDAS
92341,01,EDAS
92341,02,EDAS
92342,01,EDAS
92342,02,EDAS
92344,01,DAS
92344,02,DAS
92347,01,REM
92347,02,REM
92352,01,DAS
92352,02,DAS
92356,01,EDAS
92356,02,EDAS
92358,01,DAS
92358,02,DAS
92359,01,DAS
92359,02,DAS
92363,01,EDAS
92363,02,EDAS
92364,01,EDAS
92364,02,EDAS
92365,01,REM
92365,02,REM
92366,01,EDAS
92366,02,EDAS
92368,01,REM
92368,02,REM
92371,01,EDAS
92371,02,EDAS
92372,01,DAS
92372,02,DAS
92382,01,EDAS
92382,02,EDAS
92384,01,EDAS
92384,02,EDAS
92385,01,EDAS
92385,02,EDAS
92386,01,DAS
92386,02,DAS
92389,01,REM
92389,02,REM
92391,01,DAS
92391,02,DAS
92393,01,DAS
92393,02,DAS
92394,01,DAS
92394,02,DAS
92395,01,DAS
92395,02,DAS
92397,01,EDAS
92397,02,EDAS
92398,01,DAS
92398,02,DAS
92399,01,DAS
92399,02,DAS
92414,01,DAS
92414,02,DAS
92536,01,REM
92536,02,REM
92539,01,REM
92539,02,REM
92543,01,DAS
92543,02,DAS
92544,01,DAS
92544,02,DAS
92546,01,DAS
92546,02,DAS
92548,01,DAS
92548,02,DAS
92549,01,EDAS
92549,02,EDAS
92561,01,REM
92561,02,REM
92567,01,DAS
92567,02,DAS
92582,01,DAS
92582,02,DAS
92585,01,DAS
92596,01,DAS
92596,02,DAS
92624,01,DAS
92624,02,DAS
92676,01,EDAS
92676,02,EDAS
92679,01,DAS
92679,02,DAS
93013,01,DAS
93013,02,DAS
93015,01,EDAS
93015,02,EDAS
93016,01,EDAS
93016,02,EDAS
93023,01,EDAS
93023,02,EDAS
93024,01,EDAS
93024,02,EDAS
93040,01,EDAS
93040,02,EDAS
93060,01,DAS
93060,02,DAS
93061,01,DAS
93061,02,DAS
93064,01,DAS
93064,02,DAS
93066,01,EDAS
93066,02,EDAS
93067,01,DAS
93067,02,DAS
93105,01,DAS
93105,02,DAS
93106,01,DAS
93106,02,DAS
93108,01,DAS
93108,02,DAS
93109,01,DAS
93109,02,DAS
93110,01,DAS
93110,02,DAS
93201,01,EDAS
93201,02,EDAS
93203,01,REM
93203,02,REM
93204,01,EDAS
93204,02,EDAS
93205,01,EDAS
93205,02,EDAS
93206,01,EDAS
93206,02,EDAS
93207,01,REM
93207,02,REM
93208,01,DAS
93208,02,DAS
93210,01,EDAS
93210,02,EDAS
93212,01,EDAS
93212,02,EDAS
93215,01,EDAS
93215,02,EDAS
93216,01,EDAS
93216,02,EDAS
93218,01,EDAS
93218,02,EDAS
93219,01,EDAS
93219,02,EDAS
93221,01,EDAS
93221,02,EDAS
93222,01,REM
93222,02,REM
93223,01,DAS
93223,02,DAS
93224,01,EDAS
93224,02,EDAS
93225,01,EDAS
93225,02,EDAS
93226,01,REM
93226,02,REM
93230,01,DAS
93230,02,DAS
93234,01,EDAS
93234,02,EDAS
93235,01,DAS
93235,02,DAS
93237,01,EDAS
93237,02,EDAS
93238,01,EDAS
93238,02,EDAS
93239,01,EDAS
93239,02,EDAS
93240,01,REM
93240,02,REM
93241,01,DAS
93241,02,DAS
93242,01,EDAS
93242,02,EDAS
93243,01,EDAS
93243,02,EDAS
93244,01,EDAS
93244,02,EDAS
93245,01,DAS
93245,02,DAS
93247,01,DAS
93247,02,DAS
93249,01,EDAS
93249,02,EDAS
93250,01,REM
93250,02,REM
93251,01,REM
93251,02,REM
93252,01,REM
93252,02,REM
93254,01,REM
93254,02,EDAS
93255,01,REM
93255,02,REM
93256,01,EDAS
93256,02,EDAS
93257,01,EDAS
93257,02,EDAS
93258,01,DAS
93258,02,DAS
93260,01,REM
93260,02,REM
93261,01,EDAS
93261,02,EDAS
93262,01,EDAS
93262,02,EDAS
93263,01,DAS
93263,02,DAS
93265,01,REM
93265,02,REM
93266,01,EDAS
93266,02,EDAS
93267,01,EDAS
93267,02,EDAS
93268,01,REM
93268,02,REM
93270,01,EDAS
93270,02,EDAS
93271,01,REM
93271,02,REM
93272,01,EDAS
93272,02,EDAS
93274,01,DAS
93274,02,DAS
93276,01,EDAS
93276,02,EDAS
93277,01,DAS
93277,02,DAS
93280,01,EDAS
93280,02,EDAS
93283,01,REM
93283,02,REM
93285,01,REM
93285,02,REM
93286,01,REM
93286,02,REM
93287,01,REM
93287,02,REM
93291,01,DAS
93291,02,DAS
93292,01,DAS
93292,02,DAS
93301,01,DAS
93301,02,DAS
93306,01,DAS
93306,02,DAS
93308,01,DAS
93308,02,DAS
93311,01,DAS
93311,02,DAS
93312,01,DAS
93312,02,DAS
93313,01,DAS
93313,02,DAS
93314,01,DAS
93314,02,DAS
93402,01,DAS
93402,02,DAS
93405,01,DAS
93405,02,DAS
93420,01,DAS
93420,02,DAS
93421,01,DAS
93421,02,DAS
93422,01,DAS
93422,02,DAS
93423,01,DAS
93423,02,DAS
93424,01,EDAS
93424,02,EDAS
93426,01,REM
93426,02,REM
93427,01,DAS
93427,02,DAS
93428,01,EDAS
93428,02,EDAS
93429,01,EDAS
93429,02,EDAS
93430,01,EDAS
93430,02,EDAS
93432,01,EDAS
93432,02,EDAS
93433,02,DAS
93434,01,DAS
93434,02,DAS
93435,01,REM
93435,02,REM
93436,01,DAS
93436,02,DAS
93437,01,DAS
93437,02,DAS
93438,01,DAS
93438,02,DAS
93440,01,DAS
93440,02,DAS
93441,01,EDAS
93441,02,EDAS
93442,01,DAS
93442,02,DAS
93443,01,DAS
93443,02,DAS
93444,01,DAS
93444,02,DAS
93445,01,DAS
93445,02,DAS
93446,01,EDAS
93446,02,EDAS
93447,01,DAS
93447,02,DAS
93449,02,DAS
93450,01,EDAS
93450,02,EDAS
93451,01,EDAS
93451,02,EDAS
93452,01,EDAS
93452,02,EDAS
93453,01,REM
93453,02,REM
93455,01,DAS
93455,02,DAS
93458,01,DAS
93458,02,DAS
93460,01,DAS
93460,02,DAS
93461,01,EDAS
93461,02,EDAS
93463,01,DAS
93463,02,DAS
93464,01,DAS
93464,02,DAS
93465,01,EDAS
93465,02,EDAS
93501,01,EDAS
93501,02,EDAS
93502,01,REM
93502,02,REM
93504,01,REM
93504,02,REM
93505,01,EDAS
93505,02,EDAS
93510,01,EDAS
93510,02,EDAS
93512,01,EDAS
93512,02,EDAS
93513,01,REM
93513,02,REM
93514,01,DAS
93514,02,DAS
93515,01,DAS
93515,02,DAS
93516,01,EDAS
93516,02,EDAS
93517,01,REM
93517,02,REM
93518,01,REM
93518,02,REM
93519,01,REM
93519,02,REM
93522,01,EDAS
93522,02,EDAS
93523,01,EDAS
93523,02,EDAS
93524,01,DAS
93524,02,DAS
93526,01,EDAS
93526,02,EDAS
93527,01,REM
93527,02,REM
93528,01,EDAS
93528,02,EDAS
93529,01,EDAS
93529,02,EDAS
93530,01,REM
93530,02,REM
93531,01,EDAS
93531,02,EDAS
93532,01,EDAS
93532,02,EDAS
93535,01,DAS
93535,02,DAS
93536,01,DAS
93536,02,DAS
93541,01,REM
93541,02,REM
93542,01,DAS
93542,02,DAS
93543,01,EDAS
93543,02,EDAS
93544,01,REM
93544,02,REM
93545,01,EDAS
93545,02,EDAS
93546,01,DAS
93546,02,DAS
93549,01,EDAS
93549,02,EDAS
93550,01,DAS
93550,02,DAS
93551,01,DAS
93551,02,DAS
93552,01,DAS
93552,02,DAS
93553,01,EDAS
93553,02,EDAS
93554,01,EDAS
93554,02,EDAS
93555,01,EDAS
93555,02,EDAS
93558,01,REM
93558,02,REM
93560,01,DAS
93560,02,DAS
93561,01,EDAS
93561,02,EDAS
93562,01,EDAS
93562,02,EDAS
93563,01,REM
93563,02,REM
93581,01,EDAS
93581,02,EDAS
93591,01,EDAS
93591,02,EDAS
93592,01,EDAS
93592,02,EDAS
93601,01,REM
93601,02,REM
93602,01,REM
93602,02,REM
93603,01,EDAS
93603,02,EDAS
93604,01,EDAS
93604,02,EDAS
93605,01,REM
93605,02,REM
93606,01,DAS
93606,02,DAS
93607,01,EDAS
93607,02,EDAS
93608,01,REM
93608,02,REM
93609,01,EDAS
93609,02,EDAS
93610,01,EDAS
93610,02,EDAS
93614,01,EDAS
93614,02,EDAS
93615,01,DAS
93615,02,DAS
93619,01,DAS
93619,02,DAS
93620,01,EDAS
93620,02,EDAS
93621,01,EDAS
93621,02,EDAS
93622,01,EDAS
93622,02,EDAS
93623,01,REM
93623,02,REM
93624,01,REM
93624,02,REM
93625,01,DAS
93625,02,DAS
93626,01,EDAS
93626,02,EDAS
93627,01,REM
93627,02,REM
93628,01,EDAS
93628,02,EDAS
93630,01,DAS
93630,02,DAS
93631,01,DAS
93631,02,DAS
93633,01,EDAS
93633,02,EDAS
93634,01,EDAS
93634,02,EDAS
93635,01,EDAS
93635,02,EDAS
93636,01,DAS
93636,02,DAS
93637,01,DAS
93637,02,DAS
93638,01,DAS
93638,02,DAS
93639,01,DAS
93639,02,DAS
93640,01,EDAS
93640,02,EDAS
93641,01,REM
93641,02,REM
93643,01,REM
93643,02,REM
93644,01,EDAS
93644,02,EDAS
93645,01,EDAS
93645,02,EDAS
93646,01,EDAS
93646,02,EDAS
93647,01,EDAS
93647,02,EDAS
93648,01,DAS
93648,02,DAS
93649,01,EDAS
93649,02,EDAS
93651,01,REM
93651,02,REM
93652,01,EDAS
93652,02,EDAS
93653,01,REM
93653,02,REM
93654,01,DAS
93654,02,DAS
93656,01,EDAS
93656,02,EDAS
93657,01,DAS
93657,02,DAS
93660,01,EDAS
93660,02,EDAS
93661,01,EDAS
93661,02,EDAS
93664,01,REM
93664,02,REM
93665,01,EDAS
93665,02,EDAS
93667,01,REM
93667,02,REM
93668,01,EDAS
93668,02,EDAS
93669,01,EDAS
93669,02,EDAS
93670,01,DAS
93670,02,DAS
93673,01,DAS
93673,02,DAS
93675,01,REM
93675,02,REM
93723,01,DAS
93723,02,DAS
93901,01,DAS
93901,02,DAS
93902,01,DAS
93902,02,DAS
93905,01,EDAS
93905,02,EDAS
93907,01,EDAS
93907,02,EDAS
93908,01,EDAS
93908,02,EDAS
93912,01,DAS
93912,02,DAS
93920,01,REM
93920,02,REM
93921,01,DAS
93921,02,DAS
93922,01,DAS
93922,02,DAS
93923,01,DAS
93923,02,DAS
93924,01,EDAS
93924,02,EDAS
93925,01,EDAS
93925,02,EDAS
93926,01,EDAS
93926,02,EDAS
93927,01,REM
93927,02,REM
93928,01,EDAS
93928,02,EDAS
93930,01,REM
93930,02,REM
93932,01,REM
93932,02,REM
93950,01,DAS
93950,02,DAS
93954,01,REM
93954,02,REM
93960,01,REM
93960,02,REM
93962,01,EDAS
93962,02,EDAS
94002,01,DAS
94002,02,DAS
94019,01,EDAS
94019,02,DAS
94020,01,REM
94020,02,REM
94021,01,EDAS
94021,02,EDAS
94028,01,DAS
94028,02,DAS
94037,01,DAS
94037,02,DAS
94038,01,DAS
94038,02,DAS
94044,01,DAS
94044,02,DAS
94060,01,REM
94060,02,REM
94062,01,DAS
94062,02,DAS
94074,01,EDAS
94074,02,EDAS
94102,01,DAS
94102,02,DAS
94103,01,DAS
94103,02,DAS
94104,01,DAS
94104,02,DAS
94105,01,DAS
94105,02,DAS
94107,01,DAS
94107,02,DAS
94108,01,DAS
94108,02,DAS
94109,01,DAS
94109,02,DAS
94110,01,DAS
94110,02,DAS
94111,01,DAS
94111,02,DAS
94114,01,DAS
94114,02,DAS
94115,01,DAS
94115,02,DAS
94116,01,DAS
94116,02,DAS
94117,01,DAS
94117,02,DAS
94118,01,DAS
94118,02,DAS
94121,01,DAS
94121,02,DAS
94122,01,DAS
94122,02,DAS
94123,01,DAS
94123,02,DAS
94127,01,DAS
94127,02,DAS
94129,01,DAS
94129,02,DAS
94131,01,DAS
94131,02,DAS
94133,01,DAS
94133,02,DAS
94158,01,DAS
94158,02,DAS
94401,01,DAS
94401,02,DAS
94508,01,DAS
94508,02,DAS
94511,01,EDAS
94511,02,EDAS
94512,01,EDAS
94512,02,EDAS
94514,01,EDAS
94514,02,EDAS
94515,01,DAS
94515,02,DAS
94517,01,DAS
94517,02,DAS
94528,01,DAS
94528,02,DAS
94536,01,DAS
94536,02,DAS
94541,01,DAS
94541,02,DAS
94548,01,DAS
94548,02,DAS
94549,01,DAS
94549,02,DAS
94550,01,DAS
94550,02,DAS
94552,01,DAS
94552,02,DAS
94556,01,DAS
94556,02,DAS
94558,01,DAS
94558,02,DAS
94559,01,DAS
94559,02,DAS
94561,01,DAS
94561,02,DAS
94562,01,DAS
94562,02,DAS
94563,01,DAS
94563,02,DAS
94567,01,REM
94567,02,REM
94569,01,EDAS
94569,02,EDAS
94570,01,DAS
94570,02,DAS
94571,01,EDAS
94571,02,EDAS
94573,01,DAS
94573,02,DAS
94574,01,DAS
94574,02,DAS
94575,01,DAS
94575,02,DAS
94576,01,EDAS
94576,02,EDAS
94585,01,DAS
94585,02,DAS
94586,01,REM
94586,02,REM
94599,01,DAS
94599,02,DAS
94603,01,DAS
94603,02,DAS
94605,01,DAS
94605,02,DAS
94707,01,DAS
94707,02,DAS
94803,01,DAS
94803,02,DAS
94922,01,EDAS
94922,02,EDAS
94923,01,EDAS
94923,02,EDAS
94924,01,EDAS
94924,02,EDAS
94929,01,EDAS
94929,02,EDAS
94930,01,DAS
94930,02,DAS
94933,01,EDAS
94933,02,EDAS
94937,01,EDAS
94937,02,EDAS
94938,01,DAS
94938,02,DAS
94940,01,EDAS
94940,02,EDAS
94946,01,EDAS
94946,02,EDAS
94947,01,DAS
94947,02,DAS
94950,01,EDAS
94950,02,EDAS
94951,01,DAS
94951,02,DAS
94952,01,DAS
94952,02,DAS
94956,01,EDAS
94956,02,EDAS
94963,01,EDAS
94963,02,EDAS
94970,01,EDAS
94970,02,EDAS
94971,01,EDAS
94971,02,EDAS
94972,01,REM
94972,02,REM
94973,01,EDAS
94973,02,EDAS
95003,01,DAS
95004,01,DAS
95004,02,DAS
95005,01,EDAS
95005,02,DAS
95006,01,EDAS
95006,02,EDAS
95007,01,DAS
95007,02,DAS
95012,01,DAS
95012,02,DAS
95013,01,DAS
95013,02,DAS
95017,01,EDAS
95017,02,EDAS
95018,01,EDAS
95018,02,DAS
95023,01,DAS
95023,02,DAS
95024,01,DAS
95024,02,DAS
95026,01,EDAS
95026,02,EDAS
95033,01,EDAS
95033,02,EDAS
95039,01,EDAS
95039,02,EDAS
95041,01,DAS
95041,02,DAS
95043,01,REM
95043,02,REM
95045,01,EDAS
95045,02,EDAS
95046,01,DAS
95046,02,DAS
95073,01,DAS
95075,01,EDAS
95075,02,EDAS
95076,01,DAS
95076,02,DAS
95132,01,DAS
95139,01,DAS
95139,02,DAS
95140,01,REM
95140,02,REM
95141,01,EDAS
95141,02,EDAS
95215,01,DAS
95215,02,DAS
95220,01,EDAS
95220,02,EDAS
95221,01,EDAS
95221,02,EDAS
95222,01,EDAS
95222,02,EDAS
95223,01,EDAS
95223,02,EDAS
95224,01,REM
95224,02,REM
95225,01,EDAS
95225,02,EDAS
95226,01,REM
95226,02,REM
95227,01,REM
95227,02,REM
95228,01,EDAS
95228,02,EDAS
95229,01,DAS
95229,02,DAS
95230,01,REM
95230,02,REM
95232,01,REM
95232,02,REM
95233,01,EDAS
95233,02,EDAS
95236,01,EDAS
95236,02,EDAS
95237,01,EDAS
95237,02,EDAS
95240,01,DAS
95240,02,DAS
95242,01,DAS
95242,02,DAS
95245,01,REM
95245,02,REM
95246,01,REM
95246,02,REM
95247,01,EDAS
95247,02,EDAS
95248,01,EDAS
95248,02,EDAS
95249,01,EDAS
95249,02,EDAS
95250,01,EDAS
95250,02,EDAS
95251,01,EDAS
95251,02,EDAS
95252,01,EDAS
95252,02,EDAS
95253,01,EDAS
95253,02,EDAS
95254,01,REM
95254,02,REM
95255,01,REM
95255,02,REM
95257,01,REM
95257,02,REM
95258,01,DAS
95258,02,DAS
95301,01,DAS
95301,02,DAS
95303,01,EDAS
95303,02,EDAS
95305,01,EDAS
95305,02,EDAS
95306,01,EDAS
95306,02,EDAS
95309,01,EDAS
95309,02,EDAS
95310,01,EDAS
95310,02,EDAS
95311,01,REM
95311,02,REM
95312,01,DAS
95312,02,DAS
95313,01,EDAS
95313,02,EDAS
95314,01,EDAS
95314,02,EDAS
95315,01,DAS
95315,02,DAS
95316,01,EDAS
95316,02,EDAS
95317,01,EDAS
95317,02,EDAS
95318,01,EDAS
95318,02,EDAS
95320,01,DAS
95320,02,DAS
95321,01,EDAS
95321,02,EDAS
95322,01,EDAS
95322,02,EDAS
95323,01,EDAS
95323,02,EDAS
95324,01,DAS
95324,02,DAS
95325,01,EDAS
95325,02,EDAS
95326,01,DAS
95326,02,DAS
95327,01,EDAS
95327,02,EDAS
95329,01,EDAS
95329,02,EDAS
95333,01,REM
95333,02,REM
95334,01,DAS
95334,02,DAS
95335,01,EDAS
95335,02,EDAS
95338,01,EDAS
95338,02,EDAS
95340,01,DAS
95340,02,DAS
95341,01,DAS
95341,02,DAS
95344,01,DAS
95344,02,DAS
95345,01,REM
95345,02,REM
95346,01,REM
95346,02,REM
95347,01,EDAS
95347,02,EDAS
95348,01,DAS
95348,02,DAS
95357,01,DAS
95357,02,DAS
95358,01,DAS
95358,02,DAS
95360,01,EDAS
95360,02,EDAS
95361,01,DAS
95361,02,DAS
95364,01,REM
95364,02,REM
95365,01,EDAS
95365,02,EDAS
95369,01,REM
95369,02,REM
95370,01,DAS
95370,02,DAS
95372,01,DAS
95372,02,DAS
95374,01,EDAS
95374,02,EDAS
95375,01,REM
95375,02,REM
95379,01,EDAS
95379,02,EDAS
95380,01,DAS
95380,02,DAS
95383,01,REM
95383,02,REM
95385,01,EDAS
95385,02,EDAS
95386,01,EDAS
95386,02,EDAS
95387,01,EDAS
95387,02,EDAS
95388,01,EDAS
95388,02,EDAS
95389,01,REM
95389,02,REM
95404,01,DAS
95404,02,DAS
95410,01,EDAS
95410,02,EDAS
95412,01,REM
95412,02,REM
95415,01,EDAS
95415,02,EDAS
95416,01,DAS
95416,02,DAS
95417,01,REM
95417,02,REM
95419,01,EDAS
95419,02,EDAS
95420,01,EDAS
95420,02,EDAS
95421,01,REM
95421,02,REM
95422,01,EDAS
95422,02,EDAS
95423,01,EDAS
95423,02,EDAS
95424,01,DAS
95424,02,DAS
95425,01,EDAS
95425,02,EDAS
95426,01,EDAS
95426,02,EDAS
95427,01,EDAS
95427,02,EDAS
95428,01,EDAS
95428,02,EDAS
95429,01,REM
95429,02,REM
95430,01,EDAS
95430,02,EDAS
95431,01,DAS
95431,02,DAS
95432,01,EDAS
95432,02,EDAS
95435,02,DAS
95436,01,DAS
95436,02,DAS
95437,01,REM
95437,02,REM
95439,01,DAS
95439,02,DAS
95441,01,REM
95441,02,REM
95442,01,EDAS
95442,02,EDAS
95443,01,EDAS
95443,02,EDAS
95444,01,DAS
95444,02,DAS
95445,01,EDAS
95445,02,EDAS
95446,01,EDAS
95446,02,EDAS
95448,01,DAS
95448,02,DAS
95449,01,EDAS
95449,02,EDAS
95450,01,REM
95450,02,REM
95451,01,REM
95451,02,REM
95452,01,EDAS
95452,02,EDAS
95453,01,EDAS
95453,02,EDAS
95454,01,REM
95454,02,REM
95456,01,EDAS
95456,02,EDAS
95457,01,EDAS
95457,02,EDAS
95458,01,EDAS
95458,02,EDAS
95459,01,REM
95459,02,REM
95460,01,EDAS
95460,02,EDAS
95461,01,EDAS
95461,02,EDAS
95462,01,EDAS
95462,02,EDAS
95463,01,EDAS
95463,02,EDAS
95464,01,EDAS
95464,02,EDAS
95465,01,REM
95465,02,REM
95466,01,REM
95466,02,REM
95467,01,EDAS
95467,02,EDAS
95468,01,REM
95468,02,REM
95469,01,EDAS
95469,02,EDAS
95470,01,DAS
95470,02,DAS
95471,01,EDAS
95471,02,EDAS
95472,01,DAS
95472,02,DAS
95473,01,DAS
95473,02,DAS
95476,01,DAS
95476,02,DAS
95480,01,REM
95480,02,REM
95482,01,DAS
95482,02,DAS
95485,01,EDAS
95485,02,EDAS
95487,01,DAS
95487,02,DAS
95488,01,REM
95488,02,REM
95490,01,EDAS
95490,02,EDAS
95493,01,EDAS
95493,02,EDAS
95494,01,REM
95494,02,REM
95497,01,EDAS
95497,02,EDAS
95503,01,DAS
95503,02,DAS
95511,01,REM
95511,02,REM
95514,01,REM
95514,02,REM
95519,01,DAS
95519,02,DAS
95524,01,DAS
95524,02,DAS
95525,01,EDAS
95525,02,EDAS
95526,01,EDAS
95526,02,EDAS
95527,01,EDAS
95527,02,EDAS
95528,01,EDAS
95528,02,EDAS
95531,01,EDAS
95531,02,EDAS
95532,01,EDAS
95532,02,EDAS
95534,01,DAS
95534,02,DAS
95536,01,EDAS
95536,02,EDAS
95537,01,DAS
95537,02,DAS
95538,01,EDAS
95538,02,EDAS
95540,01,DAS
95540,02,DAS
95542,01,EDAS
95542,02,EDAS
95543,01,EDAS
95543,02,EDAS
95545,01,REM
95545,02,REM
95546,01,EDAS
95546,02,EDAS
95547,01,EDAS
95547,02,EDAS
95548,01,EDAS
95548,02,EDAS
95549,01,REM
95549,02,REM
95550,01,REM
95550,02,REM
95551,01,DAS
95551,02,DAS
95552,01,EDAS
95552,02,EDAS
95553,01,EDAS
95553,02,EDAS
95554,01,EDAS
95554,02,EDAS
95555,01,EDAS
95555,02,EDAS
95556,01,EDAS
95556,02,EDAS
95558,01,EDAS
95558,02,EDAS
95559,01,DAS
95559,02,DAS
95560,01,EDAS
95560,02,EDAS
95562,01,EDAS
95562,02,EDAS
95563,01,EDAS
95563,02,EDAS
95564,01,EDAS
95564,02,EDAS
95565,01,EDAS
95565,02,EDAS
95567,01,EDAS
95567,02,EDAS
95568,01,REM
95568,02,REM
95569,01,EDAS
95569,02,EDAS
95570,01,EDAS
95570,02,EDAS
95571,01,EDAS
95571,02,EDAS
95573,01,EDAS
95573,02,EDAS
95585,01,EDAS
95585,02,EDAS
95587,01,EDAS
95587,02,EDAS
95589,01,EDAS
95589,02,EDAS
95595,01,REM
95595,02,REM
95601,01,EDAS
95601,02,EDAS
95602,01,DAS
95602,02,DAS
95603,01,DAS
95603,02,DAS
95606,01,EDAS
95606,02,EDAS
95607,01,EDAS
95607,02,EDAS
95612,01,EDAS
95612,02,EDAS
95613,01,EDAS
95613,02,EDAS
95614,01,EDAS
95614,02,EDAS
95615,01,EDAS
95615,02,EDAS
95619,01,DAS
95619,02,DAS
95620,01,DAS
95620,02,DAS
95623,01,EDAS
95623,02,EDAS
95626,01,DAS
95626,02,DAS
95627,01,EDAS
95627,02,EDAS
95629,01,REM
95629,02,REM
95631,01,EDAS
95631,02,EDAS
95632,01,DAS
95632,02,DAS
95633,01,EDAS
95633,02,EDAS
95634,01,REM
95634,02,REM
95635,01,REM
95635,02,REM
95636,01,REM
95636,02,REM
95637,01,EDAS
95637,02,EDAS
95638,01,EDAS
95638,02,EDAS
95639,01,DAS
95639,02,DAS
95640,01,EDAS
95640,02,EDAS
95641,01,EDAS
95641,02,EDAS
95642,01,DAS
95642,02,DAS
95645,01,REM
95645,02,REM
95646,01,EDAS
95646,02,EDAS
95650,01,DAS
95650,02,DAS
95651,01,REM
95651,02,REM
95653,01,EDAS
95653,02,EDAS
95656,01,EDAS
95656,02,EDAS
95658,01,DAS
95658,02,DAS
95659,01,REM
95659,02,REM
95663,01,DAS
95663,02,DAS
95664,01,EDAS
95664,02,EDAS
95665,01,EDAS
95665,02,EDAS
95666,01,EDAS
95666,02,EDAS
95667,01,EDAS
95667,02,EDAS
95668,01,DAS
95668,02,DAS
95669,01,EDAS
95669,02,EDAS
95672,01,DAS
95672,02,DAS
95673,01,DAS
95674,01,EDAS
95674,02,EDAS
95675,01,EDAS
95675,02,EDAS
95676,01,DAS
95676,02,DAS
95679,01,DAS
95679,02,EDAS
95680,01,EDAS
95680,02,EDAS
95681,01,DAS
95681,02,DAS
95682,01,DAS
95682,02,DAS
95683,01,DAS
95683,02,DAS
95684,01,REM
95684,02,REM
95685,01,EDAS
95685,02,EDAS
95686,01,DAS
95686,02,DAS
95689,01,EDAS
95689,02,EDAS
95690,01,EDAS
95690,02,EDAS
95692,01,EDAS
95692,02,EDAS
95693,01,EDAS
95693,02,EDAS
95694,01,EDAS
95694,02,EDAS
95695,01,DAS
95695,02,DAS
95697,01,EDAS
95697,02,EDAS
95698,01,EDAS
95698,02,EDAS
95701,01,REM
95701,02,REM
95703,01,EDAS
95703,02,EDAS
95709,01,EDAS
95709,02,EDAS
95712,01,DAS
95712,02,DAS
95713,01,EDAS
95713,02,EDAS
95714,01,EDAS
95714,02,EDAS
95715,01,REM
95715,02,REM
95717,01,EDAS
95717,02,EDAS
95720,01,REM
95720,02,REM
95721,01,REM
95721,02,REM
95722,01,DAS
95722,02,DAS
95724,01,EDAS
95724,02,EDAS
95726,01,EDAS
95726,02,EDAS
95728,01,EDAS
95728,02,EDAS
95735,01,REM
95735,02,REM
95736,01,EDAS
95736,02,EDAS
95763,01,DAS
95763,02,DAS
95799,01,DAS
95799,02,DAS
95830,01,DAS
95830,02,DAS
95901,01,DAS
95901,02,DAS
95903,01,DAS
95903,02,DAS
95910,01,REM
95910,02,REM
95912,01,EDAS
95912,02,EDAS
95913,01,DAS
95913,02,DAS
95914,01,REM
95914,02,REM
95915,01,REM
95915,02,REM
95916,01,REM
95916,02,REM
95917,01,EDAS
95917,02,EDAS
95918,01,EDAS
95918,02,EDAS
95919,01,REM
95919,02,REM
95920,01,REM
95920,02,REM
95922,01,REM
95922,02,REM
95923,01,EDAS
95923,02,EDAS
95924,01,DAS
95924,02,DAS
95925,01,REM
95925,02,REM
95930,01,EDAS
95930,02,EDAS
95931,01,EDAS
95931,02,EDAS
95932,01,EDAS
95932,02,EDAS
95934,01,EDAS
95934,02,EDAS
95935,01,EDAS
95935,02,EDAS
95936,01,EDAS
95936,02,EDAS
95937,01,EDAS
95937,02,EDAS
95938,01,EDAS
95938,02,EDAS
95939,01,REM
95939,02,REM
95940,01,DAS
95940,02,DAS
95941,01,EDAS
95941,02,EDAS
95942,01,REM
95942,02,REM
95943,01,EDAS
95943,02,EDAS
95944,01,REM
95944,02,REM
95945,01,DAS
95945,02,DAS
95946,01,DAS
95946,02,DAS
95947,01,EDAS
95947,02,EDAS
95948,01,DAS
95948,02,DAS
95949,01,DAS
95949,02,DAS
95950,01,EDAS
95950,02,EDAS
95951,01,DAS
95951,02,DAS
95953,01,EDAS
95953,02,EDAS
95954,01,DAS
95954,02,DAS
95955,01,EDAS
95955,02,EDAS
95956,01,EDAS
95956,02,EDAS
95957,01,EDAS
95957,02,EDAS
95958,01,EDAS
95958,02,EDAS
95959,01,EDAS
95959,02,EDAS
95960,01,REM
95960,02,EDAS
95961,01,DAS
95961,02,DAS
95962,01,REM
95962,02,EDAS
95963,01,EDAS
95963,02,EDAS
95965,01,DAS
95965,02,DAS
95966,01,DAS
95966,02,DAS
95968,01,DAS
95968,02,DAS
95969,01,DAS
95969,02,DAS
95970,01,EDAS
95970,02,EDAS
95971,01,EDAS
95971,02,EDAS
95972,01,EDAS
95972,02,EDAS
95973,01,DAS
95973,02,DAS
95974,01,EDAS
95974,02,EDAS
95975,01,EDAS
95975,02,EDAS
95976,01,DAS
95976,02,DAS
95977,01,EDAS
95977,02,EDAS
95978,01,EDAS
95978,02,EDAS
95979,01,EDAS
95979,02,EDAS
95980,01,DAS
95980,02,DAS
95981,01,DAS
95981,02,DAS
95982,01,EDAS
95982,02,EDAS
95983,01,EDAS
95983,02,EDAS
95984,01,REM
95984,02,REM
95986,01,EDAS
95986,02,EDAS
95987,01,EDAS
95987,02,EDAS
95988,01,EDAS
95988,02,EDAS
96001,01,DAS
96001,02,DAS
96002,01,DAS
96002,02,DAS
96003,01,DAS
96003,02,DAS
96006,01,EDAS
96006,02,EDAS
96007,01,EDAS
96007,02,EDAS
96008,01,REM
96008,02,REM
96009,01,EDAS
96009,02,EDAS
96010,01,REM
96010,02,REM
96011,01,REM
96011,02,REM
96013,01,EDAS
96013,02,EDAS
96014,01,REM
96014,02,REM
96015,01,EDAS
96015,02,EDAS
96016,01,EDAS
96016,02,EDAS
96017,01,REM
96017,02,REM
96019,02,DAS
96020,01,EDAS
96020,02,EDAS
96021,01,EDAS
96021,02,EDAS
96022,01,REM
96022,02,REM
96023,01,REM
96023,02,REM
96024,01,REM
96024,02,REM
96025,01,EDAS
96025,02,EDAS
96027,01,EDAS
96027,02,EDAS
96028,01,EDAS
96028,02,EDAS
96029,01,EDAS
96029,02,EDAS
96031,01,REM
96031,02,REM
96032,01,EDAS
96032,02,EDAS
96033,01,EDAS
96033,02,EDAS
96034,01,REM
96034,02,REM
96035,01,EDAS
96035,02,EDAS
96037,01,EDAS
96037,02,EDAS
96038,01,EDAS
96038,02,EDAS
96039,01,REM
96039,02,REM
96040,01,EDAS
96040,02,EDAS
96041,01,EDAS
96041,02,EDAS
96044,01,REM
96044,02,REM
96046,01,EDAS
96046,02,EDAS
96047,01,REM
96047,02,REM
96048,01,REM
96048,02,REM
96050,01,REM
96050,02,REM
96051,01,REM
96051,02,REM
96052,01,EDAS
96052,02,EDAS
96053,01,EDAS
96053,02,EDAS
96054,01,EDAS
96054,02,EDAS
96055,01,EDAS
96055,02,EDAS
96056,01,REM
96056,02,REM
96057,01,EDAS
96057,02,EDAS
96058,01,REM
96058,02,REM
96059,01,REM
96059,02,REM
96061,01,REM
96061,02,REM
96062,01,EDAS
96062,02,EDAS
96063,01,EDAS
96063,02,EDAS
96064,01,REM
96064,02,REM
96065,01,REM
96065,02,REM
96067,01,EDAS
96067,02,EDAS
96068,01,EDAS
96068,02,EDAS
96069,01,EDAS
96069,02,EDAS
96070,01,REM
96070,02,REM
96071,01,EDAS
96071,02,EDAS
96073,01,DAS
96073,02,DAS
96075,01,REM
96075,02,REM
96076,01,REM
96076,02,REM
96080,01,EDAS
96080,02,EDAS
96084,01,EDAS
96084,02,EDAS
96085,01,REM
96085,02,REM
96086,01,REM
96086,02,REM
96087,01,DAS
96087,02,DAS
96088,01,EDAS
96088,02,EDAS
96090,01,EDAS
96090,02,EDAS
96091,01,REM
96091,02,REM
96092,01,DAS
96092,02,DAS
96093,01,EDAS
96093,02,EDAS
96094,01,EDAS
96094,02,EDAS
96095,01,DAS
96095,02,DAS
96096,01,EDAS
96096,02,EDAS
96097,01,REM
96097,02,REM
96101,01,REM
96101,02,REM
96103,01,EDAS
96103,02,EDAS
96104,01,REM
96104,02,REM
96105,01,REM
96105,02,REM
96106,01,EDAS
96106,02,EDAS
96107,01,EDAS
96107,02,EDAS
96108,01,EDAS
96108,02,EDAS
96109,01,EDAS
96109,02,EDAS
96110,01,EDAS
96110,02,EDAS
96111,01,EDAS
96111,02,EDAS
96112,01,REM
96112,02,REM
96113,01,EDAS
96113,02,EDAS
96114,01,REM
96114,02,REM
96115,01,REM
96115,02,REM
96116,01,REM
96116,02,REM
96117,01,REM
96117,02,REM
96118,01,EDAS
96118,02,EDAS
96119,01,REM
96119,02,REM
96120,01,EDAS
96120,02,EDAS
96121,01,EDAS
96121,02,EDAS
96122,01,EDAS
96122,02,EDAS
96123,01,REM
96123,02,REM
96124,01,EDAS
96124,02,EDAS
96125,01,EDAS
96125,02,EDAS
96126,01,EDAS
96126,02,EDAS
96127,01,REM
96127,02,REM
96128,01,EDAS
96128,02,EDAS
96129,01,EDAS
96129,02,EDAS
96130,01,EDAS
96130,02,EDAS
96132,01,REM
96132,02,REM
96133,01,EDAS
96133,02,EDAS
96134,01,EDAS
96134,02,EDAS
96135,01,EDAS
96135,02,EDAS
96136,01,REM
96136,02,REM
96137,01,EDAS
96137,02,EDAS
96140,01,EDAS
96140,02,EDAS
96141,01,EDAS
96141,02,EDAS
96142,01,REM
96142,02,REM
96143,01,EDAS
96143,02,EDAS
96145,01,EDAS
96145,02,EDAS
96146,01,DAS
96146,02,DAS
96148,01,DAS
96148,02,DAS
96150,01,DAS
96150,02,DAS
96151,01,DAS
96151,02,DAS
96154,01,DAS
96154,02,DAS
96155,02,DAS
96158,01,DAS
96158,02,DAS
96160,01,DAS
96160,02,DAS
96161,01,DAS
96161,02,DAS
96162,01,EDAS
96162,02,EDAS
97001,01,REM
97001,02,REM
97002,01,EDAS
97002,02,EDAS
97004,01,DAS
97004,02,DAS
97009,01,DAS
97009,02,DAS
97010,01,EDAS
97010,02,EDAS
97011,01,EDAS
97011,02,EDAS
97014,01,EDAS
97014,02,EDAS
97016,01,EDAS
97016,02,EDAS
97017,01,EDAS
97017,02,EDAS
97019,01,EDAS
97019,02,EDAS
97021,01,REM
97021,02,REM
97022,01,DAS
97022,02,DAS
97023,01,EDAS
97023,02,EDAS
97026,01,DAS
97026,02,DAS
97028,01,REM
97028,02,REM
97029,01,REM
97029,02,REM
97031,01,DAS
97031,02,DAS
97032,01,DAS
97032,02,DAS
97033,01,REM
97033,02,REM
97037,01,EDAS
97037,02,EDAS
97038,01,EDAS
97038,02,EDAS
97039,01,EDAS
97039,02,EDAS
97040,01,REM
97040,02,REM
97041,01,EDAS
97041,02,EDAS
97042,01,EDAS
97042,02,EDAS
97044,01,DAS
97044,02,DAS
97048,01,DAS
97048,02,DAS
97049,01,EDAS
97049,02,EDAS
97050,01,EDAS
97050,02,EDAS
97051,01,DAS
97051,02,DAS
97053,01,DAS
97053,02,DAS
97054,01,EDAS
97054,02,EDAS
97055,01,DAS
97055,02,DAS
97056,01,DAS
97056,02,DAS
97057,01,EDAS
97057,02,EDAS
97058,01,DAS
97058,02,DAS
97063,01,REM
97063,02,REM
97064,01,EDAS
97064,02,EDAS
97065,01,EDAS
97065,02,EDAS
97067,01,EDAS
97067,02,EDAS
97089,01,DAS
97089,02,DAS
97101,01,EDAS
97101,02,EDAS
97102,01,EDAS
97102,02,EDAS
97103,01,EDAS
97103,02,EDAS
97106,01,EDAS
97106,02,EDAS
97107,01,EDAS
97107,02,EDAS
97108,01,EDAS
97108,02,EDAS
97109,01,EDAS
97109,02,EDAS
97110,01,EDAS
97110,02,EDAS
97111,01,EDAS
97111,02,EDAS
97112,01,EDAS
97112,02,EDAS
97113,01,DAS
97113,02,DAS
97114,01,EDAS
97114,02,EDAS
97115,01,DAS
97115,02,DAS
97116,01,DAS
97116,02,DAS
97117,01,EDAS
97117,02,EDAS
97118,01,REM
97118,02,REM
97119,01,EDAS
97119,02,EDAS
97121,01,EDAS
97121,02,EDAS
97122,01,EDAS
97122,02,EDAS
97125,01,REM
97125,02,REM
97130,01,EDAS
97130,02,EDAS
97131,01,EDAS
97131,02,EDAS
97133,01,EDAS
97133,02,EDAS
97134,01,DAS
97134,02,DAS
97135,01,EDAS
97135,02,EDAS
97136,01,EDAS
97136,02,EDAS
97137,01,DAS
97137,02,DAS
97138,01,DAS
97138,02,DAS
97141,01,EDAS
97141,02,EDAS
97143,01,REM
97143,02,REM
97144,01,EDAS
97144,02,EDAS
97145,01,DAS
97145,02,EDAS
97146,01,DAS
97146,02,DAS
97147,01,EDAS
97147,02,EDAS
97148,01,EDAS
97148,02,EDAS
97149,01,EDAS
97149,02,EDAS
97231,01,EDAS
97231,02,EDAS
97299,01,DAS
97299,02,DAS
97301,01,DAS
97301,02,DAS
97302,01,DAS
97302,02,DAS
97303,01,DAS
97303,02,DAS
97304,01,DAS
97304,02,DAS
97305,01,DAS
97305,02,DAS
97306,01,DAS
97306,02,DAS
97317,01,DAS
97317,02,DAS
97321,01,DAS
97321,02,DAS
97322,01,DAS
97322,02,DAS
97324,01,REM
97324,02,REM
97325,01,EDAS
97325,02,EDAS
97326,01,REM
97326,02,REM
97327,01,EDAS
97327,02,EDAS
97329,01,REM
97329,02,REM
97330,01,DAS
97330,02,DAS
97331,02,DAS
97333,01,DAS
97333,02,DAS
97335,01,DAS
97335,02,DAS
97336,01,EDAS
97336,02,EDAS
97338,01,EDAS
97338,02,EDAS
97339,01,DAS
97339,02,DAS
97341,01,DAS
97341,02,DAS
97342,01,REM
97342,02,REM
97343,01,REM
97343,02,REM
97344,01,EDAS
97344,02,EDAS
97345,01,REM
97345,02,REM
97346,01,REM
97346,02,REM
97347,01,EDAS
97347,02,EDAS
97348,01,EDAS
97348,02,EDAS
97350,01,EDAS
97350,02,EDAS
97351,01,DAS
97351,02,DAS
97352,01,EDAS
97352,02,EDAS
97355,01,EDAS
97355,02,EDAS
97357,01,REM
97357,02,REM
97358,01,EDAS
97358,02,EDAS
97360,01,EDAS
97360,02,EDAS
97361,01,DAS
97361,02,DAS
97364,01,DAS
97364,02,DAS
97366,01,DAS
97366,02,DAS
97367,02,DAS
97368,01,EDAS
97368,02,EDAS
97369,01,DAS
97369,02,DAS
97370,01,EDAS
97370,02,EDAS
97371,01,EDAS
97371,02,EDAS
97374,01,EDAS
97374,02,EDAS
97375,01,REM
97375,02,EDAS
97376,01,EDAS
97376,02,EDAS
97377,01,EDAS
97377,02,EDAS
97378,01,EDAS
97378,02,EDAS
97380,01,EDAS
97380,02,EDAS
97381,01,EDAS
97381,02,EDAS
97383,01,EDAS
97383,02,EDAS
97384,01,DAS
97384,02,DAS
97385,01,DAS
97385,02,DAS
97386,01,EDAS
97386,02,EDAS
97388,01,EDAS
97388,02,EDAS
97389,01,DAS
97389,02,DAS
97390,01,REM
97390,02,REM
97391,01,EDAS
97391,02,EDAS
97392,01,EDAS
97392,02,EDAS
97394,01,EDAS
97394,02,EDAS
97396,01,EDAS
97396,02,EDAS
97401,01,DAS
97401,02,DAS
97402,01,DAS
97402,02,DAS
97403,02,DAS
97404,01,DAS
97404,02,DAS
97405,01,DAS
97405,02,DAS
97406,01,REM
97406,02,REM
97408,01,DAS
97408,02,DAS
97409,01,DAS
97409,02,DAS
97410,01,EDAS
97410,02,EDAS
97411,01,EDAS
97411,02,EDAS
97412,01,EDAS
97412,02,EDAS
97413,01,EDAS
97413,02,EDAS
97414,01,EDAS
97414,02,EDAS
97415,01,EDAS
97415,02,EDAS
97416,01,EDAS
97416,02,EDAS
97417,01,EDAS
97417,02,EDAS
97419,01,EDAS
97419,02,EDAS
97420,01,EDAS
97420,02,EDAS
97423,01,EDAS
97423,02,EDAS
97424,01,REM
97424,02,REM
97425,01,EDAS
97425,02,EDAS
97426,01,EDAS
97426,02,EDAS
97427,01,EDAS
97427,02,EDAS
97429,01,REM
97429,02,REM
97430,01,EDAS
97430,02,EDAS
97431,01,EDAS
97431,02,EDAS
97432,01,DAS
97432,02,DAS
97434,01,EDAS
97434,02,EDAS
97435,01,EDAS
97435,02,EDAS
97436,01,EDAS
97436,02,EDAS
97437,01,EDAS
97437,02,EDAS
97438,01,EDAS
97438,02,EDAS
97439,01,EDAS
97439,02,EDAS
97441,01,EDAS
97441,02,EDAS
97442,01,EDAS
97442,02,EDAS
97443,01,EDAS
97443,02,EDAS
97444,01,REM
97444,02,REM
97446,01,EDAS
97446,02,EDAS
97447,01,REM
97447,02,REM
97448,01,EDAS
97448,02,EDAS
97449,01,EDAS
97449,02,EDAS
97450,01,EDAS
97450,02,EDAS
97451,01,REM
97451,02,REM
97452,01,EDAS
97452,02,EDAS
97453,01,EDAS
97453,02,EDAS
97454,01,EDAS
97454,02,EDAS
97455,01,DAS
97455,02,DAS
97456,01,EDAS
97456,02,EDAS
97457,01,REM
97457,02,REM
97458,01,EDAS
97458,02,EDAS
97459,01,DAS
97459,02,DAS
97461,01,EDAS
97461,02,EDAS
97462,01,EDAS
97462,02,EDAS
97463,01,EDAS
97463,02,EDAS
97464,01,EDAS
97464,02,EDAS
97465,01,EDAS
97465,02,EDAS
97466,01,EDAS
97466,02,EDAS
97467,01,REM
97467,02,REM
97469,01,EDAS
97469,02,EDAS
97470,01,DAS
97470,02,DAS
97471,01,EDAS
97471,02,EDAS
97472,01,DAS
97472,02,DAS
97473,01,EDAS
97473,02,EDAS
97476,01,REM
97476,02,REM
97477,01,DAS
97477,02,DAS
97478,01,DAS
97478,02,DAS
97479,01,EDAS
97479,02,EDAS
97480,01,EDAS
97480,02,EDAS
97481,01,EDAS
97481,02,EDAS
97484,01,EDAS
97484,02,EDAS
97486,01,EDAS
97486,02,EDAS
97487,01,REM
97487,02,REM
97488,01,EDAS
97488,02,EDAS
97489,01,EDAS
97489,02,EDAS
97490,01,EDAS
97490,02,EDAS
97491,01,EDAS
97491,02,EDAS
97492,01,EDAS
97492,02,EDAS
97493,01,REM
97493,02,REM
97494,01,EDAS
97494,02,EDAS
97495,01,EDAS
97495,02,EDAS
97496,01,EDAS
97496,02,EDAS
97497,01,EDAS
97497,02,EDAS
97498,01,EDAS
97498,02,EDAS
97499,01,EDAS
97499,02,EDAS
97501,01,DAS
97501,02,DAS
97502,01,DAS
97502,02,DAS
97504,01,DAS
97504,02,DAS
97520,01,DAS
97520,02,DAS
97522,01,EDAS
97522,02,EDAS
97523,01,REM
97523,02,REM
97524,01,EDAS
97524,02,EDAS
97525,01,EDAS
97525,02,EDAS
97526,01,DAS
97526,02,DAS
97527,01,EDAS
97527,02,EDAS
97530,01,REM
97530,02,REM
97531,01,EDAS
97531,02,EDAS
97532,01,EDAS
97532,02,EDAS
97533,01,DAS
97533,02,DAS
97534,01,REM
97534,02,REM
97536,01,EDAS
97536,02,EDAS
97537,01,EDAS
97537,02,EDAS
97538,01,REM
97538,02,REM
97539,01,EDAS
97539,02,EDAS
97540,01,DAS
97540,02,DAS
97541,01,REM
97541,02,REM
97543,01,REM
97543,02,REM
97544,01,EDAS
97544,02,EDAS
97601,01,DAS
97601,02,DAS
97603,01,EDAS
97603,02,EDAS
97604,01,DAS
97604,02,DAS
97620,01,EDAS
97620,02,EDAS
97621,01,REM
97621,02,REM
97622,01,REM
97622,02,REM
97623,01,REM
97623,02,REM
97624,01,REM
97624,02,REM
97625,01,REM
97625,02,REM
97626,01,REM
97626,02,REM
97627,01,EDAS
97627,02,EDAS
97630,01,REM
97630,02,REM
97632,01,EDAS
97632,02,EDAS
97633,01,EDAS
97633,02,EDAS
97634,01,REM
97634,02,REM
97635,01,EDAS
97635,02,EDAS
97636,01,EDAS
97636,02,EDAS
97637,01,EDAS
97637,02,EDAS
97638,01,REM
97638,02,REM
97639,01,REM
97639,02,REM
97640,01,EDAS
97640,02,EDAS
97641,01,EDAS
97641,02,EDAS
97701,01,DAS
97701,02,DAS
97702,01,DAS
97702,02,DAS
97703,01,DAS
97703,02,DAS
97707,01,DAS
97707,02,DAS
97710,01,REM
97710,02,REM
97711,01,EDAS
97711,02,EDAS
97712,01,REM
97712,02,REM
97720,01,REM
97720,02,REM
97721,01,REM
97721,02,REM
97722,01,REM
97722,02,REM
97730,01,EDAS
97730,02,EDAS
97731,01,EDAS
97731,02,EDAS
97732,01,REM
97732,02,REM
97733,01,REM
97733,02,REM
97734,01,EDAS
97734,02,EDAS
97735,01,REM
97735,02,REM
97736,01,REM
97736,02,REM
97737,01,EDAS
97737,02,EDAS
97738,01,EDAS
97738,02,EDAS
97739,01,EDAS
97739,02,EDAS
97740,01,EDAS
97740,02,EDAS
97741,01,REM
97741,02,REM
97750,01,REM
97750,02,REM
97751,01,REM
97751,02,REM
97752,01,REM
97752,02,REM
97753,01,EDAS
97753,02,EDAS
97754,01,REM
97754,02,REM
97756,01,DAS
97756,02,DAS
97758,01,REM
97758,02,REM
97759,01,EDAS
97759,02,EDAS
97760,01,EDAS
97760,02,EDAS
97761,01,REM
97761,02,REM
97801,01,DAS
97801,02,DAS
97810,01,EDAS
97810,02,EDAS
97812,01,EDAS
97812,02,EDAS
97813,01,REM
97813,02,REM
97814,01,EDAS
97814,02,EDAS
97817,01,REM
97817,02,REM
97818,01,EDAS
97818,02,EDAS
97819,01,REM
97819,02,REM
97820,01,EDAS
97820,02,EDAS
97823,01,REM
97823,02,REM
97824,01,REM
97824,02,REM
97825,01,REM
97825,02,REM
97826,01,EDAS
97826,02,EDAS
97827,01,EDAS
97827,02,EDAS
97828,01,EDAS
97828,02,EDAS
97830,01,REM
97830,02,REM
97831,01,EDAS
97831,02,EDAS
97833,01,EDAS
97833,02,EDAS
97834,01,REM
97834,02,REM
97835,01,EDAS
97835,02,EDAS
97836,01,EDAS
97836,02,EDAS
97837,01,REM
97837,02,REM
97838,01,DAS
97838,02,DAS
97839,01,EDAS
97839,02,EDAS
97840,01,EDAS
97840,02,EDAS
97841,01,EDAS
97841,02,EDAS
97842,01,REM
97842,02,REM
97843,01,EDAS
97843,02,EDAS
97844,01,EDAS
97844,02,EDAS
97845,01,EDAS
97845,02,EDAS
97846,01,EDAS
97846,02,EDAS
97848,01,REM
97848,02,REM
97850,01,DAS
97850,02,DAS
97856,01,REM
97856,02,REM
97857,01,EDAS
97857,02,EDAS
97859,01,REM
97859,02,REM
97861,01,EDAS
97861,02,EDAS
97862,01,EDAS
97862,02,EDAS
97864,01,REM
97864,02,REM
97865,01,EDAS
97865,02,EDAS
97867,01,EDAS
97867,02,EDAS
97868,01,REM
97868,02,REM
97869,01,EDAS
97869,02,EDAS
97870,01,EDAS
97870,02,EDAS
97873,01,EDAS
97873,02,EDAS
97874,01,REM
97874,02,REM
97875,01,EDAS
97875,02,EDAS
97876,01,EDAS
97876,02,EDAS
97877,01,EDAS
97877,02,EDAS
97880,01,REM
97880,02,REM
97882,01,DAS
97882,02,DAS
97883,01,REM
97883,02,REM
97884,01,REM
97884,02,REM
97885,01,EDAS
97885,02,EDAS
97886,01,EDAS
97886,02,EDAS
97901,01,EDAS
97901,02,EDAS
97902,01,DAS
97902,02,DAS
97903,01,EDAS
97903,02,EDAS
97904,01,REM
97904,02,REM
97905,01,REM
97905,02,REM
97906,01,EDAS
97906,02,EDAS
97907,01,EDAS
97907,02,EDAS
97908,01,REM
97908,02,REM
97909,01,EDAS
97909,02,EDAS
97910,01,REM
97910,02,REM
97911,01,REM
97911,02,REM
97913,01,EDAS
97913,02,EDAS
97914,01,DAS
97914,02,DAS
97917,01,DAS
97917,02,DAS
97918,01,EDAS
97918,02,EDAS
97920,01,REM
97920,02,REM
98010,01,DAS
98010,02,DAS
98013,01,REM
98013,02,REM
98014,01,EDAS
98014,02,EDAS
98019,01,EDAS
98019,02,EDAS
98022,01,EDAS
98022,02,EDAS
98024,01,EDAS
98024,02,EDAS
98025,01,DAS
98025,02,DAS
98038,01,DAS
98038,02,DAS
98045,01,DAS
98045,02,DAS
98051,01,EDAS
98051,02,EDAS
98065,01,DAS
98065,02,DAS
98068,01,EDAS
98068,02,EDAS
98070,01,REM
98070,02,REM
98077,01,DAS
98077,02,DAS
98092,01,DAS
98092,02,DAS
98110,01,DAS
98220,01,EDAS
98220,02,EDAS
98222,01,REM
98222,02,REM
98223,01,DAS
98223,02,DAS
98224,01,REM
98224,02,REM
98225,01,DAS
98225,02,DAS
98226,01,DAS
98226,02,DAS
98229,01,DAS
98229,02,DAS
98232,01,DAS
98232,02,DAS
98236,01,REM
98236,02,REM
98237,01,EDAS
98237,02,EDAS
98238,01,DAS
98238,02,DAS
98239,01,DAS
98239,02,DAS
98240,01,DAS
98240,02,DAS
98241,01,EDAS
98241,02,EDAS
98243,01,REM
98243,02,REM
98244,01,EDAS
98244,02,EDAS
98245,01,REM
98245,02,REM
98247,01,EDAS
98247,02,EDAS
98248,01,DAS
98248,02,DAS
98249,01,REM
98249,02,REM
98250,01,REM
98250,02,REM
98251,01,EDAS
98251,02,EDAS
98252,01,EDAS
98252,02,EDAS
98253,01,REM
98253,02,REM
98255,01,DAS
98255,02,DAS
98256,01,EDAS
98256,02,EDAS
98257,01,DAS
98257,02,DAS
98259,01,EDAS
98259,02,EDAS
98260,01,REM
98260,02,REM
98261,01,REM
98261,02,REM
98262,01,REM
98262,02,REM
98263,02,DAS
98264,01,DAS
98264,02,DAS
98266,01,EDAS
98266,02,EDAS
98267,01,EDAS
98267,02,EDAS
98272,01,DAS
98272,02,DAS
98274,01,DAS
98274,02,DAS
98276,01,DAS
98276,02,DAS
98277,01,DAS
98277,02,DAS
98279,01,REM
98279,02,REM
98280,01,REM
98280,02,REM
98281,01,REM
98281,02,REM
98282,01,DAS
98282,02,DAS
98283,01,REM
98283,02,REM
98284,01,EDAS
98284,02,EDAS
98286,01,REM
98286,02,REM
98287,01,DAS
98287,02,EDAS
98288,01,EDAS
98288,02,EDAS
98290,01,DAS
98290,02,DAS
98291,01,DAS
98291,02,DAS
98292,01,DAS
98292,02,DAS
98293,01,REM
98293,02,REM
98294,01,EDAS
98294,02,EDAS
98295,01,EDAS
98295,02,EDAS
98296,01,DAS
98296,02,DAS
98297,01,REM
98297,02,REM
98303,01,REM
98303,02,REM
98304,01,EDAS
98304,02,EDAS
98305,01,EDAS
98305,02,EDAS
98312,01,DAS
98312,02,DAS
98320,01,EDAS
98320,02,EDAS
98321,01,DAS
98321,02,DAS
98322,01,DAS
98322,02,DAS
98323,01,EDAS
98323,02,EDAS
98325,01,DAS
98325,02,DAS
98326,01,REM
98326,02,REM
98328,01,EDAS
98328,02,EDAS
98329,01,EDAS
98329,02,EDAS
98330,01,REM
98330,02,REM
98331,01,EDAS
98331,02,EDAS
98333,01,DAS
98333,02,DAS
98336,01,EDAS
98336,02,EDAS
98338,01,EDAS
98338,02,EDAS
98339,01,EDAS
98339,02,EDAS
98340,01,EDAS
98340,02,EDAS
98342,01,DAS
98342,02,DAS
98343,01,DAS
98343,02,DAS
98344,01,DAS
98344,02,DAS
98346,01,DAS
98346,02,DAS
98348,01,EDAS
98348,02,EDAS
98349,01,EDAS
98349,02,EDAS
98350,01,EDAS
98350,02,EDAS
98351,01,REM
98351,02,EDAS
98355,01,EDAS
98355,02,EDAS
98356,01,EDAS
98356,02,EDAS
98357,01,EDAS
98357,02,EDAS
98358,01,EDAS
98358,02,EDAS
98359,01,DAS
98359,02,DAS
98360,01,EDAS
98360,02,EDAS
98361,01,REM
98361,02,REM
98362,01,DAS
98362,02,DAS
98363,01,EDAS
98363,02,EDAS
98364,01,EDAS
98364,02,EDAS
98365,01,EDAS
98365,02,EDAS
98367,01,DAS
98367,02,DAS
98368,01,DAS
98368,02,DAS
98370,01,DAS
98370,02,DAS
98376,01,EDAS
98376,02,EDAS
98377,01,EDAS
98377,02,EDAS
98380,01,EDAS
98380,02,EDAS
98381,01,REM
98381,02,REM
98382,01,EDAS
98382,02,EDAS
98385,01,DAS
98385,02,DAS
98392,01,DAS
98392,02,DAS
98394,01,EDAS
98394,02,EDAS
98395,02,DAS
98396,01,EDAS
98396,02,EDAS
98397,01,EDAS
98397,02,EDAS
98439,01,DAS
98439,02,DAS
98446,01,DAS
98506,01,DAS
98506,02,DAS
98512,01,DAS
98512,02,DAS
98513,01,DAS
98513,02,DAS
98520,01,DAS
98520,02,DAS
98522,01,DAS
98522,02,DAS
98524,01,DAS
98524,02,DAS
98526,01,REM
98526,02,REM
98527,01,EDAS
98527,02,EDAS
98528,01,DAS
98528,02,DAS
98530,01,EDAS
98530,02,EDAS
98531,01,DAS
98531,02,DAS
98532,01,DAS
98532,02,DAS
98533,01,EDAS
98533,02,EDAS
98535,01,EDAS
98535,02,EDAS
98536,01,EDAS
98536,02,EDAS
98537,01,EDAS
98537,02,EDAS
98538,01,EDAS
98538,02,EDAS
98539,01,REM
98539,02,REM
98541,01,EDAS
98541,02,EDAS
98542,01,EDAS
98542,02,EDAS
98546,01,EDAS
98546,02,EDAS
98547,01,EDAS
98547,02,EDAS
98548,01,EDAS
98548,02,EDAS
98550,01,EDAS
98550,02,EDAS
98552,01,REM
98552,02,REM
98554,01,EDAS
98554,02,EDAS
98555,01,EDAS
98555,02,EDAS
98557,01,EDAS
98557,02,EDAS
98558,01,DAS
98558,02,DAS
98559,01,REM
98559,02,REM
98560,01,REM
98560,02,REM
98561,01,DAS
98561,02,EDAS
98562,01,EDAS
98562,02,EDAS
98563,01,EDAS
98563,02,EDAS
98564,01,EDAS
98564,02,EDAS
98565,01,EDAS
98565,02,EDAS
98566,01,EDAS
98566,02,EDAS
98568,01,EDAS
98568,02,EDAS
98569,01,DAS
98569,02,DAS
98570,01,EDAS
98570,02,EDAS
98571,01,EDAS
98571,02,EDAS
98572,01,EDAS
98572,02,EDAS
98575,01,REM
98575,02,REM
98576,01,EDAS
98576,02,EDAS
98577,01,EDAS
98577,02,EDAS
98579,01,EDAS
98579,02,EDAS
98580,01,REM
98580,02,REM
98581,01,EDAS
98581,02,EDAS
98582,01,EDAS
98582,02,EDAS
98583,01,REM
98583,02,REM
98584,01,DAS
98584,02,DAS
98585,01,EDAS
98585,02,EDAS
98586,01,EDAS
98586,02,EDAS
98587,01,EDAS
98587,02,EDAS
98588,01,EDAS
98588,02,EDAS
98589,01,EDAS
98589,02,EDAS
98590,01,EDAS
98590,02,EDAS
98591,01,EDAS
98591,02,EDAS
98592,01,EDAS
98592,02,EDAS
98593,01,EDAS
98593,02,EDAS
98595,01,EDAS
98595,02,EDAS
98596,01,EDAS
98596,02,EDAS
98597,01,EDAS
98597,02,EDAS
98601,01,EDAS
98601,02,EDAS
98602,01,REM
98602,02,REM
98603,01,EDAS
98603,02,EDAS
98604,01,DAS
98604,02,DAS
98605,01,DAS
98605,02,DAS
98606,01,EDAS
98606,02,DAS
98609,01,DAS
98609,02,DAS
98610,01,EDAS
98610,02,EDAS
98611,01,EDAS
98611,02,EDAS
98612,01,EDAS
98612,02,EDAS
98613,01,EDAS
98613,02,EDAS
98614,01,EDAS
98614,02,EDAS
98616,01,EDAS
98616,02,EDAS
98617,01,EDAS
98617,02,EDAS
98619,01,EDAS
98619,02,EDAS
98620,01,EDAS
98620,02,EDAS
98621,01,REM
98621,02,REM
98622,01,DAS
98622,02,DAS
98623,01,DAS
98623,02,DAS
98624,01,EDAS
98624,02,EDAS
98625,01,EDAS
98625,02,EDAS
98626,01,DAS
98626,02,DAS
98628,01,EDAS
98628,02,EDAS
98629,01,EDAS
98629,02,EDAS
98631,01,EDAS
98631,02,EDAS
98635,01,EDAS
98635,02,EDAS
98637,01,EDAS
98637,02,EDAS
98638,01,EDAS
98638,02,EDAS
98639,01,EDAS
98639,02,EDAS
98640,01,REM
98640,02,REM
98641,01,EDAS
98641,02,EDAS
98642,01,DAS
98642,02,DAS
98643,01,REM
98643,02,REM
98644,01,EDAS
98644,02,EDAS
98645,01,EDAS
98645,02,EDAS
98647,01,EDAS
98647,02,EDAS
98648,01,EDAS
98648,02,EDAS
98649,01,EDAS
98649,02,EDAS
98650,01,REM
98650,02,REM
98651,01,EDAS
98651,02,EDAS
98670,01,EDAS
98670,02,EDAS
98671,01,DAS
98671,02,DAS
98672,01,EDAS
98672,02,EDAS
98673,01,EDAS
98673,02,EDAS
98674,01,DAS
98674,02,DAS
98675,01,EDAS
98675,02,EDAS
98802,01,DAS
98802,02,DAS
98811,01,EDAS
98811,02,EDAS
98812,01,EDAS
98812,02,EDAS
98813,01,EDAS
98813,02,EDAS
98814,01,EDAS
98814,02,EDAS
98815,01,EDAS
98815,02,EDAS
98816,01,EDAS
98816,02,EDAS
98817,01,REM
98817,02,REM
98819,01,EDAS
98819,02,EDAS
98821,01,EDAS
98821,02,EDAS
98822,01,EDAS
98822,02,EDAS
98823,01,DAS
98823,02,DAS
98824,02,DAS
98826,01,EDAS
98826,02,EDAS
98827,01,EDAS
98827,02,EDAS
98828,01,DAS
98828,02,DAS
98829,01,EDAS
98829,02,EDAS
98830,01,REM
98830,02,REM
98831,01,EDAS
98831,02,EDAS
98832,01,REM
98832,02,REM
98833,01,EDAS
98833,02,EDAS
98834,01,REM
98834,02,REM
98836,01,EDAS
98836,02,EDAS
98837,01,DAS
98837,02,DAS
98840,01,EDAS
98840,02,EDAS
98841,01,DAS
98841,02,DAS
98843,01,EDAS
98843,02,EDAS
98844,01,DAS
98844,02,DAS
98845,01,REM
98845,02,REM
98846,01,EDAS
98846,02,EDAS
98847,01,EDAS
98847,02,EDAS
98848,01,DAS
98848,02,DAS
98849,01,EDAS
98849,02,EDAS
98850,01,DAS
98850,02,DAS
98851,01,EDAS
98851,02,EDAS
98852,01,EDAS
98852,02,EDAS
98853,01,REM
98853,02,REM
98855,01,EDAS
98855,02,EDAS
98856,01,EDAS
98856,02,EDAS
98857,01,EDAS
98857,02,EDAS
98858,01,EDAS
98858,02,EDAS
98859,01,REM
98859,02,REM
98860,01,EDAS
98860,02,EDAS
98862,01,EDAS
98862,02,EDAS
98920,01,DAS
98920,02,DAS
98921,01,REM
98921,02,REM
98922,01,EDAS
98922,02,EDAS
98923,01,DAS
98923,02,DAS
98925,01,REM
98925,02,REM
98926,01,EDAS
98926,02,EDAS
98929,01,REM
98929,02,REM
98930,01,EDAS
98930,02,EDAS
98932,01,EDAS
98932,02,EDAS
98933,01,EDAS
98933,02,EDAS
98934,01,DAS
98934,02,DAS
98935,01,EDAS
98935,02,EDAS
98936,01,EDAS
98936,02,EDAS
98937,01,EDAS
98937,02,EDAS
98938,01,EDAS
98938,02,EDAS
98939,01,DAS
98939,02,DAS
98940,01,EDAS
98940,02,EDAS
98941,01,EDAS
98941,02,EDAS
98942,01,DAS
98942,02,DAS
98943,01,EDAS
98943,02,EDAS
98944,01,DAS
98944,02,DAS
98946,01,EDAS
98946,02,EDAS
98947,01,EDAS
98947,02,EDAS
98948,01,EDAS
98948,02,EDAS
98950,01,EDAS
98950,02,EDAS
98951,01,DAS
98951,02,DAS
98952,01,EDAS
98952,02,EDAS
98953,01,DAS
98953,02,DAS
99003,01,EDAS
99003,02,EDAS
99004,01,EDAS
99004,02,EDAS
99005,01,DAS
99005,02,DAS
99006,01,EDAS
99006,02,EDAS
99008,01,EDAS
99008,02,EDAS
99009,01,REM
99009,02,REM
99012,01,EDAS
99012,02,EDAS
99013,01,REM
99013,02,REM
99014,01,DAS
99014,02,DAS
99015,01,EDAS
99015,02,EDAS
99017,01,REM
99017,02,REM
99018,01,REM
99018,02,REM
99020,01,DAS
99020,02,DAS
99021,01,DAS
99021,02,DAS
99022,01,DAS
99022,02,DAS
99023,01,EDAS
99023,02,EDAS
99025,01,DAS
99025,02,DAS
99026,01,EDAS
99026,02,EDAS
99029,01,REM
99029,02,REM
99030,01,REM
99030,02,REM
99031,01,EDAS
99031,02,EDAS
99032,01,REM
99032,02,REM
99033,01,EDAS
99033,02,EDAS
99034,01,EDAS
99034,02,EDAS
99036,01,EDAS
99036,02,EDAS
99039,01,EDAS
99039,02,EDAS
99040,01,REM
99040,02,REM
99101,01,EDAS
99101,02,EDAS
99102,01,EDAS
99102,02,EDAS
99103,01,EDAS
99103,02,EDAS
99105,01,REM
99105,02,REM
99107,01,EDAS
99107,02,EDAS
99109,01,EDAS
99109,02,EDAS
99110,01,EDAS
99110,02,EDAS
99111,01,EDAS
99111,02,EDAS
99113,01,EDAS
99113,02,EDAS
99114,01,EDAS
99114,02,EDAS
99115,01,REM
99115,02,REM
99116,01,REM
99116,02,REM
99117,01,REM
99117,02,REM
99118,01,EDAS
99118,02,EDAS
99119,01,REM
99119,02,REM
99121,01,DAS
99121,02,DAS
99122,01,REM
99122,02,REM
99123,01,REM
99123,02,REM
99124,01,REM
99124,02,REM
99125,01,EDAS
99125,02,EDAS
99126,01,EDAS
99126,02,EDAS
99127,01,EDAS
99127,02,EDAS
99128,01,EDAS
99128,02,EDAS
99129,01,REM
99129,02,REM
99130,01,REM
99130,02,REM
99131,01,REM
99131,02,REM
99133,01,EDAS
99133,02,EDAS
99134,01,REM
99134,02,REM
99135,01,EDAS
99135,02,EDAS
99136,01,REM
99136,02,REM
99137,01,REM
99137,02,REM
99138,01,REM
99138,02,REM
99139,01,EDAS
99139,02,EDAS
99140,01,REM
99141,01,EDAS
99141,02,EDAS
99143,01,REM
99144,01,REM
99146,01,EDAS
99146,02,EDAS
99147,01,EDAS
99147,02,EDAS
99148,01,EDAS
99148,02,EDAS
99149,01,EDAS
99149,02,EDAS
99150,01,EDAS
99150,02,EDAS
99151,01,EDAS
99151,02,EDAS
99152,01,EDAS
99152,02,EDAS
99153,01,REM
99154,01,EDAS
99154,02,EDAS
99155,01,EDAS
99155,02,EDAS
99156,01,EDAS
99156,02,EDAS
99157,01,REM
99158,01,REM
99159,01,EDAS
99159,02,EDAS
99160,01,DAS
99160,02,DAS
99161,01,EDAS
99161,02,EDAS
99166,01,EDAS
99166,02,EDAS
99167,01,EDAS
99167,02,EDAS
99169,01,EDAS
99169,02,EDAS
99170,01,EDAS
99170,02,EDAS
99171,01,EDAS
99171,02,EDAS
99173,01,EDAS
99173,02,EDAS
99174,01,DAS
99174,02,DAS
99176,01,REM
99179,01,EDAS
99179,02,EDAS
99180,01,EDAS
99180,02,EDAS
99181,01,EDAS
99181,02,EDAS
99185,01,EDAS
99185,02,EDAS
99320,01,EDAS
99320,02,EDAS
99321,01,EDAS
99321,02,EDAS
99322,01,REM
99323,01,DAS
99323,02,DAS
99326,01,EDAS
99326,02,EDAS
99328,01,EDAS
99328,02,EDAS
99329,01,EDAS
99329,02,EDAS
99330,01,EDAS
99330,02,EDAS
99332,01,EDAS
99332,02,EDAS
99333,01,REM
99335,01,EDAS
99335,02,EDAS
99338,01,DAS
99338,02,DAS
99341,01,EDAS
99341,02,EDAS
99343,01,EDAS
99343,02,EDAS
99344,01,EDAS
99344,02,EDAS
99345,01,EDAS
99345,02,EDAS
99346,01,EDAS
99346,02,EDAS
99347,01,EDAS
99347,02,EDAS
99348,01,EDAS
99348,02,EDAS
99349,01,EDAS
99349,02,EDAS
99350,01,EDAS
99350,02,EDAS
99356,01,REM
99357,01,EDAS
99357,02,EDAS
99359,01,EDAS
99359,02,EDAS
99360,01,EDAS
99360,02,EDAS
99361,01,EDAS
99361,02,EDAS
99362,01,DAS
99362,02,DAS
99363,01,DAS
99363,02,DAS
99371,01,EDAS
99371,02,EDAS
99401,01,REM
99402,01,EDAS
99402,02,EDAS
02111,02,DAS
02113,02,DAS
02114,02,DAS
02116,02,DAS
04401,02,DAS
04412,02,DAS
04429,02,EDAS
04619,02,EDAS
04730,02,EDAS
04736,02,EDAS
04769,02,DAS
04953,02,EDAS
04967,02,EDAS
04976,02,EDAS
16801,02,DAS
16803,02,DAS