carrier_service_code,zone,billable_weight,net_rate
0101,2,1,8.74
0101,2,2,8.74
0101,2,3,8.74
0101,2,4,8.74
0101,2,5,8.74
0101,2,6,8.74
0101,2,7,8.74
0101,2,8,8.84
0101,2,9,9.07
0101,2,10,9.31
0101,2,11,9.67
0101,2,12,10.02
0101,2,13,10.38
0101,2,14,10.73
0101,2,15,11.09
0101,2,16,11.44
0101,2,17,11.8
0101,2,18,12.16
0101,2,19,12.51
0101,2,20,12.87
0101,2,21,13.22
0101,2,22,13.58
0101,2,23,13.93
0101,2,24,14.29
0101,2,25,14.65
0101,2,26,15.0
0101,2,27,15.36
0101,2,28,15.71
0101,2,29,16.07
0101,2,30,16.42
0101,2,31,16.84
0101,2,32,17.26
0101,2,33,17.68
0101,2,34,18.1
0101,2,35,18.51
0101,2,36,18.93
0101,2,37,19.35
0101,2,38,19.77
0101,2,39,20.19
0101,2,40,20.6
0101,2,41,21.02
0101,2,42,21.44
0101,2,43,21.86
0101,2,44,22.28
0101,2,45,22.69
0101,2,46,23.11
0101,2,47,23.53
0101,2,48,23.95
0101,2,49,24.37
0101,2,50,24.78
0101,2,51,25.2
0101,2,52,25.62
0101,2,53,26.04
0101,2,54,26.46
0101,2,55,26.88
0101,2,56,27.29
0101,2,57,27.71
0101,2,58,28.13
0101,2,59,28.55
0101,2,60,28.97
0101,2,61,29.39
0101,2,62,29.8
0101,2,63,30.22
0101,2,64,30.64
0101,2,65,31.06
0101,2,66,31.48
0101,2,67,31.89
0101,2,68,32.31
0101,2,69,32.73
0101,2,70,33.15
0101,2,71,33.71
0101,2,72,34.27
0101,2,73,34.83
0101,2,74,35.39
0101,2,75,35.96
0101,2,76,36.52
0101,2,77,37.08
0101,2,78,37.64
0101,2,79,38.2
0101,2,80,38.76
0101,2,81,39.32
0101,2,82,39.88
0101,2,83,40.45
0101,2,84,41.01
0101,2,85,41.57
0101,2,86,42.13
0101,2,87,42.7
0101,2,88,43.26
0101,2,89,43.81
0101,2,90,44.37
0101,2,91,44.94
0101,2,92,45.5
0101,2,93,46.07
0101,2,94,46.62
0101,2,95,47.18
0101,2,96,47.75
0101,2,97,48.31
0101,2,98,48.87
0101,2,99,49.44
0101,2,100,50.0
0101,2,101,50.55
0101,2,102,51.12
0101,2,103,51.68
0101,2,104,52.24
0101,2,105,52.8
0101,2,106,53.37
0101,2,107,53.92
0101,2,108,54.49
0101,2,109,55.05
0101,2,110,55.62
0101,2,111,56.18
0101,2,112,56.73
0101,2,113,57.3
0101,2,114,57.85
0101,2,115,58.42
0101,2,116,58.98
0101,2,117,59.54
0101,2,118,60.11
0101,2,119,60.67
0101,2,120,61.22
0101,2,121,61.79
0101,2,122,62.35
0101,2,123,62.92
0101,2,124,63.47
0101,2,125,64.03
0101,2,126,64.59
0101,2,127,65.15
0101,2,128,65.73
0101,2,129,66.29
0101,2,130,66.85
0101,2,131,67.4
0101,2,132,67.96
0101,2,133,68.53
0101,2,134,69.1
0101,2,135,69.65
0101,2,136,70.21
0101,2,137,70.77
0101,2,138,71.34
0101,2,139,71.9
0101,2,140,72.45
0101,2,141,73.02
0101,2,142,73.58
0101,2,143,74.14
0101,2,144,74.71
0101,2,145,75.27
0101,2,146,75.82
0101,2,147,76.39
0101,2,148,76.96
0101,2,149,77.51
0101,2,150,78.07
0101,2,151,78.64
0101,2,152,79.2
0101,2,153,79.76
0101,2,154,80.32
0101,2,155,80.88
0101,2,156,81.44
0101,2,157,82.0
0101,2,158,82.57
0101,2,159,83.12
0101,2,160,83.69
0101,2,161,84.25
0101,2,162,84.82
0101,2,163,85.37
0101,2,164,85.94
0101,2,165,86.51
0101,2,166,87.05
0101,2,167,87.62
0101,2,168,88.19
0101,2,169,88.74
0101,2,170,89.3
0101,2,171,89.88
0101,2,172,90.43
0101,2,173,90.99
0101,2,174,91.56
0101,2,175,92.12
0101,2,176,92.67
0101,2,177,93.23
0101,2,178,93.8
0101,2,179,94.36
0101,2,180,94.92
0101,2,181,95.49
0101,2,182,96.05
0101,2,183,96.62
0101,2,184,97.16
0101,2,185,97.73
0101,2,186,98.29
0101,2,187,98.86
0101,2,188,99.41
0101,2,189,99.97
0101,2,190,100.54
0101,2,191,101.1
0101,2,192,101.66
0101,2,193,102.22
0101,2,194,102.79
0101,2,195,103.35
0101,2,196,103.92
0101,2,197,104.47
0101,2,198,105.02
0101,2,199,105.6
0101,2,200,106.16
0101,3,1,8.74
0101,3,2,8.74
0101,3,3,8.74
0101,3,4,8.74
0101,3,5,8.74
0101,3,6,8.74
0101,3,7,8.76
0101,3,8,9.0
0101,3,9,9.23
0101,3,10,9.47
0101,3,11,9.83
0101,3,12,10.18
0101,3,13,10.54
0101,3,14,10.89
0101,3,15,11.25
0101,3,16,11.61
0101,3,17,11.96
0101,3,18,12.32
0101,3,19,12.67
0101,3,20,13.03
0101,3,21,13.39
0101,3,22,13.74
0101,3,23,14.1
0101,3,24,14.45
0101,3,25,14.81
0101,3,26,15.16
0101,3,27,15.52
0101,3,28,15.88
0101,3,29,16.23
0101,3,30,16.59
0101,3,31,17.0
0101,3,32,17.42
0101,3,33,17.84
0101,3,34,18.26
0101,3,35,18.68
0101,3,36,19.09
0101,3,37,19.51
0101,3,38,19.93
0101,3,39,20.35
0101,3,40,20.77
0101,3,41,21.18
0101,3,42,21.6
0101,3,43,22.02
0101,3,44,22.44
0101,3,45,22.86
0101,3,46,23.28
0101,3,47,23.69
0101,3,48,24.11
0101,3,49,24.53
0101,3,50,24.95
0101,3,51,25.36
0101,3,52,25.78
0101,3,53,26.2
0101,3,54,26.62
0101,3,55,27.04
0101,3,56,27.46
0101,3,57,27.87
0101,3,58,28.29
0101,3,59,28.71
0101,3,60,29.13
0101,3,61,29.55
0101,3,62,29.97
0101,3,63,30.38
0101,3,64,30.8
0101,3,65,31.22
0101,3,66,31.64
0101,3,67,32.06
0101,3,68,32.48
0101,3,69,32.89
0101,3,70,33.31
0101,3,71,33.87
0101,3,72,34.43
0101,3,73,35.0
0101,3,74,35.56
0101,3,75,36.11
0101,3,76,36.68
0101,3,77,37.24
0101,3,78,37.8
0101,3,79,38.36
0101,3,80,38.93
0101,3,81,39.49
0101,3,82,40.05
0101,3,83,40.61
0101,3,84,41.17
0101,3,85,41.73
0101,3,86,42.3
0101,3,87,42.86
0101,3,88,43.41
0101,3,89,43.98
0101,3,90,44.54
0101,3,91,45.1
0101,3,92,45.67
0101,3,93,46.23
0101,3,94,46.79
0101,3,95,47.35
0101,3,96,47.91
0101,3,97,48.47
0101,3,98,49.03
0101,3,99,49.59
0101,3,100,50.16
0101,3,101,50.72
0101,3,102,51.28
0101,3,103,51.85
0101,3,104,52.4
0101,3,105,52.96
0101,3,106,53.52
0101,3,107,54.09
0101,3,108,54.65
0101,3,109,55.21
0101,3,110,55.78
0101,3,111,56.34
0101,3,112,56.89
0101,3,113,57.46
0101,3,114,58.01
0101,3,115,58.58
0101,3,116,59.15
0101,3,117,59.7
0101,3,118,60.27
0101,3,119,60.82
0101,3,120,61.39
0101,3,121,61.96
0101,3,122,62.52
0101,3,123,63.08
0101,3,124,63.64
0101,3,125,64.19
0101,3,126,64.76
0101,3,127,65.32
0101,3,128,65.89
0101,3,129,66.45
0101,3,130,67.01
0101,3,131,67.57
0101,3,132,68.13
0101,3,133,68.69
0101,3,134,69.25
0101,3,135,69.82
0101,3,136,70.38
0101,3,137,70.93
0101,3,138,71.5
0101,3,139,72.06
0101,3,140,72.62
0101,3,141,73.19
0101,3,142,73.74
0101,3,143,74.3
0101,3,144,74.86
0101,3,145,75.43
0101,3,146,76.0
0101,3,147,76.56
0101,3,148,77.11
0101,3,149,77.68
0101,3,150,78.24
0101,3,151,78.81
0101,3,152,79.36
0101,3,153,79.93
0101,3,154,80.48
0101,3,155,81.05
0101,3,156,81.6
0101,3,157,82.18
0101,3,158,82.73
0101,3,159,83.28
0101,3,160,83.85
0101,3,161,84.42
0101,3,162,84.97
0101,3,163,85.54
0101,3,164,86.1
0101,3,165,86.66
0101,3,166,87.22
0101,3,167,87.78
0101,3,168,88.35
0101,3,169,88.9
0101,3,170,89.48
0101,3,171,90.03
0101,3,172,90.6
0101,3,173,91.16
0101,3,174,91.72
0101,3,175,92.27
0101,3,176,92.83
0101,3,177,93.4
0101,3,178,93.96
0101,3,179,94.52
0101,3,180,95.09
0101,3,181,95.65
0101,3,182,96.2
0101,3,183,96.77
0101,3,184,97.33
0101,3,185,97.89
0101,3,186,98.45
0101,3,187,99.01
0101,3,188,99.58
0101,3,189,100.15
0101,3,190,100.7
0101,3,191,101.27
0101,3,192,101.83
0101,3,193,102.38
0101,3,194,102.95
0101,3,195,103.5
0101,3,196,104.07
0101,3,197,104.63
0101,3,198,105.2
0101,3,199,105.76
0101,3,200,106.32
0101,4,1,8.74
0101,4,2,8.74
0101,4,3,8.74
0101,4,4,8.74
0101,4,5,8.74
0101,4,6,8.74
0101,4,7,8.92
0101,4,8,9.16
0101,4,9,9.4
0101,4,10,9.63
0101,4,11,9.99
0101,4,12,10.35
0101,4,13,10.7
0101,4,14,11.06
0101,4,15,11.41
0101,4,16,11.77
0101,4,17,12.12
0101,4,18,12.48
0101,4,19,12.84
0101,4,20,13.19
0101,4,21,13.55
0101,4,22,13.9
0101,4,23,14.26
0101,4,24,14.61
0101,4,25,14.97
0101,4,26,15.32
0101,4,27,15.68
0101,4,28,16.04
0101,4,29,16.39
0101,4,30,16.75
0101,4,31,17.16
0101,4,32,17.58
0101,4,33,18.0
0101,4,34,18.42
0101,4,35,18.84
0101,4,36,19.25
0101,4,37,19.67
0101,4,38,20.09
0101,4,39,20.51
0101,4,40,20.93
0101,4,41,21.35
0101,4,42,21.77
0101,4,43,22.18
0101,4,44,22.6
0101,4,45,23.02
0101,4,46,23.44
0101,4,47,23.86
0101,4,48,24.27
0101,4,49,24.69
0101,4,50,25.11
0101,4,51,25.53
0101,4,52,25.95
0101,4,53,26.36
0101,4,54,26.78
0101,4,55,27.2
0101,4,56,27.62
0101,4,57,28.04
0101,4,58,28.45
0101,4,59,28.87
0101,4,60,29.29
0101,4,61,29.71
0101,4,62,30.13
0101,4,63,30.54
0101,4,64,30.96
0101,4,65,31.38
0101,4,66,31.8
0101,4,67,32.22
0101,4,68,32.64
0101,4,69,33.05
0101,4,70,33.47
0101,4,71,34.03
0101,4,72,34.59
0101,4,73,35.16
0101,4,74,35.72
0101,4,75,36.28
0101,4,76,36.84
0101,4,77,37.4
0101,4,78,37.97
0101,4,79,38.53
0101,4,80,39.09
0101,4,81,39.65
0101,4,82,40.21
0101,4,83,40.77
0101,4,84,41.34
0101,4,85,41.9
0101,4,86,42.46
0101,4,87,43.02
0101,4,88,43.58
0101,4,89,44.14
0101,4,90,44.7
0101,4,91,45.26
0101,4,92,45.82
0101,4,93,46.39
0101,4,94,46.95
0101,4,95,47.51
0101,4,96,48.07
0101,4,97,48.63
0101,4,98,49.19
0101,4,99,49.76
0101,4,100,50.32
0101,4,101,50.88
0101,4,102,51.44
0101,4,103,52.0
0101,4,104,52.57
0101,4,105,53.12
0101,4,106,53.69
0101,4,107,54.25
0101,4,108,54.81
0101,4,109,55.37
0101,4,110,55.93
0101,4,111,56.49
0101,4,112,57.06
0101,4,113,57.62
0101,4,114,58.18
0101,4,115,58.75
0101,4,116,59.31
0101,4,117,59.86
0101,4,118,60.42
0101,4,119,60.98
0101,4,120,61.55
0101,4,121,62.12
0101,4,122,62.67
0101,4,123,63.24
0101,4,124,63.8
0101,4,125,64.36
0101,4,126,64.92
0101,4,127,65.49
0101,4,128,66.04
0101,4,129,66.6
0101,4,130,67.16
0101,4,131,67.72
0101,4,132,68.29
0101,4,133,68.85
0101,4,134,69.41
0101,4,135,69.98
0101,4,136,70.54
0101,4,137,71.09
0101,4,138,71.66
0101,4,139,72.23
0101,4,140,72.78
0101,4,141,73.35
0101,4,142,73.91
0101,4,143,74.46
0101,4,144,75.02
0101,4,145,75.59
0101,4,146,76.16
0101,4,147,76.72
0101,4,148,77.27
0101,4,149,77.84
0101,4,150,78.39
0101,4,151,78.96
0101,4,152,79.52
0101,4,153,80.08
0101,4,154,80.65
0101,4,155,81.21
0101,4,156,81.77
0101,4,157,82.32
0101,4,158,82.9
0101,4,159,83.46
0101,4,160,84.01
0101,4,161,84.58
0101,4,162,85.14
0101,4,163,85.7
0101,4,164,86.26
0101,4,165,86.83
0101,4,166,87.39
0101,4,167,87.94
0101,4,168,88.52
0101,4,169,89.07
0101,4,170,89.64
0101,4,171,90.2
0101,4,172,90.75
0101,4,173,91.32
0101,4,174,91.89
0101,4,175,92.44
0101,4,176,93.01
0101,4,177,93.56
0101,4,178,94.12
0101,4,179,94.68
0101,4,180,95.25
0101,4,181,95.8
0101,4,182,96.38
0101,4,183,96.94
0101,4,184,97.49
0101,4,185,98.06
0101,4,186,98.61
0101,4,187,99.18
0101,4,188,99.74
0101,4,189,100.3
0101,4,190,100.85
0101,4,191,101.43
0101,4,192,101.98
0101,4,193,102.54
0101,4,194,103.12
0101,4,195,103.67
0101,4,196,104.24
0101,4,197,104.8
0101,4,198,105.35
0101,4,199,105.91
0101,4,200,106.49
0101,5,1,8.74
0101,5,2,8.74
0101,5,3,8.74
0101,5,4,8.74
0101,5,5,8.74
0101,5,6,8.85
0101,5,7,9.09
0101,5,8,9.32
0101,5,9,9.56
0101,5,10,9.8
0101,5,11,10.15
0101,5,12,10.51
0101,5,13,10.86
0101,5,14,11.22
0101,5,15,11.58
0101,5,16,11.93
0101,5,17,12.29
0101,5,18,12.64
0101,5,19,13.0
0101,5,20,13.35
0101,5,21,13.71
0101,5,22,14.06
0101,5,23,14.42
0101,5,24,14.78
0101,5,25,15.13
0101,5,26,15.49
0101,5,27,15.84
0101,5,28,16.2
0101,5,29,16.55
0101,5,30,16.91
0101,5,31,17.33
0101,5,32,17.75
0101,5,33,18.16
0101,5,34,18.58
0101,5,35,19.0
0101,5,36,19.42
0101,5,37,19.84
0101,5,38,20.25
0101,5,39,20.67
0101,5,40,21.09
0101,5,41,21.51
0101,5,42,21.93
0101,5,43,22.35
0101,5,44,22.76
0101,5,45,23.18
0101,5,46,23.6
0101,5,47,24.02
0101,5,48,24.44
0101,5,49,24.85
0101,5,50,25.27
0101,5,51,25.69
0101,5,52,26.11
0101,5,53,26.53
0101,5,54,26.94
0101,5,55,27.36
0101,5,56,27.78
0101,5,57,28.2
0101,5,58,28.62
0101,5,59,29.03
0101,5,60,29.45
0101,5,61,29.87
0101,5,62,30.29
0101,5,63,30.71
0101,5,64,31.12
0101,5,65,31.54
0101,5,66,31.96
0101,5,67,32.38
0101,5,68,32.8
0101,5,69,33.22
0101,5,70,33.63
0101,5,71,34.19
0101,5,72,34.76
0101,5,73,35.32
0101,5,74,35.88
0101,5,75,36.44
0101,5,76,37.0
0101,5,77,37.57
0101,5,78,38.13
0101,5,79,38.69
0101,5,80,39.25
0101,5,81,39.81
0101,5,82,40.37
0101,5,83,40.93
0101,5,84,41.49
0101,5,85,42.05
0101,5,86,42.62
0101,5,87,43.18
0101,5,88,43.74
0101,5,89,44.3
0101,5,90,44.87
0101,5,91,45.43
0101,5,92,45.99
0101,5,93,46.55
0101,5,94,47.12
0101,5,95,47.68
0101,5,96,48.24
0101,5,97,48.8
0101,5,98,49.36
0101,5,99,49.92
0101,5,100,50.48
0101,5,101,51.04
0101,5,102,51.61
0101,5,103,52.17
0101,5,104,52.72
0101,5,105,53.29
0101,5,106,53.85
0101,5,107,54.42
0101,5,108,54.98
0101,5,109,55.53
0101,5,110,56.09
0101,5,111,56.66
0101,5,112,57.22
0101,5,113,57.79
0101,5,114,58.34
0101,5,115,58.91
0101,5,116,59.46
0101,5,117,60.02
0101,5,118,60.59
0101,5,119,61.15
0101,5,120,61.71
0101,5,121,62.27
0101,5,122,62.84
0101,5,123,63.4
0101,5,124,63.96
0101,5,125,64.53
0101,5,126,65.09
0101,5,127,65.65
0101,5,128,66.2
0101,5,129,66.76
0101,5,130,67.33
0101,5,131,67.89
0101,5,132,68.45
0101,5,133,69.02
0101,5,134,69.57
0101,5,135,70.14
0101,5,136,70.7
0101,5,137,71.26
0101,5,138,71.82
0101,5,139,72.38
0101,5,140,72.94
0101,5,141,73.51
0101,5,142,74.07
0101,5,143,74.63
0101,5,144,75.19
0101,5,145,75.75
0101,5,146,76.32
0101,5,147,76.88
0101,5,148,77.44
0101,5,149,78.0
0101,5,150,78.56
0101,5,151,79.12
0101,5,152,79.69
0101,5,153,80.24
0101,5,154,80.81
0101,5,155,81.38
0101,5,156,81.93
0101,5,157,82.49
0101,5,158,83.05
0101,5,159,83.61
0101,5,160,84.18
0101,5,161,84.74
0101,5,162,85.3
0101,5,163,85.87
0101,5,164,86.42
0101,5,165,86.99
0101,5,166,87.55
0101,5,167,88.11
0101,5,168,88.67
0101,5,169,89.23
0101,5,170,89.8
0101,5,171,90.36
0101,5,172,90.91
0101,5,173,91.47
0101,5,174,92.04
0101,5,175,92.6
0101,5,176,93.16
0101,5,177,93.73
0101,5,178,94.29
0101,5,179,94.85
0101,5,180,95.4
0101,5,181,95.98
0101,5,182,96.53
0101,5,183,97.1
0101,5,184,97.66
0101,5,185,98.21
0101,5,186,98.79
0101,5,187,99.35
0101,5,188,99.9
0101,5,189,100.47
0101,5,190,101.02
0101,5,191,101.6
0101,5,192,102.15
0101,5,193,102.72
0101,5,194,103.28
0101,5,195,103.83
0101,5,196,104.4
0101,5,197,104.96
0101,5,198,105.53
0101,5,199,106.08
0101,5,200,106.65
0101,6,1,8.74
0101,6,2,8.74
0101,6,3,8.74
0101,6,4,8.74
0101,6,5,8.77
0101,6,6,9.01
0101,6,7,9.25
0101,6,8,9.48
0101,6,9,9.72
0101,6,10,9.96
0101,6,11,10.31
0101,6,12,10.67
0101,6,13,11.03
0101,6,14,11.38
0101,6,15,11.74
0101,6,16,12.09
0101,6,17,12.45
0101,6,18,12.8
0101,6,19,13.16
0101,6,20,13.52
0101,6,21,13.87
0101,6,22,14.23
0101,6,23,14.58
0101,6,24,14.94
0101,6,25,15.3
0101,6,26,15.65
0101,6,27,16.0
0101,6,28,16.36
0101,6,29,16.72
0101,6,30,17.07
0101,6,31,17.49
0101,6,32,17.91
0101,6,33,18.33
0101,6,34,18.74
0101,6,35,19.16
0101,6,36,19.58
0101,6,37,20.0
0101,6,38,20.42
0101,6,39,20.84
0101,6,40,21.26
0101,6,41,21.67
0101,6,42,22.09
0101,6,43,22.51
0101,6,44,22.93
0101,6,45,23.35
0101,6,46,23.76
0101,6,47,24.18
0101,6,48,24.6
0101,6,49,25.02
0101,6,50,25.44
0101,6,51,25.85
0101,6,52,26.27
0101,6,53,26.69
0101,6,54,27.11
0101,6,55,27.53
0101,6,56,27.95
0101,6,57,28.36
0101,6,58,28.78
0101,6,59,29.19
0101,6,60,29.62
0101,6,61,30.04
0101,6,62,30.45
0101,6,63,30.87
0101,6,64,31.29
0101,6,65,31.7
0101,6,66,32.13
0101,6,67,32.54
0101,6,68,32.96
0101,6,69,33.38
0101,6,70,33.8
0101,6,71,34.36
0101,6,72,34.92
0101,6,73,35.48
0101,6,74,36.04
0101,6,75,36.61
0101,6,76,37.17
0101,6,77,37.73
0101,6,78,38.29
0101,6,79,38.85
0101,6,80,39.41
0101,6,81,39.97
0101,6,82,40.53
0101,6,83,41.09
0101,6,84,41.66
0101,6,85,42.22
0101,6,86,42.78
0101,6,87,43.34
0101,6,88,43.9
0101,6,89,44.46
0101,6,90,45.03
0101,6,91,45.59
0101,6,92,46.15
0101,6,93,46.71
0101,6,94,47.28
0101,6,95,47.83
0101,6,96,48.4
0101,6,97,48.96
0101,6,98,49.52
0101,6,99,50.08
0101,6,100,50.64
0101,6,101,51.21
0101,6,102,51.76
0101,6,103,52.33
0101,6,104,52.89
0101,6,105,53.45
0101,6,106,54.01
0101,6,107,54.58
0101,6,108,55.14
0101,6,109,55.69
0101,6,110,56.26
0101,6,111,56.82
0101,6,112,57.39
0101,6,113,57.94
0101,6,114,58.51
0101,6,115,59.07
0101,6,116,59.63
0101,6,117,60.19
0101,6,118,60.75
0101,6,119,61.32
0101,6,120,61.88
0101,6,121,62.44
0101,6,122,63.0
0101,6,123,63.56
0101,6,124,64.13
0101,6,125,64.69
0101,6,126,65.24
0101,6,127,65.81
0101,6,128,66.37
0101,6,129,66.93
0101,6,130,67.49
0101,6,131,68.05
0101,6,132,68.62
0101,6,133,69.17
0101,6,134,69.73
0101,6,135,70.3
0101,6,136,70.87
0101,6,137,71.42
0101,6,138,71.99
0101,6,139,72.55
0101,6,140,73.1
0101,6,141,73.67
0101,6,142,74.23
0101,6,143,74.8
0101,6,144,75.36
0101,6,145,75.91
0101,6,146,76.47
0101,6,147,77.05
0101,6,148,77.6
0101,6,149,78.17
0101,6,150,78.73
0101,6,151,79.29
0101,6,152,79.85
0101,6,153,80.42
0101,6,154,80.98
0101,6,155,81.53
0101,6,156,82.1
0101,6,157,82.65
0101,6,158,83.22
0101,6,159,83.78
0101,6,160,84.34
0101,6,161,84.9
0101,6,162,85.46
0101,6,163,86.03
0101,6,164,86.59
0101,6,165,87.14
0101,6,166,87.7
0101,6,167,88.26
0101,6,168,88.84
0101,6,169,89.4
0101,6,170,89.96
0101,6,171,90.51
0101,6,172,91.07
0101,6,173,91.65
0101,6,174,92.21
0101,6,175,92.76
0101,6,176,93.32
0101,6,177,93.88
0101,6,178,94.46
0101,6,179,95.01
0101,6,180,95.57
0101,6,181,96.13
0101,6,182,96.7
0101,6,183,97.25
0101,6,184,97.82
0101,6,185,98.38
0101,6,186,98.95
0101,6,187,99.51
0101,6,188,100.06
0101,6,189,100.63
0101,6,190,101.18
0101,6,191,101.75
0101,6,192,102.3
0101,6,193,102.87
0101,6,194,103.43
0101,6,195,104.01
0101,6,196,104.55
0101,6,197,105.12
0101,6,198,105.68
0101,6,199,106.25
0101,6,200,106.81
0101,7,1,8.74
0101,7,2,8.74
0101,7,3,8.74
0101,7,4,8.74
0101,7,5,8.94
0101,7,6,9.17
0101,7,7,9.41
0101,7,8,9.65
0101,7,9,9.88
0101,7,10,10.12
0101,7,11,10.48
0101,7,12,10.83
0101,7,13,11.19
0101,7,14,11.54
0101,7,15,11.9
0101,7,16,12.25
0101,7,17,12.61
0101,7,18,12.97
0101,7,19,13.32
0101,7,20,13.68
0101,7,21,14.03
0101,7,22,14.39
0101,7,23,14.75
0101,7,24,15.1
0101,7,25,15.46
0101,7,26,15.81
0101,7,27,16.17
0101,7,28,16.52
0101,7,29,16.88
0101,7,30,17.23
0101,7,31,17.65
0101,7,32,18.07
0101,7,33,18.49
0101,7,34,18.91
0101,7,35,19.32
0101,7,36,19.74
0101,7,37,20.16
0101,7,38,20.58
0101,7,39,21.0
0101,7,40,21.41
0101,7,41,21.83
0101,7,42,22.25
0101,7,43,22.67
0101,7,44,23.09
0101,7,45,23.51
0101,7,46,23.92
0101,7,47,24.34
0101,7,48,24.76
0101,7,49,25.18
0101,7,50,25.59
0101,7,51,26.02
0101,7,52,26.43
0101,7,53,26.85
0101,7,54,27.27
0101,7,55,27.69
0101,7,56,28.1
0101,7,57,28.52
0101,7,58,28.94
0101,7,59,29.36
0101,7,60,29.78
0101,7,61,30.2
0101,7,62,30.61
0101,7,63,31.03
0101,7,64,31.45
0101,7,65,31.86
0101,7,66,32.28
0101,7,67,32.7
0101,7,68,33.12
0101,7,69,33.54
0101,7,70,33.96
0101,7,71,34.52
0101,7,72,35.08
0101,7,73,35.64
0101,7,74,36.2
0101,7,75,36.77
0101,7,76,37.33
0101,7,77,37.89
0101,7,78,38.45
0101,7,79,39.01
0101,7,80,39.57
0101,7,81,40.14
0101,7,82,40.7
0101,7,83,41.26
0101,7,84,41.82
0101,7,85,42.38
0101,7,86,42.94
0101,7,87,43.5
0101,7,88,44.07
0101,7,89,44.63
0101,7,90,45.19
0101,7,91,45.76
0101,7,92,46.31
0101,7,93,46.88
0101,7,94,47.43
0101,7,95,47.99
0101,7,96,48.56
0101,7,97,49.12
0101,7,98,49.68
0101,7,99,50.25
0101,7,100,50.81
0101,7,101,51.37
0101,7,102,51.93
0101,7,103,52.49
0101,7,104,53.05
0101,7,105,53.62
0101,7,106,54.18
0101,7,107,54.74
0101,7,108,55.3
0101,7,109,55.86
0101,7,110,56.42
0101,7,111,56.98
0101,7,112,57.54
0101,7,113,58.11
0101,7,114,58.67
0101,7,115,59.23
0101,7,116,59.8
0101,7,117,60.35
0101,7,118,60.92
0101,7,119,61.48
0101,7,120,62.04
0101,7,121,62.6
0101,7,122,63.17
0101,7,123,63.73
0101,7,124,64.29
0101,7,125,64.85
0101,7,126,65.4
0101,7,127,65.97
0101,7,128,66.54
0101,7,129,67.09
0101,7,130,67.65
0101,7,131,68.22
0101,7,132,68.77
0101,7,133,69.34
0101,7,134,69.89
0101,7,135,70.47
0101,7,136,71.02
0101,7,137,71.58
0101,7,138,72.14
0101,7,139,72.71
0101,7,140,73.26
0101,7,141,73.84
0101,7,142,74.39
0101,7,143,74.95
0101,7,144,75.51
0101,7,145,76.08
0101,7,146,76.64
0101,7,147,77.21
0101,7,148,77.76
0101,7,149,78.32
0101,7,150,78.88
0101,7,151,79.44
0101,7,152,80.01
0101,7,153,80.57
0101,7,154,81.13
0101,7,155,81.7
0101,7,156,82.26
0101,7,157,82.82
0101,7,158,83.38
0101,7,159,83.94
0101,7,160,84.5
0101,7,161,85.06
0101,7,162,85.62
0101,7,163,86.19
0101,7,164,86.75
0101,7,165,87.31
0101,7,166,87.86
0101,7,167,88.43
0101,7,168,89.0
0101,7,169,89.55
0101,7,170,90.11
0101,7,171,90.67
0101,7,172,91.23
0101,7,173,91.8
0101,7,174,92.36
0101,7,175,92.92
0101,7,176,93.49
0101,7,177,94.04
0101,7,178,94.61
0101,7,179,95.18
0101,7,180,95.73
0101,7,181,96.3
0101,7,182,96.86
0101,7,183,97.41
0101,7,184,97.99
0101,7,185,98.53
0101,7,186,99.09
0101,7,187,99.67
0101,7,188,100.23
0101,7,189,100.79
0101,7,190,101.35
0101,7,191,101.92
0101,7,192,102.47
0101,7,193,103.03
0101,7,194,103.59
0101,7,195,104.15
0101,7,196,104.73
0101,7,197,105.28
0101,7,198,105.85
0101,7,199,106.41
0101,7,200,106.96
0101,8,1,8.74
0101,8,2,8.74
0101,8,3,8.74
0101,8,4,8.86
0101,8,5,9.1
0101,8,6,9.33
0101,8,7,9.57
0101,8,8,9.81
0101,8,9,10.05
0101,8,10,10.28
0101,8,11,10.64
0101,8,12,10.99
0101,8,13,11.35
0101,8,14,11.71
0101,8,15,12.06
0101,8,16,12.42
0101,8,17,12.77
0101,8,18,13.13
0101,8,19,13.48
0101,8,20,13.84
0101,8,21,14.2
0101,8,22,14.55
0101,8,23,14.91
0101,8,24,15.26
0101,8,25,15.62
0101,8,26,15.97
0101,8,27,16.33
0101,8,28,16.69
0101,8,29,17.04
0101,8,30,17.4
0101,8,31,17.82
0101,8,32,18.23
0101,8,33,18.65
0101,8,34,19.07
0101,8,35,19.49
0101,8,36,19.9
0101,8,37,20.32
0101,8,38,20.74
0101,8,39,21.16
0101,8,40,21.58
0101,8,41,21.99
0101,8,42,22.41
0101,8,43,22.83
0101,8,44,23.25
0101,8,45,23.67
0101,8,46,24.09
0101,8,47,24.5
0101,8,48,24.92
0101,8,49,25.34
0101,8,50,25.76
0101,8,51,26.18
0101,8,52,26.59
0101,8,53,27.01
0101,8,54,27.43
0101,8,55,27.85
0101,8,56,28.27
0101,8,57,28.69
0101,8,58,29.1
0101,8,59,29.52
0101,8,60,29.94
0101,8,61,30.36
0101,8,62,30.77
0101,8,63,31.19
0101,8,64,31.61
0101,8,65,32.03
0101,8,66,32.45
0101,8,67,32.87
0101,8,68,33.28
0101,8,69,33.7
0101,8,70,34.12
0101,8,71,34.68
0101,8,72,35.24
0101,8,73,35.8
0101,8,74,36.37
0101,8,75,36.93
0101,8,76,37.49
0101,8,77,38.05
0101,8,78,38.61
0101,8,79,39.18
0101,8,80,39.74
0101,8,81,40.29
0101,8,82,40.86
0101,8,83,41.42
0101,8,84,41.98
0101,8,85,42.55
0101,8,86,43.11
0101,8,87,43.67
0101,8,88,44.23
0101,8,89,44.79
0101,8,90,45.35
0101,8,91,45.91
0101,8,92,46.47
0101,8,93,47.04
0101,8,94,47.6
0101,8,95,48.16
0101,8,96,48.72
0101,8,97,49.29
0101,8,98,49.84
0101,8,99,50.41
0101,8,100,50.97
0101,8,101,51.53
0101,8,102,52.09
0101,8,103,52.66
0101,8,104,53.22
0101,8,105,53.78
0101,8,106,54.34
0101,8,107,54.9
0101,8,108,55.46
0101,8,109,56.02
0101,8,110,56.58
0101,8,111,57.14
0101,8,112,57.7
0101,8,113,58.27
0101,8,114,58.83
0101,8,115,59.39
0101,8,116,59.95
0101,8,117,60.51
0101,8,118,61.08
0101,8,119,61.63
0101,8,120,62.2
0101,8,121,62.77
0101,8,122,63.33
0101,8,123,63.88
0101,8,124,64.44
0101,8,125,65.01
0101,8,126,65.57
0101,8,127,66.13
0101,8,128,66.69
0101,8,129,67.26
0101,8,130,67.82
0101,8,131,68.38
0101,8,132,68.93
0101,8,133,69.5
0101,8,134,70.06
0101,8,135,70.63
0101,8,136,71.18
0101,8,137,71.75
0101,8,138,72.31
0101,8,139,72.87
0101,8,140,73.43
0101,8,141,73.99
0101,8,142,74.55
0101,8,143,75.12
0101,8,144,75.68
0101,8,145,76.25
0101,8,146,76.8
0101,8,147,77.37
0101,8,148,77.93
0101,8,149,78.49
0101,8,150,79.04
0101,8,151,79.61
0101,8,152,80.17
0101,8,153,80.74
0101,8,154,81.3
0101,8,155,81.86
0101,8,156,82.41
0101,8,157,82.98
0101,8,158,83.54
0101,8,159,84.11
0101,8,160,84.67
0101,8,161,85.22
0101,8,162,85.79
0101,8,163,86.36
0101,8,164,86.91
0101,8,165,87.48
0101,8,166,88.03
0101,8,167,88.6
0101,8,168,89.15
0101,8,169,89.72
0101,8,170,90.29
0101,8,171,90.84
0101,8,172,91.4
0101,8,173,91.96
0101,8,174,92.52
0101,8,175,93.08
0101,8,176,93.65
0101,8,177,94.21
0101,8,178,94.78
0101,8,179,95.33
0101,8,180,95.89
0101,8,181,96.47
0101,8,182,97.03
0101,8,183,97.58
0101,8,184,98.15
0101,8,185,98.7
0101,8,186,99.26
0101,8,187,99.83
0101,8,188,100.39
0101,8,189,100.94
0101,8,190,101.52
0101,8,191,102.07
0101,8,192,102.63
0101,8,193,103.19
0101,8,194,103.75
0101,8,195,104.33
0101,8,196,104.88
0101,8,197,105.45
0101,8,198,106.01
0101,8,199,106.56
0101,8,200,107.12
0101,45,1,24.77
0101,45,2,25.01
0101,45,3,25.25
0101,45,4,25.49
0101,45,5,25.72
0101,45,6,25.96
0101,45,7,26.2
0101,45,8,26.43
0101,45,9,26.67
0101,45,10,26.91
0101,45,11,27.26
0101,45,12,27.62
0101,45,13,27.97
0101,45,14,28.33
0101,45,15,28.68
0101,45,16,29.04
0101,45,17,29.4
0101,45,18,29.75
0101,45,19,30.11
0101,45,20,30.46
0101,45,21,30.82
0101,45,22,31.18
0101,45,23,31.53
0101,45,24,31.89
0101,45,25,32.24
0101,45,26,32.6
0101,45,27,32.95
0101,45,28,33.31
0101,45,29,33.66
0101,45,30,34.02
0101,45,31,34.44
0101,45,32,34.86
0101,45,33,35.28
0101,45,34,35.69
0101,45,35,36.11
0101,45,36,36.53
0101,45,37,36.95
0101,45,38,37.36
0101,45,39,37.78
0101,45,40,38.2
0101,45,41,38.62
0101,45,42,39.04
0101,45,43,39.46
0101,45,44,39.88
0101,45,45,40.29
0101,45,46,40.71
0101,45,47,41.12
0101,45,48,41.55
0101,45,49,41.96
0101,45,50,42.38
0101,45,51,42.8
0101,45,52,43.22
0101,45,53,43.63
0101,45,54,44.06
0101,45,55,44.47
0101,45,56,44.89
0101,45,57,45.31
0101,45,58,45.72
0101,45,59,46.15
0101,45,60,46.56
0101,45,61,46.98
0101,45,62,47.4
0101,45,63,47.82
0101,45,64,48.23
0101,45,65,48.65
0101,45,66,49.07
0101,45,67,49.49
0101,45,68,49.91
0101,45,69,50.33
0101,45,70,50.74
0101,45,71,51.31
0101,45,72,51.87
0101,45,73,52.43
0101,45,74,52.99
0101,45,75,53.55
0101,45,76,54.12
0101,45,77,54.68
0101,45,78,55.23
0101,45,79,55.8
0101,45,80,56.36
0101,45,81,56.92
0101,45,82,57.48
0101,45,83,58.04
0101,45,84,58.61
0101,45,85,59.17
0101,45,86,59.73
0101,45,87,60.29
0101,45,88,60.85
0101,45,89,61.41
0101,45,90,61.97
0101,45,91,62.54
0101,45,92,63.1
0101,45,93,63.67
0101,45,94,64.22
0101,45,95,64.79
0101,45,96,65.35
0101,45,97,65.9
0101,45,98,66.47
0101,45,99,67.03
0101,45,100,67.6
0101,45,101,68.16
0101,45,102,68.72
0101,45,103,69.27
0101,45,104,69.84
0101,45,105,70.4
0101,45,106,70.95
0101,45,107,71.52
0101,45,108,72.09
0101,45,109,72.64
0101,45,110,73.21
0101,45,111,73.77
0101,45,112,74.33
0101,45,113,74.9
0101,45,114,75.46
0101,45,115,76.01
0101,45,116,76.58
0101,45,117,77.14
0101,45,118,77.7
0101,45,119,78.26
0101,45,120,78.83
0101,45,121,79.38
0101,45,122,79.94
0101,45,123,80.51
0101,45,124,81.07
0101,45,125,81.63
0101,45,126,82.19
0101,45,127,82.75
0101,45,128,83.31
0101,45,129,83.88
0101,45,130,84.45
0101,45,131,85.0
0101,45,132,85.57
0101,45,133,86.12
0101,45,134,86.68
0101,45,135,87.25
0101,45,136,87.81
0101,45,137,88.38
0101,45,138,88.93
0101,45,139,89.49
0101,45,140,90.06
0101,45,141,90.62
0101,45,142,91.18
0101,45,143,91.74
0101,45,144,92.29
0101,45,145,92.86
0101,45,146,93.43
0101,45,147,93.99
0101,45,148,94.55
0101,45,149,95.12
0101,45,150,95.67
0101,45,151,96.24
0101,45,152,96.8
0101,45,153,97.35
0101,45,154,97.91
0101,45,155,98.47
0101,45,156,99.05
0101,45,157,99.59
0101,45,158,100.17
0101,45,159,100.72
0101,45,160,101.29
0101,45,161,101.85
0101,45,162,102.41
0101,45,163,102.96
0101,45,164,103.53
0101,45,165,104.11
0101,45,166,104.66
0101,45,167,105.22
0101,45,168,105.79
0101,45,169,106.35
0101,45,170,106.89
0101,45,171,107.48
0101,45,172,108.03
0101,45,173,108.59
0101,45,174,109.15
0101,45,175,109.71
0101,45,176,110.28
0101,45,177,110.84
0101,45,178,111.4
0101,45,179,111.95
0101,45,180,112.53
0101,45,181,113.08
0101,45,182,113.65
0101,45,183,114.19
0101,45,184,114.76
0101,45,185,115.32
0101,45,186,115.88
0101,45,187,116.45
0101,45,188,117.02
0101,45,189,117.57
0101,45,190,118.15
0101,45,191,118.71
0101,45,192,119.27
0101,45,193,119.81
0101,45,194,120.39
0101,45,195,120.94
0101,45,196,121.5
0101,45,197,122.06
0101,45,198,122.63
0101,45,199,123.19
0101,45,200,123.74
0102,2,1,11.25
0102,2,2,11.25
0102,2,3,11.25
0102,2,4,11.25
0102,2,5,11.25
0102,2,6,11.25
0102,2,7,11.25
0102,2,8,11.25
0102,2,9,11.27
0102,2,10,11.51
0102,2,11,12.17
0102,2,12,12.83
0102,2,13,13.49
0102,2,14,14.15
0102,2,15,14.81
0102,2,16,15.48
0102,2,17,16.14
0102,2,18,16.8
0102,2,19,17.46
0102,2,20,18.12
0102,2,21,18.78
0102,2,22,19.44
0102,2,23,20.1
0102,2,24,20.76
0102,2,25,21.42
0102,2,26,22.08
0102,2,27,22.74
0102,2,28,23.4
0102,2,29,24.06
0102,2,30,24.73
0102,2,31,25.54
0102,2,32,26.36
0102,2,33,27.17
0102,2,34,27.99
0102,2,35,28.8
0102,2,36,29.61
0102,2,37,30.43
0102,2,38,31.25
0102,2,39,32.06
0102,2,40,32.88
0102,2,41,33.69
0102,2,42,34.51
0102,2,43,35.32
0102,2,44,36.14
0102,2,45,36.96
0102,2,46,37.77
0102,2,47,38.58
0102,2,48,39.41
0102,2,49,40.21
0102,2,50,41.03
0102,2,51,41.85
0102,2,52,42.66
0102,2,53,43.48
0102,2,54,44.29
0102,2,55,45.11
0102,2,56,45.93
0102,2,57,46.74
0102,2,58,47.55
0102,2,59,48.38
0102,2,60,49.19
0102,2,61,50.01
0102,2,62,50.82
0102,2,63,51.63
0102,2,64,52.44
0102,2,65,53.26
0102,2,66,54.08
0102,2,67,54.9
0102,2,68,55.71
0102,2,69,56.53
0102,2,70,57.35
0102,2,71,58.32
0102,2,72,59.3
0102,2,73,60.27
0102,2,74,61.25
0102,2,75,62.22
0102,2,76,63.2
0102,2,77,64.18
0102,2,78,65.15
0102,2,79,66.13
0102,2,80,67.1
0102,2,81,68.08
0102,2,82,69.06
0102,2,83,70.03
0102,2,84,71.01
0102,2,85,71.99
0102,2,86,72.95
0102,2,87,73.94
0102,2,88,74.91
0102,2,89,75.89
0102,2,90,76.86
0102,2,91,77.85
0102,2,92,78.82
0102,2,93,79.79
0102,2,94,80.77
0102,2,95,81.74
0102,2,96,82.71
0102,2,97,83.69
0102,2,98,84.67
0102,2,99,85.65
0102,2,100,86.62
0102,2,101,87.6
0102,2,102,88.58
0102,2,103,89.55
0102,2,104,90.53
0102,2,105,91.5
0102,2,106,92.49
0102,2,107,93.46
0102,2,108,94.43
0102,2,109,95.41
0102,2,110,96.39
0102,2,111,97.36
0102,2,112,98.34
0102,2,113,99.31
0102,2,114,100.3
0102,2,115,101.26
0102,2,116,102.25
0102,2,117,103.23
0102,2,118,104.2
0102,2,119,105.18
0102,2,120,106.15
0102,2,121,107.13
0102,2,122,108.09
0102,2,123,109.08
0102,2,124,110.06
0102,2,125,111.03
0102,2,126,112.01
0102,2,127,112.98
0102,2,128,113.96
0102,2,129,114.94
0102,2,130,115.9
0102,2,131,116.89
0102,2,132,117.86
0102,2,133,118.85
0102,2,134,119.81
0102,2,135,120.79
0102,2,136,121.75
0102,2,137,122.75
0102,2,138,123.71
0102,2,139,124.68
0102,2,140,125.67
0102,2,141,126.64
0102,2,142,127.63
0102,2,143,128.6
0102,2,144,129.58
0102,2,145,130.56
0102,2,146,131.54
0102,2,147,132.51
0102,2,148,133.47
0102,2,149,134.45
0102,2,150,135.42
0102,2,151,136.4
0102,2,152,137.39
0102,2,153,138.36
0102,2,154,139.33
0102,2,155,140.3
0102,2,156,141.3
0102,2,157,142.26
0102,2,158,143.24
0102,2,159,144.22
0102,2,160,145.2
0102,2,161,146.17
0102,2,162,147.15
0102,2,163,148.12
0102,2,164,149.09
0102,2,165,150.07
0102,2,166,151.05
0102,2,167,152.02
0102,2,168,153.02
0102,2,169,153.97
0102,2,170,154.95
0102,2,171,155.92
0102,2,172,156.91
0102,2,173,157.88
0102,2,174,158.85
0102,2,175,159.85
0102,2,176,160.82
0102,2,177,161.78
0102,2,178,162.75
0102,2,179,163.75
0102,2,180,164.71
0102,2,181,165.71
0102,2,182,166.68
0102,2,183,167.66
0102,2,184,168.63
0102,2,185,169.59
0102,2,186,170.57
0102,2,187,171.56
0102,2,188,172.52
0102,2,189,173.5
0102,2,190,174.47
0102,2,191,175.45
0102,2,192,176.42
0102,2,193,177.41
0102,2,194,178.4
0102,2,195,179.36
0102,2,196,180.32
0102,2,197,181.31
0102,2,198,182.29
0102,2,199,183.25
0102,2,200,184.24
0102,3,1,11.25
0102,3,2,11.25
0102,3,3,11.25
0102,3,4,11.25
0102,3,5,11.25
0102,3,6,11.25
0102,3,7,11.25
0102,3,8,11.25
0102,3,9,11.42
0102,3,10,11.67
0102,3,11,12.33
0102,3,12,12.99
0102,3,13,13.65
0102,3,14,14.31
0102,3,15,14.97
0102,3,16,15.63
0102,3,17,16.29
0102,3,18,16.95
0102,3,19,17.61
0102,3,20,18.27
0102,3,21,18.93
0102,3,22,19.59
0102,3,23,20.26
0102,3,24,20.92
0102,3,25,21.58
0102,3,26,22.24
0102,3,27,22.9
0102,3,28,23.56
0102,3,29,24.22
0102,3,30,24.88
0102,3,31,25.69
0102,3,32,26.51
0102,3,33,27.33
0102,3,34,28.14
0102,3,35,28.96
0102,3,36,29.77
0102,3,37,30.58
0102,3,38,31.4
0102,3,39,32.22
0102,3,40,33.04
0102,3,41,33.85
0102,3,42,34.67
0102,3,43,35.48
0102,3,44,36.3
0102,3,45,37.11
0102,3,46,37.93
0102,3,47,38.74
0102,3,48,39.55
0102,3,49,40.37
0102,3,50,41.19
0102,3,51,42.0
0102,3,52,42.82
0102,3,53,43.63
0102,3,54,44.45
0102,3,55,45.27
0102,3,56,46.08
0102,3,57,46.9
0102,3,58,47.71
0102,3,59,48.53
0102,3,60,49.35
0102,3,61,50.16
0102,3,62,50.97
0102,3,63,51.78
0102,3,64,52.61
0102,3,65,53.42
0102,3,66,54.23
0102,3,67,55.05
0102,3,68,55.86
0102,3,69,56.68
0102,3,70,57.49
0102,3,71,58.48
0102,3,72,59.45
0102,3,73,60.42
0102,3,74,61.4
0102,3,75,62.37
0102,3,76,63.36
0102,3,77,64.33
0102,3,78,65.3
0102,3,79,66.28
0102,3,80,67.26
0102,3,81,68.23
0102,3,82,69.21
0102,3,83,70.19
0102,3,84,71.17
0102,3,85,72.14
0102,3,86,73.11
0102,3,87,74.1
0102,3,88,75.06
0102,3,89,76.04
0102,3,90,77.01
0102,3,91,77.99
0102,3,92,78.97
0102,3,93,79.95
0102,3,94,80.93
0102,3,95,81.9
0102,3,96,82.88
0102,3,97,83.85
0102,3,98,84.83
0102,3,99,85.81
0102,3,100,86.78
0102,3,101,87.75
0102,3,102,88.74
0102,3,103,89.72
0102,3,104,90.68
0102,3,105,91.66
0102,3,106,92.64
0102,3,107,93.61
0102,3,108,94.59
0102,3,109,95.56
0102,3,110,96.54
0102,3,111,97.52
0102,3,112,98.5
0102,3,113,99.46
0102,3,114,100.44
0102,3,115,101.42
0102,3,116,102.39
0102,3,117,103.37
0102,3,118,104.35
0102,3,119,105.32
0102,3,120,106.3
0102,3,121,107.29
0102,3,122,108.25
0102,3,123,109.23
0102,3,124,110.21
0102,3,125,111.17
0102,3,126,112.16
0102,3,127,113.14
0102,3,128,114.12
0102,3,129,115.09
0102,3,130,116.07
0102,3,131,117.05
0102,3,132,118.02
0102,3,133,118.98
0102,3,134,119.96
0102,3,135,120.93
0102,3,136,121.93
0102,3,137,122.91
0102,3,138,123.86
0102,3,139,124.86
0102,3,140,125.81
0102,3,141,126.8
0102,3,142,127.78
0102,3,143,128.76
0102,3,144,129.74
0102,3,145,130.71
0102,3,146,131.68
0102,3,147,132.67
0102,3,148,133.63
0102,3,149,134.62
0102,3,150,135.6
0102,3,151,136.56
0102,3,152,137.54
0102,3,153,138.52
0102,3,154,139.49
0102,3,155,140.47
0102,3,156,141.44
0102,3,157,142.41
0102,3,158,143.4
0102,3,159,144.37
0102,3,160,145.35
0102,3,161,146.32
0102,3,162,147.29
0102,3,163,148.26
0102,3,164,149.25
0102,3,165,150.23
0102,3,166,151.21
0102,3,167,152.18
0102,3,168,153.17
0102,3,169,154.13
0102,3,170,155.1
0102,3,171,156.08
0102,3,172,157.08
0102,3,173,158.04
0102,3,174,159.0
0102,3,175,160.0
0102,3,176,160.96
0102,3,177,161.95
0102,3,178,162.93
0102,3,179,163.88
0102,3,180,164.86
0102,3,181,165.83
0102,3,182,166.81
0102,3,183,167.8
0102,3,184,168.78
0102,3,185,169.74
0102,3,186,170.74
0102,3,187,171.7
0102,3,188,172.67
0102,3,189,173.65
0102,3,190,174.64
0102,3,191,175.59
0102,3,192,176.58
0102,3,193,177.55
0102,3,194,178.55
0102,3,195,179.52
0102,3,196,180.48
0102,3,197,181.47
0102,3,198,182.45
0102,3,199,183.41
0102,3,200,184.39
0102,4,1,11.25
0102,4,2,11.25
0102,4,3,11.25
0102,4,4,11.25
0102,4,5,11.25
0102,4,6,11.25
0102,4,7,11.25
0102,4,8,11.33
0102,4,9,11.58
0102,4,10,11.82
0102,4,11,12.48
0102,4,12,13.14
0102,4,13,13.8
0102,4,14,14.46
0102,4,15,15.12
0102,4,16,15.78
0102,4,17,16.45
0102,4,18,17.1
0102,4,19,17.77
0102,4,20,18.43
0102,4,21,19.09
0102,4,22,19.75
0102,4,23,20.41
0102,4,24,21.07
0102,4,25,21.73
0102,4,26,22.39
0102,4,27,23.05
0102,4,28,23.71
0102,4,29,24.37
0102,4,30,25.03
0102,4,31,25.85
0102,4,32,26.66
0102,4,33,27.48
0102,4,34,28.3
0102,4,35,29.11
0102,4,36,29.92
0102,4,37,30.74
0102,4,38,31.56
0102,4,39,32.37
0102,4,40,33.19
0102,4,41,34.0
0102,4,42,34.82
0102,4,43,35.63
0102,4,44,36.45
0102,4,45,37.27
0102,4,46,38.08
0102,4,47,38.9
0102,4,48,39.71
0102,4,49,40.53
0102,4,50,41.35
0102,4,51,42.15
0102,4,52,42.98
0102,4,53,43.79
0102,4,54,44.6
0102,4,55,45.42
0102,4,56,46.23
0102,4,57,47.05
0102,4,58,47.87
0102,4,59,48.68
0102,4,60,49.5
0102,4,61,50.31
0102,4,62,51.13
0102,4,63,51.94
0102,4,64,52.76
0102,4,65,53.57
0102,4,66,54.39
0102,4,67,55.2
0102,4,68,56.02
0102,4,69,56.83
0102,4,70,57.66
0102,4,71,58.63
0102,4,72,59.61
0102,4,73,60.58
0102,4,74,61.55
0102,4,75,62.53
0102,4,76,63.51
0102,4,77,64.48
0102,4,78,65.46
0102,4,79,66.43
0102,4,80,67.42
0102,4,81,68.39
0102,4,82,69.36
0102,4,83,70.34
0102,4,84,71.31
0102,4,85,72.29
0102,4,86,73.27
0102,4,87,74.25
0102,4,88,75.22
0102,4,89,76.2
0102,4,90,77.17
0102,4,91,78.15
0102,4,92,79.13
0102,4,93,80.1
0102,4,94,81.08
0102,4,95,82.05
0102,4,96,83.04
0102,4,97,84.0
0102,4,98,84.99
0102,4,99,85.96
0102,4,100,86.94
0102,4,101,87.91
0102,4,102,88.89
0102,4,103,89.86
0102,4,104,90.83
0102,4,105,91.82
0102,4,106,92.8
0102,4,107,93.77
0102,4,108,94.75
0102,4,109,95.72
0102,4,110,96.7
0102,4,111,97.67
0102,4,112,98.65
0102,4,113,99.61
0102,4,114,100.6
0102,4,115,101.57
0102,4,116,102.56
0102,4,117,103.53
0102,4,118,104.51
0102,4,119,105.48
0102,4,120,106.46
0102,4,121,107.42
0102,4,122,108.41
0102,4,123,109.38
0102,4,124,110.36
0102,4,125,111.33
0102,4,126,112.32
0102,4,127,113.28
0102,4,128,114.27
0102,4,129,115.25
0102,4,130,116.23
0102,4,131,117.2
0102,4,132,118.16
0102,4,133,119.14
0102,4,134,120.11
0102,4,135,121.09
0102,4,136,122.08
0102,4,137,123.06
0102,4,138,124.02
0102,4,139,125.0
0102,4,140,125.98
0102,4,141,126.95
0102,4,142,127.93
0102,4,143,128.92
0102,4,144,129.88
0102,4,145,130.87
0102,4,146,131.85
0102,4,147,132.82
0102,4,148,133.8
0102,4,149,134.77
0102,4,150,135.73
0102,4,151,136.71
0102,4,152,137.7
0102,4,153,138.66
0102,4,154,139.63
0102,4,155,140.61
0102,4,156,141.6
0102,4,157,142.57
0102,4,158,143.56
0102,4,159,144.53
0102,4,160,145.51
0102,4,161,146.47
0102,4,162,147.46
0102,4,163,148.42
0102,4,164,149.4
0102,4,165,150.39
0102,4,166,151.37
0102,4,167,152.33
0102,4,168,153.3
0102,4,169,154.27
0102,4,170,155.28
0102,4,171,156.25
0102,4,172,157.22
0102,4,173,158.18
0102,4,174,159.18
0102,4,175,160.14
0102,4,176,161.14
0102,4,177,162.1
0102,4,178,163.08
0102,4,179,164.06
0102,4,180,165.02
0102,4,181,165.99
0102,4,182,166.97
0102,4,183,167.94
0102,4,184,168.94
0102,4,185,169.9
0102,4,186,170.9
0102,4,187,171.85
0102,4,188,172.84
0102,4,189,173.8
0102,4,190,174.8
0102,4,191,175.77
0102,4,192,176.74
0102,4,193,177.73
0102,4,194,178.67
0102,4,195,179.66
0102,4,196,180.66
0102,4,197,181.61
0102,4,198,182.61
0102,4,199,183.59
0102,4,200,184.54
0102,5,1,11.25
0102,5,2,11.25
0102,5,3,11.25
0102,5,4,11.25
0102,5,5,11.25
0102,5,6,11.25
0102,5,7,11.25
0102,5,8,11.49
0102,5,9,11.73
0102,5,10,11.98
0102,5,11,12.64
0102,5,12,13.3
0102,5,13,13.96
0102,5,14,14.62
0102,5,15,15.28
0102,5,16,15.94
0102,5,17,16.6
0102,5,18,17.26
0102,5,19,17.92
0102,5,20,18.58
0102,5,21,19.24
0102,5,22,19.9
0102,5,23,20.56
0102,5,24,21.22
0102,5,25,21.88
0102,5,26,22.54
0102,5,27,23.21
0102,5,28,23.87
0102,5,29,24.53
0102,5,30,25.19
0102,5,31,26.0
0102,5,32,26.82
0102,5,33,27.63
0102,5,34,28.45
0102,5,35,29.26
0102,5,36,30.08
0102,5,37,30.9
0102,5,38,31.71
0102,5,39,32.52
0102,5,40,33.35
0102,5,41,34.16
0102,5,42,34.98
0102,5,43,35.79
0102,5,44,36.6
0102,5,45,37.42
0102,5,46,38.23
0102,5,47,39.05
0102,5,48,39.87
0102,5,49,40.68
0102,5,50,41.5
0102,5,51,42.31
0102,5,52,43.13
0102,5,53,43.94
0102,5,54,44.76
0102,5,55,45.57
0102,5,56,46.39
0102,5,57,47.21
0102,5,58,48.02
0102,5,59,48.83
0102,5,60,49.65
0102,5,61,50.47
0102,5,62,51.28
0102,5,63,52.1
0102,5,64,52.92
0102,5,65,53.73
0102,5,66,54.54
0102,5,67,55.36
0102,5,68,56.18
0102,5,69,57.0
0102,5,70,57.8
0102,5,71,58.78
0102,5,72,59.76
0102,5,73,60.73
0102,5,74,61.71
0102,5,75,62.69
0102,5,76,63.67
0102,5,77,64.64
0102,5,78,65.62
0102,5,79,66.59
0102,5,80,67.57
0102,5,81,68.54
0102,5,82,69.52
0102,5,83,70.5
0102,5,84,71.47
0102,5,85,72.44
0102,5,86,73.42
0102,5,87,74.4
0102,5,88,75.38
0102,5,89,76.36
0102,5,90,77.33
0102,5,91,78.31
0102,5,92,79.28
0102,5,93,80.26
0102,5,94,81.23
0102,5,95,82.21
0102,5,96,83.19
0102,5,97,84.17
0102,5,98,85.14
0102,5,99,86.11
0102,5,100,87.09
0102,5,101,88.07
0102,5,102,89.04
0102,5,103,90.02
0102,5,104,91.0
0102,5,105,91.98
0102,5,106,92.94
0102,5,107,93.93
0102,5,108,94.9
0102,5,109,95.87
0102,5,110,96.85
0102,5,111,97.84
0102,5,112,98.81
0102,5,113,99.78
0102,5,114,100.76
0102,5,115,101.73
0102,5,116,102.72
0102,5,117,103.68
0102,5,118,104.66
0102,5,119,105.63
0102,5,120,106.62
0102,5,121,107.59
0102,5,122,108.56
0102,5,123,109.54
0102,5,124,110.51
0102,5,125,111.5
0102,5,126,112.47
0102,5,127,113.44
0102,5,128,114.43
0102,5,129,115.41
0102,5,130,116.37
0102,5,131,117.34
0102,5,132,118.32
0102,5,133,119.3
0102,5,134,120.28
0102,5,135,121.26
0102,5,136,122.23
0102,5,137,123.21
0102,5,138,124.18
0102,5,139,125.17
0102,5,140,126.14
0102,5,141,127.11
0102,5,142,128.08
0102,5,143,129.05
0102,5,144,130.03
0102,5,145,131.01
0102,5,146,132.0
0102,5,147,132.96
0102,5,148,133.96
0102,5,149,134.91
0102,5,150,135.89
0102,5,151,136.87
0102,5,152,137.84
0102,5,153,138.82
0102,5,154,139.8
0102,5,155,140.77
0102,5,156,141.76
0102,5,157,142.72
0102,5,158,143.7
0102,5,159,144.69
0102,5,160,145.65
0102,5,161,146.64
0102,5,162,147.61
0102,5,163,148.59
0102,5,164,149.55
0102,5,165,150.55
0102,5,166,151.51
0102,5,167,152.48
0102,5,168,153.46
0102,5,169,154.44
0102,5,170,155.43
0102,5,171,156.39
0102,5,172,157.37
0102,5,173,158.34
0102,5,174,159.33
0102,5,175,160.3
0102,5,176,161.26
0102,5,177,162.26
0102,5,178,163.22
0102,5,179,164.21
0102,5,180,165.18
0102,5,181,166.16
0102,5,182,167.12
0102,5,183,168.12
0102,5,184,169.09
0102,5,185,170.05
0102,5,186,171.02
0102,5,187,172.03
0102,5,188,172.98
0102,5,189,173.96
0102,5,190,174.94
0102,5,191,175.91
0102,5,192,176.91
0102,5,193,177.87
0102,5,194,178.85
0102,5,195,179.83
0102,5,196,180.8
0102,5,197,181.78
0102,5,198,182.74
0102,5,199,183.74
0102,5,200,184.71
0102,6,1,11.25
0102,6,2,11.25
0102,6,3,11.25
0102,6,4,11.25
0102,6,5,11.25
0102,6,6,11.25
0102,6,7,11.4
0102,6,8,11.64
0102,6,9,11.89
0102,6,10,12.13
0102,6,11,12.79
0102,6,12,13.45
0102,6,13,14.11
0102,6,14,14.77
0102,6,15,15.43
0102,6,16,16.09
0102,6,17,16.76
0102,6,18,17.42
0102,6,19,18.08
0102,6,20,18.74
0102,6,21,19.4
0102,6,22,20.06
0102,6,23,20.72
0102,6,24,21.38
0102,6,25,22.04
0102,6,26,22.7
0102,6,27,23.36
0102,6,28,24.02
0102,6,29,24.68
0102,6,30,25.35
0102,6,31,26.16
0102,6,32,26.97
0102,6,33,27.79
0102,6,34,28.6
0102,6,35,29.42
0102,6,36,30.24
0102,6,37,31.05
0102,6,38,31.86
0102,6,39,32.68
0102,6,40,33.5
0102,6,41,34.31
0102,6,42,35.13
0102,6,43,35.94
0102,6,44,36.76
0102,6,45,37.58
0102,6,46,38.39
0102,6,47,39.21
0102,6,48,40.02
0102,6,49,40.83
0102,6,50,41.65
0102,6,51,42.47
0102,6,52,43.28
0102,6,53,44.1
0102,6,54,44.91
0102,6,55,45.73
0102,6,56,46.55
0102,6,57,47.36
0102,6,58,48.17
0102,6,59,48.99
0102,6,60,49.81
0102,6,61,50.62
0102,6,62,51.44
0102,6,63,52.25
0102,6,64,53.07
0102,6,65,53.89
0102,6,66,54.7
0102,6,67,55.52
0102,6,68,56.33
0102,6,69,57.14
0102,6,70,57.96
0102,6,71,58.94
0102,6,72,59.91
0102,6,73,60.89
0102,6,74,61.87
0102,6,75,62.84
0102,6,76,63.81
0102,6,77,64.79
0102,6,78,65.77
0102,6,79,66.74
0102,6,80,67.72
0102,6,81,68.69
0102,6,82,69.67
0102,6,83,70.65
0102,6,84,71.63
0102,6,85,72.6
0102,6,86,73.58
0102,6,87,74.56
0102,6,88,75.54
0102,6,89,76.51
0102,6,90,77.48
0102,6,91,78.47
0102,6,92,79.44
0102,6,93,80.42
0102,6,94,81.4
0102,6,95,82.37
0102,6,96,83.33
0102,6,97,84.32
0102,6,98,85.29
0102,6,99,86.27
0102,6,100,87.25
0102,6,101,88.23
0102,6,102,89.2
0102,6,103,90.17
0102,6,104,91.15
0102,6,105,92.12
0102,6,106,93.1
0102,6,107,94.08
0102,6,108,95.06
0102,6,109,96.04
0102,6,110,97.0
0102,6,111,97.98
0102,6,112,98.95
0102,6,113,99.94
0102,6,114,100.91
0102,6,115,101.9
0102,6,116,102.86
0102,6,117,103.83
0102,6,118,104.82
0102,6,119,105.8
0102,6,120,106.77
0102,6,121,107.74
0102,6,122,108.72
0102,6,123,109.69
0102,6,124,110.66
0102,6,125,111.65
0102,6,126,112.62
0102,6,127,113.6
0102,6,128,114.57
0102,6,129,115.55
0102,6,130,116.54
0102,6,131,117.5
0102,6,132,118.48
0102,6,133,119.46
0102,6,134,120.43
0102,6,135,121.41
0102,6,136,122.39
0102,6,137,123.35
0102,6,138,124.33
0102,6,139,125.32
0102,6,140,126.29
0102,6,141,127.26
0102,6,142,128.25
0102,6,143,129.22
0102,6,144,130.18
0102,6,145,131.18
0102,6,146,132.14
0102,6,147,133.13
0102,6,148,134.09
0102,6,149,135.08
0102,6,150,136.04
0102,6,151,137.04
0102,6,152,138.0
0102,6,153,138.98
0102,6,154,139.95
0102,6,155,140.93
0102,6,156,141.92
0102,6,157,142.87
0102,6,158,143.86
0102,6,159,144.83
0102,6,160,145.82
0102,6,161,146.78
0102,6,162,147.77
0102,6,163,148.75
0102,6,164,149.7
0102,6,165,150.69
0102,6,166,151.66
0102,6,167,152.64
0102,6,168,153.63
0102,6,169,154.58
0102,6,170,155.58
0102,6,171,156.56
0102,6,172,157.54
0102,6,173,158.5
0102,6,174,159.47
0102,6,175,160.44
0102,6,176,161.43
0102,6,177,162.41
0102,6,178,163.37
0102,6,179,164.35
0102,6,180,165.35
0102,6,181,166.3
0102,6,182,167.3
0102,6,183,168.27
0102,6,184,169.23
0102,6,185,170.23
0102,6,186,171.18
0102,6,187,172.17
0102,6,188,173.13
0102,6,189,174.13
0102,6,190,175.09
0102,6,191,176.08
0102,6,192,177.05
0102,6,193,178.01
0102,6,194,179.0
0102,6,195,179.98
0102,6,196,180.97
0102,6,197,181.91
0102,6,198,182.89
0102,6,199,183.89
0102,6,200,184.86
0102,7,1,11.25
0102,7,2,11.25
0102,7,3,11.25
0102,7,4,11.25
0102,7,5,11.25
0102,7,6,11.31
0102,7,7,11.55
0102,7,8,11.8
0102,7,9,12.04
0102,7,10,12.29
0102,7,11,12.95
0102,7,12,13.61
0102,7,13,14.27
0102,7,14,14.93
0102,7,15,15.59
0102,7,16,16.25
0102,7,17,16.91
0102,7,18,17.57
0102,7,19,18.23
0102,7,20,18.89
0102,7,21,19.55
0102,7,22,20.21
0102,7,23,20.87
0102,7,24,21.53
0102,7,25,22.2
0102,7,26,22.86
0102,7,27,23.52
0102,7,28,24.18
0102,7,29,24.84
0102,7,30,25.5
0102,7,31,26.32
0102,7,32,27.13
0102,7,33,27.94
0102,7,34,28.76
0102,7,35,29.58
0102,7,36,30.39
0102,7,37,31.21
0102,7,38,32.02
0102,7,39,32.83
0102,7,40,33.65
0102,7,41,34.46
0102,7,42,35.28
0102,7,43,36.1
0102,7,44,36.91
0102,7,45,37.73
0102,7,46,38.55
0102,7,47,39.36
0102,7,48,40.18
0102,7,49,40.99
0102,7,50,41.81
0102,7,51,42.62
0102,7,52,43.44
0102,7,53,44.25
0102,7,54,45.07
0102,7,55,45.88
0102,7,56,46.7
0102,7,57,47.52
0102,7,58,48.33
0102,7,59,49.15
0102,7,60,49.96
0102,7,61,50.78
0102,7,62,51.59
0102,7,63,52.41
0102,7,64,53.23
0102,7,65,54.04
0102,7,66,54.85
0102,7,67,55.66
0102,7,68,56.48
0102,7,69,57.3
0102,7,70,58.12
0102,7,71,59.09
0102,7,72,60.07
0102,7,73,61.05
0102,7,74,62.02
0102,7,75,63.0
0102,7,76,63.97
0102,7,77,64.94
0102,7,78,65.93
0102,7,79,66.9
0102,7,80,67.88
0102,7,81,68.86
0102,7,82,69.82
0102,7,83,70.8
0102,7,84,71.79
0102,7,85,72.75
0102,7,86,73.74
0102,7,87,74.71
0102,7,88,75.68
0102,7,89,76.67
0102,7,90,77.63
0102,7,91,78.61
0102,7,92,79.59
0102,7,93,80.57
0102,7,94,81.54
0102,7,95,82.52
0102,7,96,83.49
0102,7,97,84.47
0102,7,98,85.45
0102,7,99,86.42
0102,7,100,87.39
0102,7,101,88.37
0102,7,102,89.35
0102,7,103,90.33
0102,7,104,91.3
0102,7,105,92.28
0102,7,106,93.25
0102,7,107,94.24
0102,7,108,95.2
0102,7,109,96.18
0102,7,110,97.16
0102,7,111,98.13
0102,7,112,99.12
0102,7,113,100.1
0102,7,114,101.07
0102,7,115,102.05
0102,7,116,103.02
0102,7,117,103.99
0102,7,118,104.97
0102,7,119,105.94
0102,7,120,106.93
0102,7,121,107.89
0102,7,122,108.86
0102,7,123,109.85
0102,7,124,110.83
0102,7,125,111.81
0102,7,126,112.77
0102,7,127,113.76
0102,7,128,114.74
0102,7,129,115.72
0102,7,130,116.67
0102,7,131,117.66
0102,7,132,118.63
0102,7,133,119.62
0102,7,134,120.58
0102,7,135,121.56
0102,7,136,122.53
0102,7,137,123.51
0102,7,138,124.49
0102,7,139,125.46
0102,7,140,126.45
0102,7,141,127.42
0102,7,142,128.4
0102,7,143,129.37
0102,7,144,130.36
0102,7,145,131.32
0102,7,146,132.31
0102,7,147,133.28
0102,7,148,134.25
0102,7,149,135.22
0102,7,150,136.2
0102,7,151,137.17
0102,7,152,138.15
0102,7,153,139.14
0102,7,154,140.12
0102,7,155,141.1
0102,7,156,142.05
0102,7,157,143.04
0102,7,158,144.02
0102,7,159,145.0
0102,7,160,145.96
0102,7,161,146.94
0102,7,162,147.91
0102,7,163,148.89
0102,7,164,149.86
0102,7,165,150.86
0102,7,166,151.83
0102,7,167,152.79
0102,7,168,153.79
0102,7,169,154.76
0102,7,170,155.73
0102,7,171,156.71
0102,7,172,157.68
0102,7,173,158.67
0102,7,174,159.62
0102,7,175,160.6
0102,7,176,161.57
0102,7,177,162.57
0102,7,178,163.52
0102,7,179,164.52
0102,7,180,165.49
0102,7,181,166.48
0102,7,182,167.43
0102,7,183,168.41
0102,7,184,169.39
0102,7,185,170.38
0102,7,186,171.35
0102,7,187,172.33
0102,7,188,173.29
0102,7,189,174.27
0102,7,190,175.24
0102,7,191,176.22
0102,7,192,177.21
0102,7,193,178.18
0102,7,194,179.14
0102,7,195,180.12
0102,7,196,181.11
0102,7,197,182.08
0102,7,198,183.06
0102,7,199,184.05
0102,7,200,185.0
0102,8,1,11.25
0102,8,2,11.25
0102,8,3,11.25
0102,8,4,11.25
0102,8,5,11.25
0102,8,6,11.46
0102,8,7,11.71
0102,8,8,11.95
0102,8,9,12.2
0102,8,10,12.44
0102,8,11,13.1
0102,8,12,13.76
0102,8,13,14.42
0102,8,14,15.08
0102,8,15,15.74
0102,8,16,16.4
0102,8,17,17.07
0102,8,18,17.72
0102,8,19,18.39
0102,8,20,19.05
0102,8,21,19.71
0102,8,22,20.37
0102,8,23,21.03
0102,8,24,21.69
0102,8,25,22.35
0102,8,26,23.01
0102,8,27,23.67
0102,8,28,24.33
0102,8,29,24.99
0102,8,30,25.65
0102,8,31,26.47
0102,8,32,27.28
0102,8,33,28.1
0102,8,34,28.92
0102,8,35,29.73
0102,8,36,30.55
0102,8,37,31.36
0102,8,38,32.17
0102,8,39,32.99
0102,8,40,33.81
0102,8,41,34.62
0102,8,42,35.44
0102,8,43,36.26
0102,8,44,37.07
0102,8,45,37.88
0102,8,46,38.7
0102,8,47,39.51
0102,8,48,40.33
0102,8,49,41.15
0102,8,50,41.96
0102,8,51,42.77
0102,8,52,43.59
0102,8,53,44.4
0102,8,54,45.22
0102,8,55,46.04
0102,8,56,46.85
0102,8,57,47.67
0102,8,58,48.48
0102,8,59,49.3
0102,8,60,50.11
0102,8,61,50.93
0102,8,62,51.75
0102,8,63,52.56
0102,8,64,53.37
0102,8,65,54.19
0102,8,66,55.0
0102,8,67,55.82
0102,8,68,56.64
0102,8,69,57.45
0102,8,70,58.27
0102,8,71,59.25
0102,8,72,60.23
0102,8,73,61.2
0102,8,74,62.18
0102,8,75,63.15
0102,8,76,64.13
0102,8,77,65.1
0102,8,78,66.08
0102,8,79,67.06
0102,8,80,68.03
0102,8,81,69.0
0102,8,82,69.98
0102,8,83,70.96
0102,8,84,71.94
0102,8,85,72.92
0102,8,86,73.88
0102,8,87,74.87
0102,8,88,75.84
0102,8,89,76.82
0102,8,90,77.8
0102,8,91,78.78
0102,8,92,79.74
0102,8,93,80.72
0102,8,94,81.69
0102,8,95,82.68
0102,8,96,83.66
0102,8,97,84.62
0102,8,98,85.61
0102,8,99,86.57
0102,8,100,87.56
0102,8,101,88.54
0102,8,102,89.5
0102,8,103,90.49
0102,8,104,91.46
0102,8,105,92.43
0102,8,106,93.41
0102,8,107,94.39
0102,8,108,95.37
0102,8,109,96.35
0102,8,110,97.31
0102,8,111,98.3
0102,8,112,99.28
0102,8,113,100.24
0102,8,114,101.22
0102,8,115,102.19
0102,8,116,103.18
0102,8,117,104.16
0102,8,118,105.12
0102,8,119,106.1
0102,8,120,107.08
0102,8,121,108.04
0102,8,122,109.02
0102,8,123,110.0
0102,8,124,110.98
0102,8,125,111.95
0102,8,126,112.94
0102,8,127,113.9
0102,8,128,114.88
0102,8,129,115.87
0102,8,130,116.85
0102,8,131,117.82
0102,8,132,118.79
0102,8,133,119.75
0102,8,134,120.74
0102,8,135,121.73
0102,8,136,122.7
0102,8,137,123.68
0102,8,138,124.66
0102,8,139,125.63
0102,8,140,126.6
0102,8,141,127.59
0102,8,142,128.55
0102,8,143,129.52
0102,8,144,130.5
0102,8,145,131.47
0102,8,146,132.45
0102,8,147,133.44
0102,8,148,134.42
0102,8,149,135.4
0102,8,150,136.36
0102,8,151,137.33
0102,8,152,138.33
0102,8,153,139.29
0102,8,154,140.28
0102,8,155,141.25
0102,8,156,142.21
0102,8,157,143.2
0102,8,158,144.16
0102,8,159,145.14
0102,8,160,146.13
0102,8,161,147.09
0102,8,162,148.08
0102,8,163,149.06
0102,8,164,150.04
0102,8,165,151.0
0102,8,166,151.99
0102,8,167,152.97
0102,8,168,153.92
0102,8,169,154.91
0102,8,170,155.9
0102,8,171,156.87
0102,8,172,157.83
0102,8,173,158.81
0102,8,174,159.8
0102,8,175,160.75
0102,8,176,161.75
0102,8,177,162.71
0102,8,178,163.71
0102,8,179,164.66
0102,8,180,165.66
0102,8,181,166.61
0102,8,182,167.6
0102,8,183,168.58
0102,8,184,169.56
0102,8,185,170.52
0102,8,186,171.49
0102,8,187,172.47
0102,8,188,173.44
0102,8,189,174.42
0102,8,190,175.39
0102,8,191,176.36
0102,8,192,177.35
0102,8,193,178.34
0102,8,194,179.33
0102,8,195,180.3
0102,8,196,181.26
0102,8,197,182.23
0102,8,198,183.22
0102,8,199,184.18
0102,8,200,185.17
0103,2,1,25.87
0103,2,2,25.87
0103,2,3,25.87
0103,2,4,25.87
0103,2,5,25.87
0103,2,6,25.87
0103,2,7,25.87
0103,2,8,25.87
0103,2,9,25.87
0103,2,10,25.87
0103,2,11,25.87
0103,2,12,26.95
0103,2,13,28.05
0103,2,14,29.15
0103,2,15,30.25
0103,2,16,31.35
0103,2,17,32.45
0103,2,18,33.55
0103,2,19,34.65
0103,2,20,35.75
0103,2,21,36.85
0103,2,22,37.95
0103,2,23,39.05
0103,2,24,40.15
0103,2,25,41.24
0103,2,26,42.35
0103,2,27,43.44
0103,2,28,44.55
0103,2,29,45.65
0103,2,30,46.75
0103,2,31,48.1
0103,2,32,49.45
0103,2,33,50.8
0103,2,34,52.15
0103,2,35,53.51
0103,2,36,54.86
0103,2,37,56.2
0103,2,38,57.56
0103,2,39,58.91
0103,2,40,60.26
0103,2,41,61.62
0103,2,42,62.97
0103,2,43,64.31
0103,2,44,65.66
0103,2,45,67.02
0103,2,46,68.37
0103,2,47,69.72
0103,2,48,71.08
0103,2,49,72.42
0103,2,50,73.78
0103,2,51,75.13
0103,2,52,76.48
0103,2,53,77.83
0103,2,54,79.19
0103,2,55,80.53
0103,2,56,81.89
0103,2,57,83.24
0103,2,58,84.59
0103,2,59,85.94
0103,2,60,87.29
0103,2,61,88.64
0103,2,62,89.99
0103,2,63,91.34
0103,2,64,92.71
0103,2,65,94.06
0103,2,66,95.4
0103,2,67,96.75
0103,2,68,98.11
0103,2,69,99.47
0103,2,70,100.81
0103,2,71,102.52
0103,2,72,104.24
0103,2,73,105.96
0103,2,74,107.66
0103,2,75,109.38
0103,2,76,111.1
0103,2,77,112.8
0103,2,78,114.52
0103,2,79,116.22
0103,2,80,117.93
0103,2,81,119.66
0103,2,82,121.37
0103,2,83,123.08
0103,2,84,124.8
0103,2,85,126.51
0103,2,86,128.22
0103,2,87,129.93
0103,2,88,131.63
0103,2,89,133.36
0103,2,90,135.06
0103,2,91,136.79
0103,2,92,138.5
0103,2,93,140.21
0103,2,94,141.91
0103,2,95,143.63
0103,2,96,145.36
0103,2,97,147.05
0103,2,98,148.78
0103,2,99,150.48
0103,2,100,152.2
0103,2,101,153.9
0103,2,102,155.63
0103,2,103,157.34
0103,2,104,159.03
0103,2,105,160.75
0103,2,106,162.47
0103,2,107,164.18
0103,2,108,165.89
0103,2,109,167.61
0103,2,110,169.33
0103,2,111,171.04
0103,2,112,172.75
0103,2,113,174.46
0103,2,114,176.17
0103,2,115,177.88
0103,2,116,179.58
0103,2,117,181.31
0103,2,118,183.03
0103,2,119,184.75
0103,2,120,186.46
0103,2,121,188.16
0103,2,122,189.86
0103,2,123,191.58
0103,2,124,193.3
0103,2,125,195.01
0103,2,126,196.72
0103,2,127,198.43
0103,2,128,200.15
0103,2,129,201.87
0103,2,130,203.56
0103,2,131,205.28
0103,2,132,206.99
0103,2,133,208.72
0103,2,134,210.43
0103,2,135,212.12
0103,2,136,213.87
0103,2,137,215.56
0103,2,138,217.27
0103,2,139,219.0
0103,2,140,220.72
0103,2,141,222.43
0103,2,142,224.11
0103,2,143,225.85
0103,2,144,227.54
0103,2,145,229.26
0103,2,146,230.98
0103,2,147,232.7
0103,2,148,234.39
0103,2,149,236.13
0103,2,150,237.81
0103,2,151,239.56
0103,2,152,241.25
0103,2,153,242.98
0103,2,154,244.67
0103,2,155,246.39
0103,2,156,248.11
0103,2,157,249.8
0103,2,158,251.52
0103,2,159,253.26
0103,2,160,254.97
0103,2,161,256.68
0103,2,162,258.4
0103,2,163,260.11
0103,2,164,261.81
0103,2,165,263.5
0103,2,166,265.22
0103,2,167,266.95
0103,2,168,268.64
0103,2,169,270.39
0103,2,170,272.1
0103,2,171,273.77
0103,2,172,275.49
0103,2,173,277.24
0103,2,174,278.95
0103,2,175,280.63
0103,2,176,282.36
0103,2,177,284.1
0103,2,178,285.8
0103,2,179,287.49
0103,2,180,289.23
0103,2,181,290.92
0103,2,182,292.65
0103,2,183,294.33
0103,2,184,296.03
0103,2,185,297.77
0103,2,186,299.49
0103,2,187,301.18
0103,2,188,302.94
0103,2,189,304.63
0103,2,190,306.33
0103,2,191,308.03
0103,2,192,309.79
0103,2,193,311.49
0103,2,194,313.2
0103,2,195,314.89
0103,2,196,316.61
0103,2,197,318.31
0103,2,198,320.05
0103,2,199,321.78
0103,2,200,323.49
0103,3,1,25.87
0103,3,2,25.87
0103,3,3,25.87
0103,3,4,25.87
0103,3,5,25.87
0103,3,6,25.87
0103,3,7,25.87
0103,3,8,25.87
0103,3,9,25.87
0103,3,10,25.87
0103,3,11,26.04
0103,3,12,27.14
0103,3,13,28.24
0103,3,14,29.34
0103,3,15,30.44
0103,3,16,31.54
0103,3,17,32.64
0103,3,18,33.74
0103,3,19,34.84
0103,3,20,35.94
0103,3,21,37.04
0103,3,22,38.14
0103,3,23,39.24
0103,3,24,40.34
0103,3,25,41.44
0103,3,26,42.54
0103,3,27,43.64
0103,3,28,44.74
0103,3,29,45.84
0103,3,30,46.94
0103,3,31,48.29
0103,3,32,49.64
0103,3,33,50.99
0103,3,34,52.34
0103,3,35,53.69
0103,3,36,55.05
0103,3,37,56.4
0103,3,38,57.76
0103,3,39,59.1
0103,3,40,60.46
0103,3,41,61.81
0103,3,42,63.16
0103,3,43,64.5
0103,3,44,65.86
0103,3,45,67.22
0103,3,46,68.57
0103,3,47,69.92
0103,3,48,71.27
0103,3,49,72.62
0103,3,50,73.97
0103,3,51,75.33
0103,3,52,76.68
0103,3,53,78.03
0103,3,54,79.37
0103,3,55,80.73
0103,3,56,82.08
0103,3,57,83.42
0103,3,58,84.79
0103,3,59,86.14
0103,3,60,87.48
0103,3,61,88.84
0103,3,62,90.18
0103,3,63,91.54
0103,3,64,92.9
0103,3,65,94.25
0103,3,66,95.6
0103,3,67,96.95
0103,3,68,98.31
0103,3,69,99.66
0103,3,70,101.01
0103,3,71,102.71
0103,3,72,104.42
0103,3,73,106.13
0103,3,74,107.85
0103,3,75,109.57
0103,3,76,111.28
0103,3,77,112.98
0103,3,78,114.71
0103,3,79,116.41
0103,3,80,118.12
0103,3,81,119.84
0103,3,82,121.56
0103,3,83,123.26
0103,3,84,124.99
0103,3,85,126.69
0103,3,86,128.4
0103,3,87,130.11
0103,3,88,131.84
0103,3,89,133.54
0103,3,90,135.27
0103,3,91,136.97
0103,3,92,138.69
0103,3,93,140.38
0103,3,94,142.12
0103,3,95,143.82
0103,3,96,145.54
0103,3,97,147.24
0103,3,98,148.95
0103,3,99,150.66
0103,3,100,152.4
0103,3,101,154.09
0103,3,102,155.8
0103,3,103,157.52
0103,3,104,159.24
0103,3,105,160.96
0103,3,106,162.66
0103,3,107,164.37
0103,3,108,166.09
0103,3,109,167.81
0103,3,110,169.51
0103,3,111,171.23
0103,3,112,172.93
0103,3,113,174.65
0103,3,114,176.35
0103,3,115,178.07
0103,3,116,179.8
0103,3,117,181.49
0103,3,118,183.22
0103,3,119,184.93
0103,3,120,186.65
0103,3,121,188.34
0103,3,122,190.07
0103,3,123,191.78
0103,3,124,193.49
0103,3,125,195.22
0103,3,126,196.91
0103,3,127,198.61
0103,3,128,200.33
0103,3,129,202.05
0103,3,130,203.75
0103,3,131,205.47
0103,3,132,207.21
0103,3,133,208.89
0103,3,134,210.62
0103,3,135,212.34
0103,3,136,214.03
0103,3,137,215.76
0103,3,138,217.46
0103,3,139,219.16
0103,3,140,220.89
0103,3,141,222.61
0103,3,142,224.3
0103,3,143,226.05
0103,3,144,227.74
0103,3,145,229.45
0103,3,146,231.18
0103,3,147,232.89
0103,3,148,234.59
0103,3,149,236.33
0103,3,150,238.04
0103,3,151,239.73
0103,3,152,241.47
0103,3,153,243.15
0103,3,154,244.86
0103,3,155,246.61
0103,3,156,248.32
0103,3,157,250.01
0103,3,158,251.71
0103,3,159,253.45
0103,3,160,255.13
0103,3,161,256.87
0103,3,162,258.58
0103,3,163,260.27
0103,3,164,261.99
0103,3,165,263.72
0103,3,166,265.4
0103,3,167,267.16
0103,3,168,268.84
0103,3,169,270.56
0103,3,170,272.25
0103,3,171,274.02
0103,3,172,275.71
0103,3,173,277.42
0103,3,174,279.1
0103,3,175,280.85
0103,3,176,282.55
0103,3,177,284.26
0103,3,178,285.98
0103,3,179,287.69
0103,3,180,289.38
0103,3,181,291.13
0103,3,182,292.84
0103,3,183,294.53
0103,3,184,296.26
0103,3,185,297.98
0103,3,186,299.67
0103,3,187,301.4
0103,3,188,303.08
0103,3,189,304.84
0103,3,190,306.51
0103,3,191,308.26
0103,3,192,309.93
0103,3,193,311.64
0103,3,194,313.36
0103,3,195,315.08
0103,3,196,316.79
0103,3,197,318.5
0103,3,198,320.23
0103,3,199,321.93
0103,3,200,323.67
0103,4,1,25.87
0103,4,2,25.87
0103,4,3,25.87
0103,4,4,25.87
0103,4,5,25.87
0103,4,6,25.87
0103,4,7,25.87
0103,4,8,25.87
0103,4,9,25.87
0103,4,10,25.87
0103,4,11,26.23
0103,4,12,27.33
0103,4,13,28.43
0103,4,14,29.53
0103,4,15,30.63
0103,4,16,31.73
0103,4,17,32.83
0103,4,18,33.93
0103,4,19,35.04
0103,4,20,36.13
0103,4,21,37.23
0103,4,22,38.33
0103,4,23,39.43
0103,4,24,40.53
0103,4,25,41.63
0103,4,26,42.73
0103,4,27,43.83
0103,4,28,44.93
0103,4,29,46.03
0103,4,30,47.13
0103,4,31,48.48
0103,4,32,49.84
0103,4,33,51.19
0103,4,34,52.53
0103,4,35,53.89
0103,4,36,55.24
0103,4,37,56.59
0103,4,38,57.95
0103,4,39,59.29
0103,4,40,60.65
0103,4,41,61.99
0103,4,42,63.35
0103,4,43,64.71
0103,4,44,66.05
0103,4,45,67.4
0103,4,46,68.76
0103,4,47,70.11
0103,4,48,71.46
0103,4,49,72.81
0103,4,50,74.16
0103,4,51,75.52
0103,4,52,76.86
0103,4,53,78.22
0103,4,54,79.56
0103,4,55,80.92
0103,4,56,82.27
0103,4,57,83.63
0103,4,58,84.98
0103,4,59,86.32
0103,4,60,87.68
0103,4,61,89.03
0103,4,62,90.37
0103,4,63,91.74
0103,4,64,93.09
0103,4,65,94.44
0103,4,66,95.78
0103,4,67,97.15
0103,4,68,98.48
0103,4,69,99.84
0103,4,70,101.18
0103,4,71,102.9
0103,4,72,104.62
0103,4,73,106.34
0103,4,74,108.05
0103,4,75,109.76
0103,4,76,111.47
0103,4,77,113.18
0103,4,78,114.91
0103,4,79,116.61
0103,4,80,118.32
0103,4,81,120.03
0103,4,82,121.75
0103,4,83,123.45
0103,4,84,125.18
0103,4,85,126.88
0103,4,86,128.59
0103,4,87,130.31
0103,4,88,132.02
0103,4,89,133.74
0103,4,90,135.45
0103,4,91,137.17
0103,4,92,138.86
0103,4,93,140.59
0103,4,94,142.29
0103,4,95,144.02
0103,4,96,145.74
0103,4,97,147.45
0103,4,98,149.14
0103,4,99,150.86
0103,4,100,152.57
0103,4,101,154.3
0103,4,102,155.99
0103,4,103,157.71
0103,4,104,159.43
0103,4,105,161.14
0103,4,106,162.84
0103,4,107,164.56
0103,4,108,166.29
0103,4,109,167.99
0103,4,110,169.72
0103,4,111,171.41
0103,4,112,173.12
0103,4,113,174.84
0103,4,114,176.56
0103,4,115,178.25
0103,4,116,179.98
0103,4,117,181.69
0103,4,118,183.39
0103,4,119,185.1
0103,4,120,186.83
0103,4,121,188.55
0103,4,122,190.25
0103,4,123,191.97
0103,4,124,193.67
0103,4,125,195.4
0103,4,126,197.12
0103,4,127,198.81
0103,4,128,200.51
0103,4,129,202.23
0103,4,130,203.96
0103,4,131,205.67
0103,4,132,207.39
0103,4,133,209.09
0103,4,134,210.82
0103,4,135,212.53
0103,4,136,214.22
0103,4,137,215.96
0103,4,138,217.65
0103,4,139,219.37
0103,4,140,221.1
0103,4,141,222.82
0103,4,142,224.5
0103,4,143,226.22
0103,4,144,227.95
0103,4,145,229.63
0103,4,146,231.35
0103,4,147,233.06
0103,4,148,234.8
0103,4,149,236.51
0103,4,150,238.19
0103,4,151,239.93
0103,4,152,241.62
0103,4,153,243.37
0103,4,154,245.06
0103,4,155,246.77
0103,4,156,248.5
0103,4,157,250.21
0103,4,158,251.89
0103,4,159,253.62
0103,4,160,255.36
0103,4,161,257.07
0103,4,162,258.77
0103,4,163,260.49
0103,4,164,262.19
0103,4,165,263.91
0103,4,166,265.64
0103,4,167,267.31
0103,4,168,269.04
0103,4,169,270.76
0103,4,170,272.44
0103,4,171,274.2
0103,4,172,275.91
0103,4,173,277.6
0103,4,174,279.32
0103,4,175,281.05
0103,4,176,282.73
0103,4,177,284.46
0103,4,178,286.18
0103,4,179,287.86
0103,4,180,289.59
0103,4,181,291.31
0103,4,182,293.04
0103,4,183,294.73
0103,4,184,296.44
0103,4,185,298.19
0103,4,186,299.9
0103,4,187,301.6
0103,4,188,303.28
0103,4,189,305.04
0103,4,190,306.75
0103,4,191,308.43
0103,4,192,310.12
0103,4,193,311.85
0103,4,194,313.59
0103,4,195,315.3
0103,4,196,316.99
0103,4,197,318.72
0103,4,198,320.45
0103,4,199,322.15
0103,4,200,323.88
0103,5,1,25.87
0103,5,2,25.87
0103,5,3,25.87
0103,5,4,25.87
0103,5,5,25.87
0103,5,6,25.87
0103,5,7,25.87
0103,5,8,25.87
0103,5,9,25.87
0103,5,10,25.87
0103,5,11,26.43
0103,5,12,27.52
0103,5,13,28.62
0103,5,14,29.72
0103,5,15,30.82
0103,5,16,31.92
0103,5,17,33.02
0103,5,18,34.12
0103,5,19,35.23
0103,5,20,36.33
0103,5,21,37.42
0103,5,22,38.53
0103,5,23,39.63
0103,5,24,40.72
0103,5,25,41.82
0103,5,26,42.92
0103,5,27,44.02
0103,5,28,45.12
0103,5,29,46.22
0103,5,30,47.32
0103,5,31,48.67
0103,5,32,50.02
0103,5,33,51.38
0103,5,34,52.73
0103,5,35,54.08
0103,5,36,55.43
0103,5,37,56.78
0103,5,38,58.14
0103,5,39,59.48
0103,5,40,60.84
0103,5,41,62.19
0103,5,42,63.55
0103,5,43,64.9
0103,5,44,66.24
0103,5,45,67.59
0103,5,46,68.95
0103,5,47,70.3
0103,5,48,71.65
0103,5,49,73.0
0103,5,50,74.36
0103,5,51,75.7
0103,5,52,77.06
0103,5,53,78.42
0103,5,54,79.76
0103,5,55,81.11
0103,5,56,82.46
0103,5,57,83.81
0103,5,58,85.17
0103,5,59,86.52
0103,5,60,87.88
0103,5,61,89.23
0103,5,62,90.58
0103,5,63,91.93
0103,5,64,93.28
0103,5,65,94.63
0103,5,66,95.98
0103,5,67,97.33
0103,5,68,98.69
0103,5,69,100.04
0103,5,70,101.38
0103,5,71,103.09
0103,5,72,104.81
0103,5,73,106.52
0103,5,74,108.23
0103,5,75,109.95
0103,5,76,111.66
0103,5,77,113.37
0103,5,78,115.09
0103,5,79,116.79
0103,5,80,118.51
0103,5,81,120.22
0103,5,82,121.93
0103,5,83,123.66
0103,5,84,125.35
0103,5,85,127.07
0103,5,86,128.78
0103,5,87,130.49
0103,5,88,132.23
0103,5,89,133.93
0103,5,90,135.64
0103,5,91,137.35
0103,5,92,139.07
0103,5,93,140.77
0103,5,94,142.5
0103,5,95,144.2
0103,5,96,145.91
0103,5,97,147.62
0103,5,98,149.33
0103,5,99,151.05
0103,5,100,152.76
0103,5,101,154.48
0103,5,102,156.18
0103,5,103,157.9
0103,5,104,159.61
0103,5,105,161.33
0103,5,106,163.04
0103,5,107,164.75
0103,5,108,166.48
0103,5,109,168.18
0103,5,110,169.91
0103,5,111,171.62
0103,5,112,173.34
0103,5,113,175.02
0103,5,114,176.75
0103,5,115,178.46
0103,5,116,180.19
0103,5,117,181.89
0103,5,118,183.6
0103,5,119,185.33
0103,5,120,187.03
0103,5,121,188.73
0103,5,122,190.46
0103,5,123,192.18
0103,5,124,193.87
0103,5,125,195.59
0103,5,126,197.29
0103,5,127,199.03
0103,5,128,200.74
0103,5,129,202.43
0103,5,130,204.16
0103,5,131,205.86
0103,5,132,207.56
0103,5,133,209.3
0103,5,134,210.99
0103,5,135,212.71
0103,5,136,214.45
0103,5,137,216.12
0103,5,138,217.87
0103,5,139,219.57
0103,5,140,221.25
0103,5,141,222.97
0103,5,142,224.71
0103,5,143,226.43
0103,5,144,228.14
0103,5,145,229.84
0103,5,146,231.53
0103,5,147,233.27
0103,5,148,234.99
0103,5,149,236.71
0103,5,150,238.42
0103,5,151,240.12
0103,5,152,241.85
0103,5,153,243.55
0103,5,154,245.24
0103,5,155,246.97
0103,5,156,248.67
0103,5,157,250.37
0103,5,158,252.08
0103,5,159,253.83
0103,5,160,255.53
0103,5,161,257.25
0103,5,162,258.94
0103,5,163,260.66
0103,5,164,262.38
0103,5,165,264.1
0103,5,166,265.8
0103,5,167,267.49
0103,5,168,269.24
0103,5,169,270.95
0103,5,170,272.67
0103,5,171,274.38
0103,5,172,276.1
0103,5,173,277.8
0103,5,174,279.52
0103,5,175,281.2
0103,5,176,282.96
0103,5,177,284.63
0103,5,178,286.38
0103,5,179,288.06
0103,5,180,289.76
0103,5,181,291.51
0103,5,182,293.21
0103,5,183,294.92
0103,5,184,296.65
0103,5,185,298.35
0103,5,186,300.06
0103,5,187,301.75
0103,5,188,303.48
0103,5,189,305.22
0103,5,190,306.92
0103,5,191,308.65
0103,5,192,310.32
0103,5,193,312.06
0103,5,194,313.79
0103,5,195,315.5
0103,5,196,317.2
0103,5,197,318.89
0103,5,198,320.64
0103,5,199,322.33
0103,5,200,324.04
0103,6,1,25.87
0103,6,2,25.87
0103,6,3,25.87
0103,6,4,25.87
0103,6,5,25.87
0103,6,6,25.87
0103,6,7,25.87
0103,6,8,25.87
0103,6,9,25.87
0103,6,10,25.87
0103,6,11,26.62
0103,6,12,27.72
0103,6,13,28.81
0103,6,14,29.91
0103,6,15,31.02
0103,6,16,32.11
0103,6,17,33.21
0103,6,18,34.32
0103,6,19,35.42
0103,6,20,36.52
0103,6,21,37.62
0103,6,22,38.72
0103,6,23,39.81
0103,6,24,40.91
0103,6,25,42.01
0103,6,26,43.11
0103,6,27,44.21
0103,6,28,45.32
0103,6,29,46.41
0103,6,30,47.51
0103,6,31,48.86
0103,6,32,50.22
0103,6,33,51.56
0103,6,34,52.92
0103,6,35,54.28
0103,6,36,55.62
0103,6,37,56.97
0103,6,38,58.33
0103,6,39,59.68
0103,6,40,61.03
0103,6,41,62.38
0103,6,42,63.73
0103,6,43,65.08
0103,6,44,66.43
0103,6,45,67.78
0103,6,46,69.14
0103,6,47,70.49
0103,6,48,71.85
0103,6,49,73.19
0103,6,50,74.55
0103,6,51,75.89
0103,6,52,77.25
0103,6,53,78.61
0103,6,54,79.95
0103,6,55,81.3
0103,6,56,82.65
0103,6,57,84.01
0103,6,58,85.35
0103,6,59,86.71
0103,6,60,88.07
0103,6,61,89.42
0103,6,62,90.76
0103,6,63,92.12
0103,6,64,93.46
0103,6,65,94.83
0103,6,66,96.16
0103,6,67,97.51
0103,6,68,98.86
0103,6,69,100.23
0103,6,70,101.57
0103,6,71,103.29
0103,6,72,105.0
0103,6,73,106.72
0103,6,74,108.44
0103,6,75,110.14
0103,6,76,111.85
0103,6,77,113.58
0103,6,78,115.28
0103,6,79,117.0
0103,6,80,118.7
0103,6,81,120.41
0103,6,82,122.14
0103,6,83,123.85
0103,6,84,125.55
0103,6,85,127.27
0103,6,86,128.98
0103,6,87,130.69
0103,6,88,132.41
0103,6,89,134.12
0103,6,90,135.84
0103,6,91,137.55
0103,6,92,139.26
0103,6,93,140.96
0103,6,94,142.68
0103,6,95,144.39
0103,6,96,146.1
0103,6,97,147.83
0103,6,98,149.54
0103,6,99,151.26
0103,6,100,152.97
0103,6,101,154.67
0103,6,102,156.38
0103,6,103,158.09
0103,6,104,159.81
0103,6,105,161.51
0103,6,106,163.23
0103,6,107,164.93
0103,6,108,166.65
0103,6,109,168.39
0103,6,110,170.08
0103,6,111,171.8
0103,6,112,173.51
0103,6,113,175.21
0103,6,114,176.95
0103,6,115,178.64
0103,6,116,180.37
0103,6,117,182.08
0103,6,118,183.8
0103,6,119,185.51
0103,6,120,187.2
0103,6,121,188.93
0103,6,122,190.63
0103,6,123,192.36
0103,6,124,194.06
0103,6,125,195.78
0103,6,126,197.5
0103,6,127,199.2
0103,6,128,200.91
0103,6,129,202.64
0103,6,130,204.34
0103,6,131,206.05
0103,6,132,207.78
0103,6,133,209.48
0103,6,134,211.19
0103,6,135,212.91
0103,6,136,214.62
0103,6,137,216.31
0103,6,138,218.03
0103,6,139,219.74
0103,6,140,221.47
0103,6,141,223.17
0103,6,142,224.88
0103,6,143,226.6
0103,6,144,228.33
0103,6,145,230.01
0103,6,146,231.73
0103,6,147,233.47
0103,6,148,235.18
0103,6,149,236.88
0103,6,150,238.59
0103,6,151,240.29
0103,6,152,242.0
0103,6,153,243.75
0103,6,154,245.42
0103,6,155,247.14
0103,6,156,248.88
0103,6,157,250.57
0103,6,158,252.3
0103,6,159,253.99
0103,6,160,255.73
0103,6,161,257.41
0103,6,162,259.14
0103,6,163,260.84
0103,6,164,262.6
0103,6,165,264.29
0103,6,166,266.0
0103,6,167,267.69
0103,6,168,269.44
0103,6,169,271.15
0103,6,170,272.84
0103,6,171,274.54
0103,6,172,276.27
0103,6,173,278.02
0103,6,174,279.72
0103,6,175,281.4
0103,6,176,283.15
0103,6,177,284.85
0103,6,178,286.57
0103,6,179,288.28
0103,6,180,289.96
0103,6,181,291.7
0103,6,182,293.39
0103,6,183,295.13
0103,6,184,296.82
0103,6,185,298.54
0103,6,186,300.26
0103,6,187,301.95
0103,6,188,303.67
0103,6,189,305.37
0103,6,190,307.09
0103,6,191,308.84
0103,6,192,310.53
0103,6,193,312.24
0103,6,194,313.93
0103,6,195,315.64
0103,6,196,317.38
0103,6,197,319.1
0103,6,198,320.78
0103,6,199,322.54
0103,6,200,324.23
0103,7,1,25.87
0103,7,2,25.87
0103,7,3,25.87
0103,7,4,25.87
0103,7,5,25.87
0103,7,6,25.87
0103,7,7,25.87
0103,7,8,25.87
0103,7,9,25.87
0103,7,10,25.87
0103,7,11,26.8
0103,7,12,27.91
0103,7,13,29.01
0103,7,14,30.11
0103,7,15,31.21
0103,7,16,32.31
0103,7,17,33.41
0103,7,18,34.51
0103,7,19,35.61
0103,7,20,36.71
0103,7,21,37.8
0103,7,22,38.9
0103,7,23,40.01
0103,7,24,41.1
0103,7,25,42.21
0103,7,26,43.3
0103,7,27,44.41
0103,7,28,45.5
0103,7,29,46.6
0103,7,30,47.71
0103,7,31,49.06
0103,7,32,50.41
0103,7,33,51.76
0103,7,34,53.11
0103,7,35,54.46
0103,7,36,55.82
0103,7,37,57.16
0103,7,38,58.52
0103,7,39,59.87
0103,7,40,61.22
0103,7,41,62.57
0103,7,42,63.93
0103,7,43,65.27
0103,7,44,66.63
0103,7,45,67.98
0103,7,46,69.33
0103,7,47,70.69
0103,7,48,72.03
0103,7,49,73.39
0103,7,50,74.74
0103,7,51,76.09
0103,7,52,77.44
0103,7,53,78.79
0103,7,54,80.14
0103,7,55,81.49
0103,7,56,82.85
0103,7,57,84.2
0103,7,58,85.56
0103,7,59,86.9
0103,7,60,88.26
0103,7,61,89.6
0103,7,62,90.96
0103,7,63,92.3
0103,7,64,93.65
0103,7,65,95.01
0103,7,66,96.36
0103,7,67,97.71
0103,7,68,99.07
0103,7,69,100.42
0103,7,70,101.76
0103,7,71,103.49
0103,7,72,105.18
0103,7,73,106.9
0103,7,74,108.61
0103,7,75,110.34
0103,7,76,112.04
0103,7,77,113.75
0103,7,78,115.46
0103,7,79,117.17
0103,7,80,118.88
0103,7,81,120.61
0103,7,82,122.33
0103,7,83,124.04
0103,7,84,125.75
0103,7,85,127.46
0103,7,86,129.17
0103,7,87,130.9
0103,7,88,132.61
0103,7,89,134.31
0103,7,90,136.02
0103,7,91,137.73
0103,7,92,139.45
0103,7,93,141.17
0103,7,94,142.87
0103,7,95,144.57
0103,7,96,146.3
0103,7,97,148.01
0103,7,98,149.72
0103,7,99,151.43
0103,7,100,153.14
0103,7,101,154.85
0103,7,102,156.56
0103,7,103,158.28
0103,7,104,160.02
0103,7,105,161.72
0103,7,106,163.42
0103,7,107,165.14
0103,7,108,166.86
0103,7,109,168.57
0103,7,110,170.29
0103,7,111,171.98
0103,7,112,173.69
0103,7,113,175.41
0103,7,114,177.14
0103,7,115,178.86
0103,7,116,180.55
0103,7,117,182.28
0103,7,118,183.97
0103,7,119,185.7
0103,7,120,187.39
0103,7,121,189.13
0103,7,122,190.83
0103,7,123,192.53
0103,7,124,194.25
0103,7,125,195.95
0103,7,126,197.66
0103,7,127,199.39
0103,7,128,201.12
0103,7,129,202.83
0103,7,130,204.55
0103,7,131,206.26
0103,7,132,207.97
0103,7,133,209.67
0103,7,134,211.39
0103,7,135,213.12
0103,7,136,214.81
0103,7,137,216.53
0103,7,138,218.25
0103,7,139,219.97
0103,7,140,221.66
0103,7,141,223.37
0103,7,142,225.09
0103,7,143,226.78
0103,7,144,228.49
0103,7,145,230.2
0103,7,146,231.94
0103,7,147,233.67
0103,7,148,235.37
0103,7,149,237.06
0103,7,150,238.78
0103,7,151,240.52
0103,7,152,242.21
0103,7,153,243.9
0103,7,154,245.65
0103,7,155,247.34
0103,7,156,249.04
0103,7,157,250.78
0103,7,158,252.51
0103,7,159,254.18
0103,7,160,255.94
0103,7,161,257.63
0103,7,162,259.33
0103,7,163,261.07
0103,7,164,262.75
0103,7,165,264.5
0103,7,166,266.2
0103,7,167,267.93
0103,7,168,269.62
0103,7,169,271.31
0103,7,170,273.05
0103,7,171,274.78
0103,7,172,276.45
0103,7,173,278.16
0103,7,174,279.88
0103,7,175,281.61
0103,7,176,283.3
0103,7,177,285.01
0103,7,178,286.77
0103,7,179,288.47
0103,7,180,290.18
0103,7,181,291.89
0103,7,182,293.61
0103,7,183,295.31
0103,7,184,296.99
0103,7,185,298.73
0103,7,186,300.45
0103,7,187,302.16
0103,7,188,303.9
0103,7,189,305.61
0103,7,190,307.32
0103,7,191,309.01
0103,7,192,310.75
0103,7,193,312.46
0103,7,194,314.13
0103,7,195,315.84
0103,7,196,317.58
0103,7,197,319.26
0103,7,198,321.02
0103,7,199,322.71
0103,7,200,324.43
0103,8,1,25.87
0103,8,2,25.87
0103,8,3,25.87
0103,8,4,25.87
0103,8,5,25.87
0103,8,6,25.87
0103,8,7,25.87
0103,8,8,25.87
0103,8,9,25.87
0103,8,10,25.9
0103,8,11,27.0
0103,8,12,28.1
0103,8,13,29.2
0103,8,14,30.3
0103,8,15,31.4
0103,8,16,32.5
0103,8,17,33.6
0103,8,18,34.7
0103,8,19,35.8
0103,8,20,36.9
0103,8,21,38.0
0103,8,22,39.1
0103,8,23,40.2
0103,8,24,41.3
0103,8,25,42.4
0103,8,26,43.49
0103,8,27,44.59
0103,8,28,45.7
0103,8,29,46.79
0103,8,30,47.89
0103,8,31,49.25
0103,8,32,50.6
0103,8,33,51.95
0103,8,34,53.3
0103,8,35,54.65
0103,8,36,56.01
0103,8,37,57.35
0103,8,38,58.71
0103,8,39,60.06
0103,8,40,61.41
0103,8,41,62.77
0103,8,42,64.12
0103,8,43,65.47
0103,8,44,66.82
0103,8,45,68.17
0103,8,46,69.52
0103,8,47,70.87
0103,8,48,72.23
0103,8,49,73.58
0103,8,50,74.93
0103,8,51,76.27
0103,8,52,77.64
0103,8,53,78.98
0103,8,54,80.34
0103,8,55,81.69
0103,8,56,83.03
0103,8,57,84.39
0103,8,58,85.74
0103,8,59,87.1
0103,8,60,88.44
0103,8,61,89.79
0103,8,62,91.14
0103,8,63,92.51
0103,8,64,93.86
0103,8,65,95.2
0103,8,66,96.55
0103,8,67,97.91
0103,8,68,99.25
0103,8,69,100.61
0103,8,70,101.96
0103,8,71,103.68
0103,8,72,105.38
0103,8,73,107.1
0103,8,74,108.82
0103,8,75,110.52
0103,8,76,112.23
0103,8,77,113.95
0103,8,78,115.65
0103,8,79,117.37
0103,8,80,119.09
0103,8,81,120.8
0103,8,82,122.52
0103,8,83,124.23
0103,8,84,125.95
0103,8,85,127.64
0103,8,86,129.35
0103,8,87,131.07
0103,8,88,132.78
0103,8,89,134.5
0103,8,90,136.21
0103,8,91,137.93
0103,8,92,139.63
0103,8,93,141.35
0103,8,94,143.08
0103,8,95,144.77
0103,8,96,146.49
0103,8,97,148.22
0103,8,98,149.91
0103,8,99,151.62
0103,8,100,153.33
0103,8,101,155.06
0103,8,102,156.77
0103,8,103,158.49
0103,8,104,160.2
0103,8,105,161.89
0103,8,106,163.61
0103,8,107,165.32
0103,8,108,167.03
0103,8,109,168.77
0103,8,110,170.47
0103,8,111,172.17
0103,8,112,173.89
0103,8,113,175.62
0103,8,114,177.31
0103,8,115,179.02
0103,8,116,180.73
0103,8,117,182.46
0103,8,118,184.19
0103,8,119,185.88
0103,8,120,187.59
0103,8,121,189.3
0103,8,122,191.03
0103,8,123,192.72
0103,8,124,194.46
0103,8,125,196.14
0103,8,126,197.88
0103,8,127,199.6
0103,8,128,201.29
0103,8,129,203.01
0103,8,130,204.74
0103,8,131,206.44
0103,8,132,208.14
0103,8,133,209.86
0103,8,134,211.59
0103,8,135,213.3
0103,8,136,214.99
0103,8,137,216.72
0103,8,138,218.43
0103,8,139,220.14
0103,8,140,221.85
0103,8,141,223.57
0103,8,142,225.28
0103,8,143,226.98
0103,8,144,228.7
0103,8,145,230.42
0103,8,146,232.14
0103,8,147,233.84
0103,8,148,235.55
0103,8,149,237.25
0103,8,150,238.97
0103,8,151,240.67
0103,8,152,242.42
0103,8,153,244.13
0103,8,154,245.82
0103,8,155,247.54
0103,8,156,249.23
0103,8,157,250.99
0103,8,158,252.7
0103,8,159,254.39
0103,8,160,256.08
0103,8,161,257.82
0103,8,162,259.52
0103,8,163,261.23
0103,8,164,262.93
0103,8,165,264.66
0103,8,166,266.38
0103,8,167,268.1
0103,8,168,269.8
0103,8,169,271.5
0103,8,170,273.25
0103,8,171,274.94
0103,8,172,276.65
0103,8,173,278.36
0103,8,174,280.08
0103,8,175,281.78
0103,8,176,283.52
0103,8,177,285.25
0103,8,178,286.95
0103,8,179,288.66
0103,8,180,290.35
0103,8,181,292.09
0103,8,182,293.8
0103,8,183,295.49
0103,8,184,297.23
0103,8,185,298.91
0103,8,186,300.62
0103,8,187,302.36
0103,8,188,304.07
0103,8,189,305.76
0103,8,190,307.5
0103,8,191,309.18
0103,8,192,310.88
0103,8,193,312.6
0103,8,194,314.34
0103,8,195,316.03
0103,8,196,317.74
0103,8,197,319.46
0103,8,198,321.2
0103,8,199,322.92
0103,8,200,324.6
0103,25,1,30.53
0103,25,2,30.76
0103,25,3,30.99
0103,25,4,31.22
0103,25,5,31.45
0103,25,6,31.68
0103,25,7,31.91
0103,25,8,32.14
0103,25,9,32.37
0103,25,10,32.6
0103,25,11,33.7
0103,25,12,34.79
0103,25,13,35.9
0103,25,14,36.99
0103,25,15,38.1
0103,25,16,39.19
0103,25,17,40.3
0103,25,18,41.4
0103,25,19,42.5
0103,25,20,43.59
0103,25,21,44.7
0103,25,22,45.79
0103,25,23,46.9
0103,25,24,47.99
0103,25,25,49.1
0103,25,26,50.19
0103,25,27,51.29
0103,25,28,52.4
0103,25,29,53.49
0103,25,30,54.6
0103,25,31,55.95
0103,25,32,57.3
0103,25,33,58.65
0103,25,34,60.0
0103,25,35,61.35
0103,25,36,62.7
0103,25,37,64.06
0103,25,38,65.41
0103,25,39,66.76
0103,25,40,68.11
0103,25,41,69.46
0103,25,42,70.82
0103,25,43,72.17
0103,25,44,73.51
0103,25,45,74.86
0103,25,46,76.22
0103,25,47,77.57
0103,25,48,78.92
0103,25,49,80.27
0103,25,50,81.62
0103,25,51,82.98
0103,25,52,84.32
0103,25,53,85.67
0103,25,54,87.04
0103,25,55,88.38
0103,25,56,89.74
0103,25,57,91.08
0103,25,58,92.43
0103,25,59,93.78
0103,25,60,95.13
0103,25,61,96.5
0103,25,62,97.85
0103,25,63,99.21
0103,25,64,100.55
0103,25,65,101.89
0103,25,66,103.25
0103,25,67,104.61
0103,25,68,105.96
0103,25,69,107.3
0103,25,70,108.65
0103,25,71,110.38
0103,25,72,112.09
0103,25,73,113.8
0103,25,74,115.52
0103,25,75,117.22
0103,25,76,118.93
0103,25,77,120.65
0103,25,78,122.36
0103,25,79,124.06
0103,25,80,125.79
0103,25,81,127.5
0103,25,82,129.21
0103,25,83,130.92
0103,25,84,132.64
0103,25,85,134.34
0103,25,86,136.05
0103,25,87,137.77
0103,25,88,139.49
0103,25,89,141.19
0103,25,90,142.92
0103,25,91,144.64
0103,25,92,146.34
0103,25,93,148.04
0103,25,94,149.75
0103,25,95,151.47
0103,25,96,153.18
0103,25,97,154.9
0103,25,98,156.6
0103,25,99,158.33
0103,25,100,160.04
0103,25,101,161.74
0103,25,102,163.45
0103,25,103,165.19
0103,25,104,166.9
0103,25,105,168.59
0103,25,106,170.32
0103,25,107,172.03
0103,25,108,173.74
0103,25,109,175.45
0103,25,110,177.17
0103,25,111,178.88
0103,25,112,180.59
0103,25,113,182.31
0103,25,114,184.01
0103,25,115,185.74
0103,25,116,187.43
0103,25,117,189.16
0103,25,118,190.85
0103,25,119,192.59
0103,25,120,194.28
0103,25,121,196.02
0103,25,122,197.71
0103,25,123,199.43
0103,25,124,201.13
0103,25,125,202.86
0103,25,126,204.58
0103,25,127,206.29
0103,25,128,208.0
0103,25,129,209.72
0103,25,130,211.41
0103,25,131,213.13
0103,25,132,214.85
0103,25,133,216.54
0103,25,134,218.29
0103,25,135,219.97
0103,25,136,221.7
0103,25,137,223.43
0103,25,138,225.1
0103,25,139,226.85
0103,25,140,228.53
0103,25,141,230.26
0103,25,142,231.99
0103,25,143,233.68
0103,25,144,235.39
0103,25,145,237.12
0103,25,146,238.84
0103,25,147,240.53
0103,25,148,242.23
0103,25,149,243.94
0103,25,150,245.67
0103,25,151,247.41
0103,25,152,249.12
0103,25,153,250.79
0103,25,154,252.54
0103,25,155,254.24
0103,25,156,255.94
0103,25,157,257.67
0103,25,158,259.37
0103,25,159,261.1
0103,25,160,262.79
0103,25,161,264.53
0103,25,162,266.22
0103,25,163,267.92
0103,25,164,269.66
0103,25,165,271.36
0103,25,166,273.08
0103,25,167,274.8
0103,25,168,276.53
0103,25,169,278.2
0103,25,170,279.91
0103,25,171,281.64
0103,25,172,283.35
0103,25,173,285.05
0103,25,174,286.81
0103,25,175,288.49
0103,25,176,290.2
0103,25,177,291.91
0103,25,178,293.66
0103,25,179,295.34
0103,25,180,297.05
0103,25,181,298.79
0103,25,182,300.48
0103,25,183,302.21
0103,25,184,303.92
0103,25,185,305.63
0103,25,186,307.32
0103,25,187,309.06
0103,25,188,310.79
0103,25,189,312.46
0103,25,190,314.21
0103,25,191,315.9
0103,25,192,317.6
0103,25,193,319.34
0103,25,194,321.07
0103,25,195,322.76
0103,25,196,324.46
0103,25,197,326.21
0103,25,198,327.87
0103,25,199,329.59
0103,25,200,331.29
0104,2,1,30.63
0104,2,2,30.63
0104,2,3,30.63
0104,2,4,30.63
0104,2,5,30.63
0104,2,6,30.63
0104,2,7,30.63
0104,2,8,30.63
0104,2,9,30.63
0104,2,10,30.65
0104,2,11,32.13
0104,2,12,33.62
0104,2,13,35.11
0104,2,14,36.59
0104,2,15,38.08
0104,2,16,39.57
0104,2,17,41.05
0104,2,18,42.54
0104,2,19,44.03
0104,2,20,45.51
0104,2,21,47.0
0104,2,22,48.48
0104,2,23,49.96
0104,2,24,51.46
0104,2,25,52.94
0104,2,26,54.43
0104,2,27,55.92
0104,2,28,57.4
0104,2,29,58.88
0104,2,30,60.37
0104,2,31,62.21
0104,2,32,64.05
0104,2,33,65.89
0104,2,34,67.75
0104,2,35,69.58
0104,2,36,71.43
0104,2,37,73.27
0104,2,38,75.12
0104,2,39,76.97
0104,2,40,78.8
0104,2,41,80.65
0104,2,42,82.49
0104,2,43,84.32
0104,2,44,86.18
0104,2,45,88.02
0104,2,46,89.86
0104,2,47,91.7
0104,2,48,93.55
0104,2,49,95.38
0104,2,50,97.23
0104,2,51,99.07
0104,2,52,100.91
0104,2,53,102.77
0104,2,54,104.61
0104,2,55,106.45
0104,2,56,108.3
0104,2,57,110.14
0104,2,58,111.97
0104,2,59,113.82
0104,2,60,115.66
0104,2,61,117.5
0104,2,62,119.34
0104,2,63,121.2
0104,2,64,123.03
0104,2,65,124.88
0104,2,66,126.72
0104,2,67,128.57
0104,2,68,130.42
0104,2,69,132.25
0104,2,70,134.09
0104,2,71,136.32
0104,2,72,138.54
0104,2,73,140.77
0104,2,74,142.98
0104,2,75,145.22
0104,2,76,147.45
0104,2,77,149.65
0104,2,78,151.87
0104,2,79,154.12
0104,2,80,156.33
0104,2,81,158.57
0104,2,82,160.77
0104,2,83,163.01
0104,2,84,165.22
0104,2,85,167.44
0104,2,86,169.67
0104,2,87,171.9
0104,2,88,174.1
0104,2,89,176.34
0104,2,90,178.58
0104,2,91,180.79
0104,2,92,183.03
0104,2,93,185.23
0104,2,94,187.45
0104,2,95,189.67
0104,2,96,191.92
0104,2,97,194.12
0104,2,98,196.35
0104,2,99,198.59
0104,2,100,200.81
0104,2,101,203.01
0104,2,102,205.23
0104,2,103,207.49
0104,2,104,209.71
0104,2,105,211.93
0104,2,106,214.15
0104,2,107,216.34
0104,2,108,218.59
0104,2,109,220.79
0104,2,110,223.03
0104,2,111,225.23
0104,2,112,227.47
0104,2,113,229.7
0104,2,114,231.91
0104,2,115,234.15
0104,2,116,236.36
0104,2,117,238.6
0104,2,118,240.83
0104,2,119,243.03
0104,2,120,245.28
0104,2,121,247.47
0104,2,122,249.72
0104,2,123,251.94
0104,2,124,254.14
0104,2,125,256.37
0104,2,126,258.6
0104,2,127,260.85
0104,2,128,263.06
0104,2,129,265.25
0104,2,130,267.51
0104,2,131,269.7
0104,2,132,271.94
0104,2,133,274.16
0104,2,134,276.41
0104,2,135,278.63
0104,2,136,280.86
0104,2,137,283.04
0104,2,138,285.31
0104,2,139,287.52
0104,2,140,289.72
0104,2,141,291.95
0104,2,142,294.21
0104,2,143,296.38
0104,2,144,298.62
0104,2,145,300.87
0104,2,146,303.08
0104,2,147,305.28
0104,2,148,307.52
0104,2,149,309.74
0104,2,150,311.99
0104,2,151,314.16
0104,2,152,316.4
0104,2,153,318.64
0104,2,154,320.85
0104,2,155,323.08
0104,2,156,325.29
0104,2,157,327.52
0104,2,158,329.74
0104,2,159,331.99
0104,2,160,334.18
0104,2,161,336.46
0104,2,162,338.65
0104,2,163,340.89
0104,2,164,343.1
0104,2,165,345.34
0104,2,166,347.57
0104,2,167,349.79
0104,2,168,351.95
0104,2,169,354.22
0104,2,170,356.42
0104,2,171,358.63
0104,2,172,360.91
0104,2,173,363.12
0104,2,174,365.3
0104,2,175,367.54
0104,2,176,369.81
0104,2,177,372.01
0104,2,178,374.23
0104,2,179,376.42
0104,2,180,378.65
0104,2,181,380.87
0104,2,182,383.15
0104,2,183,385.37
0104,2,184,387.55
0104,2,185,389.79
0104,2,186,391.99
0104,2,187,394.2
0104,2,188,396.46
0104,2,189,398.7
0104,2,190,400.93
0104,2,191,403.11
0104,2,192,405.37
0104,2,193,407.57
0104,2,194,409.77
0104,2,195,412.06
0104,2,196,414.28
0104,2,197,416.44
0104,2,198,418.72
0104,2,199,420.95
0104,2,200,423.12
0104,3,1,30.63
0104,3,2,30.63
0104,3,3,30.63
0104,3,4,30.63
0104,3,5,30.63
0104,3,6,30.63
0104,3,7,30.63
0104,3,8,30.63
0104,3,9,30.63
0104,3,10,30.85
0104,3,11,32.34
0104,3,12,33.83
0104,3,13,35.31
0104,3,14,36.8
0104,3,15,38.28
0104,3,16,39.77
0104,3,17,41.25
0104,3,18,42.74
0104,3,19,44.23
0104,3,20,45.71
0104,3,21,47.2
0104,3,22,48.68
0104,3,23,50.17
0104,3,24,51.65
0104,3,25,53.14
0104,3,26,54.63
0104,3,27,56.12
0104,3,28,57.6
0104,3,29,59.09
0104,3,30,60.57
0104,3,31,62.42
0104,3,32,64.26
0104,3,33,66.11
0104,3,34,67.94
0104,3,35,69.78
0104,3,36,71.63
0104,3,37,73.47
0104,3,38,75.32
0104,3,39,77.15
0104,3,40,79.0
0104,3,41,80.85
0104,3,42,82.69
0104,3,43,84.54
0104,3,44,86.38
0104,3,45,88.21
0104,3,46,90.07
0104,3,47,91.92
0104,3,48,93.76
0104,3,49,95.59
0104,3,50,97.43
0104,3,51,99.28
0104,3,52,101.12
0104,3,53,102.96
0104,3,54,104.8
0104,3,55,106.66
0104,3,56,108.49
0104,3,57,110.33
0104,3,58,112.18
0104,3,59,114.03
0104,3,60,115.87
0104,3,61,117.71
0104,3,62,119.56
0104,3,63,121.4
0104,3,64,123.24
0104,3,65,125.08
0104,3,66,126.94
0104,3,67,128.76
0104,3,68,130.63
0104,3,69,132.46
0104,3,70,134.3
0104,3,71,136.53
0104,3,72,138.75
0104,3,73,140.97
0104,3,74,143.2
0104,3,75,145.4
0104,3,76,147.63
0104,3,77,149.86
0104,3,78,152.08
0104,3,79,154.32
0104,3,80,156.53
0104,3,81,158.75
0104,3,82,160.98
0104,3,83,163.19
0104,3,84,165.43
0104,3,85,167.64
0104,3,86,169.89
0104,3,87,172.1
0104,3,88,174.33
0104,3,89,176.53
0104,3,90,178.78
0104,3,91,181.01
0104,3,92,183.22
0104,3,93,185.42
0104,3,94,187.66
0104,3,95,189.88
0104,3,96,192.1
0104,3,97,194.33
0104,3,98,196.56
0104,3,99,198.77
0104,3,100,201.0
0104,3,101,203.21
0104,3,102,205.46
0104,3,103,207.69
0104,3,104,209.91
0104,3,105,212.13
0104,3,106,214.32
0104,3,107,216.55
0104,3,108,218.79
0104,3,109,221.01
0104,3,110,223.24
0104,3,111,225.45
0104,3,112,227.69
0104,3,113,229.91
0104,3,114,232.15
0104,3,115,234.35
0104,3,116,236.57
0104,3,117,238.81
0104,3,118,241.04
0104,3,119,243.25
0104,3,120,245.48
0104,3,121,247.67
0104,3,122,249.93
0104,3,123,252.12
0104,3,124,254.37
0104,3,125,256.58
0104,3,126,258.8
0104,3,127,261.05
0104,3,128,263.25
0104,3,129,265.49
0104,3,130,267.68
0104,3,131,269.91
0104,3,132,272.13
0104,3,133,274.38
0104,3,134,276.58
0104,3,135,278.82
0104,3,136,281.06
0104,3,137,283.27
0104,3,138,285.46
0104,3,139,287.73
0104,3,140,289.92
0104,3,141,292.16
0104,3,142,294.38
0104,3,143,296.6
0104,3,144,298.8
0104,3,145,301.06
0104,3,146,303.26
0104,3,147,305.5
0104,3,148,307.73
0104,3,149,309.95
0104,3,150,312.19
0104,3,151,314.36
0104,3,152,316.59
0104,3,153,318.85
0104,3,154,321.03
0104,3,155,323.31
0104,3,156,325.52
0104,3,157,327.75
0104,3,158,329.94
0104,3,159,332.21
0104,3,160,334.37
0104,3,161,336.62
0104,3,162,338.83
0104,3,163,341.08
0104,3,164,343.3
0104,3,165,345.53
0104,3,166,347.75
0104,3,167,349.99
0104,3,168,352.17
0104,3,169,354.41
0104,3,170,356.64
0104,3,171,358.89
0104,3,172,361.05
0104,3,173,363.29
0104,3,174,365.52
0104,3,175,367.74
0104,3,176,369.94
0104,3,177,372.19
0104,3,178,374.43
0104,3,179,376.63
0104,3,180,378.84
0104,3,181,381.11
0104,3,182,383.3
0104,3,183,385.54
0104,3,184,387.77
0104,3,185,390.0
0104,3,186,392.22
0104,3,187,394.4
0104,3,188,396.67
0104,3,189,398.89
0104,3,190,401.14
0104,3,191,403.33
0104,3,192,405.57
0104,3,193,407.81
0104,3,194,410.04
0104,3,195,412.2
0104,3,196,414.45
0104,3,197,416.65
0104,3,198,418.89
0104,3,199,421.16
0104,3,200,423.32
0104,4,1,30.63
0104,4,2,30.63
0104,4,3,30.63
0104,4,4,30.63
0104,4,5,30.63
0104,4,6,30.63
0104,4,7,30.63
0104,4,8,30.63
0104,4,9,30.8
0104,4,10,31.05
0104,4,11,32.54
0104,4,12,34.03
0104,4,13,35.51
0104,4,14,37.0
0104,4,15,38.48
0104,4,16,39.97
0104,4,17,41.45
0104,4,18,42.94
0104,4,19,44.43
0104,4,20,45.91
0104,4,21,47.39
0104,4,22,48.88
0104,4,23,50.37
0104,4,24,51.86
0104,4,25,53.34
0104,4,26,54.83
0104,4,27,56.31
0104,4,28,57.8
0104,4,29,59.29
0104,4,30,60.77
0104,4,31,62.62
0104,4,32,64.46
0104,4,33,66.3
0104,4,34,68.14
0104,4,35,69.99
0104,4,36,71.83
0104,4,37,73.68
0104,4,38,75.53
0104,4,39,77.37
0104,4,40,79.21
0104,4,41,81.05
0104,4,42,82.89
0104,4,43,84.74
0104,4,44,86.58
0104,4,45,88.42
0104,4,46,90.27
0104,4,47,92.11
0104,4,48,93.96
0104,4,49,95.8
0104,4,50,97.63
0104,4,51,99.49
0104,4,52,101.32
0104,4,53,103.17
0104,4,54,105.0
0104,4,55,106.86
0104,4,56,108.7
0104,4,57,110.55
0104,4,58,112.38
0104,4,59,114.24
0104,4,60,116.06
0104,4,61,117.9
0104,4,62,119.77
0104,4,63,121.6
0104,4,64,123.45
0104,4,65,125.29
0104,4,66,127.13
0104,4,67,128.97
0104,4,68,130.82
0104,4,69,132.67
0104,4,70,134.51
0104,4,71,136.72
0104,4,72,138.94
0104,4,73,141.17
0104,4,74,143.4
0104,4,75,145.61
0104,4,76,147.84
0104,4,77,150.08
0104,4,78,152.28
0104,4,79,154.51
0104,4,80,156.72
0104,4,81,158.97
0104,4,82,161.19
0104,4,83,163.42
0104,4,84,165.63
0104,4,85,167.84
0104,4,86,170.07
0104,4,87,172.3
0104,4,88,174.51
0104,4,89,176.76
0104,4,90,178.98
0104,4,91,181.19
0104,4,92,183.43
0104,4,93,185.63
0104,4,94,187.88
0104,4,95,190.1
0104,4,96,192.33
0104,4,97,194.54
0104,4,98,196.74
0104,4,99,198.99
0104,4,100,201.2
0104,4,101,203.43
0104,4,102,205.65
0104,4,103,207.85
0104,4,104,210.11
0104,4,105,212.33
0104,4,106,214.55
0104,4,107,216.75
0104,4,108,218.99
0104,4,109,221.19
0104,4,110,223.44
0104,4,111,225.67
0104,4,112,227.87
0104,4,113,230.11
0104,4,114,232.32
0104,4,115,234.57
0104,4,116,236.77
0104,4,117,238.98
0104,4,118,241.21
0104,4,119,243.44
0104,4,120,245.67
0104,4,121,247.87
0104,4,122,250.1
0104,4,123,252.33
0104,4,124,254.54
0104,4,125,256.79
0104,4,126,259.01
0104,4,127,261.22
0104,4,128,263.45
0104,4,129,265.67
0104,4,130,267.88
0104,4,131,270.14
0104,4,132,272.34
0104,4,133,274.56
0104,4,134,276.77
0104,4,135,279.03
0104,4,136,281.23
0104,4,137,283.46
0104,4,138,285.67
0104,4,139,287.91
0104,4,140,290.15
0104,4,141,292.34
0104,4,142,294.56
0104,4,143,296.8
0104,4,144,299.01
0104,4,145,301.26
0104,4,146,303.48
0104,4,147,305.72
0104,4,148,307.94
0104,4,149,310.15
0104,4,150,312.36
0104,4,151,314.61
0104,4,152,316.83
0104,4,153,319.05
0104,4,154,321.27
0104,4,155,323.52
0104,4,156,325.73
0104,4,157,327.93
0104,4,158,330.13
0104,4,159,332.4
0104,4,160,334.63
0104,4,161,336.83
0104,4,162,339.05
0104,4,163,341.29
0104,4,164,343.51
0104,4,165,345.72
0104,4,166,347.93
0104,4,167,350.15
0104,4,168,352.42
0104,4,169,354.62
0104,4,170,356.87
0104,4,171,359.05
0104,4,172,361.3
0104,4,173,363.52
0104,4,174,365.75
0104,4,175,367.98
0104,4,176,370.17
0104,4,177,372.37
0104,4,178,374.62
0104,4,179,376.84
0104,4,180,379.07
0104,4,181,381.27
0104,4,182,383.54
0104,4,183,385.75
0104,4,184,387.94
0104,4,185,390.16
0104,4,186,392.44
0104,4,187,394.66
0104,4,188,396.84
0104,4,189,399.09
0104,4,190,401.33
0104,4,191,403.53
0104,4,192,405.74
0104,4,193,407.97
0104,4,194,410.21
0104,4,195,412.43
0104,4,196,414.68
0104,4,197,416.86
0104,4,198,419.08
0104,4,199,421.34
0104,4,200,423.55
0104,5,1,30.63
0104,5,2,30.63
0104,5,3,30.63
0104,5,4,30.63
0104,5,5,30.63
0104,5,6,30.63
0104,5,7,30.63
0104,5,8,30.75
0104,5,9,31.0
0104,5,10,31.25
0104,5,11,32.74
0104,5,12,34.23
0104,5,13,35.71
0104,5,14,37.2
0104,5,15,38.68
0104,5,16,40.17
0104,5,17,41.65
0104,5,18,43.14
0104,5,19,44.63
0104,5,20,46.12
0104,5,21,47.6
0104,5,22,49.09
0104,5,23,50.57
0104,5,24,52.05
0104,5,25,53.55
0104,5,26,55.04
0104,5,27,56.52
0104,5,28,58.0
0104,5,29,59.48
0104,5,30,60.97
0104,5,31,62.81
0104,5,32,64.66
0104,5,33,66.5
0104,5,34,68.35
0104,5,35,70.19
0104,5,36,72.04
0104,5,37,73.88
0104,5,38,75.72
0104,5,39,77.57
0104,5,40,79.4
0104,5,41,81.26
0104,5,42,83.09
0104,5,43,84.95
0104,5,44,86.78
0104,5,45,88.62
0104,5,46,90.46
0104,5,47,92.32
0104,5,48,94.15
0104,5,49,95.99
0104,5,50,97.84
0104,5,51,99.68
0104,5,52,101.53
0104,5,53,103.36
0104,5,54,105.22
0104,5,55,107.06
0104,5,56,108.9
0104,5,57,110.75
0104,5,58,112.59
0104,5,59,114.42
0104,5,60,116.28
0104,5,61,118.11
0104,5,62,119.95
0104,5,63,121.8
0104,5,64,123.64
0104,5,65,125.49
0104,5,66,127.33
0104,5,67,129.17
0104,5,68,131.01
0104,5,69,132.86
0104,5,70,134.71
0104,5,71,136.94
0104,5,72,139.14
0104,5,73,141.39
0104,5,74,143.6
0104,5,75,145.81
0104,5,76,148.03
0104,5,77,150.25
0104,5,78,152.5
0104,5,79,154.71
0104,5,80,156.93
0104,5,81,159.18
0104,5,82,161.37
0104,5,83,163.61
0104,5,84,165.83
0104,5,85,168.05
0104,5,86,170.29
0104,5,87,172.5
0104,5,88,174.72
0104,5,89,176.94
0104,5,90,179.17
0104,5,91,181.4
0104,5,92,183.62
0104,5,93,185.84
0104,5,94,188.05
0104,5,95,190.29
0104,5,96,192.51
0104,5,97,194.75
0104,5,98,196.95
0104,5,99,199.18
0104,5,100,201.4
0104,5,101,203.63
0104,5,102,205.85
0104,5,103,208.09
0104,5,104,210.3
0104,5,105,212.53
0104,5,106,214.73
0104,5,107,216.97
0104,5,108,219.2
0104,5,109,221.4
0104,5,110,223.65
0104,5,111,225.88
0104,5,112,228.11
0104,5,113,230.32
0104,5,114,232.53
0104,5,115,234.73
0104,5,116,237.0
0104,5,117,239.18
0104,5,118,241.42
0104,5,119,243.66
0104,5,120,245.89
0104,5,121,248.07
0104,5,122,250.32
0104,5,123,252.56
0104,5,124,254.76
0104,5,125,256.97
0104,5,126,259.2
0104,5,127,261.45
0104,5,128,263.66
0104,5,129,265.88
0104,5,130,268.1
0104,5,131,270.34
0104,5,132,272.55
0104,5,133,274.8
0104,5,134,277.01
0104,5,135,279.21
0104,5,136,281.42
0104,5,137,283.69
0104,5,138,285.91
0104,5,139,288.13
0104,5,140,290.34
0104,5,141,292.54
0104,5,142,294.78
0104,5,143,296.99
0104,5,144,299.21
0104,5,145,301.48
0104,5,146,303.7
0104,5,147,305.91
0104,5,148,308.11
0104,5,149,310.32
0104,5,150,312.57
0104,5,151,314.82
0104,5,152,317.0
0104,5,153,319.22
0104,5,154,321.45
0104,5,155,323.71
0104,5,156,325.88
0104,5,157,328.11
0104,5,158,330.34
0104,5,159,332.59
0104,5,160,334.78
0104,5,161,337.03
0104,5,162,339.27
0104,5,163,341.46
0104,5,164,343.71
0104,5,165,345.92
0104,5,166,348.17
0104,5,167,350.39
0104,5,168,352.58
0104,5,169,354.79
0104,5,170,357.01
0104,5,171,359.29
0104,5,172,361.46
0104,5,173,363.71
0104,5,174,365.97
0104,5,175,368.18
0104,5,176,370.36
0104,5,177,372.6
0104,5,178,374.84
0104,5,179,377.03
0104,5,180,379.29
0104,5,181,381.48
0104,5,182,383.73
0104,5,183,385.96
0104,5,184,388.14
0104,5,185,390.36
0104,5,186,392.61
0104,5,187,394.82
0104,5,188,397.08
0104,5,189,399.3
0104,5,190,401.51
0104,5,191,403.72
0104,5,192,405.97
0104,5,193,408.17
0104,5,194,410.37
0104,5,195,412.65
0104,5,196,414.81
0104,5,197,417.11
0104,5,198,419.29
0104,5,199,421.53
0104,5,200,423.78
0104,6,1,30.63
0104,6,2,30.63
0104,6,3,30.63
0104,6,4,30.63
0104,6,5,30.63
0104,6,6,30.63
0104,6,7,30.7
0104,6,8,30.95
0104,6,9,31.2
0104,6,10,31.45
0104,6,11,32.94
0104,6,12,34.43
0104,6,13,35.91
0104,6,14,37.4
0104,6,15,38.89
0104,6,16,40.37
0104,6,17,41.86
0104,6,18,43.34
0104,6,19,44.83
0104,6,20,46.32
0104,6,21,47.8
0104,6,22,49.29
0104,6,23,50.78
0104,6,24,52.26
0104,6,25,53.74
0104,6,26,55.23
0104,6,27,56.71
0104,6,28,58.2
0104,6,29,59.69
0104,6,30,61.17
0104,6,31,63.02
0104,6,32,64.86
0104,6,33,66.7
0104,6,34,68.56
0104,6,35,70.4
0104,6,36,72.24
0104,6,37,74.09
0104,6,38,75.92
0104,6,39,77.77
0104,6,40,79.6
0104,6,41,81.46
0104,6,42,83.29
0104,6,43,85.14
0104,6,44,86.99
0104,6,45,88.83
0104,6,46,90.68
0104,6,47,92.52
0104,6,48,94.36
0104,6,49,96.19
0104,6,50,98.04
0104,6,51,99.89
0104,6,52,101.73
0104,6,53,103.58
0104,6,54,105.41
0104,6,55,107.26
0104,6,56,109.11
0104,6,57,110.95
0104,6,58,112.78
0104,6,59,114.62
0104,6,60,116.46
0104,6,61,118.32
0104,6,62,120.16
0104,6,63,122.0
0104,6,64,123.83
0104,6,65,125.7
0104,6,66,127.53
0104,6,67,129.37
0104,6,68,131.22
0104,6,69,133.07
0104,6,70,134.91
0104,6,71,137.12
0104,6,72,139.35
0104,6,73,141.56
0104,6,74,143.81
0104,6,75,146.01
0104,6,76,148.25
0104,6,77,150.48
0104,6,78,152.7
0104,6,79,154.9
0104,6,80,157.13
0104,6,81,159.36
0104,6,82,161.58
0104,6,83,163.81
0104,6,84,166.05
0104,6,85,168.24
0104,6,86,170.48
0104,6,87,172.72
0104,6,88,174.93
0104,6,89,177.14
0104,6,90,179.38
0104,6,91,181.61
0104,6,92,183.82
0104,6,93,186.04
0104,6,94,188.28
0104,6,95,190.49
0104,6,96,192.71
0104,6,97,194.95
0104,6,98,197.17
0104,6,99,199.39
0104,6,100,201.61
0104,6,101,203.81
0104,6,102,206.07
0104,6,103,208.29
0104,6,104,210.5
0104,6,105,212.73
0104,6,106,214.96
0104,6,107,217.16
0104,6,108,219.4
0104,6,109,221.61
0104,6,110,223.85
0104,6,111,226.08
0104,6,112,228.27
0104,6,113,230.51
0104,6,114,232.75
0104,6,115,234.94
0104,6,116,237.18
0104,6,117,239.42
0104,6,118,241.63
0104,6,119,243.83
0104,6,120,246.05
0104,6,121,248.29
0104,6,122,250.5
0104,6,123,252.75
0104,6,124,254.99
0104,6,125,257.2
0104,6,126,259.41
0104,6,127,261.61
0104,6,128,263.87
0104,6,129,266.1
0104,6,130,268.29
0104,6,131,270.51
0104,6,132,272.77
0104,6,133,274.98
0104,6,134,277.2
0104,6,135,279.4
0104,6,136,281.65
0104,6,137,283.86
0104,6,138,286.1
0104,6,139,288.34
0104,6,140,290.54
0104,6,141,292.79
0104,6,142,294.96
0104,6,143,297.18
0104,6,144,299.45
0104,6,145,301.63
0104,6,146,303.86
0104,6,147,306.12
0104,6,148,308.34
0104,6,149,310.55
0104,6,150,312.78
0104,6,151,315.02
0104,6,152,317.2
0104,6,153,319.45
0104,6,154,321.69
0104,6,155,323.86
0104,6,156,326.09
0104,6,157,328.35
0104,6,158,330.56
0104,6,159,332.81
0104,6,160,334.98
0104,6,161,337.24
0104,6,162,339.43
0104,6,163,341.66
0104,6,164,343.87
0104,6,165,346.11
0104,6,166,348.37
0104,6,167,350.57
0104,6,168,352.77
0104,6,169,355.02
0104,6,170,357.26
0104,6,171,359.44
0104,6,172,361.69
0104,6,173,363.93
0104,6,174,366.11
0104,6,175,368.38
0104,6,176,370.58
0104,6,177,372.83
0104,6,178,375.06
0104,6,179,377.26
0104,6,180,379.46
0104,6,181,381.73
0104,6,182,383.93
0104,6,183,386.12
0104,6,184,388.39
0104,6,185,390.61
0104,6,186,392.84
0104,6,187,395.05
0104,6,188,397.25
0104,6,189,399.45
0104,6,190,401.68
0104,6,191,403.92
0104,6,192,406.17
0104,6,193,408.38
0104,6,194,410.6
0104,6,195,412.86
0104,6,196,415.01
0104,6,197,417.24
0104,6,198,419.52
0104,6,199,421.73
0104,6,200,423.97
0104,7,1,30.63
0104,7,2,30.63
0104,7,3,30.63
0104,7,4,30.63
0104,7,5,30.63
0104,7,6,30.64
0104,7,7,30.9
0104,7,8,31.15
0104,7,9,31.41
0104,7,10,31.66
0104,7,11,33.14
0104,7,12,34.63
0104,7,13,36.12
0104,7,14,37.6
0104,7,15,39.09
0104,7,16,40.58
0104,7,17,42.06
0104,7,18,43.54
0104,7,19,45.03
0104,7,20,46.52
0104,7,21,48.01
0104,7,22,49.49
0104,7,23,50.98
0104,7,24,52.46
0104,7,25,53.94
0104,7,26,55.43
0104,7,27,56.92
0104,7,28,58.41
0104,7,29,59.89
0104,7,30,61.38
0104,7,31,63.23
0104,7,32,65.07
0104,7,33,66.9
0104,7,34,68.76
0104,7,35,70.6
0104,7,36,72.43
0104,7,37,74.28
0104,7,38,76.13
0104,7,39,77.97
0104,7,40,79.82
0104,7,41,81.65
0104,7,42,83.49
0104,7,43,85.34
0104,7,44,87.18
0104,7,45,89.03
0104,7,46,90.87
0104,7,47,92.71
0104,7,48,94.55
0104,7,49,96.41
0104,7,50,98.25
0104,7,51,100.08
0104,7,52,101.93
0104,7,53,103.78
0104,7,54,105.61
0104,7,55,107.46
0104,7,56,109.3
0104,7,57,111.14
0104,7,58,113.0
0104,7,59,114.84
0104,7,60,116.68
0104,7,61,118.51
0104,7,62,120.35
0104,7,63,122.21
0104,7,64,124.04
0104,7,65,125.9
0104,7,66,127.73
0104,7,67,129.57
0104,7,68,131.43
0104,7,69,133.27
0104,7,70,135.1
0104,7,71,137.32
0104,7,72,139.55
0104,7,73,141.78
0104,7,74,144.01
0104,7,75,146.21
0104,7,76,148.46
0104,7,77,150.67
0104,7,78,152.89
0104,7,79,155.11
0104,7,80,157.35
0104,7,81,159.57
0104,7,82,161.8
0104,7,83,164.0
0104,7,84,166.22
0104,7,85,168.46
0104,7,86,170.67
0104,7,87,172.89
0104,7,88,175.14
0104,7,89,177.35
0104,7,90,179.56
0104,7,91,181.79
0104,7,92,184.03
0104,7,93,186.25
0104,7,94,188.48
0104,7,95,190.7
0104,7,96,192.92
0104,7,97,195.12
0104,7,98,197.38
0104,7,99,199.6
0104,7,100,201.79
0104,7,101,204.05
0104,7,102,206.25
0104,7,103,208.5
0104,7,104,210.7
0104,7,105,212.94
0104,7,106,215.14
0104,7,107,217.38
0104,7,108,219.6
0104,7,109,221.81
0104,7,110,224.03
0104,7,111,226.27
0104,7,112,228.51
0104,7,113,230.72
0104,7,114,232.92
0104,7,115,235.16
0104,7,116,237.36
0104,7,117,239.63
0104,7,118,241.81
0104,7,119,244.05
0104,7,120,246.29
0104,7,121,248.47
0104,7,122,250.72
0104,7,123,252.94
0104,7,124,255.18
0104,7,125,257.41
0104,7,126,259.61
0104,7,127,261.82
0104,7,128,264.06
0104,7,129,266.26
0104,7,130,268.52
0104,7,131,270.76
0104,7,132,272.93
0104,7,133,275.17
0104,7,134,277.41
0104,7,135,279.6
0104,7,136,281.85
0104,7,137,284.06
0104,7,138,286.31
0104,7,139,288.54
0104,7,140,290.76
0104,7,141,292.94
0104,7,142,295.19
0104,7,143,297.43
0104,7,144,299.66
0104,7,145,301.85
0104,7,146,304.1
0104,7,147,306.3
0104,7,148,308.53
0104,7,149,310.76
0104,7,150,313.0
0104,7,151,315.17
0104,7,152,317.45
0104,7,153,319.63
0104,7,154,321.84
0104,7,155,324.09
0104,7,156,326.3
0104,7,157,328.57
0104,7,158,330.77
0104,7,159,333.01
0104,7,160,335.23
0104,7,161,337.4
0104,7,162,339.68
0104,7,163,341.9
0104,7,164,344.07
0104,7,165,346.36
0104,7,166,348.56
0104,7,167,350.8
0104,7,168,352.97
0104,7,169,355.21
0104,7,170,357.45
0104,7,171,359.66
0104,7,172,361.87
0104,7,173,364.12
0104,7,174,366.3
0104,7,175,368.57
0104,7,176,370.76
0104,7,177,373.04
0104,7,178,375.21
0104,7,179,377.42
0104,7,180,379.67
0104,7,181,381.93
0104,7,182,384.13
0104,7,183,386.38
0104,7,184,388.55
0104,7,185,390.81
0104,7,186,392.99
0104,7,187,395.23
0104,7,188,397.44
0104,7,189,399.7
0104,7,190,401.89
0104,7,191,404.1
0104,7,192,406.34
0104,7,193,408.58
0104,7,194,410.81
0104,7,195,413.0
0104,7,196,415.27
0104,7,197,417.49
0104,7,198,419.7
0104,7,199,421.9
0104,7,200,424.15
0104,8,1,30.63
0104,8,2,30.63
0104,8,3,30.63
0104,8,4,30.63
0104,8,5,30.63
0104,8,6,30.85
0104,8,7,31.1
0104,8,8,31.35
0104,8,9,31.61
0104,8,10,31.86
0104,8,11,33.35
0104,8,12,34.83
0104,8,13,36.32
0104,8,14,37.8
0104,8,15,39.29
0104,8,16,40.78
0104,8,17,42.26
0104,8,18,43.75
0104,8,19,45.23
0104,8,20,46.72
0104,8,21,48.21
0104,8,22,49.69
0104,8,23,51.18
0104,8,24,52.66
0104,8,25,54.15
0104,8,26,55.63
0104,8,27,57.12
0104,8,28,58.61
0104,8,29,60.09
0104,8,30,61.59
0104,8,31,63.43
0104,8,32,65.27
0104,8,33,67.11
0104,8,34,68.95
0104,8,35,70.79
0104,8,36,72.64
0104,8,37,74.49
0104,8,38,76.33
0104,8,39,78.17
0104,8,40,80.01
0104,8,41,81.85
0104,8,42,83.7
0104,8,43,85.54
0104,8,44,87.38
0104,8,45,89.23
0104,8,46,91.08
0104,8,47,92.92
0104,8,48,94.75
0104,8,49,96.6
0104,8,50,98.44
0104,8,51,100.28
0104,8,52,102.14
0104,8,53,103.98
0104,8,54,105.81
0104,8,55,107.67
0104,8,56,109.51
0104,8,57,111.35
0104,8,58,113.19
0104,8,59,115.02
0104,8,60,116.87
0104,8,61,118.71
0104,8,62,120.56
0104,8,63,122.4
0104,8,64,124.24
0104,8,65,126.08
0104,8,66,127.94
0104,8,67,129.77
0104,8,68,131.62
0104,8,69,133.46
0104,8,70,135.3
0104,8,71,137.53
0104,8,72,139.75
0104,8,73,141.97
0104,8,74,144.21
0104,8,75,146.42
0104,8,76,148.65
0104,8,77,150.86
0104,8,78,153.09
0104,8,79,155.31
0104,8,80,157.53
0104,8,81,159.77
0104,8,82,162.0
0104,8,83,164.21
0104,8,84,166.44
0104,8,85,168.66
0104,8,86,170.87
0104,8,87,173.12
0104,8,88,175.35
0104,8,89,177.55
0104,8,90,179.76
0104,8,91,182.0
0104,8,92,184.24
0104,8,93,186.44
0104,8,94,188.68
0104,8,95,190.9
0104,8,96,193.13
0104,8,97,195.32
0104,8,98,197.56
0104,8,99,199.78
0104,8,100,202.0
0104,8,101,204.25
0104,8,102,206.45
0104,8,103,208.66
0104,8,104,210.88
0104,8,105,213.13
0104,8,106,215.35
0104,8,107,217.56
0104,8,108,219.81
0104,8,109,222.01
0104,8,110,224.22
0104,8,111,226.47
0104,8,112,228.69
0104,8,113,230.92
0104,8,114,233.12
0104,8,115,235.36
0104,8,116,237.57
0104,8,117,239.8
0104,8,118,242.03
0104,8,119,244.27
0104,8,120,246.5
0104,8,121,248.69
0104,8,122,250.91
0104,8,123,253.16
0104,8,124,255.36
0104,8,125,257.59
0104,8,126,259.81
0104,8,127,262.03
0104,8,128,264.29
0104,8,129,266.51
0104,8,130,268.69
0104,8,131,270.95
0104,8,132,273.15
0104,8,133,275.41
0104,8,134,277.62
0104,8,135,279.81
0104,8,136,282.07
0104,8,137,284.3
0104,8,138,286.49
0104,8,139,288.74
0104,8,140,290.92
0104,8,141,293.17
0104,8,142,295.37
0104,8,143,297.6
0104,8,144,299.84
0104,8,145,302.08
0104,8,146,304.31
0104,8,147,306.48
0104,8,148,308.76
0104,8,149,310.97
0104,8,150,313.15
0104,8,151,315.39
0104,8,152,317.65
0104,8,153,319.84
0104,8,154,322.07
0104,8,155,324.31
0104,8,156,326.53
0104,8,157,328.72
0104,8,158,330.94
0104,8,159,333.18
0104,8,160,335.41
0104,8,161,337.6
0104,8,162,339.88
0104,8,163,342.1
0104,8,164,344.29
0104,8,165,346.53
0104,8,166,348.75
0104,8,167,350.94
0104,8,168,353.16
0104,8,169,355.4
0104,8,170,357.68
0104,8,171,359.89
0104,8,172,362.09
0104,8,173,364.33
0104,8,174,366.57
0104,8,175,368.75
0104,8,176,370.98
0104,8,177,373.22
0104,8,178,375.41
0104,8,179,377.63
0104,8,180,379.86
0104,8,181,382.14
0104,8,182,384.29
0104,8,183,386.57
0104,8,184,388.78
0104,8,185,391.0
0104,8,186,393.25
0104,8,187,395.45
0104,8,188,397.66
0104,8,189,399.9
0104,8,190,402.08
0104,8,191,404.34
0104,8,192,406.56
0104,8,193,408.81
0104,8,194,410.98
0104,8,195,413.19
0104,8,196,415.44
0104,8,197,417.71
0104,8,198,419.87
0104,8,199,422.09
0104,8,200,424.33
0105,2,1,38.45
0105,2,2,38.45
0105,2,3,38.45
0105,2,4,38.45
0105,2,5,38.45
0105,2,6,38.45
0105,2,7,38.45
0105,2,8,38.45
0105,2,9,38.45
0105,2,10,38.45
0105,2,11,40.19
0105,2,12,42.53
0105,2,13,44.88
0105,2,14,47.22
0105,2,15,49.57
0105,2,16,51.91
0105,2,17,54.26
0105,2,18,56.6
0105,2,19,58.94
0105,2,20,61.29
0105,2,21,63.63
0105,2,22,65.97
0105,2,23,68.32
0105,2,24,70.66
0105,2,25,73.01
0105,2,26,75.35
0105,2,27,77.7
0105,2,28,80.03
0105,2,29,82.38
0105,2,30,84.72
0105,2,31,87.59
0105,2,32,90.47
0105,2,33,93.34
0105,2,34,96.21
0105,2,35,99.07
0105,2,36,101.94
0105,2,37,104.81
0105,2,38,107.68
0105,2,39,110.54
0105,2,40,113.41
0105,2,41,116.27
0105,2,42,119.16
0105,2,43,122.03
0105,2,44,124.89
0105,2,45,127.75
0105,2,46,130.62
0105,2,47,133.5
0105,2,48,136.37
0105,2,49,139.23
0105,2,50,142.11
0105,2,51,144.96
0105,2,52,147.84
0105,2,53,150.69
0105,2,54,153.58
0105,2,55,156.43
0105,2,56,159.32
0105,2,57,162.17
0105,2,58,165.04
0105,2,59,167.9
0105,2,60,170.77
0105,2,61,173.64
0105,2,62,176.53
0105,2,63,179.4
0105,2,64,182.24
0105,2,65,185.14
0105,2,66,188.0
0105,2,67,190.85
0105,2,68,193.72
0105,2,69,196.61
0105,2,70,199.47
0105,2,71,203.06
0105,2,72,206.68
0105,2,73,210.29
0105,2,74,213.9
0105,2,75,217.53
0105,2,76,221.15
0105,2,77,224.76
0105,2,78,228.38
0105,2,79,231.96
0105,2,80,235.6
0105,2,81,239.18
0105,2,82,242.8
0105,2,83,246.4
0105,2,84,250.05
0105,2,85,253.66
0105,2,86,257.28
0105,2,87,260.86
0105,2,88,264.46
0105,2,89,268.09
0105,2,90,271.71
0105,2,91,275.3
0105,2,92,278.93
0105,2,93,282.51
0105,2,94,286.15
0105,2,95,289.73
0105,2,96,293.35
0105,2,97,296.96
0105,2,98,300.58
0105,2,99,304.23
0105,2,100,307.82
0105,2,101,311.46
0105,2,102,315.01
0105,2,103,318.63
0105,2,104,322.26
0105,2,105,325.89
0105,2,106,329.47
0105,2,107,333.1
0105,2,108,336.7
0105,2,109,340.35
0105,2,110,343.91
0105,2,111,347.53
0105,2,112,351.14
0105,2,113,354.74
0105,2,114,358.36
0105,2,115,361.96
0105,2,116,365.63
0105,2,117,369.18
0105,2,118,372.79
0105,2,119,376.41
0105,2,120,380.06
0105,2,121,383.67
0105,2,122,387.27
0105,2,123,390.84
0105,2,124,394.48
0105,2,125,398.07
0105,2,126,401.7
0105,2,127,405.33
0105,2,128,408.92
0105,2,129,412.59
0105,2,130,416.16
0105,2,131,419.78
0105,2,132,423.37
0105,2,133,427.02
0105,2,134,430.58
0105,2,135,434.18
0105,2,136,437.86
0105,2,137,441.44
0105,2,138,445.07
0105,2,139,448.63
0105,2,140,452.32
0105,2,141,455.89
0105,2,142,459.46
0105,2,143,463.1
0105,2,144,466.74
0105,2,145,470.29
0105,2,146,473.91
0105,2,147,477.55
0105,2,148,481.18
0105,2,149,484.74
0105,2,150,488.43
0105,2,151,492.05
0105,2,152,495.57
0105,2,153,499.27
0105,2,154,502.82
0105,2,155,506.46
0105,2,156,510.11
0105,2,157,513.63
0105,2,158,517.32
0105,2,159,520.92
0105,2,160,524.48
0105,2,161,528.14
0105,2,162,531.74
0105,2,163,535.32
0105,2,164,538.98
0105,2,165,542.58
0105,2,166,546.16
0105,2,167,549.78
0105,2,168,553.41
0105,2,169,557.0
0105,2,170,560.62
0105,2,171,564.21
0105,2,172,567.87
0105,2,173,571.41
0105,2,174,575.04
0105,2,175,578.68
0105,2,176,582.3
0105,2,177,585.86
0105,2,178,589.47
0105,2,179,593.07
0105,2,180,596.68
0105,2,181,600.37
0105,2,182,604.02
0105,2,183,607.56
0105,2,184,611.2
0105,2,185,614.75
0105,2,186,618.42
0105,2,187,621.97
0105,2,188,625.58
0105,2,189,629.27
0105,2,190,632.89
0105,2,191,636.5
0105,2,192,640.04
0105,2,193,643.71
0105,2,194,647.3
0105,2,195,650.88
0105,2,196,654.5
0105,2,197,658.18
0105,2,198,661.75
0105,2,199,665.42
0105,2,200,668.9
0105,3,1,38.45
0105,3,2,38.45
0105,3,3,38.45
0105,3,4,38.45
0105,3,5,38.45
0105,3,6,38.45
0105,3,7,38.45
0105,3,8,38.45
0105,3,9,38.45
0105,3,10,38.45
0105,3,11,40.39
0105,3,12,42.73
0105,3,13,45.07
0105,3,14,47.42
0105,3,15,49.77
0105,3,16,52.11
0105,3,17,54.46
0105,3,18,56.8
0105,3,19,59.15
0105,3,20,61.49
0105,3,21,63.83
0105,3,22,66.18
0105,3,23,68.52
0105,3,24,70.86
0105,3,25,73.21
0105,3,26,75.56
0105,3,27,77.9
0105,3,28,80.24
0105,3,29,82.59
0105,3,30,84.93
0105,3,31,87.79
0105,3,32,90.66
0105,3,33,93.54
0105,3,34,96.4
0105,3,35,99.28
0105,3,36,102.13
0105,3,37,105.02
0105,3,38,107.88
0105,3,39,110.74
0105,3,40,113.61
0105,3,41,116.48
0105,3,42,119.35
0105,3,43,122.23
0105,3,44,125.08
0105,3,45,127.96
0105,3,46,130.83
0105,3,47,133.71
0105,3,48,136.55
0105,3,49,139.43
0105,3,50,142.3
0105,3,51,145.16
0105,3,52,148.03
0105,3,53,150.91
0105,3,54,153.79
0105,3,55,156.65
0105,3,56,159.52
0105,3,57,162.37
0105,3,58,165.26
0105,3,59,168.12
0105,3,60,171.0
0105,3,61,173.85
0105,3,62,176.72
0105,3,63,179.59
0105,3,64,182.47
0105,3,65,185.31
0105,3,66,188.2
0105,3,67,191.06
0105,3,68,193.93
0105,3,69,196.81
0105,3,70,199.66
0105,3,71,203.29
0105,3,72,206.89
0105,3,73,210.5
0105,3,74,214.12
0105,3,75,217.74
0105,3,76,221.35
0105,3,77,224.97
0105,3,78,228.56
0105,3,79,232.16
0105,3,80,235.76
0105,3,81,239.42
0105,3,82,243.0
0105,3,83,246.61
0105,3,84,250.24
0105,3,85,253.82
0105,3,86,257.47
0105,3,87,261.05
0105,3,88,264.67
0105,3,89,268.27
0105,3,90,271.92
0105,3,91,275.51
0105,3,92,279.11
0105,3,93,282.75
0105,3,94,286.36
0105,3,95,289.95
0105,3,96,293.59
0105,3,97,297.18
0105,3,98,300.8
0105,3,99,304.39
0105,3,100,308.01
0105,3,101,311.64
0105,3,102,315.24
0105,3,103,318.87
0105,3,104,322.44
0105,3,105,326.04
0105,3,106,329.7
0105,3,107,333.32
0105,3,108,336.91
0105,3,109,340.5
0105,3,110,344.16
0105,3,111,347.76
0105,3,112,351.35
0105,3,113,355.0
0105,3,114,358.58
0105,3,115,362.2
0105,3,116,365.82
0105,3,117,369.41
0105,3,118,373.03
0105,3,119,376.64
0105,3,120,380.25
0105,3,121,383.85
0105,3,122,387.44
0105,3,123,391.05
0105,3,124,394.71
0105,3,125,398.29
0105,3,126,401.91
0105,3,127,405.51
0105,3,128,409.17
0105,3,129,412.71
0105,3,130,416.34
0105,3,131,419.97
0105,3,132,423.61
0105,3,133,427.21
0105,3,134,430.79
0105,3,135,434.43
0105,3,136,438.02
0105,3,137,441.61
0105,3,138,445.23
0105,3,139,448.84
0105,3,140,452.51
0105,3,141,456.09
0105,3,142,459.71
0105,3,143,463.31
0105,3,144,466.94
0105,3,145,470.49
0105,3,146,474.11
0105,3,147,477.72
0105,3,148,481.35
0105,3,149,485.01
0105,3,150,488.61
0105,3,151,492.17
0105,3,152,495.85
0105,3,153,499.47
0105,3,154,503.04
0105,3,155,506.6
0105,3,156,510.3
0105,3,157,513.83
0105,3,158,517.49
0105,3,159,521.13
0105,3,160,524.75
0105,3,161,528.31
0105,3,162,531.92
0105,3,163,535.56
0105,3,164,539.11
0105,3,165,542.81
0105,3,166,546.4
0105,3,167,549.95
0105,3,168,553.56
0105,3,169,557.24
0105,3,170,560.87
0105,3,171,564.44
0105,3,172,568.08
0105,3,173,571.71
0105,3,174,575.32
0105,3,175,578.85
0105,3,176,582.54
0105,3,177,586.07
0105,3,178,589.67
0105,3,179,593.36
0105,3,180,596.92
0105,3,181,600.56
0105,3,182,604.15
0105,3,183,607.8
0105,3,184,611.35
0105,3,185,614.99
0105,3,186,618.56
0105,3,187,622.18
0105,3,188,625.89
0105,3,189,629.43
0105,3,190,633.02
0105,3,191,636.68
0105,3,192,640.27
0105,3,193,643.87
0105,3,194,647.56
0105,3,195,651.09
0105,3,196,654.71
0105,3,197,658.36
0105,3,198,662.01
0105,3,199,665.61
0105,3,200,669.23
0105,4,1,38.45
0105,4,2,38.45
0105,4,3,38.45
0105,4,4,38.45
0105,4,5,38.45
0105,4,6,38.45
0105,4,7,38.45
0105,4,8,38.45
0105,4,9,38.45
0105,4,10,38.45
0105,4,11,40.59
0105,4,12,42.93
0105,4,13,45.28
0105,4,14,47.62
0105,4,15,49.97
0105,4,16,52.31
0105,4,17,54.66
0105,4,18,57.0
0105,4,19,59.35
0105,4,20,61.69
0105,4,21,64.03
0105,4,22,66.38
0105,4,23,68.72
0105,4,24,71.07
0105,4,25,73.41
0105,4,26,75.75
0105,4,27,78.1
0105,4,28,80.44
0105,4,29,82.78
0105,4,30,85.14
0105,4,31,88.01
0105,4,32,90.87
0105,4,33,93.75
0105,4,34,96.61
0105,4,35,99.47
0105,4,36,102.33
0105,4,37,105.22
0105,4,38,108.09
0105,4,39,110.96
0105,4,40,113.82
0105,4,41,116.68
0105,4,42,119.56
0105,4,43,122.43
0105,4,44,125.3
0105,4,45,128.17
0105,4,46,131.04
0105,4,47,133.9
0105,4,48,136.77
0105,4,49,139.63
0105,4,50,142.51
0105,4,51,145.38
0105,4,52,148.25
0105,4,53,151.11
0105,4,54,153.96
0105,4,55,156.83
0105,4,56,159.72
0105,4,57,162.59
0105,4,58,165.46
0105,4,59,168.31
0105,4,60,171.18
0105,4,61,174.06
0105,4,62,176.92
0105,4,63,179.78
0105,4,64,182.65
0105,4,65,185.53
0105,4,66,188.42
0105,4,67,191.28
0105,4,68,194.15
0105,4,69,197.02
0105,4,70,199.88
0105,4,71,203.5
0105,4,72,207.09
0105,4,73,210.71
0105,4,74,214.33
0105,4,75,217.92
0105,4,76,221.55
0105,4,77,225.17
0105,4,78,228.78
0105,4,79,232.36
0105,4,80,235.98
0105,4,81,239.58
0105,4,82,243.23
0105,4,83,246.84
0105,4,84,250.45
0105,4,85,254.03
0105,4,86,257.68
0105,4,87,261.29
0105,4,88,264.89
0105,4,89,268.5
0105,4,90,272.12
0105,4,91,275.74
0105,4,92,279.31
0105,4,93,282.95
0105,4,94,286.53
0105,4,95,290.15
0105,4,96,293.77
0105,4,97,297.37
0105,4,98,300.97
0105,4,99,304.6
0105,4,100,308.25
0105,4,101,311.81
0105,4,102,315.45
0105,4,103,319.05
0105,4,104,322.69
0105,4,105,326.27
0105,4,106,329.9
0105,4,107,333.47
0105,4,108,337.12
0105,4,109,340.7
0105,4,110,344.36
0105,4,111,347.96
0105,4,112,351.54
0105,4,113,355.17
0105,4,114,358.75
0105,4,115,362.42
0105,4,116,366.01
0105,4,117,369.65
0105,4,118,373.21
0105,4,119,376.85
0105,4,120,380.44
0105,4,121,384.05
0105,4,122,387.64
0105,4,123,391.27
0105,4,124,394.88
0105,4,125,398.51
0105,4,126,402.15
0105,4,127,405.72
0105,4,128,409.36
0105,4,129,412.95
0105,4,130,416.52
0105,4,131,420.14
0105,4,132,423.77
0105,4,133,427.41
0105,4,134,431.03
0105,4,135,434.64
0105,4,136,438.25
0105,4,137,441.86
0105,4,138,445.43
0105,4,139,449.03
0105,4,140,452.64
0105,4,141,456.27
0105,4,142,459.88
0105,4,143,463.55
0105,4,144,467.17
0105,4,145,470.78
0105,4,146,474.39
0105,4,147,477.97
0105,4,148,481.59
0105,4,149,485.14
0105,4,150,488.77
0105,4,151,492.42
0105,4,152,496.0
0105,4,153,499.62
0105,4,154,503.23
0105,4,155,506.9
0105,4,156,510.47
0105,4,157,514.08
0105,4,158,517.66
0105,4,159,521.3
0105,4,160,524.95
0105,4,161,528.56
0105,4,162,532.09
0105,4,163,535.72
0105,4,164,539.36
0105,4,165,542.93
0105,4,166,546.54
0105,4,167,550.14
0105,4,168,553.76
0105,4,169,557.45
0105,4,170,561.06
0105,4,171,564.66
0105,4,172,568.3
0105,4,173,571.83
0105,4,174,575.51
0105,4,175,579.09
0105,4,176,582.72
0105,4,177,586.28
0105,4,178,589.89
0105,4,179,593.57
0105,4,180,597.12
0105,4,181,600.81
0105,4,182,604.39
0105,4,183,607.93
0105,4,184,611.63
0105,4,185,615.22
0105,4,186,618.85
0105,4,187,622.36
0105,4,188,625.99
0105,4,189,629.61
0105,4,190,633.2
0105,4,191,636.84
0105,4,192,640.5
0105,4,193,644.08
0105,4,194,647.76
0105,4,195,651.37
0105,4,196,654.86
0105,4,197,658.52
0105,4,198,662.17
0105,4,199,665.76
0105,4,200,669.37
0105,5,1,38.45
0105,5,2,38.45
0105,5,3,38.45
0105,5,4,38.45
0105,5,5,38.45
0105,5,6,38.45
0105,5,7,38.45
0105,5,8,38.45
0105,5,9,38.45
0105,5,10,38.45
0105,5,11,40.79
0105,5,12,43.14
0105,5,13,45.49
0105,5,14,47.83
0105,5,15,50.17
0105,5,16,52.51
0105,5,17,54.85
0105,5,18,57.21
0105,5,19,59.55
0105,5,20,61.9
0105,5,21,64.23
0105,5,22,66.58
0105,5,23,68.93
0105,5,24,71.27
0105,5,25,73.61
0105,5,26,75.96
0105,5,27,78.31
0105,5,28,80.64
0105,5,29,82.98
0105,5,30,85.34
0105,5,31,88.21
0105,5,32,91.07
0105,5,33,93.95
0105,5,34,96.81
0105,5,35,99.67
0105,5,36,102.55
0105,5,37,105.42
0105,5,38,108.29
0105,5,39,111.15
0105,5,40,114.02
0105,5,41,116.89
0105,5,42,119.77
0105,5,43,122.63
0105,5,44,125.49
0105,5,45,128.35
0105,5,46,131.23
0105,5,47,134.09
0105,5,48,136.95
0105,5,49,139.82
0105,5,50,142.72
0105,5,51,145.57
0105,5,52,148.44
0105,5,53,151.3
0105,5,54,154.19
0105,5,55,157.06
0105,5,56,159.9
0105,5,57,162.79
0105,5,58,165.64
0105,5,59,168.53
0105,5,60,171.38
0105,5,61,174.27
0105,5,62,177.13
0105,5,63,179.98
0105,5,64,182.86
0105,5,65,185.73
0105,5,66,188.61
0105,5,67,191.46
0105,5,68,194.34
0105,5,69,197.19
0105,5,70,200.08
0105,5,71,203.7
0105,5,72,207.3
0105,5,73,210.91
0105,5,74,214.54
0105,5,75,218.13
0105,5,76,221.75
0105,5,77,225.35
0105,5,78,228.98
0105,5,79,232.59
0105,5,80,236.19
0105,5,81,239.8
0105,5,82,243.41
0105,5,83,247.0
0105,5,84,250.63
0105,5,85,254.24
0105,5,86,257.84
0105,5,87,261.48
0105,5,88,265.06
0105,5,89,268.69
0105,5,90,272.31
0105,5,91,275.92
0105,5,92,279.52
0105,5,93,283.14
0105,5,94,286.77
0105,5,95,290.36
0105,5,96,293.95
0105,5,97,297.56
0105,5,98,301.22
0105,5,99,304.83
0105,5,100,308.42
0105,5,101,312.02
0105,5,102,315.61
0105,5,103,319.23
0105,5,104,322.84
0105,5,105,326.45
0105,5,106,330.08
0105,5,107,333.67
0105,5,108,337.32
0105,5,109,340.93
0105,5,110,344.52
0105,5,111,348.13
0105,5,112,351.73
0105,5,113,355.37
0105,5,114,358.95
0105,5,115,362.6
0105,5,116,366.18
0105,5,117,369.79
0105,5,118,373.42
0105,5,119,377.01
0105,5,120,380.68
0105,5,121,384.25
0105,5,122,387.88
0105,5,123,391.48
0105,5,124,395.11
0105,5,125,398.72
0105,5,126,402.3
0105,5,127,405.97
0105,5,128,409.57
0105,5,129,413.13
0105,5,130,416.74
0105,5,131,420.4
0105,5,132,424.0
0105,5,133,427.63
0105,5,134,431.18
0105,5,135,434.83
0105,5,136,438.39
0105,5,137,442.01
0105,5,138,445.63
0105,5,139,449.27
0105,5,140,452.9
0105,5,141,456.53
0105,5,142,460.15
0105,5,143,463.72
0105,5,144,467.32
0105,5,145,470.95
0105,5,146,474.59
0105,5,147,478.15
0105,5,148,481.79
0105,5,149,485.4
0105,5,150,488.98
0105,5,151,492.59
0105,5,152,496.18
0105,5,153,499.78
0105,5,154,503.4
0105,5,155,507.0
0105,5,156,510.71
0105,5,157,514.31
0105,5,158,517.86
0105,5,159,521.51
0105,5,160,525.13
0105,5,161,528.72
0105,5,162,532.35
0105,5,163,535.98
0105,5,164,539.52
0105,5,165,543.15
0105,5,166,546.78
0105,5,167,550.39
0105,5,168,553.95
0105,5,169,557.58
0105,5,170,561.19
0105,5,171,564.86
0105,5,172,568.5
0105,5,173,572.06
0105,5,174,575.71
0105,5,175,579.29
0105,5,176,582.86
0105,5,177,586.51
0105,5,178,590.16
0105,5,179,593.68
0105,5,180,597.28
0105,5,181,600.97
0105,5,182,604.59
0105,5,183,608.23
0105,5,184,611.83
0105,5,185,615.43
0105,5,186,619.02
0105,5,187,622.63
0105,5,188,626.21
0105,5,189,629.84
0105,5,190,633.45
0105,5,191,637.08
0105,5,192,640.69
0105,5,193,644.31
0105,5,194,647.94
0105,5,195,651.51
0105,5,196,655.15
0105,5,197,658.74
0105,5,198,662.34
0105,5,199,665.94
0105,5,200,669.51
0105,6,1,38.45
0105,6,2,38.45
0105,6,3,38.45
0105,6,4,38.45
0105,6,5,38.45
0105,6,6,38.45
0105,6,7,38.45
0105,6,8,38.45
0105,6,9,38.45
0105,6,10,38.65
0105,6,11,40.99
0105,6,12,43.34
0105,6,13,45.68
0105,6,14,48.03
0105,6,15,50.37
0105,6,16,52.72
0105,6,17,55.06
0105,6,18,57.41
0105,6,19,59.74
0105,6,20,62.09
0105,6,21,64.44
0105,6,22,66.79
0105,6,23,69.13
0105,6,24,71.47
0105,6,25,73.82
0105,6,26,76.16
0105,6,27,78.51
0105,6,28,80.85
0105,6,29,83.19
0105,6,30,85.53
0105,6,31,88.41
0105,6,32,91.28
0105,6,33,94.13
0105,6,34,97.0
0105,6,35,99.88
0105,6,36,102.74
0105,6,37,105.61
0105,6,38,108.49
0105,6,39,111.35
0105,6,40,114.21
0105,6,41,117.08
0105,6,42,119.95
0105,6,43,122.84
0105,6,44,125.69
0105,6,45,128.55
0105,6,46,131.44
0105,6,47,134.31
0105,6,48,137.16
0105,6,49,140.02
0105,6,50,142.9
0105,6,51,145.78
0105,6,52,148.63
0105,6,53,151.5
0105,6,54,154.37
0105,6,55,157.24
0105,6,56,160.11
0105,6,57,162.97
0105,6,58,165.87
0105,6,59,168.71
0105,6,60,171.58
0105,6,61,174.47
0105,6,62,177.33
0105,6,63,180.2
0105,6,64,183.07
0105,6,65,185.95
0105,6,66,188.8
0105,6,67,191.67
0105,6,68,194.55
0105,6,69,197.39
0105,6,70,200.26
0105,6,71,203.89
0105,6,72,207.51
0105,6,73,211.13
0105,6,74,214.74
0105,6,75,218.31
0105,6,76,221.93
0105,6,77,225.56
0105,6,78,229.18
0105,6,79,232.8
0105,6,80,236.37
0105,6,81,239.99
0105,6,82,243.61
0105,6,83,247.23
0105,6,84,250.85
0105,6,85,254.43
0105,6,86,258.07
0105,6,87,261.66
0105,6,88,265.26
0105,6,89,268.91
0105,6,90,272.5
0105,6,91,276.11
0105,6,92,279.74
0105,6,93,283.33
0105,6,94,286.97
0105,6,95,290.55
0105,6,96,294.18
0105,6,97,297.76
0105,6,98,301.39
0105,6,99,305.02
0105,6,100,308.61
0105,6,101,312.24
0105,6,102,315.82
0105,6,103,319.47
0105,6,104,323.06
0105,6,105,326.66
0105,6,106,330.31
0105,6,107,333.9
0105,6,108,337.51
0105,6,109,341.12
0105,6,110,344.76
0105,6,111,348.37
0105,6,112,351.95
0105,6,113,355.54
0105,6,114,359.16
0105,6,115,362.76
0105,6,116,366.43
0105,6,117,370.05
0105,6,118,373.6
0105,6,119,377.23
0105,6,120,380.89
0105,6,121,384.44
0105,6,122,388.04
0105,6,123,391.71
0105,6,124,395.31
0105,6,125,398.92
0105,6,126,402.55
0105,6,127,406.1
0105,6,128,409.75
0105,6,129,413.37
0105,6,130,416.98
0105,6,131,420.58
0105,6,132,424.17
0105,6,133,427.79
0105,6,134,431.43
0105,6,135,435.03
0105,6,136,438.62
0105,6,137,442.27
0105,6,138,445.9
0105,6,139,449.43
0105,6,140,453.06
0105,6,141,456.7
0105,6,142,460.34
0105,6,143,463.93
0105,6,144,467.52
0105,6,145,471.11
0105,6,146,474.75
0105,6,147,478.39
0105,6,148,481.99
0105,6,149,485.6
0105,6,150,489.23
0105,6,151,492.84
0105,6,152,496.41
0105,6,153,500.0
0105,6,154,503.62
0105,6,155,507.21
0105,6,156,510.85
0105,6,157,514.5
0105,6,158,518.11
0105,6,159,521.66
0105,6,160,525.36
0105,6,161,528.9
0105,6,162,532.49
0105,6,163,536.15
0105,6,164,539.76
0105,6,165,543.4
0105,6,166,546.94
0105,6,167,550.54
0105,6,168,554.24
0105,6,169,557.83
0105,6,170,561.4
0105,6,171,565.07
0105,6,172,568.68
0105,6,173,572.32
0105,6,174,575.83
0105,6,175,579.43
0105,6,176,583.08
0105,6,177,586.72
0105,6,178,590.3
0105,6,179,593.88
0105,6,180,597.56
0105,6,181,601.11
0105,6,182,604.74
0105,6,183,608.41
0105,6,184,611.98
0105,6,185,615.66
0105,6,186,619.25
0105,6,187,622.88
0105,6,188,626.44
0105,6,189,630.1
0105,6,190,633.67
0105,6,191,637.27
0105,6,192,640.89
0105,6,193,644.47
0105,6,194,648.08
0105,6,195,651.75
0105,6,196,655.35
0105,6,197,658.96
0105,6,198,662.58
0105,6,199,666.16
0105,6,200,669.74
0105,7,1,38.45
0105,7,2,38.45
0105,7,3,38.45
0105,7,4,38.45
0105,7,5,38.45
0105,7,6,38.45
0105,7,7,38.45
0105,7,8,38.45
0105,7,9,38.59
0105,7,10,38.85
0105,7,11,41.2
0105,7,12,43.54
0105,7,13,45.88
0105,7,14,48.23
0105,7,15,50.57
0105,7,16,52.92
0105,7,17,55.26
0105,7,18,57.6
0105,7,19,59.95
0105,7,20,62.29
0105,7,21,64.64
0105,7,22,66.99
0105,7,23,69.33
0105,7,24,71.68
0105,7,25,74.02
0105,7,26,76.35
0105,7,27,78.7
0105,7,28,81.05
0105,7,29,83.39
0105,7,30,85.74
0105,7,31,88.61
0105,7,32,91.47
0105,7,33,94.34
0105,7,34,97.21
0105,7,35,100.08
0105,7,36,102.96
0105,7,37,105.81
0105,7,38,108.7
0105,7,39,111.56
0105,7,40,114.42
0105,7,41,117.28
0105,7,42,120.16
0105,7,43,123.02
0105,7,44,125.89
0105,7,45,128.76
0105,7,46,131.65
0105,7,47,134.5
0105,7,48,137.37
0105,7,49,140.25
0105,7,50,143.1
0105,7,51,145.98
0105,7,52,148.83
0105,7,53,151.72
0105,7,54,154.59
0105,7,55,157.44
0105,7,56,160.33
0105,7,57,163.19
0105,7,58,166.04
0105,7,59,168.92
0105,7,60,171.8
0105,7,61,174.66
0105,7,62,177.53
0105,7,63,180.4
0105,7,64,183.28
0105,7,65,186.14
0105,7,66,189.0
0105,7,67,191.88
0105,7,68,194.74
0105,7,69,197.62
0105,7,70,200.48
0105,7,71,204.09
0105,7,72,207.7
0105,7,73,211.31
0105,7,74,214.94
0105,7,75,218.53
0105,7,76,222.16
0105,7,77,225.76
0105,7,78,229.36
0105,7,79,232.97
0105,7,80,236.59
0105,7,81,240.21
0105,7,82,243.84
0105,7,83,247.45
0105,7,84,251.05
0105,7,85,254.66
0105,7,86,258.28
0105,7,87,261.88
0105,7,88,265.49
0105,7,89,269.11
0105,7,90,272.72
0105,7,91,276.32
0105,7,92,279.91
0105,7,93,283.55
0105,7,94,287.14
0105,7,95,290.77
0105,7,96,294.38
0105,7,97,297.96
0105,7,98,301.6
0105,7,99,305.19
0105,7,100,308.82
0105,7,101,312.46
0105,7,102,316.02
0105,7,103,319.68
0105,7,104,323.25
0105,7,105,326.85
0105,7,106,330.51
0105,7,107,334.09
0105,7,108,337.73
0105,7,109,341.35
0105,7,110,344.93
0105,7,111,348.57
0105,7,112,352.17
0105,7,113,355.77
0105,7,114,359.35
0105,7,115,363.02
0105,7,116,366.57
0105,7,117,370.21
0105,7,118,373.82
0105,7,119,377.47
0105,7,120,381.04
0105,7,121,384.65
0105,7,122,388.25
0105,7,123,391.86
0105,7,124,395.47
0105,7,125,399.08
0105,7,126,402.7
0105,7,127,406.3
0105,7,128,409.93
0105,7,129,413.55
0105,7,130,417.14
0105,7,131,420.79
0105,7,132,424.38
0105,7,133,427.96
0105,7,134,431.58
0105,7,135,435.22
0105,7,136,438.82
0105,7,137,442.44
0105,7,138,446.04
0105,7,139,449.66
0105,7,140,453.31
0105,7,141,456.86
0105,7,142,460.48
0105,7,143,464.14
0105,7,144,467.74
0105,7,145,471.34
0105,7,146,474.98
0105,7,147,478.55
0105,7,148,482.14
0105,7,149,485.74
0105,7,150,489.39
0105,7,151,493.0
0105,7,152,496.62
0105,7,153,500.22
0105,7,154,503.82
0105,7,155,507.5
0105,7,156,511.04
0105,7,157,514.73
0105,7,158,518.31
0105,7,159,521.88
0105,7,160,525.52
0105,7,161,529.16
0105,7,162,532.72
0105,7,163,536.34
0105,7,164,539.91
0105,7,165,543.59
0105,7,166,547.15
0105,7,167,550.85
0105,7,168,554.39
0105,7,169,558.07
0105,7,170,561.66
0105,7,171,565.24
0105,7,172,568.84
0105,7,173,572.51
0105,7,174,576.07
0105,7,175,579.63
0105,7,176,583.29
0105,7,177,586.95
0105,7,178,590.5
0105,7,179,594.19
0105,7,180,597.68
0105,7,181,601.41
0105,7,182,604.96
0105,7,183,608.59
0105,7,184,612.23
0105,7,185,615.79
0105,7,186,619.39
0105,7,187,623.04
0105,7,188,626.65
0105,7,189,630.25
0105,7,190,633.8
0105,7,191,637.5
0105,7,192,641.09
0105,7,193,644.67
0105,7,194,648.29
0105,7,195,651.87
0105,7,196,655.48
0105,7,197,659.15
0105,7,198,662.72
0105,7,199,666.35
0105,7,200,669.99
0105,8,1,38.45
0105,8,2,38.45
0105,8,3,38.45
0105,8,4,38.45
0105,8,5,38.45
0105,8,6,38.45
0105,8,7,38.45
0105,8,8,38.53
0105,8,9,38.8
0105,8,10,39.05
0105,8,11,41.4
0105,8,12,43.74
0105,8,13,46.08
0105,8,14,48.43
0105,8,15,50.78
0105,8,16,53.11
0105,8,17,55.46
0105,8,18,57.81
0105,8,19,60.15
0105,8,20,62.49
0105,8,21,64.85
0105,8,22,67.19
0105,8,23,69.53
0105,8,24,71.87
0105,8,25,74.22
0105,8,26,76.56
0105,8,27,78.9
0105,8,28,81.24
0105,8,29,83.6
0105,8,30,85.94
0105,8,31,88.81
0105,8,32,91.67
0105,8,33,94.55
0105,8,34,97.42
0105,8,35,100.28
0105,8,36,103.14
0105,8,37,106.02
0105,8,38,108.89
0105,8,39,111.74
0105,8,40,114.62
0105,8,41,117.5
0105,8,42,120.36
0105,8,43,123.22
0105,8,44,126.09
0105,8,45,128.96
0105,8,46,131.85
0105,8,47,134.7
0105,8,48,137.56
0105,8,49,140.44
0105,8,50,143.3
0105,8,51,146.18
0105,8,52,149.04
0105,8,53,151.91
0105,8,54,154.78
0105,8,55,157.64
0105,8,56,160.53
0105,8,57,163.39
0105,8,58,166.25
0105,8,59,169.11
0105,8,60,172.0
0105,8,61,174.86
0105,8,62,177.74
0105,8,63,180.6
0105,8,64,183.47
0105,8,65,186.34
0105,8,66,189.21
0105,8,67,192.08
0105,8,68,194.95
0105,8,69,197.81
0105,8,70,200.66
0105,8,71,204.27
0105,8,72,207.88
0105,8,73,211.5
0105,8,74,215.13
0105,8,75,218.72
0105,8,76,222.35
0105,8,77,225.97
0105,8,78,229.56
0105,8,79,233.19
0105,8,80,236.82
0105,8,81,240.41
0105,8,82,244.02
0105,8,83,247.62
0105,8,84,251.24
0105,8,85,254.85
0105,8,86,258.49
0105,8,87,262.08
0105,8,88,265.71
0105,8,89,269.27
0105,8,90,272.93
0105,8,91,276.52
0105,8,92,280.16
0105,8,93,283.73
0105,8,94,287.37
0105,8,95,290.96
0105,8,96,294.57
0105,8,97,298.2
0105,8,98,301.82
0105,8,99,305.4
0105,8,100,309.01
0105,8,101,312.63
0105,8,102,316.24
0105,8,103,319.83
0105,8,104,323.45
0105,8,105,327.05
0105,8,106,330.7
0105,8,107,334.27
0105,8,108,337.93
0105,8,109,341.56
0105,8,110,345.13
0105,8,111,348.72
0105,8,112,352.34
0105,8,113,355.95
0105,8,114,359.57
0105,8,115,363.21
0105,8,116,366.78
0105,8,117,370.42
0105,8,118,374.05
0105,8,119,377.65
0105,8,120,381.26
0105,8,121,384.85
0105,8,122,388.46
0105,8,123,392.06
0105,8,124,395.68
0105,8,125,399.3
0105,8,126,402.89
0105,8,127,406.52
0105,8,128,410.17
0105,8,129,413.79
0105,8,130,417.39
0105,8,131,420.99
0105,8,132,424.62
0105,8,133,428.21
0105,8,134,431.82
0105,8,135,435.39
0105,8,136,439.0
0105,8,137,442.61
0105,8,138,446.25
0105,8,139,449.9
0105,8,140,453.45
0105,8,141,457.06
0105,8,142,460.75
0105,8,143,464.31
0105,8,144,467.91
0105,8,145,471.55
0105,8,146,475.11
0105,8,147,478.78
0105,8,148,482.38
0105,8,149,485.97
0105,8,150,489.59
0105,8,151,493.17
0105,8,152,496.85
0105,8,153,500.41
0105,8,154,504.06
0105,8,155,507.67
0105,8,156,511.22
0105,8,157,514.87
0105,8,158,518.52
0105,8,159,522.14
0105,8,160,525.73
0105,8,161,529.31
0105,8,162,532.98
0105,8,163,536.58
0105,8,164,540.16
0105,8,165,543.75
0105,8,166,547.35
0105,8,167,550.95
0105,8,168,554.62
0105,8,169,558.17
0105,8,170,561.86
0105,8,171,565.41
0105,8,172,569.06
0105,8,173,572.68
0105,8,174,576.25
0105,8,175,579.88
0105,8,176,583.53
0105,8,177,587.1
0105,8,178,590.69
0105,8,179,594.37
0105,8,180,597.89
0105,8,181,601.53
0105,8,182,605.16
0105,8,183,608.84
0105,8,184,612.42
0105,8,185,615.98
0105,8,186,619.66
0105,8,187,623.26
0105,8,188,626.79
0105,8,189,630.43
0105,8,190,634.04
0105,8,191,637.66
0105,8,192,641.22
0105,8,193,644.91
0105,8,194,648.53
0105,8,195,652.06
0105,8,196,655.73
0105,8,197,659.39
0105,8,198,663.0
0105,8,199,666.55
0105,8,200,670.14
0106,2,1,45.31
0106,2,2,45.31
0106,2,3,45.31
0106,2,4,45.31
0106,2,5,45.31
0106,2,6,45.31
0106,2,7,45.31
0106,2,8,45.31
0106,2,9,45.31
0106,2,10,45.31
0106,2,11,47.72
0106,2,12,50.39
0106,2,13,53.07
0106,2,14,55.74
0106,2,15,58.41
0106,2,16,61.09
0106,2,17,63.75
0106,2,18,66.43
0106,2,19,69.1
0106,2,20,71.78
0106,2,21,74.45
0106,2,22,77.13
0106,2,23,79.8
0106,2,24,82.48
0106,2,25,85.15
0106,2,26,87.82
0106,2,27,90.5
0106,2,28,93.16
0106,2,29,95.83
0106,2,30,98.52
0106,2,31,101.85
0106,2,32,105.19
0106,2,33,108.53
0106,2,34,111.87
0106,2,35,115.22
0106,2,36,118.56
0106,2,37,121.91
0106,2,38,125.25
0106,2,39,128.58
0106,2,40,131.92
0106,2,41,135.27
0106,2,42,138.61
0106,2,43,141.97
0106,2,44,145.3
0106,2,45,148.64
0106,2,46,151.98
0106,2,47,155.31
0106,2,48,158.65
0106,2,49,162.02
0106,2,50,165.36
0106,2,51,168.67
0106,2,52,172.04
0106,2,53,175.37
0106,2,54,178.73
0106,2,55,182.04
0106,2,56,185.42
0106,2,57,188.73
0106,2,58,192.07
0106,2,59,195.44
0106,2,60,198.77
0106,2,61,202.13
0106,2,62,205.47
0106,2,63,208.81
0106,2,64,212.15
0106,2,65,215.49
0106,2,66,218.8
0106,2,67,222.14
0106,2,68,225.52
0106,2,69,228.86
0106,2,70,232.17
0106,2,71,236.52
0106,2,72,240.86
0106,2,73,245.21
0106,2,74,249.56
0106,2,75,253.86
0106,2,76,258.19
0106,2,77,262.56
0106,2,78,266.88
0106,2,79,271.23
0106,2,80,275.59
0106,2,81,279.9
0106,2,82,284.22
0106,2,83,288.6
0106,2,84,292.95
0106,2,85,297.28
0106,2,86,301.63
0106,2,87,305.96
0106,2,88,310.26
0106,2,89,314.59
0106,2,90,318.95
0106,2,91,323.31
0106,2,92,327.61
0106,2,93,331.97
0106,2,94,336.33
0106,2,95,340.66
0106,2,96,344.99
0106,2,97,349.33
0106,2,98,353.66
0106,2,99,357.99
0106,2,100,362.33
0106,2,101,366.7
0106,2,102,371.04
0106,2,103,375.36
0106,2,104,379.68
0106,2,105,384.03
0106,2,106,388.41
0106,2,107,392.72
0106,2,108,397.02
0106,2,109,401.37
0106,2,110,405.71
0106,2,111,410.1
0106,2,112,414.4
0106,2,113,418.73
0106,2,114,423.12
0106,2,115,427.43
0106,2,116,431.8
0106,2,117,436.09
0106,2,118,440.44
0106,2,119,444.74
0106,2,120,449.08
0106,2,121,453.45
0106,2,122,457.78
0106,2,123,462.14
0106,2,124,466.47
0106,2,125,470.82
0106,2,126,475.14
0106,2,127,479.48
0106,2,128,483.82
0106,2,129,488.19
0106,2,130,492.48
0106,2,131,496.83
0106,2,132,501.15
0106,2,133,505.49
0106,2,134,509.87
0106,2,135,514.18
0106,2,136,518.49
0106,2,137,522.91
0106,2,138,527.21
0106,2,139,531.56
0106,2,140,535.92
0106,2,141,540.27
0106,2,142,544.52
0106,2,143,548.86
0106,2,144,553.19
0106,2,145,557.55
0106,2,146,561.89
0106,2,147,566.24
0106,2,148,570.57
0106,2,149,574.97
0106,2,150,579.3
0106,2,151,583.59
0106,2,152,587.98
0106,2,153,592.35
0106,2,154,596.69
0106,2,155,601.0
0106,2,156,605.34
0106,2,157,609.69
0106,2,158,613.92
0106,2,159,618.3
0106,2,160,622.7
0106,2,161,627.03
0106,2,162,631.33
0106,2,163,635.66
0106,2,164,640.03
0106,2,165,644.37
0106,2,166,648.69
0106,2,167,653.03
0106,2,168,657.4
0106,2,169,661.66
0106,2,170,666.03
0106,2,171,670.35
0106,2,172,674.76
0106,2,173,679.06
0106,2,174,683.4
0106,2,175,687.78
0106,2,176,692.11
0106,2,177,696.45
0106,2,178,700.75
0106,2,179,705.14
0106,2,180,709.41
0106,2,181,713.73
0106,2,182,718.15
0106,2,183,722.48
0106,2,184,726.75
0106,2,185,731.12
0106,2,186,735.47
0106,2,187,739.78
0106,2,188,744.15
0106,2,189,748.42
0106,2,190,752.89
0106,2,191,757.08
0106,2,192,761.54
0106,2,193,765.89
0106,2,194,770.15
0106,2,195,774.5
0106,2,196,778.88
0106,2,197,783.17
0106,2,198,787.57
0106,2,199,791.87
0106,2,200,796.18
0106,3,1,45.31
0106,3,2,45.31
0106,3,3,45.31
0106,3,4,45.31
0106,3,5,45.31
0106,3,6,45.31
0106,3,7,45.31
0106,3,8,45.31
0106,3,9,45.31
0106,3,10,45.31
0106,3,11,47.92
0106,3,12,50.59
0106,3,13,53.26
0106,3,14,55.94
0106,3,15,58.61
0106,3,16,61.28
0106,3,17,63.96
0106,3,18,66.63
0106,3,19,69.31
0106,3,20,71.97
0106,3,21,74.65
0106,3,22,77.33
0106,3,23,79.99
0106,3,24,82.67
0106,3,25,85.34
0106,3,26,88.01
0106,3,27,90.68
0106,3,28,93.37
0106,3,29,96.03
0106,3,30,98.71
0106,3,31,102.06
0106,3,32,105.39
0106,3,33,108.73
0106,3,34,112.08
0106,3,35,115.41
0106,3,36,118.77
0106,3,37,122.1
0106,3,38,125.44
0106,3,39,128.78
0106,3,40,132.13
0106,3,41,135.47
0106,3,42,138.8
0106,3,43,142.17
0106,3,44,145.51
0106,3,45,148.83
0106,3,46,152.17
0106,3,47,155.52
0106,3,48,158.87
0106,3,49,162.2
0106,3,50,165.55
0106,3,51,168.9
0106,3,52,172.23
0106,3,53,175.57
0106,3,54,178.92
0106,3,55,182.25
0106,3,56,185.58
0106,3,57,188.93
0106,3,58,192.26
0106,3,59,195.62
0106,3,60,198.98
0106,3,61,202.31
0106,3,62,205.67
0106,3,63,209.01
0106,3,64,212.33
0106,3,65,215.68
0106,3,66,219.03
0106,3,67,222.35
0106,3,68,225.72
0106,3,69,229.04
0106,3,70,232.39
0106,3,71,236.73
0106,3,72,241.05
0106,3,73,245.4
0106,3,74,249.75
0106,3,75,254.06
0106,3,76,258.4
0106,3,77,262.77
0106,3,78,267.1
0106,3,79,271.43
0106,3,80,275.79
0106,3,81,280.09
0106,3,82,284.45
0106,3,83,288.78
0106,3,84,293.15
0106,3,85,297.45
0106,3,86,301.82
0106,3,87,306.13
0106,3,88,310.49
0106,3,89,314.8
0106,3,90,319.18
0106,3,91,323.51
0106,3,92,327.85
0106,3,93,332.15
0106,3,94,336.51
0106,3,95,340.88
0106,3,96,345.19
0106,3,97,349.56
0106,3,98,353.83
0106,3,99,358.17
0106,3,100,362.56
0106,3,101,366.87
0106,3,102,371.21
0106,3,103,375.54
0106,3,104,379.9
0106,3,105,384.23
0106,3,106,388.54
0106,3,107,392.93
0106,3,108,397.27
0106,3,109,401.58
0106,3,110,405.95
0106,3,111,410.3
0106,3,112,414.6
0106,3,113,418.9
0106,3,114,423.25
0106,3,115,427.66
0106,3,116,431.94
0106,3,117,436.32
0106,3,118,440.64
0106,3,119,444.94
0106,3,120,449.32
0106,3,121,453.63
0106,3,122,458.03
0106,3,123,462.3
0106,3,124,466.7
0106,3,125,471.04
0106,3,126,475.31
0106,3,127,479.64
0106,3,128,483.98
0106,3,129,488.34
0106,3,130,492.7
0106,3,131,497.03
0106,3,132,501.33
0106,3,133,505.74
0106,3,134,510.07
0106,3,135,514.36
0106,3,136,518.72
0106,3,137,523.04
0106,3,138,527.36
0106,3,139,531.77
0106,3,140,536.06
0106,3,141,540.45
0106,3,142,544.8
0106,3,143,549.14
0106,3,144,553.46
0106,3,145,557.8
0106,3,146,562.16
0106,3,147,566.44
0106,3,148,570.77
0106,3,149,575.08
0106,3,150,579.42
0106,3,151,583.84
0106,3,152,588.18
0106,3,153,592.54
0106,3,154,596.81
0106,3,155,601.13
0106,3,156,605.45
0106,3,157,609.83
0106,3,158,614.24
0106,3,159,618.5
0106,3,160,622.82
0106,3,161,627.22
0106,3,162,631.5
0106,3,163,635.92
0106,3,164,640.25
0106,3,165,644.59
0106,3,166,648.85
0106,3,167,653.19
0106,3,168,657.56
0106,3,169,661.85
0106,3,170,666.22
0106,3,171,670.59
0106,3,172,674.88
0106,3,173,679.22
0106,3,174,683.61
0106,3,175,688.0
0106,3,176,692.22
0106,3,177,696.58
0106,3,178,700.93
0106,3,179,705.25
0106,3,180,709.62
0106,3,181,713.94
0106,3,182,718.29
0106,3,183,722.64
0106,3,184,726.92
0106,3,185,731.37
0106,3,186,735.69
0106,3,187,739.98
0106,3,188,744.28
0106,3,189,748.64
0106,3,190,752.99
0106,3,191,757.37
0106,3,192,761.77
0106,3,193,765.97
0106,3,194,770.38
0106,3,195,774.79
0106,3,196,779.1
0106,3,197,783.34
0106,3,198,787.8
0106,3,199,792.08
0106,3,200,796.48
0106,4,1,45.31
0106,4,2,45.31
0106,4,3,45.31
0106,4,4,45.31
0106,4,5,45.31
0106,4,6,45.31
0106,4,7,45.31
0106,4,8,45.31
0106,4,9,45.31
0106,4,10,45.44
0106,4,11,48.11
0106,4,12,50.79
0106,4,13,53.46
0106,4,14,56.13
0106,4,15,58.81
0106,4,16,61.48
0106,4,17,64.16
0106,4,18,66.84
0106,4,19,69.5
0106,4,20,72.18
0106,4,21,74.86
0106,4,22,77.52
0106,4,23,80.2
0106,4,24,82.87
0106,4,25,85.55
0106,4,26,88.21
0106,4,27,90.89
0106,4,28,93.56
0106,4,29,96.23
0106,4,30,98.9
0106,4,31,102.24
0106,4,32,105.6
0106,4,33,108.94
0106,4,34,112.29
0106,4,35,115.62
0106,4,36,118.96
0106,4,37,122.3
0106,4,38,125.65
0106,4,39,128.99
0106,4,40,132.33
0106,4,41,135.68
0106,4,42,139.02
0106,4,43,142.35
0106,4,44,145.68
0106,4,45,149.05
0106,4,46,152.37
0106,4,47,155.71
0106,4,48,159.06
0106,4,49,162.42
0106,4,50,165.75
0106,4,51,169.08
0106,4,52,172.44
0106,4,53,175.78
0106,4,54,179.12
0106,4,55,182.45
0106,4,56,185.79
0106,4,57,189.14
0106,4,58,192.46
0106,4,59,195.84
0106,4,60,199.15
0106,4,61,202.49
0106,4,62,205.85
0106,4,63,209.17
0106,4,64,212.52
0106,4,65,215.85
0106,4,66,219.22
0106,4,67,222.57
0106,4,68,225.92
0106,4,69,229.23
0106,4,70,232.56
0106,4,71,236.93
0106,4,72,241.25
0106,4,73,245.61
0106,4,74,249.92
0106,4,75,254.26
0106,4,76,258.6
0106,4,77,262.94
0106,4,78,267.29
0106,4,79,271.64
0106,4,80,275.95
0106,4,81,280.32
0106,4,82,284.62
0106,4,83,289.01
0106,4,84,293.32
0106,4,85,297.64
0106,4,86,302.0
0106,4,87,306.34
0106,4,88,310.69
0106,4,89,315.03
0106,4,90,319.37
0106,4,91,323.71
0106,4,92,328.0
0106,4,93,332.36
0106,4,94,336.73
0106,4,95,341.06
0106,4,96,345.41
0106,4,97,349.73
0106,4,98,354.04
0106,4,99,358.42
0106,4,100,362.72
0106,4,101,367.08
0106,4,102,371.41
0106,4,103,375.75
0106,4,104,380.1
0106,4,105,384.4
0106,4,106,388.74
0106,4,107,393.11
0106,4,108,397.42
0106,4,109,401.76
0106,4,110,406.09
0106,4,111,410.46
0106,4,112,414.82
0106,4,113,419.14
0106,4,114,423.52
0106,4,115,427.86
0106,4,116,432.2
0106,4,117,436.49
0106,4,118,440.83
0106,4,119,445.19
0106,4,120,449.52
0106,4,121,453.84
0106,4,122,458.15
0106,4,123,462.57
0106,4,124,466.86
0106,4,125,471.21
0106,4,126,475.51
0106,4,127,479.88
0106,4,128,484.2
0106,4,129,488.6
0106,4,130,492.92
0106,4,131,497.24
0106,4,132,501.57
0106,4,133,505.93
0106,4,134,510.27
0106,4,135,514.61
0106,4,136,518.97
0106,4,137,523.29
0106,4,138,527.58
0106,4,139,531.9
0106,4,140,536.32
0106,4,141,540.64
0106,4,142,544.98
0106,4,143,549.32
0106,4,144,553.66
0106,4,145,557.95
0106,4,146,562.31
0106,4,147,566.68
0106,4,148,570.97
0106,4,149,575.34
0106,4,150,579.72
0106,4,151,584.05
0106,4,152,588.29
0106,4,153,592.72
0106,4,154,597.04
0106,4,155,601.41
0106,4,156,605.69
0106,4,157,610.05
0106,4,158,614.43
0106,4,159,618.72
0106,4,160,623.02
0106,4,161,627.39
0106,4,162,631.78
0106,4,163,636.04
0106,4,164,640.39
0106,4,165,644.81
0106,4,166,649.11
0106,4,167,653.41
0106,4,168,657.74
0106,4,169,662.09
0106,4,170,666.49
0106,4,171,670.81
0106,4,172,675.06
0106,4,173,679.48
0106,4,174,683.84
0106,4,175,688.11
0106,4,176,692.43
0106,4,177,696.85
0106,4,178,701.21
0106,4,179,705.48
0106,4,180,709.8
0106,4,181,714.24
0106,4,182,718.55
0106,4,183,722.77
0106,4,184,727.12
0106,4,185,731.55
0106,4,186,735.86
0106,4,187,740.22
0106,4,188,744.57
0106,4,189,748.83
0106,4,190,753.2
0106,4,191,757.59
0106,4,192,761.85
0106,4,193,766.18
0106,4,194,770.64
0106,4,195,774.9
0106,4,196,779.3
0106,4,197,783.54
0106,4,198,787.86
0106,4,199,792.21
0106,4,200,796.64
0106,5,1,45.31
0106,5,2,45.31
0106,5,3,45.31
0106,5,4,45.31
0106,5,5,45.31
0106,5,6,45.31
0106,5,7,45.31
0106,5,8,45.31
0106,5,9,45.34
0106,5,10,45.64
0106,5,11,48.31
0106,5,12,50.99
0106,5,13,53.66
0106,5,14,56.34
0106,5,15,59.0
0106,5,16,61.68
0106,5,17,64.36
0106,5,18,67.02
0106,5,19,69.7
0106,5,20,72.38
0106,5,21,75.04
0106,5,22,77.72
0106,5,23,80.39
0106,5,24,83.07
0106,5,25,85.75
0106,5,26,88.42
0106,5,27,91.1
0106,5,28,93.76
0106,5,29,96.43
0106,5,30,99.11
0106,5,31,102.45
0106,5,32,105.8
0106,5,33,109.14
0106,5,34,112.48
0106,5,35,115.83
0106,5,36,119.16
0106,5,37,122.5
0106,5,38,125.83
0106,5,39,129.18
0106,5,40,132.52
0106,5,41,135.86
0106,5,42,139.21
0106,5,43,142.56
0106,5,44,145.9
0106,5,45,149.25
0106,5,46,152.57
0106,5,47,155.92
0106,5,48,159.27
0106,5,49,162.59
0106,5,50,165.95
0106,5,51,169.3
0106,5,52,172.62
0106,5,53,175.97
0106,5,54,179.32
0106,5,55,182.65
0106,5,56,185.99
0106,5,57,189.32
0106,5,58,192.7
0106,5,59,196.04
0106,5,60,199.37
0106,5,61,202.68
0106,5,62,206.04
0106,5,63,209.37
0106,5,64,212.74
0106,5,65,216.06
0106,5,66,219.41
0106,5,67,222.76
0106,5,68,226.09
0106,5,69,229.44
0106,5,70,232.76
0106,5,71,237.11
0106,5,72,241.48
0106,5,73,245.82
0106,5,74,250.16
0106,5,75,254.49
0106,5,76,258.83
0106,5,77,263.16
0106,5,78,267.48
0106,5,79,271.81
0106,5,80,276.15
0106,5,81,280.51
0106,5,82,284.85
0106,5,83,289.2
0106,5,84,293.52
0106,5,85,297.84
0106,5,86,302.21
0106,5,87,306.52
0106,5,88,310.89
0106,5,89,315.22
0106,5,90,319.58
0106,5,91,323.87
0106,5,92,328.23
0106,5,93,332.54
0106,5,94,336.92
0106,5,95,341.23
0106,5,96,345.56
0106,5,97,349.94
0106,5,98,354.27
0106,5,99,358.57
0106,5,100,362.93
0106,5,101,367.29
0106,5,102,371.59
0106,5,103,375.99
0106,5,104,380.32
0106,5,105,384.65
0106,5,106,388.95
0106,5,107,393.29
0106,5,108,397.64
0106,5,109,402.02
0106,5,110,406.29
0106,5,111,410.63
0106,5,112,415.0
0106,5,113,419.36
0106,5,114,423.64
0106,5,115,428.03
0106,5,116,432.39
0106,5,117,436.73
0106,5,118,441.06
0106,5,119,445.38
0106,5,120,449.72
0106,5,121,454.04
0106,5,122,458.41
0106,5,123,462.75
0106,5,124,467.05
0106,5,125,471.42
0106,5,126,475.75
0106,5,127,480.11
0106,5,128,484.45
0106,5,129,488.73
0106,5,130,493.06
0106,5,131,497.39
0106,5,132,501.73
0106,5,133,506.14
0106,5,134,510.5
0106,5,135,514.81
0106,5,136,519.09
0106,5,137,523.45
0106,5,138,527.84
0106,5,139,532.19
0106,5,140,536.49
0106,5,141,540.77
0106,5,142,545.11
0106,5,143,549.5
0106,5,144,553.88
0106,5,145,558.23
0106,5,146,562.49
0106,5,147,566.84
0106,5,148,571.21
0106,5,149,575.56
0106,5,150,579.87
0106,5,151,584.22
0106,5,152,588.51
0106,5,153,592.87
0106,5,154,597.23
0106,5,155,601.56
0106,5,156,605.86
0106,5,157,610.29
0106,5,158,614.62
0106,5,159,618.92
0106,5,160,623.25
0106,5,161,627.61
0106,5,162,631.89
0106,5,163,636.29
0106,5,164,640.65
0106,5,165,644.97
0106,5,166,649.3
0106,5,167,653.6
0106,5,168,658.03
0106,5,169,662.25
0106,5,170,666.71
0106,5,171,671.01
0106,5,172,675.32
0106,5,173,679.7
0106,5,174,684.0
0106,5,175,688.36
0106,5,176,692.66
0106,5,177,697.08
0106,5,178,701.33
0106,5,179,705.74
0106,5,180,709.99
0106,5,181,714.4
0106,5,182,718.75
0106,5,183,723.07
0106,5,184,727.32
0106,5,185,731.77
0106,5,186,736.01
0106,5,187,740.4
0106,5,188,744.72
0106,5,189,749.15
0106,5,190,753.44
0106,5,191,757.81
0106,5,192,762.17
0106,5,193,766.44
0106,5,194,770.74
0106,5,195,775.13
0106,5,196,779.52
0106,5,197,783.82
0106,5,198,788.11
0106,5,199,792.47
0106,5,200,796.77
0106,6,1,45.31
0106,6,2,45.31
0106,6,3,45.31
0106,6,4,45.31
0106,6,5,45.31
0106,6,6,45.31
0106,6,7,45.31
0106,6,8,45.31
0106,6,9,45.55
0106,6,10,45.84
0106,6,11,48.51
0106,6,12,51.18
0106,6,13,53.86
0106,6,14,56.53
0106,6,15,59.2
0106,6,16,61.87
0106,6,17,64.55
0106,6,18,67.23
0106,6,19,69.9
0106,6,20,72.57
0106,6,21,75.25
0106,6,22,77.92
0106,6,23,80.6
0106,6,24,83.27
0106,6,25,85.93
0106,6,26,88.62
0106,6,27,91.29
0106,6,28,93.97
0106,6,29,96.64
0106,6,30,99.3
0106,6,31,102.66
0106,6,32,105.98
0106,6,33,109.32
0106,6,34,112.68
0106,6,35,116.02
0106,6,36,119.36
0106,6,37,122.71
0106,6,38,126.04
0106,6,39,129.38
0106,6,40,132.71
0106,6,41,136.06
0106,6,42,139.41
0106,6,43,142.76
0106,6,44,146.1
0106,6,45,149.44
0106,6,46,152.77
0106,6,47,156.12
0106,6,48,159.47
0106,6,49,162.81
0106,6,50,166.15
0106,6,51,169.5
0106,6,52,172.83
0106,6,53,176.16
0106,6,54,179.51
0106,6,55,182.85
0106,6,56,186.18
0106,6,57,189.52
0106,6,58,192.88
0106,6,59,196.22
0106,6,60,199.56
0106,6,61,202.88
0106,6,62,206.25
0106,6,63,209.59
0106,6,64,212.92
0106,6,65,216.28
0106,6,66,219.62
0106,6,67,222.94
0106,6,68,226.29
0106,6,69,229.64
0106,6,70,232.97
0106,6,71,237.32
0106,6,72,241.64
0106,6,73,245.97
0106,6,74,250.35
0106,6,75,254.69
0106,6,76,258.99
0106,6,77,263.36
0106,6,78,267.66
0106,6,79,272.03
0106,6,80,276.37
0106,6,81,280.72
0106,6,82,285.04
0106,6,83,289.38
0106,6,84,293.72
0106,6,85,298.07
0106,6,86,302.41
0106,6,87,306.71
0106,6,88,311.09
0106,6,89,315.44
0106,6,90,319.78
0106,6,91,324.07
0106,6,92,328.43
0106,6,93,332.74
0106,6,94,337.11
0106,6,95,341.46
0106,6,96,345.76
0106,6,97,350.09
0106,6,98,354.44
0106,6,99,358.77
0106,6,100,363.14
0106,6,101,367.5
0106,6,102,371.78
0106,6,103,376.19
0106,6,104,380.49
0106,6,105,384.82
0106,6,106,389.17
0106,6,107,393.5
0106,6,108,397.88
0106,6,109,402.14
0106,6,110,406.51
0106,6,111,410.9
0106,6,112,415.2
0106,6,113,419.56
0106,6,114,423.89
0106,6,115,428.21
0106,6,116,432.56
0106,6,117,436.91
0106,6,118,441.23
0106,6,119,445.61
0106,6,120,449.9
0106,6,121,454.25
0106,6,122,458.56
0106,6,123,462.89
0106,6,124,467.29
0106,6,125,471.58
0106,6,126,475.91
0106,6,127,480.26
0106,6,128,484.65
0106,6,129,489.0
0106,6,130,493.3
0106,6,131,497.61
0106,6,132,501.96
0106,6,133,506.27
0106,6,134,510.66
0106,6,135,514.94
0106,6,136,519.3
0106,6,137,523.65
0106,6,138,528.05
0106,6,139,532.33
0106,6,140,536.64
0106,6,141,540.99
0106,6,142,545.35
0106,6,143,549.72
0106,6,144,554.04
0106,6,145,558.33
0106,6,146,562.74
0106,6,147,567.11
0106,6,148,571.41
0106,6,149,575.69
0106,6,150,580.05
0106,6,151,584.42
0106,6,152,588.78
0106,6,153,593.1
0106,6,154,597.41
0106,6,155,601.72
0106,6,156,606.16
0106,6,157,610.43
0106,6,158,614.72
0106,6,159,619.13
0106,6,160,623.4
0106,6,161,627.74
0106,6,162,632.08
0106,6,163,636.48
0106,6,164,640.75
0106,6,165,645.16
0106,6,166,649.47
0106,6,167,653.8
0106,6,168,658.13
0106,6,169,662.55
0106,6,170,666.8
0106,6,171,671.11
0106,6,172,675.5
0106,6,173,679.92
0106,6,174,684.18
0106,6,175,688.48
0106,6,176,692.93
0106,6,177,697.16
0106,6,178,701.58
0106,6,179,705.86
0106,6,180,710.27
0106,6,181,714.56
0106,6,182,718.91
0106,6,183,723.27
0106,6,184,727.63
0106,6,185,731.93
0106,6,186,736.27
0106,6,187,740.66
0106,6,188,744.89
0106,6,189,749.34
0106,6,190,753.6
0106,6,191,757.93
0106,6,192,762.33
0106,6,193,766.7
0106,6,194,770.97
0106,6,195,775.32
0106,6,196,779.7
0106,6,197,783.98
0106,6,198,788.26
0106,6,199,792.58
0106,6,200,797.0
0106,7,1,45.31
0106,7,2,45.31
0106,7,3,45.31
0106,7,4,45.31
0106,7,5,45.31
0106,7,6,45.31
0106,7,7,45.31
0106,7,8,45.45
0106,7,9,45.74
0106,7,10,46.04
0106,7,11,48.71
0106,7,12,51.38
0106,7,13,54.06
0106,7,14,56.73
0106,7,15,59.4
0106,7,16,62.07
0106,7,17,64.75
0106,7,18,67.43
0106,7,19,70.1
0106,7,20,72.78
0106,7,21,75.44
0106,7,22,78.12
0106,7,23,80.8
0106,7,24,83.46
0106,7,25,86.13
0106,7,26,88.8
0106,7,27,91.48
0106,7,28,94.16
0106,7,29,96.84
0106,7,30,99.5
0106,7,31,102.84
0106,7,32,106.19
0106,7,33,109.53
0106,7,34,112.87
0106,7,35,116.22
0106,7,36,119.57
0106,7,37,122.9
0106,7,38,126.24
0106,7,39,129.59
0106,7,40,132.92
0106,7,41,136.26
0106,7,42,139.62
0106,7,43,142.96
0106,7,44,146.3
0106,7,45,149.63
0106,7,46,152.98
0106,7,47,156.33
0106,7,48,159.66
0106,7,49,163.01
0106,7,50,166.35
0106,7,51,169.69
0106,7,52,173.02
0106,7,53,176.37
0106,7,54,179.72
0106,7,55,183.06
0106,7,56,186.41
0106,7,57,189.73
0106,7,58,193.08
0106,7,59,196.42
0106,7,60,199.78
0106,7,61,203.11
0106,7,62,206.46
0106,7,63,209.78
0106,7,64,213.11
0106,7,65,216.45
0106,7,66,219.82
0106,7,67,223.15
0106,7,68,226.51
0106,7,69,229.83
0106,7,70,233.17
0106,7,71,237.51
0106,7,72,241.83
0106,7,73,246.21
0106,7,74,250.52
0106,7,75,254.87
0106,7,76,259.22
0106,7,77,263.53
0106,7,78,267.87
0106,7,79,272.21
0106,7,80,276.55
0106,7,81,280.91
0106,7,82,285.24
0106,7,83,289.56
0106,7,84,293.9
0106,7,85,298.28
0106,7,86,302.6
0106,7,87,306.95
0106,7,88,311.24
0106,7,89,315.61
0106,7,90,319.96
0106,7,91,324.29
0106,7,92,328.62
0106,7,93,332.97
0106,7,94,337.29
0106,7,95,341.63
0106,7,96,345.95
0106,7,97,350.35
0106,7,98,354.63
0106,7,99,358.99
0106,7,100,363.31
0106,7,101,367.67
0106,7,102,371.98
0106,7,103,376.35
0106,7,104,380.66
0106,7,105,385.0
0106,7,106,389.37
0106,7,107,393.68
0106,7,108,398.06
0106,7,109,402.36
0106,7,110,406.71
0106,7,111,411.04
0106,7,112,415.39
0106,7,113,419.71
0106,7,114,424.1
0106,7,115,428.38
0106,7,116,432.75
0106,7,117,437.12
0106,7,118,441.4
0106,7,119,445.76
0106,7,120,450.1
0106,7,121,454.43
0106,7,122,458.82
0106,7,123,463.09
0106,7,124,467.43
0106,7,125,471.76
0106,7,126,476.13
0106,7,127,480.5
0106,7,128,484.85
0106,7,129,489.12
0106,7,130,493.46
0106,7,131,497.83
0106,7,132,502.19
0106,7,133,506.49
0106,7,134,510.84
0106,7,135,515.19
0106,7,136,519.56
0106,7,137,523.89
0106,7,138,528.18
0106,7,139,532.57
0106,7,140,536.92
0106,7,141,541.22
0106,7,142,545.6
0106,7,143,549.93
0106,7,144,554.22
0106,7,145,558.53
0106,7,146,562.87
0106,7,147,567.2
0106,7,148,571.55
0106,7,149,575.93
0106,7,150,580.3
0106,7,151,584.57
0106,7,152,588.96
0106,7,153,593.26
0106,7,154,597.68
0106,7,155,601.99
0106,7,156,606.29
0106,7,157,610.61
0106,7,158,614.97
0106,7,159,619.35
0106,7,160,623.62
0106,7,161,627.95
0106,7,162,632.33
0106,7,163,636.64
0106,7,164,641.04
0106,7,165,645.39
0106,7,166,649.75
0106,7,167,653.99
0106,7,168,658.4
0106,7,169,662.66
0106,7,170,667.07
0106,7,171,671.42
0106,7,172,675.74
0106,7,173,680.05
0106,7,174,684.35
0106,7,175,688.8
0106,7,176,693.08
0106,7,177,697.43
0106,7,178,701.71
0106,7,179,706.03
0106,7,180,710.36
0106,7,181,714.83
0106,7,182,719.16
0106,7,183,723.43
0106,7,184,727.8
0106,7,185,732.06
0106,7,186,736.39
0106,7,187,740.78
0106,7,188,745.1
0106,7,189,749.49
0106,7,190,753.77
0106,7,191,758.12
0106,7,192,762.48
0106,7,193,766.83
0106,7,194,771.19
0106,7,195,775.47
0106,7,196,779.81
0106,7,197,784.15
0106,7,198,788.5
0106,7,199,792.85
0106,7,200,797.17
0106,8,1,45.31
0106,8,2,45.31
0106,8,3,45.31
0106,8,4,45.31
0106,8,5,45.31
0106,8,6,45.31
0106,8,7,45.36
0106,8,8,45.64
0106,8,9,45.94
0106,8,10,46.24
0106,8,11,48.91
0106,8,12,51.58
0106,8,13,54.25
0106,8,14,56.92
0106,8,15,59.6
0106,8,16,62.28
0106,8,17,64.95
0106,8,18,67.63
0106,8,19,70.29
0106,8,20,72.97
0106,8,21,75.64
0106,8,22,78.31
0106,8,23,80.99
0106,8,24,83.66
0106,8,25,86.33
0106,8,26,89.02
0106,8,27,91.68
0106,8,28,94.36
0106,8,29,97.02
0106,8,30,99.71
0106,8,31,103.05
0106,8,32,106.39
0106,8,33,109.72
0106,8,34,113.08
0106,8,35,116.42
0106,8,36,119.74
0106,8,37,123.1
0106,8,38,126.43
0106,8,39,129.79
0106,8,40,133.13
0106,8,41,136.45
0106,8,42,139.81
0106,8,43,143.13
0106,8,44,146.48
0106,8,45,149.83
0106,8,46,153.16
0106,8,47,156.53
0106,8,48,159.87
0106,8,49,163.21
0106,8,50,166.55
0106,8,51,169.89
0106,8,52,173.22
0106,8,53,176.57
0106,8,54,179.92
0106,8,55,183.23
0106,8,56,186.59
0106,8,57,189.95
0106,8,58,193.27
0106,8,59,196.6
0106,8,60,199.96
0106,8,61,203.31
0106,8,62,206.62
0106,8,63,209.96
0106,8,64,213.33
0106,8,65,216.68
0106,8,66,220.02
0106,8,67,223.36
0106,8,68,226.69
0106,8,69,230.04
0106,8,70,233.39
0106,8,71,237.73
0106,8,72,242.03
0106,8,73,246.4
0106,8,74,250.72
0106,8,75,255.08
0106,8,76,259.4
0106,8,77,263.73
0106,8,78,268.07
0106,8,79,272.4
0106,8,80,276.74
0106,8,81,281.11
0106,8,82,285.46
0106,8,83,289.79
0106,8,84,294.11
0106,8,85,298.47
0106,8,86,302.79
0106,8,87,307.12
0106,8,88,311.45
0106,8,89,315.82
0106,8,90,320.15
0106,8,91,324.46
0106,8,92,328.79
0106,8,93,333.14
0106,8,94,337.47
0106,8,95,341.82
0106,8,96,346.2
0106,8,97,350.55
0106,8,98,354.84
0106,8,99,359.21
0106,8,100,363.54
0106,8,101,367.85
0106,8,102,372.23
0106,8,103,376.55
0106,8,104,380.85
0106,8,105,385.21
0106,8,106,389.57
0106,8,107,393.89
0106,8,108,398.21
0106,8,109,402.6
0106,8,110,406.92
0106,8,111,411.28
0106,8,112,415.59
0106,8,113,419.94
0106,8,114,424.26
0106,8,115,428.57
0106,8,116,432.98
0106,8,117,437.32
0106,8,118,441.6
0106,8,119,446.01
0106,8,120,450.28
0106,8,121,454.69
0106,8,122,458.99
0106,8,123,463.37
0106,8,124,467.69
0106,8,125,472.02
0106,8,126,476.3
0106,8,127,480.7
0106,8,128,485.0
0106,8,129,489.37
0106,8,130,493.73
0106,8,131,498.04
0106,8,132,502.37
0106,8,133,506.74
0106,8,134,511.02
0106,8,135,515.36
0106,8,136,519.73
0106,8,137,524.09
0106,8,138,528.43
0106,8,139,532.7
0106,8,140,537.05
0106,8,141,541.44
0106,8,142,545.74
0106,8,143,550.14
0106,8,144,554.39
0106,8,145,558.73
0106,8,146,563.07
0106,8,147,567.49
0106,8,148,571.75
0106,8,149,576.12
0106,8,150,580.49
0106,8,151,584.82
0106,8,152,589.08
0106,8,153,593.44
0106,8,154,597.78
0106,8,155,602.14
0106,8,156,606.51
0106,8,157,610.78
0106,8,158,615.12
0106,8,159,619.48
0106,8,160,623.9
0106,8,161,628.25
0106,8,162,632.48
0106,8,163,636.87
0106,8,164,641.23
0106,8,165,645.58
0106,8,166,649.9
0106,8,167,654.2
0106,8,168,658.5
0106,8,169,662.94
0106,8,170,667.27
0106,8,171,671.59
0106,8,172,675.85
0106,8,173,680.22
0106,8,174,684.53
0106,8,175,688.88
0106,8,176,693.29
0106,8,177,697.54
0106,8,178,702.01
0106,8,179,706.35
0106,8,180,710.57
0106,8,181,714.99
0106,8,182,719.28
0106,8,183,723.67
0106,8,184,727.93
0106,8,185,732.31
0106,8,186,736.66
0106,8,187,740.98
0106,8,188,745.28
0106,8,189,749.64
0106,8,190,753.96
0106,8,191,758.28
0106,8,192,762.72
0106,8,193,767.04
0106,8,194,771.31
0106,8,195,775.75
0106,8,196,779.98
0106,8,197,784.35
0106,8,198,788.72
0106,8,199,793.11
0106,8,200,797.34
0106,25,1,50.52
0106,25,2,50.81
0106,25,3,51.11
0106,25,4,51.4
0106,25,5,51.7
0106,25,6,51.99
0106,25,7,52.29
0106,25,8,52.58
0106,25,9,52.88
0106,25,10,53.17
0106,25,11,55.84
0106,25,12,58.51
0106,25,13,61.18
0106,25,14,63.86
0106,25,15,66.54
0106,25,16,69.21
0106,25,17,71.88
0106,25,18,74.55
0106,25,19,77.24
0106,25,20,79.91
0106,25,21,82.58
0106,25,22,85.25
0106,25,23,87.92
0106,25,24,90.6
0106,25,25,93.27
0106,25,26,95.95
0106,25,27,98.61
0106,25,28,101.29
0106,25,29,103.96
0106,25,30,106.64
0106,25,31,109.97
0106,25,32,113.31
0106,25,33,116.67
0106,25,34,120.01
0106,25,35,123.36
0106,25,36,126.69
0106,25,37,130.03
0106,25,38,133.36
0106,25,39,136.7
0106,25,40,140.07
0106,25,41,143.39
0106,25,42,146.74
0106,25,43,150.07
0106,25,44,153.42
0106,25,45,156.77
0106,25,46,160.11
0106,25,47,163.45
0106,25,48,166.77
0106,25,49,170.13
0106,25,50,173.49
0106,25,51,176.81
0106,25,52,180.14
0106,25,53,183.51
0106,25,54,186.83
0106,25,55,190.18
0106,25,56,193.51
0106,25,57,196.86
0106,25,58,200.21
0106,25,59,203.54
0106,25,60,206.9
0106,25,61,210.22
0106,25,62,213.59
0106,25,63,216.92
0106,25,64,220.24
0106,25,65,223.59
0106,25,66,226.94
0106,25,67,230.28
0106,25,68,233.62
0106,25,69,236.98
0106,25,70,240.3
0106,25,71,244.65
0106,25,72,248.98
0106,25,73,253.33
0106,25,74,257.67
0106,25,75,262.01
0106,25,76,266.35
0106,25,77,270.66
0106,25,78,274.99
0106,25,79,279.38
0106,25,80,283.67
0106,25,81,288.03
0106,25,82,292.4
0106,25,83,296.73
0106,25,84,301.02
0106,25,85,305.38
0106,25,86,309.75
0106,25,87,314.09
0106,25,88,318.42
0106,25,89,322.73
0106,25,90,327.06
0106,25,91,331.44
0106,25,92,335.79
0106,25,93,340.12
0106,25,94,344.42
0106,25,95,348.79
0106,25,96,353.08
0106,25,97,357.42
0106,25,98,361.82
0106,25,99,366.14
0106,25,100,370.46
0106,25,101,374.77
0106,25,102,379.18
0106,25,103,383.47
0106,25,104,387.84
0106,25,105,392.17
0106,25,106,396.46
0106,25,107,400.86
0106,25,108,405.2
0106,25,109,409.47
0106,25,110,413.84
0106,25,111,418.15
0106,25,112,422.49
0106,25,113,426.87
0106,25,114,431.23
0106,25,115,435.51
0106,25,116,439.86
0106,25,117,444.24
0106,25,118,448.58
0106,25,119,452.92
0106,25,120,457.22
0106,25,121,461.57
0106,25,122,465.9
0106,25,123,470.28
0106,25,124,474.61
0106,25,125,478.91
0106,25,126,483.24
0106,25,127,487.65
0106,25,128,491.9
0106,25,129,496.31
0106,25,130,500.62
0106,25,131,504.91
0106,25,132,509.34
0106,25,133,513.66
0106,25,134,518.02
0106,25,135,522.32
0106,25,136,526.69
0106,25,137,531.04
0106,25,138,535.33
0106,25,139,539.69
0106,25,140,544.0
0106,25,141,548.31
0106,25,142,552.74
0106,25,143,557.03
0106,25,144,561.42
0106,25,145,565.66
0106,25,146,570.01
0106,25,147,574.39
0106,25,148,578.69
0106,25,149,583.02
0106,25,150,587.43
0106,25,151,591.74
0106,25,152,596.11
0106,25,153,600.45
0106,25,154,604.75
0106,25,155,609.07
0106,25,156,613.45
0106,25,157,617.81
0106,25,158,622.06
0106,25,159,626.48
0106,25,160,630.8
0106,25,161,635.08
0106,25,162,639.41
0106,25,163,643.74
0106,25,164,648.15
0106,25,165,652.52
0106,25,166,656.75
0106,25,167,661.12
0106,25,168,665.5
0106,25,169,669.77
0106,25,170,674.18
0106,25,171,678.54
0106,25,172,682.82
0106,25,173,687.19
0106,25,174,691.54
0106,25,175,695.8
0106,25,176,700.17
0106,25,177,704.61
0106,25,178,708.89
0106,25,179,713.23
0106,25,180,717.6
0106,25,181,721.83
0106,25,182,726.21
0106,25,183,730.64
0106,25,184,734.84
0106,25,185,739.23
0106,25,186,743.55
0106,25,187,747.91
0106,25,188,752.22
0106,25,189,756.64
0106,25,190,760.98
0106,25,191,765.35
0106,25,192,769.65
0106,25,193,773.89
0106,25,194,778.28
0106,25,195,782.67
0106,25,196,786.91
0106,25,197,791.36
0106,25,198,795.59
0106,25,199,800.0
0106,25,200,804.31
0201,2,1,7.85
0201,2,2,7.85
0201,2,3,7.85
0201,2,4,7.85
0201,2,5,7.88
0201,2,6,8.1
0201,2,7,8.32
0201,2,8,8.53
0201,2,9,8.75
0201,2,10,8.97
0201,2,11,9.32
0201,2,12,9.68
0201,2,13,10.04
0201,2,14,10.39
0201,2,15,10.75
0201,2,16,11.11
0201,2,17,11.46
0201,2,18,11.82
0201,2,19,12.17
0201,2,20,12.53
0201,2,21,12.89
0201,2,22,13.24
0201,2,23,13.6
0201,2,24,13.95
0201,2,25,14.31
0201,2,26,14.67
0201,2,27,15.02
0201,2,28,15.38
0201,2,29,15.74
0201,2,30,16.09
0201,2,31,16.54
0201,2,32,16.99
0201,2,33,17.43
0201,2,34,17.88
0201,2,35,18.32
0201,2,36,18.77
0201,2,37,19.22
0201,2,38,19.67
0201,2,39,20.12
0201,2,40,20.56
0201,2,41,21.01
0201,2,42,21.45
0201,2,43,21.9
0201,2,44,22.35
0201,2,45,22.79
0201,2,46,23.24
0201,2,47,23.69
0201,2,48,24.14
0201,2,49,24.59
0201,2,50,25.03
0201,2,51,25.48
0201,2,52,25.92
0201,2,53,26.37
0201,2,54,26.82
0201,2,55,27.26
0201,2,56,27.71
0201,2,57,28.16
0201,2,58,28.6
0201,2,59,29.06
0201,2,60,29.5
0201,2,61,29.95
0201,2,62,30.4
0201,2,63,30.84
0201,2,64,31.29
0201,2,65,31.74
0201,2,66,32.19
0201,2,67,32.63
0201,2,68,33.08
0201,2,69,33.52
0201,2,70,33.97
0201,2,71,34.54
0201,2,72,35.1
0201,2,73,35.67
0201,2,74,36.23
0201,2,75,36.8
0201,2,76,37.36
0201,2,77,37.93
0201,2,78,38.49
0201,2,79,39.06
0201,2,80,39.63
0201,2,81,40.19
0201,2,82,40.76
0201,2,83,41.32
0201,2,84,41.89
0201,2,85,42.46
0201,2,86,43.02
0201,2,87,43.59
0201,2,88,44.15
0201,2,89,44.72
0201,2,90,45.28
0201,2,91,45.85
0201,2,92,46.42
0201,2,93,46.99
0201,2,94,47.55
0201,2,95,48.12
0201,2,96,48.68
0201,2,97,49.24
0201,2,98,49.81
0201,2,99,50.38
0201,2,100,50.94
0201,2,101,51.51
0201,2,102,52.07
0201,2,103,52.64
0201,2,104,53.2
0201,2,105,53.77
0201,2,106,54.34
0201,2,107,54.9
0201,2,108,55.46
0201,2,109,56.03
0201,2,110,56.6
0201,2,111,57.16
0201,2,112,57.73
0201,2,113,58.29
0201,2,114,58.86
0201,2,115,59.43
0201,2,116,59.99
0201,2,117,60.56
0201,2,118,61.13
0201,2,119,61.69
0201,2,120,62.25
0201,2,121,62.82
0201,2,122,63.38
0201,2,123,63.95
0201,2,124,64.52
0201,2,125,65.08
0201,2,126,65.65
0201,2,127,66.22
0201,2,128,66.78
0201,2,129,67.35
0201,2,130,67.91
0201,2,131,68.48
0201,2,132,69.04
0201,2,133,69.62
0201,2,134,70.17
0201,2,135,70.74
0201,2,136,71.3
0201,2,137,71.87
0201,2,138,72.44
0201,2,139,73.0
0201,2,140,73.57
0201,2,141,74.13
0201,2,142,74.7
0201,2,143,75.26
0201,2,144,75.84
0201,2,145,76.4
0201,2,146,76.96
0201,2,147,77.53
0201,2,148,78.1
0201,2,149,78.65
0201,2,150,79.23
0201,2,151,79.79
0201,2,152,80.36
0201,2,153,80.93
0201,2,154,81.5
0201,2,155,82.06
0201,2,156,82.62
0201,2,157,83.18
0201,2,158,83.75
0201,2,159,84.32
0201,2,160,84.88
0201,2,161,85.46
0201,2,162,86.01
0201,2,163,86.59
0201,2,164,87.14
0201,2,165,87.71
0201,2,166,88.27
0201,2,167,88.84
0201,2,168,89.42
0201,2,169,89.97
0201,2,170,90.54
0201,2,171,91.11
0201,2,172,91.66
0201,2,173,92.23
0201,2,174,92.81
0201,2,175,93.37
0201,2,176,93.94
0201,2,177,94.49
0201,2,178,95.06
0201,2,179,95.63
0201,2,180,96.21
0201,2,181,96.77
0201,2,182,97.33
0201,2,183,97.89
0201,2,184,98.47
0201,2,185,99.02
0201,2,186,99.6
0201,2,187,100.16
0201,2,188,100.73
0201,2,189,101.29
0201,2,190,101.86
0201,2,191,102.42
0201,2,192,102.98
0201,2,193,103.55
0201,2,194,104.12
0201,2,195,104.68
0201,2,196,105.25
0201,2,197,105.81
0201,2,198,106.37
0201,2,199,106.94
0201,2,200,107.5
0201,3,1,7.85
0201,3,2,7.85
0201,3,3,7.85
0201,3,4,7.85
0201,3,5,8.05
0201,3,6,8.27
0201,3,7,8.49
0201,3,8,8.7
0201,3,9,8.92
0201,3,10,9.14
0201,3,11,9.49
0201,3,12,9.85
0201,3,13,10.2
0201,3,14,10.56
0201,3,15,10.92
0201,3,16,11.27
0201,3,17,11.63
0201,3,18,11.99
0201,3,19,12.34
0201,3,20,12.7
0201,3,21,13.05
0201,3,22,13.41
0201,3,23,13.76
0201,3,24,14.12
0201,3,25,14.48
0201,3,26,14.83
0201,3,27,15.19
0201,3,28,15.55
0201,3,29,15.9
0201,3,30,16.26
0201,3,31,16.7
0201,3,32,17.15
0201,3,33,17.6
0201,3,34,18.05
0201,3,35,18.49
0201,3,36,18.94
0201,3,37,19.39
0201,3,38,19.83
0201,3,39,20.28
0201,3,40,20.73
0201,3,41,21.17
0201,3,42,21.62
0201,3,43,22.07
0201,3,44,22.52
0201,3,45,22.96
0201,3,46,23.41
0201,3,47,23.86
0201,3,48,24.31
0201,3,49,24.75
0201,3,50,25.2
0201,3,51,25.64
0201,3,52,26.09
0201,3,53,26.54
0201,3,54,26.99
0201,3,55,27.43
0201,3,56,27.88
0201,3,57,28.33
0201,3,58,28.78
0201,3,59,29.22
0201,3,60,29.67
0201,3,61,30.11
0201,3,62,30.56
0201,3,63,31.01
0201,3,64,31.46
0201,3,65,31.9
0201,3,66,32.35
0201,3,67,32.8
0201,3,68,33.25
0201,3,69,33.69
0201,3,70,34.14
0201,3,71,34.7
0201,3,72,35.27
0201,3,73,35.83
0201,3,74,36.4
0201,3,75,36.97
0201,3,76,37.53
0201,3,77,38.1
0201,3,78,38.67
0201,3,79,39.23
0201,3,80,39.79
0201,3,81,40.36
0201,3,82,40.93
0201,3,83,41.49
0201,3,84,42.05
0201,3,85,42.62
0201,3,86,43.19
0201,3,87,43.76
0201,3,88,44.32
0201,3,89,44.89
0201,3,90,45.46
0201,3,91,46.01
0201,3,92,46.58
0201,3,93,47.15
0201,3,94,47.71
0201,3,95,48.28
0201,3,96,48.85
0201,3,97,49.41
0201,3,98,49.97
0201,3,99,50.55
0201,3,100,51.11
0201,3,101,51.67
0201,3,102,52.24
0201,3,103,52.81
0201,3,104,53.37
0201,3,105,53.94
0201,3,106,54.5
0201,3,107,55.07
0201,3,108,55.64
0201,3,109,56.2
0201,3,110,56.77
0201,3,111,57.33
0201,3,112,57.89
0201,3,113,58.46
0201,3,114,59.03
0201,3,115,59.59
0201,3,116,60.16
0201,3,117,60.73
0201,3,118,61.29
0201,3,119,61.86
0201,3,120,62.42
0201,3,121,62.99
0201,3,122,63.55
0201,3,123,64.12
0201,3,124,64.68
0201,3,125,65.25
0201,3,126,65.82
0201,3,127,66.38
0201,3,128,66.95
0201,3,129,67.51
0201,3,130,68.08
0201,3,131,68.65
0201,3,132,69.22
0201,3,133,69.77
0201,3,134,70.34
0201,3,135,70.9
0201,3,136,71.48
0201,3,137,72.04
0201,3,138,72.6
0201,3,139,73.18
0201,3,140,73.74
0201,3,141,74.3
0201,3,142,74.87
0201,3,143,75.43
0201,3,144,75.99
0201,3,145,76.57
0201,3,146,77.14
0201,3,147,77.69
0201,3,148,78.26
0201,3,149,78.82
0201,3,150,79.39
0201,3,151,79.95
0201,3,152,80.53
0201,3,153,81.08
0201,3,154,81.65
0201,3,155,82.22
0201,3,156,82.78
0201,3,157,83.36
0201,3,158,83.93
0201,3,159,84.48
0201,3,160,85.05
0201,3,161,85.62
0201,3,162,86.18
0201,3,163,86.75
0201,3,164,87.31
0201,3,165,87.88
0201,3,166,88.45
0201,3,167,89.01
0201,3,168,89.57
0201,3,169,90.14
0201,3,170,90.7
0201,3,171,91.28
0201,3,172,91.85
0201,3,173,92.4
0201,3,174,92.97
0201,3,175,93.54
0201,3,176,94.11
0201,3,177,94.66
0201,3,178,95.24
0201,3,179,95.81
0201,3,180,96.36
0201,3,181,96.94
0201,3,182,97.5
0201,3,183,98.07
0201,3,184,98.63
0201,3,185,99.2
0201,3,186,99.76
0201,3,187,100.32
0201,3,188,100.89
0201,3,189,101.45
0201,3,190,102.02
0201,3,191,102.58
0201,3,192,103.15
0201,3,193,103.71
0201,3,194,104.29
0201,3,195,104.85
0201,3,196,105.41
0201,3,197,105.99
0201,3,198,106.55
0201,3,199,107.12
0201,3,200,107.68
0201,4,1,7.85
0201,4,2,7.85
0201,4,3,7.85
0201,4,4,8.0
0201,4,5,8.22
0201,4,6,8.44
0201,4,7,8.65
0201,4,8,8.87
0201,4,9,9.09
0201,4,10,9.3
0201,4,11,9.66
0201,4,12,10.01
0201,4,13,10.37
0201,4,14,10.73
0201,4,15,11.08
0201,4,16,11.44
0201,4,17,11.8
0201,4,18,12.15
0201,4,19,12.51
0201,4,20,12.86
0201,4,21,13.22
0201,4,22,13.58
0201,4,23,13.93
0201,4,24,14.29
0201,4,25,14.65
0201,4,26,15.0
0201,4,27,15.36
0201,4,28,15.71
0201,4,29,16.07
0201,4,30,16.43
0201,4,31,16.87
0201,4,32,17.32
0201,4,33,17.77
0201,4,34,18.21
0201,4,35,18.66
0201,4,36,19.11
0201,4,37,19.55
0201,4,38,20.0
0201,4,39,20.45
0201,4,40,20.9
0201,4,41,21.34
0201,4,42,21.79
0201,4,43,22.24
0201,4,44,22.69
0201,4,45,23.13
0201,4,46,23.58
0201,4,47,24.02
0201,4,48,24.47
0201,4,49,24.92
0201,4,50,25.37
0201,4,51,25.82
0201,4,52,26.26
0201,4,53,26.71
0201,4,54,27.15
0201,4,55,27.6
0201,4,56,28.05
0201,4,57,28.5
0201,4,58,28.94
0201,4,59,29.39
0201,4,60,29.84
0201,4,61,30.28
0201,4,62,30.73
0201,4,63,31.18
0201,4,64,31.62
0201,4,65,32.07
0201,4,66,32.52
0201,4,67,32.97
0201,4,68,33.41
0201,4,69,33.86
0201,4,70,34.3
0201,4,71,34.87
0201,4,72,35.43
0201,4,73,36.0
0201,4,74,36.56
0201,4,75,37.13
0201,4,76,37.7
0201,4,77,38.27
0201,4,78,38.83
0201,4,79,39.39
0201,4,80,39.96
0201,4,81,40.53
0201,4,82,41.09
0201,4,83,41.66
0201,4,84,42.23
0201,4,85,42.79
0201,4,86,43.36
0201,4,87,43.92
0201,4,88,44.49
0201,4,89,45.05
0201,4,90,45.62
0201,4,91,46.18
0201,4,92,46.75
0201,4,93,47.32
0201,4,94,47.89
0201,4,95,48.45
0201,4,96,49.01
0201,4,97,49.58
0201,4,98,50.14
0201,4,99,50.71
0201,4,100,51.28
0201,4,101,51.84
0201,4,102,52.41
0201,4,103,52.98
0201,4,104,53.54
0201,4,105,54.1
0201,4,106,54.67
0201,4,107,55.24
0201,4,108,55.8
0201,4,109,56.37
0201,4,110,56.94
0201,4,111,57.5
0201,4,112,58.07
0201,4,113,58.63
0201,4,114,59.19
0201,4,115,59.76
0201,4,116,60.32
0201,4,117,60.89
0201,4,118,61.46
0201,4,119,62.03
0201,4,120,62.59
0201,4,121,63.15
0201,4,122,63.72
0201,4,123,64.29
0201,4,124,64.85
0201,4,125,65.41
0201,4,126,65.98
0201,4,127,66.55
0201,4,128,67.11
0201,4,129,67.68
0201,4,130,68.24
0201,4,131,68.81
0201,4,132,69.38
0201,4,133,69.95
0201,4,134,70.51
0201,4,135,71.07
0201,4,136,71.64
0201,4,137,72.2
0201,4,138,72.77
0201,4,139,73.35
0201,4,140,73.9
0201,4,141,74.47
0201,4,142,75.04
0201,4,143,75.61
0201,4,144,76.17
0201,4,145,76.74
0201,4,146,77.29
0201,4,147,77.86
0201,4,148,78.43
0201,4,149,78.99
0201,4,150,79.57
0201,4,151,80.13
0201,4,152,80.69
0201,4,153,81.26
0201,4,154,81.83
0201,4,155,82.39
0201,4,156,82.96
0201,4,157,83.52
0201,4,158,84.08
0201,4,159,84.66
0201,4,160,85.22
0201,4,161,85.78
0201,4,162,86.36
0201,4,163,86.91
0201,4,164,87.48
0201,4,165,88.04
0201,4,166,88.61
0201,4,167,89.18
0201,4,168,89.74
0201,4,169,90.31
0201,4,170,90.87
0201,4,171,91.44
0201,4,172,92.01
0201,4,173,92.57
0201,4,174,93.13
0201,4,175,93.7
0201,4,176,94.27
0201,4,177,94.84
0201,4,178,95.4
0201,4,179,95.97
0201,4,180,96.54
0201,4,181,97.1
0201,4,182,97.67
0201,4,183,98.22
0201,4,184,98.79
0201,4,185,99.35
0201,4,186,99.92
0201,4,187,100.48
0201,4,188,101.05
0201,4,189,101.62
0201,4,190,102.19
0201,4,191,102.76
0201,4,192,103.32
0201,4,193,103.88
0201,4,194,104.46
0201,4,195,105.03
0201,4,196,105.58
0201,4,197,106.14
0201,4,198,106.72
0201,4,199,107.28
0201,4,200,107.84
0201,5,1,7.85
0201,5,2,7.85
0201,5,3,7.95
0201,5,4,8.17
0201,5,5,8.39
0201,5,6,8.6
0201,5,7,8.82
0201,5,8,9.04
0201,5,9,9.25
0201,5,10,9.47
0201,5,11,9.83
0201,5,12,10.18
0201,5,13,10.54
0201,5,14,10.89
0201,5,15,11.25
0201,5,16,11.61
0201,5,17,11.96
0201,5,18,12.32
0201,5,19,12.68
0201,5,20,13.03
0201,5,21,13.39
0201,5,22,13.75
0201,5,23,14.1
0201,5,24,14.46
0201,5,25,14.81
0201,5,26,15.17
0201,5,27,15.52
0201,5,28,15.88
0201,5,29,16.24
0201,5,30,16.59
0201,5,31,17.04
0201,5,32,17.49
0201,5,33,17.94
0201,5,34,18.38
0201,5,35,18.83
0201,5,36,19.27
0201,5,37,19.72
0201,5,38,20.17
0201,5,39,20.62
0201,5,40,21.06
0201,5,41,21.51
0201,5,42,21.96
0201,5,43,22.4
0201,5,44,22.85
0201,5,45,23.3
0201,5,46,23.74
0201,5,47,24.19
0201,5,48,24.64
0201,5,49,25.09
0201,5,50,25.54
0201,5,51,25.98
0201,5,52,26.43
0201,5,53,26.87
0201,5,54,27.32
0201,5,55,27.77
0201,5,56,28.21
0201,5,57,28.67
0201,5,58,29.11
0201,5,59,29.56
0201,5,60,30.0
0201,5,61,30.45
0201,5,62,30.9
0201,5,63,31.35
0201,5,64,31.79
0201,5,65,32.24
0201,5,66,32.69
0201,5,67,33.13
0201,5,68,33.58
0201,5,69,34.03
0201,5,70,34.48
0201,5,71,35.04
0201,5,72,35.61
0201,5,73,36.17
0201,5,74,36.74
0201,5,75,37.3
0201,5,76,37.87
0201,5,77,38.43
0201,5,78,39.0
0201,5,79,39.57
0201,5,80,40.13
0201,5,81,40.7
0201,5,82,41.27
0201,5,83,41.83
0201,5,84,42.39
0201,5,85,42.96
0201,5,86,43.52
0201,5,87,44.09
0201,5,88,44.66
0201,5,89,45.22
0201,5,90,45.79
0201,5,91,46.36
0201,5,92,46.92
0201,5,93,47.49
0201,5,94,48.05
0201,5,95,48.62
0201,5,96,49.18
0201,5,97,49.74
0201,5,98,50.32
0201,5,99,50.88
0201,5,100,51.45
0201,5,101,52.01
0201,5,102,52.57
0201,5,103,53.14
0201,5,104,53.7
0201,5,105,54.27
0201,5,106,54.84
0201,5,107,55.41
0201,5,108,55.96
0201,5,109,56.53
0201,5,110,57.1
0201,5,111,57.67
0201,5,112,58.23
0201,5,113,58.8
0201,5,114,59.36
0201,5,115,59.93
0201,5,116,60.5
0201,5,117,61.06
0201,5,118,61.63
0201,5,119,62.19
0201,5,120,62.75
0201,5,121,63.32
0201,5,122,63.9
0201,5,123,64.45
0201,5,124,65.02
0201,5,125,65.58
0201,5,126,66.15
0201,5,127,66.72
0201,5,128,67.28
0201,5,129,67.85
0201,5,130,68.42
0201,5,131,68.98
0201,5,132,69.55
0201,5,133,70.11
0201,5,134,70.67
0201,5,135,71.24
0201,5,136,71.81
0201,5,137,72.38
0201,5,138,72.94
0201,5,139,73.5
0201,5,140,74.07
0201,5,141,74.64
0201,5,142,75.2
0201,5,143,75.76
0201,5,144,76.34
0201,5,145,76.9
0201,5,146,77.46
0201,5,147,78.03
0201,5,148,78.6
0201,5,149,79.16
0201,5,150,79.73
0201,5,151,80.3
0201,5,152,80.86
0201,5,153,81.42
0201,5,154,81.99
0201,5,155,82.55
0201,5,156,83.13
0201,5,157,83.69
0201,5,158,84.25
0201,5,159,84.82
0201,5,160,85.39
0201,5,161,85.95
0201,5,162,86.51
0201,5,163,87.08
0201,5,164,87.66
0201,5,165,88.21
0201,5,166,88.79
0201,5,167,89.35
0201,5,168,89.91
0201,5,169,90.47
0201,5,170,91.04
0201,5,171,91.6
0201,5,172,92.18
0201,5,173,92.74
0201,5,174,93.3
0201,5,175,93.88
0201,5,176,94.44
0201,5,177,95.0
0201,5,178,95.56
0201,5,179,96.14
0201,5,180,96.71
0201,5,181,97.27
0201,5,182,97.82
0201,5,183,98.39
0201,5,184,98.97
0201,5,185,99.53
0201,5,186,100.09
0201,5,187,100.65
0201,5,188,101.22
0201,5,189,101.79
0201,5,190,102.35
0201,5,191,102.91
0201,5,192,103.49
0201,5,193,104.06
0201,5,194,104.63
0201,5,195,105.18
0201,5,196,105.75
0201,5,197,106.31
0201,5,198,106.89
0201,5,199,107.45
0201,5,200,108.01
0201,6,1,7.85
0201,6,2,7.91
0201,6,3,8.12
0201,6,4,8.34
0201,6,5,8.56
0201,6,6,8.77
0201,6,7,8.99
0201,6,8,9.21
0201,6,9,9.42
0201,6,10,9.64
0201,6,11,9.99
0201,6,12,10.35
0201,6,13,10.71
0201,6,14,11.06
0201,6,15,11.42
0201,6,16,11.78
0201,6,17,12.13
0201,6,18,12.49
0201,6,19,12.84
0201,6,20,13.2
0201,6,21,13.56
0201,6,22,13.91
0201,6,23,14.27
0201,6,24,14.62
0201,6,25,14.98
0201,6,26,15.34
0201,6,27,15.69
0201,6,28,16.05
0201,6,29,16.41
0201,6,30,16.76
0201,6,31,17.21
0201,6,32,17.66
0201,6,33,18.1
0201,6,34,18.55
0201,6,35,19.0
0201,6,36,19.44
0201,6,37,19.89
0201,6,38,20.34
0201,6,39,20.79
0201,6,40,21.23
0201,6,41,21.68
0201,6,42,22.13
0201,6,43,22.57
0201,6,44,23.02
0201,6,45,23.46
0201,6,46,23.91
0201,6,47,24.36
0201,6,48,24.8
0201,6,49,25.25
0201,6,50,25.7
0201,6,51,26.15
0201,6,52,26.59
0201,6,53,27.04
0201,6,54,27.49
0201,6,55,27.94
0201,6,56,28.38
0201,6,57,28.83
0201,6,58,29.28
0201,6,59,29.72
0201,6,60,30.17
0201,6,61,30.62
0201,6,62,31.07
0201,6,63,31.51
0201,6,64,31.96
0201,6,65,32.41
0201,6,66,32.85
0201,6,67,33.3
0201,6,68,33.75
0201,6,69,34.19
0201,6,70,34.64
0201,6,71,35.21
0201,6,72,35.77
0201,6,73,36.34
0201,6,74,36.91
0201,6,75,37.47
0201,6,76,38.03
0201,6,77,38.6
0201,6,78,39.16
0201,6,79,39.73
0201,6,80,40.3
0201,6,81,40.86
0201,6,82,41.43
0201,6,83,41.99
0201,6,84,42.56
0201,6,85,43.13
0201,6,86,43.7
0201,6,87,44.26
0201,6,88,44.82
0201,6,89,45.39
0201,6,90,45.95
0201,6,91,46.52
0201,6,92,47.08
0201,6,93,47.65
0201,6,94,48.22
0201,6,95,48.78
0201,6,96,49.35
0201,6,97,49.91
0201,6,98,50.48
0201,6,99,51.04
0201,6,100,51.62
0201,6,101,52.18
0201,6,102,52.75
0201,6,103,53.31
0201,6,104,53.88
0201,6,105,54.44
0201,6,106,55.0
0201,6,107,55.58
0201,6,108,56.13
0201,6,109,56.71
0201,6,110,57.27
0201,6,111,57.83
0201,6,112,58.4
0201,6,113,58.97
0201,6,114,59.53
0201,6,115,60.1
0201,6,116,60.66
0201,6,117,61.23
0201,6,118,61.8
0201,6,119,62.36
0201,6,120,62.93
0201,6,121,63.49
0201,6,122,64.06
0201,6,123,64.62
0201,6,124,65.2
0201,6,125,65.76
0201,6,126,66.32
0201,6,127,66.88
0201,6,128,67.45
0201,6,129,68.01
0201,6,130,68.58
0201,6,131,69.14
0201,6,132,69.72
0201,6,133,70.28
0201,6,134,70.84
0201,6,135,71.41
0201,6,136,71.98
0201,6,137,72.55
0201,6,138,73.1
0201,6,139,73.68
0201,6,140,74.25
0201,6,141,74.8
0201,6,142,75.37
0201,6,143,75.94
0201,6,144,76.5
0201,6,145,77.06
0201,6,146,77.64
0201,6,147,78.21
0201,6,148,78.77
0201,6,149,79.33
0201,6,150,79.9
0201,6,151,80.46
0201,6,152,81.03
0201,6,153,81.59
0201,6,154,82.16
0201,6,155,82.73
0201,6,156,83.29
0201,6,157,83.85
0201,6,158,84.42
0201,6,159,84.99
0201,6,160,85.55
0201,6,161,86.11
0201,6,162,86.69
0201,6,163,87.25
0201,6,164,87.81
0201,6,165,88.38
0201,6,166,88.95
0201,6,167,89.51
0201,6,168,90.07
0201,6,169,90.65
0201,6,170,91.22
0201,6,171,91.77
0201,6,172,92.35
0201,6,173,92.9
0201,6,174,93.48
0201,6,175,94.05
0201,6,176,94.6
0201,6,177,95.17
0201,6,178,95.74
0201,6,179,96.31
0201,6,180,96.87
0201,6,181,97.43
0201,6,182,97.99
0201,6,183,98.57
0201,6,184,99.12
0201,6,185,99.7
0201,6,186,100.27
0201,6,187,100.82
0201,6,188,101.38
0201,6,189,101.96
0201,6,190,102.52
0201,6,191,103.09
0201,6,192,103.66
0201,6,193,104.21
0201,6,194,104.79
0201,6,195,105.36
0201,6,196,105.93
0201,6,197,106.49
0201,6,198,107.06
0201,6,199,107.61
0201,6,200,108.17
0201,7,1,7.86
0201,7,2,8.07
0201,7,3,8.29
0201,7,4,8.51
0201,7,5,8.72
0201,7,6,8.94
0201,7,7,9.16
0201,7,8,9.37
0201,7,9,9.59
0201,7,10,9.8
0201,7,11,10.16
0201,7,12,10.52
0201,7,13,10.87
0201,7,14,11.23
0201,7,15,11.59
0201,7,16,11.94
0201,7,17,12.3
0201,7,18,12.65
0201,7,19,13.01
0201,7,20,13.37
0201,7,21,13.72
0201,7,22,14.08
0201,7,23,14.43
0201,7,24,14.79
0201,7,25,15.15
0201,7,26,15.5
0201,7,27,15.86
0201,7,28,16.22
0201,7,29,16.57
0201,7,30,16.93
0201,7,31,17.37
0201,7,32,17.82
0201,7,33,18.27
0201,7,34,18.72
0201,7,35,19.16
0201,7,36,19.61
0201,7,37,20.06
0201,7,38,20.51
0201,7,39,20.95
0201,7,40,21.4
0201,7,41,21.84
0201,7,42,22.29
0201,7,43,22.74
0201,7,44,23.19
0201,7,45,23.63
0201,7,46,24.08
0201,7,47,24.53
0201,7,48,24.98
0201,7,49,25.42
0201,7,50,25.87
0201,7,51,26.32
0201,7,52,26.76
0201,7,53,27.21
0201,7,54,27.66
0201,7,55,28.1
0201,7,56,28.55
0201,7,57,29.0
0201,7,58,29.44
0201,7,59,29.89
0201,7,60,30.34
0201,7,61,30.78
0201,7,62,31.23
0201,7,63,31.68
0201,7,64,32.13
0201,7,65,32.57
0201,7,66,33.02
0201,7,67,33.47
0201,7,68,33.91
0201,7,69,34.36
0201,7,70,34.81
0201,7,71,35.37
0201,7,72,35.94
0201,7,73,36.5
0201,7,74,37.07
0201,7,75,37.64
0201,7,76,38.2
0201,7,77,38.77
0201,7,78,39.34
0201,7,79,39.9
0201,7,80,40.46
0201,7,81,41.03
0201,7,82,41.6
0201,7,83,42.16
0201,7,84,42.73
0201,7,85,43.3
0201,7,86,43.86
0201,7,87,44.42
0201,7,88,44.99
0201,7,89,45.55
0201,7,90,46.13
0201,7,91,46.69
0201,7,92,47.26
0201,7,93,47.82
0201,7,94,48.38
0201,7,95,48.95
0201,7,96,49.51
0201,7,97,50.09
0201,7,98,50.65
0201,7,99,51.22
0201,7,100,51.78
0201,7,101,52.34
0201,7,102,52.91
0201,7,103,53.47
0201,7,104,54.04
0201,7,105,54.61
0201,7,106,55.18
0201,7,107,55.73
0201,7,108,56.3
0201,7,109,56.87
0201,7,110,57.44
0201,7,111,58.01
0201,7,112,58.57
0201,7,113,59.13
0201,7,114,59.7
0201,7,115,60.26
0201,7,116,60.83
0201,7,117,61.39
0201,7,118,61.96
0201,7,119,62.53
0201,7,120,63.09
0201,7,121,63.65
0201,7,122,64.23
0201,7,123,64.8
0201,7,124,65.36
0201,7,125,65.93
0201,7,126,66.49
0201,7,127,67.05
0201,7,128,67.62
0201,7,129,68.18
0201,7,130,68.76
0201,7,131,69.32
0201,7,132,69.88
0201,7,133,70.45
0201,7,134,71.02
0201,7,135,71.57
0201,7,136,72.14
0201,7,137,72.71
0201,7,138,73.28
0201,7,139,73.84
0201,7,140,74.41
0201,7,141,74.98
0201,7,142,75.54
0201,7,143,76.11
0201,7,144,76.67
0201,7,145,77.24
0201,7,146,77.8
0201,7,147,78.37
0201,7,148,78.94
0201,7,149,79.51
0201,7,150,80.06
0201,7,151,80.62
0201,7,152,81.2
0201,7,153,81.77
0201,7,154,82.32
0201,7,155,82.89
0201,7,156,83.46
0201,7,157,84.02
0201,7,158,84.59
0201,7,159,85.16
0201,7,160,85.72
0201,7,161,86.29
0201,7,162,86.86
0201,7,163,87.42
0201,7,164,87.99
0201,7,165,88.54
0201,7,166,89.12
0201,7,167,89.68
0201,7,168,90.24
0201,7,169,90.81
0201,7,170,91.38
0201,7,171,91.94
0201,7,172,92.51
0201,7,173,93.08
0201,7,174,93.64
0201,7,175,94.21
0201,7,176,94.77
0201,7,177,95.33
0201,7,178,95.91
0201,7,179,96.47
0201,7,180,97.04
0201,7,181,97.6
0201,7,182,98.16
0201,7,183,98.73
0201,7,184,99.3
0201,7,185,99.86
0201,7,186,100.44
0201,7,187,100.99
0201,7,188,101.56
0201,7,189,102.12
0201,7,190,102.7
0201,7,191,103.25
0201,7,192,103.82
0201,7,193,104.38
0201,7,194,104.96
0201,7,195,105.53
0201,7,196,106.09
0201,7,197,106.64
0201,7,198,107.22
0201,7,199,107.77
0201,7,200,108.35
0201,8,1,8.02
0201,8,2,8.24
0201,8,3,8.46
0201,8,4,8.67
0201,8,5,8.89
0201,8,6,9.11
0201,8,7,9.32
0201,8,8,9.54
0201,8,9,9.76
0201,8,10,9.97
0201,8,11,10.33
0201,8,12,10.68
0201,8,13,11.04
0201,8,14,11.4
0201,8,15,11.75
0201,8,16,12.11
0201,8,17,12.47
0201,8,18,12.82
0201,8,19,13.18
0201,8,20,13.53
0201,8,21,13.89
0201,8,22,14.25
0201,8,23,14.6
0201,8,24,14.96
0201,8,25,15.32
0201,8,26,15.67
0201,8,27,16.03
0201,8,28,16.38
0201,8,29,16.74
0201,8,30,17.1
0201,8,31,17.55
0201,8,32,17.99
0201,8,33,18.44
0201,8,34,18.89
0201,8,35,19.33
0201,8,36,19.78
0201,8,37,20.23
0201,8,38,20.67
0201,8,39,21.12
0201,8,40,21.57
0201,8,41,22.02
0201,8,42,22.46
0201,8,43,22.91
0201,8,44,23.35
0201,8,45,23.8
0201,8,46,24.25
0201,8,47,24.69
0201,8,48,25.14
0201,8,49,25.59
0201,8,50,26.04
0201,8,51,26.48
0201,8,52,26.93
0201,8,53,27.38
0201,8,54,27.83
0201,8,55,28.27
0201,8,56,28.72
0201,8,57,29.16
0201,8,58,29.61
0201,8,59,30.06
0201,8,60,30.51
0201,8,61,30.95
0201,8,62,31.4
0201,8,63,31.85
0201,8,64,32.29
0201,8,65,32.74
0201,8,66,33.19
0201,8,67,33.63
0201,8,68,34.08
0201,8,69,34.53
0201,8,70,34.97
0201,8,71,35.54
0201,8,72,36.11
0201,8,73,36.68
0201,8,74,37.24
0201,8,75,37.8
0201,8,76,38.37
0201,8,77,38.94
0201,8,78,39.5
0201,8,79,40.07
0201,8,80,40.63
0201,8,81,41.2
0201,8,82,41.76
0201,8,83,42.33
0201,8,84,42.89
0201,8,85,43.46
0201,8,86,44.03
0201,8,87,44.59
0201,8,88,45.16
0201,8,89,45.72
0201,8,90,46.29
0201,8,91,46.85
0201,8,92,47.42
0201,8,93,47.98
0201,8,94,48.55
0201,8,95,49.12
0201,8,96,49.68
0201,8,97,50.25
0201,8,98,50.82
0201,8,99,51.39
0201,8,100,51.95
0201,8,101,52.51
0201,8,102,53.07
0201,8,103,53.64
0201,8,104,54.21
0201,8,105,54.78
0201,8,106,55.34
0201,8,107,55.9
0201,8,108,56.47
0201,8,109,57.04
0201,8,110,57.61
0201,8,111,58.18
0201,8,112,58.73
0201,8,113,59.31
0201,8,114,59.87
0201,8,115,60.44
0201,8,116,61.0
0201,8,117,61.56
0201,8,118,62.13
0201,8,119,62.7
0201,8,120,63.26
0201,8,121,63.83
0201,8,122,64.4
0201,8,123,64.96
0201,8,124,65.53
0201,8,125,66.1
0201,8,126,66.65
0201,8,127,67.22
0201,8,128,67.78
0201,8,129,68.35
0201,8,130,68.92
0201,8,131,69.48
0201,8,132,70.05
0201,8,133,70.61
0201,8,134,71.18
0201,8,135,71.74
0201,8,136,72.31
0201,8,137,72.88
0201,8,138,73.45
0201,8,139,74.02
0201,8,140,74.57
0201,8,141,75.15
0201,8,142,75.71
0201,8,143,76.27
0201,8,144,76.84
0201,8,145,77.4
0201,8,146,77.97
0201,8,147,78.54
0201,8,148,79.1
0201,8,149,79.67
0201,8,150,80.23
0201,8,151,80.79
0201,8,152,81.36
0201,8,153,81.93
0201,8,154,82.5
0201,8,155,83.06
0201,8,156,83.63
0201,8,157,84.19
0201,8,158,84.75
0201,8,159,85.32
0201,8,160,85.88
0201,8,161,86.45
0201,8,162,87.03
0201,8,163,87.59
0201,8,164,88.16
0201,8,165,88.71
0201,8,166,89.28
0201,8,167,89.85
0201,8,168,90.42
0201,8,169,90.97
0201,8,170,91.54
0201,8,171,92.1
0201,8,172,92.67
0201,8,173,93.24
0201,8,174,93.82
0201,8,175,94.37
0201,8,176,94.95
0201,8,177,95.52
0201,8,178,96.08
0201,8,179,96.65
0201,8,180,97.21
0201,8,181,97.76
0201,8,182,98.33
0201,8,183,98.91
0201,8,184,99.47
0201,8,185,100.02
0201,8,186,100.61
0201,8,187,101.17
0201,8,188,101.73
0201,8,189,102.3
0201,8,190,102.85
0201,8,191,103.43
0201,8,192,103.98
0201,8,193,104.55
0201,8,194,105.13
0201,8,195,105.69
0201,8,196,106.26
0201,8,197,106.82
0201,8,198,107.39
0201,8,199,107.95
0201,8,200,108.51
0202,2,1,13.45
0202,2,2,13.45
0202,2,3,13.45
0202,2,4,13.45
0202,2,5,13.45
0202,2,6,13.45
0202,2,7,13.45
0202,2,8,13.45
0202,2,9,13.57
0202,2,10,13.82
0202,2,11,14.55
0202,2,12,15.28
0202,2,13,16.0
0202,2,14,16.73
0202,2,15,17.45
0202,2,16,18.18
0202,2,17,18.9
0202,2,18,19.63
0202,2,19,20.36
0202,2,20,21.08
0202,2,21,21.81
0202,2,22,22.53
0202,2,23,23.26
0202,2,24,23.99
0202,2,25,24.71
0202,2,26,25.43
0202,2,27,26.16
0202,2,28,26.89
0202,2,29,27.61
0202,2,30,28.33
0202,2,31,29.28
0202,2,32,30.22
0202,2,33,31.16
0202,2,34,32.11
0202,2,35,33.06
0202,2,36,34.0
0202,2,37,34.94
0202,2,38,35.88
0202,2,39,36.83
0202,2,40,37.77
0202,2,41,38.71
0202,2,42,39.65
0202,2,43,40.6
0202,2,44,41.55
0202,2,45,42.49
0202,2,46,43.43
0202,2,47,44.37
0202,2,48,45.31
0202,2,49,46.26
0202,2,50,47.2
0202,2,51,48.14
0202,2,52,49.09
0202,2,53,50.03
0202,2,54,50.97
0202,2,55,51.92
0202,2,56,52.86
0202,2,57,53.8
0202,2,58,54.75
0202,2,59,55.69
0202,2,60,56.63
0202,2,61,57.57
0202,2,62,58.52
0202,2,63,59.46
0202,2,64,60.41
0202,2,65,61.35
0202,2,66,62.29
0202,2,67,63.24
0202,2,68,64.17
0202,2,69,65.12
0202,2,70,66.07
0202,2,71,67.21
0202,2,72,68.34
0202,2,73,69.5
0202,2,74,70.63
0202,2,75,71.77
0202,2,76,72.91
0202,2,77,74.05
0202,2,78,75.19
0202,2,79,76.33
0202,2,80,77.48
0202,2,81,78.62
0202,2,82,79.76
0202,2,83,80.9
0202,2,84,82.05
0202,2,85,83.18
0202,2,86,84.32
0202,2,87,85.46
0202,2,88,86.6
0202,2,89,87.75
0202,2,90,88.89
0202,2,91,90.03
0202,2,92,91.16
0202,2,93,92.32
0202,2,94,93.45
0202,2,95,94.59
0202,2,96,95.73
0202,2,97,96.87
0202,2,98,98.01
0202,2,99,99.17
0202,2,100,100.29
0202,2,101,101.44
0202,2,102,102.58
0202,2,103,103.73
0202,2,104,104.86
0202,2,105,106.0
0202,2,106,107.15
0202,2,107,108.28
0202,2,108,109.42
0202,2,109,110.57
0202,2,110,111.72
0202,2,111,112.85
0202,2,112,113.99
0202,2,113,115.14
0202,2,114,116.26
0202,2,115,117.42
0202,2,116,118.56
0202,2,117,119.69
0202,2,118,120.84
0202,2,119,121.99
0202,2,120,123.13
0202,2,121,124.26
0202,2,122,125.41
0202,2,123,126.54
0202,2,124,127.68
0202,2,125,128.82
0202,2,126,129.96
0202,2,127,131.11
0202,2,128,132.26
0202,2,129,133.38
0202,2,130,134.54
0202,2,131,135.68
0202,2,132,136.81
0202,2,133,137.95
0202,2,134,139.1
0202,2,135,140.25
0202,2,136,141.37
0202,2,137,142.51
0202,2,138,143.67
0202,2,139,144.79
0202,2,140,145.94
0202,2,141,147.08
0202,2,142,148.22
0202,2,143,149.36
0202,2,144,150.5
0202,2,145,151.66
0202,2,146,152.78
0202,2,147,153.92
0202,2,148,155.06
0202,2,149,156.22
0202,2,150,157.36
0202,2,151,158.48
0202,2,152,159.64
0202,2,153,160.77
0202,2,154,161.91
0202,2,155,163.05
0202,2,156,164.21
0202,2,157,165.35
0202,2,158,166.48
0202,2,159,167.61
0202,2,160,168.78
0202,2,161,169.91
0202,2,162,171.04
0202,2,163,172.2
0202,2,164,173.34
0202,2,165,174.46
0202,2,166,175.62
0202,2,167,176.75
0202,2,168,177.89
0202,2,169,179.04
0202,2,170,180.16
0202,2,171,181.31
0202,2,172,182.45
0202,2,173,183.59
0202,2,174,184.75
0202,2,175,185.88
0202,2,176,187.02
0202,2,177,188.15
0202,2,178,189.32
0202,2,179,190.45
0202,2,180,191.59
0202,2,181,192.74
0202,2,182,193.87
0202,2,183,195.0
0202,2,184,196.13
0202,2,185,197.29
0202,2,186,198.43
0202,2,187,199.57
0202,2,188,200.72
0202,2,189,201.84
0202,2,190,202.99
0202,2,191,204.16
0202,2,192,205.28
0202,2,193,206.41
0202,2,194,207.56
0202,2,195,208.71
0202,2,196,209.85
0202,2,197,210.98
0202,2,198,212.14
0202,2,199,213.29
0202,2,200,214.39
0202,3,1,13.45
0202,3,2,13.45
0202,3,3,13.45
0202,3,4,13.45
0202,3,5,13.45
0202,3,6,13.45
0202,3,7,13.45
0202,3,8,13.52
0202,3,9,13.77
0202,3,10,14.02
0202,3,11,14.75
0202,3,12,15.47
0202,3,13,16.2
0202,3,14,16.92
0202,3,15,17.65
0202,3,16,18.38
0202,3,17,19.1
0202,3,18,19.83
0202,3,19,20.55
0202,3,20,21.28
0202,3,21,22.01
0202,3,22,22.73
0202,3,23,23.46
0202,3,24,24.18
0202,3,25,24.91
0202,3,26,25.63
0202,3,27,26.36
0202,3,28,27.08
0202,3,29,27.81
0202,3,30,28.54
0202,3,31,29.48
0202,3,32,30.42
0202,3,33,31.37
0202,3,34,32.31
0202,3,35,33.25
0202,3,36,34.19
0202,3,37,35.14
0202,3,38,36.08
0202,3,39,37.02
0202,3,40,37.97
0202,3,41,38.91
0202,3,42,39.85
0202,3,43,40.79
0202,3,44,41.74
0202,3,45,42.68
0202,3,46,43.63
0202,3,47,44.57
0202,3,48,45.51
0202,3,49,46.45
0202,3,50,47.4
0202,3,51,48.34
0202,3,52,49.29
0202,3,53,50.23
0202,3,54,51.17
0202,3,55,52.12
0202,3,56,53.06
0202,3,57,54.0
0202,3,58,54.94
0202,3,59,55.89
0202,3,60,56.83
0202,3,61,57.78
0202,3,62,58.72
0202,3,63,59.66
0202,3,64,60.6
0202,3,65,61.55
0202,3,66,62.5
0202,3,67,63.44
0202,3,68,64.38
0202,3,69,65.32
0202,3,70,66.26
0202,3,71,67.4
0202,3,72,68.55
0202,3,73,69.68
0202,3,74,70.83
0202,3,75,71.96
0202,3,76,73.1
0202,3,77,74.26
0202,3,78,75.39
0202,3,79,76.53
0202,3,80,77.68
0202,3,81,78.82
0202,3,82,79.95
0202,3,83,81.09
0202,3,84,82.24
0202,3,85,83.37
0202,3,86,84.52
0202,3,87,85.66
0202,3,88,86.8
0202,3,89,87.95
0202,3,90,89.09
0202,3,91,90.22
0202,3,92,91.37
0202,3,93,92.52
0202,3,94,93.65
0202,3,95,94.79
0202,3,96,95.93
0202,3,97,97.07
0202,3,98,98.21
0202,3,99,99.36
0202,3,100,100.5
0202,3,101,101.63
0202,3,102,102.77
0202,3,103,103.92
0202,3,104,105.06
0202,3,105,106.2
0202,3,106,107.33
0202,3,107,108.49
0202,3,108,109.63
0202,3,109,110.77
0202,3,110,111.9
0202,3,111,113.05
0202,3,112,114.19
0202,3,113,115.33
0202,3,114,116.48
0202,3,115,117.62
0202,3,116,118.76
0202,3,117,119.89
0202,3,118,121.03
0202,3,119,122.18
0202,3,120,123.33
0202,3,121,124.45
0202,3,122,125.61
0202,3,123,126.73
0202,3,124,127.87
0202,3,125,129.03
0202,3,126,130.16
0202,3,127,131.32
0202,3,128,132.44
0202,3,129,133.59
0202,3,130,134.73
0202,3,131,135.88
0202,3,132,137.01
0202,3,133,138.15
0202,3,134,139.28
0202,3,135,140.44
0202,3,136,141.57
0202,3,137,142.71
0202,3,138,143.86
0202,3,139,144.99
0202,3,140,146.14
0202,3,141,147.28
0202,3,142,148.43
0202,3,143,149.57
0202,3,144,150.72
0202,3,145,151.86
0202,3,146,153.0
0202,3,147,154.14
0202,3,148,155.28
0202,3,149,156.41
0202,3,150,157.55
0202,3,151,158.7
0202,3,152,159.84
0202,3,153,160.98
0202,3,154,162.11
0202,3,155,163.25
0202,3,156,164.38
0202,3,157,165.54
0202,3,158,166.68
0202,3,159,167.83
0202,3,160,168.97
0202,3,161,170.09
0202,3,162,171.25
0202,3,163,172.4
0202,3,164,173.54
0202,3,165,174.66
0202,3,166,175.8
0202,3,167,176.96
0202,3,168,178.07
0202,3,169,179.23
0202,3,170,180.38
0202,3,171,181.5
0202,3,172,182.65
0202,3,173,183.78
0202,3,174,184.93
0202,3,175,186.07
0202,3,176,187.24
0202,3,177,188.37
0202,3,178,189.49
0202,3,179,190.64
0202,3,180,191.78
0202,3,181,192.91
0202,3,182,194.08
0202,3,183,195.2
0202,3,184,196.35
0202,3,185,197.51
0202,3,186,198.64
0202,3,187,199.79
0202,3,188,200.93
0202,3,189,202.08
0202,3,190,203.2
0202,3,191,204.34
0202,3,192,205.48
0202,3,193,206.64
0202,3,194,207.77
0202,3,195,208.91
0202,3,196,210.02
0202,3,197,211.16
0202,3,198,212.34
0202,3,199,213.45
0202,3,200,214.62
0202,4,1,13.45
0202,4,2,13.45
0202,4,3,13.45
0202,4,4,13.45
0202,4,5,13.45
0202,4,6,13.45
0202,4,7,13.47
0202,4,8,13.72
0202,4,9,13.97
0202,4,10,14.22
0202,4,11,14.95
0202,4,12,15.67
0202,4,13,16.4
0202,4,14,17.12
0202,4,15,17.85
0202,4,16,18.57
0202,4,17,19.3
0202,4,18,20.03
0202,4,19,20.75
0202,4,20,21.48
0202,4,21,22.2
0202,4,22,22.93
0202,4,23,23.65
0202,4,24,24.38
0202,4,25,25.11
0202,4,26,25.83
0202,4,27,26.56
0202,4,28,27.28
0202,4,29,28.01
0202,4,30,28.73
0202,4,31,29.68
0202,4,32,30.62
0202,4,33,31.56
0202,4,34,32.51
0202,4,35,33.45
0202,4,36,34.39
0202,4,37,35.34
0202,4,38,36.27
0202,4,39,37.22
0202,4,40,38.16
0202,4,41,39.11
0202,4,42,40.05
0202,4,43,41.0
0202,4,44,41.94
0202,4,45,42.88
0202,4,46,43.82
0202,4,47,44.76
0202,4,48,45.71
0202,4,49,46.65
0202,4,50,47.6
0202,4,51,48.54
0202,4,52,49.49
0202,4,53,50.43
0202,4,54,51.37
0202,4,55,52.31
0202,4,56,53.25
0202,4,57,54.2
0202,4,58,55.14
0202,4,59,56.09
0202,4,60,57.03
0202,4,61,57.98
0202,4,62,58.91
0202,4,63,59.86
0202,4,64,60.8
0202,4,65,61.74
0202,4,66,62.69
0202,4,67,63.63
0202,4,68,64.57
0202,4,69,65.52
0202,4,70,66.46
0202,4,71,67.6
0202,4,72,68.75
0202,4,73,69.88
0202,4,74,71.02
0202,4,75,72.17
0202,4,76,73.3
0202,4,77,74.45
0202,4,78,75.59
0202,4,79,76.73
0202,4,80,77.87
0202,4,81,79.01
0202,4,82,80.16
0202,4,83,81.3
0202,4,84,82.43
0202,4,85,83.58
0202,4,86,84.72
0202,4,87,85.86
0202,4,88,87.0
0202,4,89,88.15
0202,4,90,89.28
0202,4,91,90.43
0202,4,92,91.57
0202,4,93,92.7
0202,4,94,93.85
0202,4,95,94.99
0202,4,96,96.14
0202,4,97,97.28
0202,4,98,98.4
0202,4,99,99.56
0202,4,100,100.69
0202,4,101,101.83
0202,4,102,102.97
0202,4,103,104.11
0202,4,104,105.26
0202,4,105,106.39
0202,4,106,107.53
0202,4,107,108.68
0202,4,108,109.82
0202,4,109,110.96
0202,4,110,112.11
0202,4,111,113.24
0202,4,112,114.39
0202,4,113,115.53
0202,4,114,116.68
0202,4,115,117.8
0202,4,116,118.95
0202,4,117,120.09
0202,4,118,121.24
0202,4,119,122.37
0202,4,120,123.53
0202,4,121,124.65
0202,4,122,125.8
0202,4,123,126.93
0202,4,124,128.07
0202,4,125,129.23
0202,4,126,130.36
0202,4,127,131.51
0202,4,128,132.64
0202,4,129,133.78
0202,4,130,134.94
0202,4,131,136.06
0202,4,132,137.21
0202,4,133,138.35
0202,4,134,139.5
0202,4,135,140.63
0202,4,136,141.79
0202,4,137,142.93
0202,4,138,144.06
0202,4,139,145.21
0202,4,140,146.34
0202,4,141,147.48
0202,4,142,148.63
0202,4,143,149.78
0202,4,144,150.9
0202,4,145,152.03
0202,4,146,153.19
0202,4,147,154.34
0202,4,148,155.48
0202,4,149,156.62
0202,4,150,157.76
0202,4,151,158.88
0202,4,152,160.05
0202,4,153,161.18
0202,4,154,162.3
0202,4,155,163.45
0202,4,156,164.61
0202,4,157,165.75
0202,4,158,166.87
0202,4,159,168.03
0202,4,160,169.17
0202,4,161,170.3
0202,4,162,171.43
0202,4,163,172.57
0202,4,164,173.71
0202,4,165,174.88
0202,4,166,176.0
0202,4,167,177.13
0202,4,168,178.28
0202,4,169,179.42
0202,4,170,180.56
0202,4,171,181.7
0202,4,172,182.86
0202,4,173,184.01
0202,4,174,185.13
0202,4,175,186.28
0202,4,176,187.41
0202,4,177,188.56
0202,4,178,189.71
0202,4,179,190.85
0202,4,180,192.0
0202,4,181,193.13
0202,4,182,194.28
0202,4,183,195.41
0202,4,184,196.56
0202,4,185,197.67
0202,4,186,198.82
0202,4,187,199.98
0202,4,188,201.1
0202,4,189,202.26
0202,4,190,203.41
0202,4,191,204.55
0202,4,192,205.69
0202,4,193,206.81
0202,4,194,207.95
0202,4,195,209.08
0202,4,196,210.24
0202,4,197,211.39
0202,4,198,212.53
0202,4,199,213.65
0202,4,200,214.81
0202,5,1,13.45
0202,5,2,13.45
0202,5,3,13.45
0202,5,4,13.45
0202,5,5,13.45
0202,5,6,13.45
0202,5,7,13.67
0202,5,8,13.92
0202,5,9,14.17
0202,5,10,14.42
0202,5,11,15.14
0202,5,12,15.87
0202,5,13,16.6
0202,5,14,17.32
0202,5,15,18.05
0202,5,16,18.77
0202,5,17,19.5
0202,5,18,20.22
0202,5,19,20.95
0202,5,20,21.68
0202,5,21,22.4
0202,5,22,23.12
0202,5,23,23.85
0202,5,24,24.58
0202,5,25,25.3
0202,5,26,26.03
0202,5,27,26.75
0202,5,28,27.48
0202,5,29,28.21
0202,5,30,28.93
0202,5,31,29.87
0202,5,32,30.82
0202,5,33,31.76
0202,5,34,32.7
0202,5,35,33.65
0202,5,36,34.59
0202,5,37,35.54
0202,5,38,36.48
0202,5,39,37.42
0202,5,40,38.36
0202,5,41,39.3
0202,5,42,40.25
0202,5,43,41.19
0202,5,44,42.14
0202,5,45,43.08
0202,5,46,44.02
0202,5,47,44.96
0202,5,48,45.91
0202,5,49,46.85
0202,5,50,47.79
0202,5,51,48.74
0202,5,52,49.69
0202,5,53,50.62
0202,5,54,51.57
0202,5,55,52.51
0202,5,56,53.45
0202,5,57,54.4
0202,5,58,55.35
0202,5,59,56.28
0202,5,60,57.22
0202,5,61,58.17
0202,5,62,59.12
0202,5,63,60.06
0202,5,64,60.99
0202,5,65,61.94
0202,5,66,62.88
0202,5,67,63.83
0202,5,68,64.77
0202,5,69,65.72
0202,5,70,66.66
0202,5,71,67.8
0202,5,72,68.94
0202,5,73,70.08
0202,5,74,71.23
0202,5,75,72.37
0202,5,76,73.5
0202,5,77,74.64
0202,5,78,75.78
0202,5,79,76.93
0202,5,80,78.07
0202,5,81,79.21
0202,5,82,80.35
0202,5,83,81.49
0202,5,84,82.64
0202,5,85,83.77
0202,5,86,84.91
0202,5,87,86.05
0202,5,88,87.2
0202,5,89,88.34
0202,5,90,89.48
0202,5,91,90.62
0202,5,92,91.77
0202,5,93,92.91
0202,5,94,94.04
0202,5,95,95.19
0202,5,96,96.33
0202,5,97,97.47
0202,5,98,98.61
0202,5,99,99.75
0202,5,100,100.88
0202,5,101,102.03
0202,5,102,103.17
0202,5,103,104.33
0202,5,104,105.46
0202,5,105,106.61
0202,5,106,107.74
0202,5,107,108.89
0202,5,108,110.01
0202,5,109,111.17
0202,5,110,112.31
0202,5,111,113.44
0202,5,112,114.57
0202,5,113,115.74
0202,5,114,116.86
0202,5,115,118.01
0202,5,116,119.16
0202,5,117,120.3
0202,5,118,121.43
0202,5,119,122.56
0202,5,120,123.71
0202,5,121,124.85
0202,5,122,125.99
0202,5,123,127.14
0202,5,124,128.29
0202,5,125,129.41
0202,5,126,130.57
0202,5,127,131.7
0202,5,128,132.84
0202,5,129,133.99
0202,5,130,135.12
0202,5,131,136.27
0202,5,132,137.42
0202,5,133,138.54
0202,5,134,139.69
0202,5,135,140.83
0202,5,136,141.98
0202,5,137,143.12
0202,5,138,144.25
0202,5,139,145.39
0202,5,140,146.52
0202,5,141,147.68
0202,5,142,148.81
0202,5,143,149.95
0202,5,144,151.1
0202,5,145,152.26
0202,5,146,153.38
0202,5,147,154.52
0202,5,148,155.65
0202,5,149,156.8
0202,5,150,157.93
0202,5,151,159.08
0202,5,152,160.24
0202,5,153,161.38
0202,5,154,162.52
0202,5,155,163.66
0202,5,156,164.79
0202,5,157,165.93
0202,5,158,167.09
0202,5,159,168.2
0202,5,160,169.35
0202,5,161,170.49
0202,5,162,171.64
0202,5,163,172.78
0202,5,164,173.93
0202,5,165,175.05
0202,5,166,176.21
0202,5,167,177.35
0202,5,168,178.48
0202,5,169,179.61
0202,5,170,180.78
0202,5,171,181.93
0202,5,172,183.06
0202,5,173,184.2
0202,5,174,185.33
0202,5,175,186.46
0202,5,176,187.63
0202,5,177,188.75
0202,5,178,189.89
0202,5,179,191.03
0202,5,180,192.19
0202,5,181,193.3
0202,5,182,194.47
0202,5,183,195.59
0202,5,184,196.74
0202,5,185,197.88
0202,5,186,199.05
0202,5,187,200.15
0202,5,188,201.33
0202,5,189,202.45
0202,5,190,203.59
0202,5,191,204.72
0202,5,192,205.89
0202,5,193,207.0
0202,5,194,208.16
0202,5,195,209.31
0202,5,196,210.42
0202,5,197,211.57
0202,5,198,212.74
0202,5,199,213.87
0202,5,200,214.99
0202,6,1,13.45
0202,6,2,13.45
0202,6,3,13.45
0202,6,4,13.45
0202,6,5,13.45
0202,6,6,13.61
0202,6,7,13.86
0202,6,8,14.12
0202,6,9,14.37
0202,6,10,14.62
0202,6,11,15.34
0202,6,12,16.07
0202,6,13,16.79
0202,6,14,17.52
0202,6,15,18.24
0202,6,16,18.97
0202,6,17,19.7
0202,6,18,20.42
0202,6,19,21.15
0202,6,20,21.87
0202,6,21,22.6
0202,6,22,23.32
0202,6,23,24.05
0202,6,24,24.77
0202,6,25,25.5
0202,6,26,26.23
0202,6,27,26.95
0202,6,28,27.68
0202,6,29,28.4
0202,6,30,29.13
0202,6,31,30.07
0202,6,32,31.02
0202,6,33,31.96
0202,6,34,32.9
0202,6,35,33.84
0202,6,36,34.79
0202,6,37,35.73
0202,6,38,36.67
0202,6,39,37.62
0202,6,40,38.56
0202,6,41,39.51
0202,6,42,40.45
0202,6,43,41.39
0202,6,44,42.33
0202,6,45,43.28
0202,6,46,44.22
0202,6,47,45.16
0202,6,48,46.1
0202,6,49,47.05
0202,6,50,48.0
0202,6,51,48.94
0202,6,52,49.88
0202,6,53,50.83
0202,6,54,51.77
0202,6,55,52.71
0202,6,56,53.65
0202,6,57,54.6
0202,6,58,55.53
0202,6,59,56.49
0202,6,60,57.43
0202,6,61,58.37
0202,6,62,59.31
0202,6,63,60.26
0202,6,64,61.19
0202,6,65,62.14
0202,6,66,63.08
0202,6,67,64.03
0202,6,68,64.98
0202,6,69,65.92
0202,6,70,66.86
0202,6,71,68.0
0202,6,72,69.13
0202,6,73,70.28
0202,6,74,71.42
0202,6,75,72.57
0202,6,76,73.7
0202,6,77,74.84
0202,6,78,75.99
0202,6,79,77.12
0202,6,80,78.26
0202,6,81,79.41
0202,6,82,80.56
0202,6,83,81.7
0202,6,84,82.84
0202,6,85,83.97
0202,6,86,85.11
0202,6,87,86.25
0202,6,88,87.4
0202,6,89,88.53
0202,6,90,89.68
0202,6,91,90.82
0202,6,92,91.96
0202,6,93,93.09
0202,6,94,94.24
0202,6,95,95.39
0202,6,96,96.52
0202,6,97,97.66
0202,6,98,98.81
0202,6,99,99.95
0202,6,100,101.09
0202,6,101,102.24
0202,6,102,103.37
0202,6,103,104.52
0202,6,104,105.65
0202,6,105,106.79
0202,6,106,107.93
0202,6,107,109.07
0202,6,108,110.23
0202,6,109,111.37
0202,6,110,112.49
0202,6,111,113.63
0202,6,112,114.78
0202,6,113,115.92
0202,6,114,117.08
0202,6,115,118.21
0202,6,116,119.34
0202,6,117,120.48
0202,6,118,121.63
0202,6,119,122.76
0202,6,120,123.92
0202,6,121,125.05
0202,6,122,126.19
0202,6,123,127.33
0202,6,124,128.47
0202,6,125,129.62
0202,6,126,130.77
0202,6,127,131.91
0202,6,128,133.04
0202,6,129,134.18
0202,6,130,135.33
0202,6,131,136.46
0202,6,132,137.6
0202,6,133,138.74
0202,6,134,139.88
0202,6,135,141.03
0202,6,136,142.16
0202,6,137,143.32
0202,6,138,144.44
0202,6,139,145.6
0202,6,140,146.73
0202,6,141,147.87
0202,6,142,149.01
0202,6,143,150.17
0202,6,144,151.3
0202,6,145,152.43
0202,6,146,153.57
0202,6,147,154.72
0202,6,148,155.87
0202,6,149,156.99
0202,6,150,158.14
0202,6,151,159.28
0202,6,152,160.43
0202,6,153,161.56
0202,6,154,162.72
0202,6,155,163.86
0202,6,156,165.01
0202,6,157,166.13
0202,6,158,167.28
0202,6,159,168.4
0202,6,160,169.55
0202,6,161,170.69
0202,6,162,171.85
0202,6,163,172.97
0202,6,164,174.12
0202,6,165,175.28
0202,6,166,176.4
0202,6,167,177.53
0202,6,168,178.69
0202,6,169,179.82
0202,6,170,180.98
0202,6,171,182.09
0202,6,172,183.27
0202,6,173,184.39
0202,6,174,185.53
0202,6,175,186.66
0202,6,176,187.81
0202,6,177,188.97
0202,6,178,190.11
0202,6,179,191.24
0202,6,180,192.37
0202,6,181,193.52
0202,6,182,194.68
0202,6,183,195.82
0202,6,184,196.96
0202,6,185,198.1
0202,6,186,199.24
0202,6,187,200.37
0202,6,188,201.5
0202,6,189,202.64
0202,6,190,203.8
0202,6,191,204.93
0202,6,192,206.06
0202,6,193,207.21
0202,6,194,208.34
0202,6,195,209.5
0202,6,196,210.64
0202,6,197,211.79
0202,6,198,212.93
0202,6,199,214.08
0202,6,200,215.18
0202,7,1,13.45
0202,7,2,13.45
0202,7,3,13.45
0202,7,4,13.45
0202,7,5,13.56
0202,7,6,13.81
0202,7,7,14.06
0202,7,8,14.31
0202,7,9,14.56
0202,7,10,14.81
0202,7,11,15.54
0202,7,12,16.27
0202,7,13,16.99
0202,7,14,17.72
0202,7,15,18.44
0202,7,16,19.17
0202,7,17,19.9
0202,7,18,20.62
0202,7,19,21.34
0202,7,20,22.07
0202,7,21,22.8
0202,7,22,23.52
0202,7,23,24.25
0202,7,24,24.97
0202,7,25,25.7
0202,7,26,26.42
0202,7,27,27.15
0202,7,28,27.87
0202,7,29,28.6
0202,7,30,29.32
0202,7,31,30.27
0202,7,32,31.21
0202,7,33,32.15
0202,7,34,33.1
0202,7,35,34.04
0202,7,36,34.99
0202,7,37,35.93
0202,7,38,36.87
0202,7,39,37.82
0202,7,40,38.76
0202,7,41,39.7
0202,7,42,40.65
0202,7,43,41.59
0202,7,44,42.53
0202,7,45,43.47
0202,7,46,44.42
0202,7,47,45.36
0202,7,48,46.3
0202,7,49,47.24
0202,7,50,48.19
0202,7,51,49.13
0202,7,52,50.08
0202,7,53,51.02
0202,7,54,51.97
0202,7,55,52.9
0202,7,56,53.85
0202,7,57,54.79
0202,7,58,55.73
0202,7,59,56.68
0202,7,60,57.63
0202,7,61,58.57
0202,7,62,59.51
0202,7,63,60.45
0202,7,64,61.4
0202,7,65,62.34
0202,7,66,63.28
0202,7,67,64.22
0202,7,68,65.17
0202,7,69,66.11
0202,7,70,67.06
0202,7,71,68.2
0202,7,72,69.34
0202,7,73,70.48
0202,7,74,71.61
0202,7,75,72.76
0202,7,76,73.91
0202,7,77,75.04
0202,7,78,76.18
0202,7,79,77.32
0202,7,80,78.47
0202,7,81,79.6
0202,7,82,80.75
0202,7,83,81.89
0202,7,84,83.03
0202,7,85,84.17
0202,7,86,85.31
0202,7,87,86.46
0202,7,88,87.6
0202,7,89,88.74
0202,7,90,89.88
0202,7,91,91.01
0202,7,92,92.17
0202,7,93,93.31
0202,7,94,94.44
0202,7,95,95.59
0202,7,96,96.73
0202,7,97,97.86
0202,7,98,99.01
0202,7,99,100.15
0202,7,100,101.3
0202,7,101,102.43
0202,7,102,103.56
0202,7,103,104.71
0202,7,104,105.85
0202,7,105,107.0
0202,7,106,108.13
0202,7,107,109.27
0202,7,108,110.41
0202,7,109,111.56
0202,7,110,112.71
0202,7,111,113.84
0202,7,112,114.99
0202,7,113,116.12
0202,7,114,117.27
0202,7,115,118.42
0202,7,116,119.55
0202,7,117,120.68
0202,7,118,121.83
0202,7,119,122.96
0202,7,120,124.12
0202,7,121,125.25
0202,7,122,126.39
0202,7,123,127.53
0202,7,124,128.68
0202,7,125,129.81
0202,7,126,130.96
0202,7,127,132.09
0202,7,128,133.23
0202,7,129,134.38
0202,7,130,135.53
0202,7,131,136.65
0202,7,132,137.8
0202,7,133,138.94
0202,7,134,140.09
0202,7,135,141.23
0202,7,136,142.37
0202,7,137,143.52
0202,7,138,144.64
0202,7,139,145.8
0202,7,140,146.94
0202,7,141,148.09
0202,7,142,149.21
0202,7,143,150.35
0202,7,144,151.5
0202,7,145,152.63
0202,7,146,153.77
0202,7,147,154.92
0202,7,148,156.05
0202,7,149,157.2
0202,7,150,158.36
0202,7,151,159.47
0202,7,152,160.61
0202,7,153,161.77
0202,7,154,162.9
0202,7,155,164.06
0202,7,156,165.19
0202,7,157,166.32
0202,7,158,167.46
0202,7,159,168.61
0202,7,160,169.74
0202,7,161,170.88
0202,7,162,172.03
0202,7,163,173.18
0202,7,164,174.33
0202,7,165,175.45
0202,7,166,176.6
0202,7,167,177.73
0202,7,168,178.87
0202,7,169,180.03
0202,7,170,181.15
0202,7,171,182.32
0202,7,172,183.46
0202,7,173,184.58
0202,7,174,185.74
0202,7,175,186.89
0202,7,176,188.01
0202,7,177,189.17
0202,7,178,190.28
0202,7,179,191.43
0202,7,180,192.58
0202,7,181,193.71
0202,7,182,194.87
0202,7,183,196.01
0202,7,184,197.13
0202,7,185,198.29
0202,7,186,199.4
0202,7,187,200.55
0202,7,188,201.7
0202,7,189,202.84
0202,7,190,203.99
0202,7,191,205.11
0202,7,192,206.27
0202,7,193,207.43
0202,7,194,208.55
0202,7,195,209.67
0202,7,196,210.83
0202,7,197,211.96
0202,7,198,213.12
0202,7,199,214.27
0202,7,200,215.41
0202,8,1,13.45
0202,8,2,13.45
0202,8,3,13.45
0202,8,4,13.51
0202,8,5,13.76
0202,8,6,14.01
0202,8,7,14.26
0202,8,8,14.51
0202,8,9,14.76
0202,8,10,15.01
0202,8,11,15.74
0202,8,12,16.47
0202,8,13,17.19
0202,8,14,17.92
0202,8,15,18.64
0202,8,16,19.37
0202,8,17,20.09
0202,8,18,20.82
0202,8,19,21.54
0202,8,20,22.27
0202,8,21,22.99
0202,8,22,23.72
0202,8,23,24.44
0202,8,24,25.17
0202,8,25,25.9
0202,8,26,26.62
0202,8,27,27.35
0202,8,28,28.07
0202,8,29,28.8
0202,8,30,29.52
0202,8,31,30.47
0202,8,32,31.41
0202,8,33,32.36
0202,8,34,33.29
0202,8,35,34.24
0202,8,36,35.18
0202,8,37,36.12
0202,8,38,37.07
0202,8,39,38.01
0202,8,40,38.95
0202,8,41,39.9
0202,8,42,40.84
0202,8,43,41.79
0202,8,44,42.73
0202,8,45,43.67
0202,8,46,44.62
0202,8,47,45.56
0202,8,48,46.5
0202,8,49,47.45
0202,8,50,48.39
0202,8,51,49.33
0202,8,52,50.27
0202,8,53,51.22
0202,8,54,52.16
0202,8,55,53.11
0202,8,56,54.05
0202,8,57,55.0
0202,8,58,55.93
0202,8,59,56.88
0202,8,60,57.82
0202,8,61,58.76
0202,8,62,59.7
0202,8,63,60.65
0202,8,64,61.59
0202,8,65,62.54
0202,8,66,63.48
0202,8,67,64.42
0202,8,68,65.36
0202,8,69,66.31
0202,8,70,67.25
0202,8,71,68.4
0202,8,72,69.53
0202,8,73,70.68
0202,8,74,71.82
0202,8,75,72.96
0202,8,76,74.1
0202,8,77,75.24
0202,8,78,76.38
0202,8,79,77.52
0202,8,80,78.66
0202,8,81,79.81
0202,8,82,80.94
0202,8,83,82.08
0202,8,84,83.24
0202,8,85,84.37
0202,8,86,85.5
0202,8,87,86.66
0202,8,88,87.79
0202,8,89,88.93
0202,8,90,90.08
0202,8,91,91.22
0202,8,92,92.35
0202,8,93,93.49
0202,8,94,94.65
0202,8,95,95.79
0202,8,96,96.92
0202,8,97,98.06
0202,8,98,99.2
0202,8,99,100.34
0202,8,100,101.48
0202,8,101,102.63
0202,8,102,103.77
0202,8,103,104.92
0202,8,104,106.05
0202,8,105,107.2
0202,8,106,108.34
0202,8,107,109.47
0202,8,108,110.62
0202,8,109,111.75
0202,8,110,112.91
0202,8,111,114.03
0202,8,112,115.18
0202,8,113,116.32
0202,8,114,117.46
0202,8,115,118.61
0202,8,116,119.74
0202,8,117,120.89
0202,8,118,122.02
0202,8,119,123.16
0202,8,120,124.3
0202,8,121,125.45
0202,8,122,126.58
0202,8,123,127.72
0202,8,124,128.88
0202,8,125,130.02
0202,8,126,131.14
0202,8,127,132.3
0202,8,128,133.45
0202,8,129,134.58
0202,8,130,135.72
0202,8,131,136.86
0202,8,132,137.99
0202,8,133,139.13
0202,8,134,140.3
0202,8,135,141.44
0202,8,136,142.57
0202,8,137,143.72
0202,8,138,144.84
0202,8,139,146.0
0202,8,140,147.12
0202,8,141,148.26
0202,8,142,149.41
0202,8,143,150.55
0202,8,144,151.7
0202,8,145,152.85
0202,8,146,153.97
0202,8,147,155.11
0202,8,148,156.27
0202,8,149,157.4
0202,8,150,158.55
0202,8,151,159.67
0202,8,152,160.84
0202,8,153,161.98
0202,8,154,163.09
0202,8,155,164.24
0202,8,156,165.39
0202,8,157,166.53
0202,8,158,167.66
0202,8,159,168.8
0202,8,160,169.97
0202,8,161,171.08
0202,8,162,172.25
0202,8,163,173.36
0202,8,164,174.52
0202,8,165,175.68
0202,8,166,176.81
0202,8,167,177.94
0202,8,168,179.07
0202,8,169,180.23
0202,8,170,181.37
0202,8,171,182.5
0202,8,172,183.64
0202,8,173,184.8
0202,8,174,185.91
0202,8,175,187.08
0202,8,176,188.21
0202,8,177,189.36
0202,8,178,190.5
0202,8,179,191.63
0202,8,180,192.78
0202,8,181,193.93
0202,8,182,195.05
0202,8,183,196.19
0202,8,184,197.32
0202,8,185,198.5
0202,8,186,199.61
0202,8,187,200.75
0202,8,188,201.89
0202,8,189,203.04
0202,8,190,204.2
0202,8,191,205.31
0202,8,192,206.46
0202,8,193,207.6
0202,8,194,208.76
0202,8,195,209.88
0202,8,196,211.05
0202,8,197,212.18
0202,8,198,213.32
0202,8,199,214.46
0202,8,200,215.61
0203,2,1,26.52
0203,2,2,26.52
0203,2,3,26.52
0203,2,4,26.52
0203,2,5,26.52
0203,2,6,26.52
0203,2,7,26.52
0203,2,8,26.52
0203,2,9,26.52
0203,2,10,26.72
0203,2,11,28.05
0203,2,12,29.37
0203,2,13,30.7
0203,2,14,32.02
0203,2,15,33.35
0203,2,16,34.67
0203,2,17,35.99
0203,2,18,37.32
0203,2,19,38.64
0203,2,20,39.97
0203,2,21,41.29
0203,2,22,42.62
0203,2,23,43.94
0203,2,24,45.26
0203,2,25,46.58
0203,2,26,47.91
0203,2,27,49.24
0203,2,28,50.56
0203,2,29,51.88
0203,2,30,53.21
0203,2,31,54.89
0203,2,32,56.56
0203,2,33,58.24
0203,2,34,59.91
0203,2,35,61.6
0203,2,36,63.27
0203,2,37,64.95
0203,2,38,66.63
0203,2,39,68.3
0203,2,40,69.98
0203,2,41,71.66
0203,2,42,73.33
0203,2,43,75.01
0203,2,44,76.69
0203,2,45,78.37
0203,2,46,80.04
0203,2,47,81.71
0203,2,48,83.4
0203,2,49,85.07
0203,2,50,86.75
0203,2,51,88.42
0203,2,52,90.11
0203,2,53,91.78
0203,2,54,93.46
0203,2,55,95.15
0203,2,56,96.81
0203,2,57,98.5
0203,2,58,100.17
0203,2,59,101.84
0203,2,60,103.53
0203,2,61,105.21
0203,2,62,106.87
0203,2,63,108.56
0203,2,64,110.22
0203,2,65,111.9
0203,2,66,113.59
0203,2,67,115.26
0203,2,68,116.94
0203,2,69,118.61
0203,2,70,120.3
0203,2,71,122.46
0203,2,72,124.63
0203,2,73,126.78
0203,2,74,128.94
0203,2,75,131.12
0203,2,76,133.27
0203,2,77,135.43
0203,2,78,137.58
0203,2,79,139.75
0203,2,80,141.92
0203,2,81,144.09
0203,2,82,146.25
0203,2,83,148.41
0203,2,84,150.56
0203,2,85,152.75
0203,2,86,154.9
0203,2,87,157.07
0203,2,88,159.21
0203,2,89,161.4
0203,2,90,163.56
0203,2,91,165.7
0203,2,92,167.88
0203,2,93,170.05
0203,2,94,172.21
0203,2,95,174.36
0203,2,96,176.51
0203,2,97,178.7
0203,2,98,180.83
0203,2,99,183.0
0203,2,100,185.17
0203,2,101,187.33
0203,2,102,189.51
0203,2,103,191.66
0203,2,104,193.84
0203,2,105,195.97
0203,2,106,198.14
0203,2,107,200.3
0203,2,108,202.49
0203,2,109,204.65
0203,2,110,206.81
0203,2,111,208.98
0203,2,112,211.11
0203,2,113,213.3
0203,2,114,215.45
0203,2,115,217.61
0203,2,116,219.76
0203,2,117,221.95
0203,2,118,224.08
0203,2,119,226.28
0203,2,120,228.41
0203,2,121,230.6
0203,2,122,232.73
0203,2,123,234.92
0203,2,124,237.1
0203,2,125,239.22
0203,2,126,241.4
0203,2,127,243.57
0203,2,128,245.74
0203,2,129,247.86
0203,2,130,250.03
0203,2,131,252.2
0203,2,132,254.36
0203,2,133,256.54
0203,2,134,258.7
0203,2,135,260.87
0203,2,136,263.02
0203,2,137,265.17
0203,2,138,267.36
0203,2,139,269.51
0203,2,140,271.65
0203,2,141,273.86
0203,2,142,276.02
0203,2,143,278.16
0203,2,144,280.31
0203,2,145,282.52
0203,2,146,284.65
0203,2,147,286.84
0203,2,148,288.95
0203,2,149,291.14
0203,2,150,293.31
0203,2,151,295.49
0203,2,152,297.64
0203,2,153,299.81
0203,2,154,301.97
0203,2,155,304.1
0203,2,156,306.25
0203,2,157,308.47
0203,2,158,310.61
0203,2,159,312.77
0203,2,160,314.92
0203,2,161,317.11
0203,2,162,319.26
0203,2,163,321.44
0203,2,164,323.61
0203,2,165,325.74
0203,2,166,327.91
0203,2,167,330.09
0203,2,168,332.21
0203,2,169,334.41
0203,2,170,336.54
0203,2,171,338.7
0203,2,172,340.88
0203,2,173,343.04
0203,2,174,345.23
0203,2,175,347.4
0203,2,176,349.5
0203,2,177,351.66
0203,2,178,353.88
0203,2,179,356.0
0203,2,180,358.18
0203,2,181,360.35
0203,2,182,362.52
0203,2,183,364.64
0203,2,184,366.85
0203,2,185,369.01
0203,2,186,371.16
0203,2,187,373.34
0203,2,188,375.47
0203,2,189,377.65
0203,2,190,379.84
0203,2,191,381.96
0203,2,192,384.14
0203,2,193,386.3
0203,2,194,388.48
0203,2,195,390.66
0203,2,196,392.79
0203,2,197,394.91
0203,2,198,397.13
0203,2,199,399.26
0203,2,200,401.45
0203,3,1,26.52
0203,3,2,26.52
0203,3,3,26.52
0203,3,4,26.52
0203,3,5,26.52
0203,3,6,26.52
0203,3,7,26.52
0203,3,8,26.52
0203,3,9,26.7
0203,3,10,26.96
0203,3,11,28.29
0203,3,12,29.61
0203,3,13,30.93
0203,3,14,32.26
0203,3,15,33.58
0203,3,16,34.9
0203,3,17,36.23
0203,3,18,37.56
0203,3,19,38.87
0203,3,20,40.2
0203,3,21,41.53
0203,3,22,42.85
0203,3,23,44.18
0203,3,24,45.49
0203,3,25,46.82
0203,3,26,48.14
0203,3,27,49.47
0203,3,28,50.79
0203,3,29,52.12
0203,3,30,53.44
0203,3,31,55.12
0203,3,32,56.8
0203,3,33,58.47
0203,3,34,60.15
0203,3,35,61.82
0203,3,36,63.51
0203,3,37,65.18
0203,3,38,66.86
0203,3,39,68.53
0203,3,40,70.21
0203,3,41,71.89
0203,3,42,73.57
0203,3,43,75.25
0203,3,44,76.92
0203,3,45,78.6
0203,3,46,80.28
0203,3,47,81.96
0203,3,48,83.62
0203,3,49,85.31
0203,3,50,86.98
0203,3,51,88.66
0203,3,52,90.34
0203,3,53,92.01
0203,3,54,93.69
0203,3,55,95.36
0203,3,56,97.04
0203,3,57,98.72
0203,3,58,100.4
0203,3,59,102.07
0203,3,60,103.76
0203,3,61,105.44
0203,3,62,107.11
0203,3,63,108.8
0203,3,64,110.46
0203,3,65,112.13
0203,3,66,113.82
0203,3,67,115.5
0203,3,68,117.18
0203,3,69,118.85
0203,3,70,120.53
0203,3,71,122.69
0203,3,72,124.85
0203,3,73,127.02
0203,3,74,129.17
0203,3,75,131.33
0203,3,76,133.5
0203,3,77,135.67
0203,3,78,137.82
0203,3,79,139.98
0203,3,80,142.16
0203,3,81,144.32
0203,3,82,146.47
0203,3,83,148.65
0203,3,84,150.79
0203,3,85,152.98
0203,3,86,155.14
0203,3,87,157.3
0203,3,88,159.45
0203,3,89,161.62
0203,3,90,163.76
0203,3,91,165.96
0203,3,92,168.1
0203,3,93,170.25
0203,3,94,172.43
0203,3,95,174.6
0203,3,96,176.75
0203,3,97,178.92
0203,3,98,181.09
0203,3,99,183.26
0203,3,100,185.4
0203,3,101,187.56
0203,3,102,189.74
0203,3,103,191.88
0203,3,104,194.04
0203,3,105,196.21
0203,3,106,198.36
0203,3,107,200.55
0203,3,108,202.72
0203,3,109,204.86
0203,3,110,207.03
0203,3,111,209.2
0203,3,112,211.35
0203,3,113,213.53
0203,3,114,215.68
0203,3,115,217.85
0203,3,116,220.02
0203,3,117,222.19
0203,3,118,224.34
0203,3,119,226.5
0203,3,120,228.68
0203,3,121,230.83
0203,3,122,232.97
0203,3,123,235.14
0203,3,124,237.33
0203,3,125,239.49
0203,3,126,241.62
0203,3,127,243.79
0203,3,128,245.98
0203,3,129,248.1
0203,3,130,250.3
0203,3,131,252.47
0203,3,132,254.6
0203,3,133,256.77
0203,3,134,258.91
0203,3,135,261.12
0203,3,136,263.27
0203,3,137,265.42
0203,3,138,267.58
0203,3,139,269.74
0203,3,140,271.93
0203,3,141,274.08
0203,3,142,276.25
0203,3,143,278.41
0203,3,144,280.57
0203,3,145,282.73
0203,3,146,284.91
0203,3,147,287.05
0203,3,148,289.21
0203,3,149,291.35
0203,3,150,293.54
0203,3,151,295.7
0203,3,152,297.86
0203,3,153,300.05
0203,3,154,302.17
0203,3,155,304.35
0203,3,156,306.51
0203,3,157,308.65
0203,3,158,310.83
0203,3,159,313.02
0203,3,160,315.14
0203,3,161,317.34
0203,3,162,319.46
0203,3,163,321.66
0203,3,164,323.82
0203,3,165,326.0
0203,3,166,328.15
0203,3,167,330.31
0203,3,168,332.46
0203,3,169,334.64
0203,3,170,336.82
0203,3,171,338.98
0203,3,172,341.09
0203,3,173,343.27
0203,3,174,345.44
0203,3,175,347.61
0203,3,176,349.75
0203,3,177,351.93
0203,3,178,354.12
0203,3,179,356.28
0203,3,180,358.39
0203,3,181,360.58
0203,3,182,362.75
0203,3,183,364.89
0203,3,184,367.03
0203,3,185,369.24
0203,3,186,371.41
0203,3,187,373.54
0203,3,188,375.69
0203,3,189,377.91
0203,3,190,380.05
0203,3,191,382.21
0203,3,192,384.38
0203,3,193,386.55
0203,3,194,388.67
0203,3,195,390.86
0203,3,196,393.04
0203,3,197,395.15
0203,3,198,397.32
0203,3,199,399.52
0203,3,200,401.67
0203,4,1,26.52
0203,4,2,26.52
0203,4,3,26.52
0203,4,4,26.52
0203,4,5,26.52
0203,4,6,26.52
0203,4,7,26.52
0203,4,8,26.68
0203,4,9,26.93
0203,4,10,27.19
0203,4,11,28.52
0203,4,12,29.84
0203,4,13,31.17
0203,4,14,32.49
0203,4,15,33.81
0203,4,16,35.14
0203,4,17,36.46
0203,4,18,37.78
0203,4,19,39.11
0203,4,20,40.44
0203,4,21,41.76
0203,4,22,43.08
0203,4,23,44.41
0203,4,24,45.73
0203,4,25,47.06
0203,4,26,48.38
0203,4,27,49.7
0203,4,28,51.03
0203,4,29,52.35
0203,4,30,53.68
0203,4,31,55.35
0203,4,32,57.02
0203,4,33,58.7
0203,4,34,60.38
0203,4,35,62.07
0203,4,36,63.74
0203,4,37,65.42
0203,4,38,67.1
0203,4,39,68.76
0203,4,40,70.45
0203,4,41,72.12
0203,4,42,73.8
0203,4,43,75.47
0203,4,44,77.16
0203,4,45,78.84
0203,4,46,80.51
0203,4,47,82.19
0203,4,48,83.87
0203,4,49,85.54
0203,4,50,87.22
0203,4,51,88.89
0203,4,52,90.56
0203,4,53,92.25
0203,4,54,93.92
0203,4,55,95.59
0203,4,56,97.28
0203,4,57,98.97
0203,4,58,100.64
0203,4,59,102.32
0203,4,60,103.98
0203,4,61,105.66
0203,4,62,107.34
0203,4,63,109.01
0203,4,64,110.7
0203,4,65,112.38
0203,4,66,114.05
0203,4,67,115.73
0203,4,68,117.42
0203,4,69,119.09
0203,4,70,120.77
0203,4,71,122.93
0203,4,72,125.09
0203,4,73,127.24
0203,4,74,129.41
0203,4,75,131.56
0203,4,76,133.74
0203,4,77,135.89
0203,4,78,138.06
0203,4,79,140.22
0203,4,80,142.39
0203,4,81,144.54
0203,4,82,146.71
0203,4,83,148.87
0203,4,84,151.05
0203,4,85,153.21
0203,4,86,155.37
0203,4,87,157.54
0203,4,88,159.69
0203,4,89,161.86
0203,4,90,164.0
0203,4,91,166.18
0203,4,92,168.34
0203,4,93,170.49
0203,4,94,172.66
0203,4,95,174.83
0203,4,96,176.99
0203,4,97,179.15
0203,4,98,181.31
0203,4,99,183.46
0203,4,100,185.63
0203,4,101,187.8
0203,4,102,189.95
0203,4,103,192.14
0203,4,104,194.29
0203,4,105,196.45
0203,4,106,198.6
0203,4,107,200.76
0203,4,108,202.92
0203,4,109,205.1
0203,4,110,207.27
0203,4,111,209.42
0203,4,112,211.61
0203,4,113,213.76
0203,4,114,215.93
0203,4,115,218.09
0203,4,116,220.24
0203,4,117,222.38
0203,4,118,224.59
0203,4,119,226.72
0203,4,120,228.89
0203,4,121,231.07
0203,4,122,233.22
0203,4,123,235.38
0203,4,124,237.55
0203,4,125,239.71
0203,4,126,241.84
0203,4,127,244.02
0203,4,128,246.18
0203,4,129,248.38
0203,4,130,250.49
0203,4,131,252.7
0203,4,132,254.86
0203,4,133,257.02
0203,4,134,259.17
0203,4,135,261.31
0203,4,136,263.49
0203,4,137,265.67
0203,4,138,267.84
0203,4,139,269.96
0203,4,140,272.17
0203,4,141,274.33
0203,4,142,276.48
0203,4,143,278.61
0203,4,144,280.78
0203,4,145,282.94
0203,4,146,285.13
0203,4,147,287.25
0203,4,148,289.47
0203,4,149,291.59
0203,4,150,293.78
0203,4,151,295.96
0203,4,152,298.06
0203,4,153,300.24
0203,4,154,302.44
0203,4,155,304.6
0203,4,156,306.77
0203,4,157,308.94
0203,4,158,311.09
0203,4,159,313.22
0203,4,160,315.42
0203,4,161,317.53
0203,4,162,319.7
0203,4,163,321.87
0203,4,164,324.06
0203,4,165,326.23
0203,4,166,328.37
0203,4,167,330.54
0203,4,168,332.72
0203,4,169,334.87
0203,4,170,337.0
0203,4,171,339.21
0203,4,172,341.36
0203,4,173,343.49
0203,4,174,345.68
0203,4,175,347.83
0203,4,176,349.99
0203,4,177,352.14
0203,4,178,354.35
0203,4,179,356.51
0203,4,180,358.65
0203,4,181,360.82
0203,4,182,362.98
0203,4,183,365.13
0203,4,184,367.31
0203,4,185,369.46
0203,4,186,371.64
0203,4,187,373.76
0203,4,188,375.96
0203,4,189,378.08
0203,4,190,380.3
0203,4,191,382.44
0203,4,192,384.57
0203,4,193,386.75
0203,4,194,388.96
0203,4,195,391.07
0203,4,196,393.26
0203,4,197,395.45
0203,4,198,397.57
0203,4,199,399.74
0203,4,200,401.88
0203,5,1,26.52
0203,5,2,26.52
0203,5,3,26.52
0203,5,4,26.52
0203,5,5,26.52
0203,5,6,26.52
0203,5,7,26.65
0203,5,8,26.91
0203,5,9,27.17
0203,5,10,27.43
0203,5,11,28.75
0203,5,12,30.07
0203,5,13,31.4
0203,5,14,32.73
0203,5,15,34.04
0203,5,16,35.37
0203,5,17,36.7
0203,5,18,38.02
0203,5,19,39.34
0203,5,20,40.67
0203,5,21,41.99
0203,5,22,43.32
0203,5,23,44.64
0203,5,24,45.97
0203,5,25,47.29
0203,5,26,48.61
0203,5,27,49.93
0203,5,28,51.26
0203,5,29,52.58
0203,5,30,53.91
0203,5,31,55.58
0203,5,32,57.27
0203,5,33,58.94
0203,5,34,60.61
0203,5,35,62.29
0203,5,36,63.97
0203,5,37,65.65
0203,5,38,67.32
0203,5,39,69.0
0203,5,40,70.67
0203,5,41,72.35
0203,5,42,74.03
0203,5,43,75.71
0203,5,44,77.39
0203,5,45,79.07
0203,5,46,80.73
0203,5,47,82.41
0203,5,48,84.1
0203,5,49,85.77
0203,5,50,87.44
0203,5,51,89.14
0203,5,52,90.8
0203,5,53,92.49
0203,5,54,94.16
0203,5,55,95.84
0203,5,56,97.52
0203,5,57,99.18
0203,5,58,100.88
0203,5,59,102.54
0203,5,60,104.21
0203,5,61,105.89
0203,5,62,107.57
0203,5,63,109.25
0203,5,64,110.93
0203,5,65,112.61
0203,5,66,114.29
0203,5,67,115.95
0203,5,68,117.63
0203,5,69,119.32
0203,5,70,120.99
0203,5,71,123.15
0203,5,72,125.32
0203,5,73,127.49
0203,5,74,129.65
0203,5,75,131.81
0203,5,76,133.96
0203,5,77,136.13
0203,5,78,138.29
0203,5,79,140.46
0203,5,80,142.62
0203,5,81,144.78
0203,5,82,146.94
0203,5,83,149.12
0203,5,84,151.27
0203,5,85,153.45
0203,5,86,155.58
0203,5,87,157.76
0203,5,88,159.92
0203,5,89,162.07
0203,5,90,164.25
0203,5,91,166.4
0203,5,92,168.59
0203,5,93,170.75
0203,5,94,172.91
0203,5,95,175.05
0203,5,96,177.2
0203,5,97,179.39
0203,5,98,181.53
0203,5,99,183.71
0203,5,100,185.88
0203,5,101,188.04
0203,5,102,190.19
0203,5,103,192.36
0203,5,104,194.54
0203,5,105,196.68
0203,5,106,198.86
0203,5,107,201.01
0203,5,108,203.17
0203,5,109,205.34
0203,5,110,207.5
0203,5,111,209.66
0203,5,112,211.82
0203,5,113,213.98
0203,5,114,216.14
0203,5,115,218.32
0203,5,116,220.46
0203,5,117,222.62
0203,5,118,224.78
0203,5,119,226.95
0203,5,120,229.14
0203,5,121,231.29
0203,5,122,233.45
0203,5,123,235.63
0203,5,124,237.78
0203,5,125,239.95
0203,5,126,242.09
0203,5,127,244.27
0203,5,128,246.41
0203,5,129,248.57
0203,5,130,250.73
0203,5,131,252.92
0203,5,132,255.06
0203,5,133,257.25
0203,5,134,259.41
0203,5,135,261.57
0203,5,136,263.7
0203,5,137,265.87
0203,5,138,268.05
0203,5,139,270.19
0203,5,140,272.37
0203,5,141,274.54
0203,5,142,276.68
0203,5,143,278.86
0203,5,144,281.04
0203,5,145,283.18
0203,5,146,285.36
0203,5,147,287.5
0203,5,148,289.69
0203,5,149,291.84
0203,5,150,293.98
0203,5,151,296.16
0203,5,152,298.34
0203,5,153,300.47
0203,5,154,302.65
0203,5,155,304.81
0203,5,156,307.0
0203,5,157,309.12
0203,5,158,311.33
0203,5,159,313.45
0203,5,160,315.66
0203,5,161,317.8
0203,5,162,319.97
0203,5,163,322.14
0203,5,164,324.29
0203,5,165,326.46
0203,5,166,328.58
0203,5,167,330.73
0203,5,168,332.95
0203,5,169,335.06
0203,5,170,337.28
0203,5,171,339.4
0203,5,172,341.61
0203,5,173,343.72
0203,5,174,345.88
0203,5,175,348.05
0203,5,176,350.25
0203,5,177,352.38
0203,5,178,354.58
0203,5,179,356.72
0203,5,180,358.9
0203,5,181,361.04
0203,5,182,363.22
0203,5,183,365.35
0203,5,184,367.5
0203,5,185,369.7
0203,5,186,371.89
0203,5,187,373.99
0203,5,188,376.18
0203,5,189,378.35
0203,5,190,380.52
0203,5,191,382.64
0203,5,192,384.84
0203,5,193,386.99
0203,5,194,389.19
0203,5,195,391.33
0203,5,196,393.51
0203,5,197,395.68
0203,5,198,397.82
0203,5,199,399.94
0203,5,200,402.13
0203,6,1,26.52
0203,6,2,26.52
0203,6,3,26.52
0203,6,4,26.52
0203,6,5,26.52
0203,6,6,26.62
0203,6,7,26.89
0203,6,8,27.14
0203,6,9,27.4
0203,6,10,27.66
0203,6,11,28.98
0203,6,12,30.31
0203,6,13,31.64
0203,6,14,32.96
0203,6,15,34.28
0203,6,16,35.61
0203,6,17,36.93
0203,6,18,38.26
0203,6,19,39.57
0203,6,20,40.9
0203,6,21,42.22
0203,6,22,43.55
0203,6,23,44.87
0203,6,24,46.2
0203,6,25,47.52
0203,6,26,48.85
0203,6,27,50.17
0203,6,28,51.49
0203,6,29,52.82
0203,6,30,54.15
0203,6,31,55.81
0203,6,32,57.5
0203,6,33,59.18
0203,6,34,60.84
0203,6,35,62.53
0203,6,36,64.2
0203,6,37,65.88
0203,6,38,67.56
0203,6,39,69.23
0203,6,40,70.91
0203,6,41,72.59
0203,6,42,74.27
0203,6,43,75.94
0203,6,44,77.63
0203,6,45,79.29
0203,6,46,80.97
0203,6,47,82.65
0203,6,48,84.33
0203,6,49,86.01
0203,6,50,87.68
0203,6,51,89.37
0203,6,52,91.04
0203,6,53,92.71
0203,6,54,94.38
0203,6,55,96.07
0203,6,56,97.74
0203,6,57,99.43
0203,6,58,101.1
0203,6,59,102.78
0203,6,60,104.44
0203,6,61,106.13
0203,6,62,107.82
0203,6,63,109.48
0203,6,64,111.15
0203,6,65,112.84
0203,6,66,114.52
0203,6,67,116.19
0203,6,68,117.88
0203,6,69,119.56
0203,6,70,121.23
0203,6,71,123.39
0203,6,72,125.55
0203,6,73,127.73
0203,6,74,129.88
0203,6,75,132.04
0203,6,76,134.2
0203,6,77,136.36
0203,6,78,138.54
0203,6,79,140.7
0203,6,80,142.84
0203,6,81,145.02
0203,6,82,147.17
0203,6,83,149.34
0203,6,84,151.49
0203,6,85,153.68
0203,6,86,155.84
0203,6,87,157.98
0203,6,88,160.14
0203,6,89,162.31
0203,6,90,164.47
0203,6,91,166.65
0203,6,92,168.81
0203,6,93,170.98
0203,6,94,173.11
0203,6,95,175.27
0203,6,96,177.47
0203,6,97,179.63
0203,6,98,181.78
0203,6,99,183.93
0203,6,100,186.11
0203,6,101,188.28
0203,6,102,190.43
0203,6,103,192.61
0203,6,104,194.77
0203,6,105,196.9
0203,6,106,199.07
0203,6,107,201.25
0203,6,108,203.39
0203,6,109,205.58
0203,6,110,207.71
0203,6,111,209.88
0203,6,112,212.08
0203,6,113,214.2
0203,6,114,216.39
0203,6,115,218.53
0203,6,116,220.69
0203,6,117,222.85
0203,6,118,225.02
0203,6,119,227.2
0203,6,120,229.36
0203,6,121,231.51
0203,6,122,233.71
0203,6,123,235.85
0203,6,124,237.99
0203,6,125,240.16
0203,6,126,242.34
0203,6,127,244.51
0203,6,128,246.64
0203,6,129,248.8
0203,6,130,250.96
0203,6,131,253.13
0203,6,132,255.29
0203,6,133,257.45
0203,6,134,259.64
0203,6,135,261.82
0203,6,136,263.97
0203,6,137,266.13
0203,6,138,268.26
0203,6,139,270.43
0203,6,140,272.6
0203,6,141,274.8
0203,6,142,276.92
0203,6,143,279.1
0203,6,144,281.26
0203,6,145,283.43
0203,6,146,285.59
0203,6,147,287.74
0203,6,148,289.91
0203,6,149,292.09
0203,6,150,294.25
0203,6,151,296.4
0203,6,152,298.57
0203,6,153,300.75
0203,6,154,302.87
0203,6,155,305.06
0203,6,156,307.18
0203,6,157,309.35
0203,6,158,311.53
0203,6,159,313.71
0203,6,160,315.87
0203,6,161,318.04
0203,6,162,320.16
0203,6,163,322.37
0203,6,164,324.53
0203,6,165,326.64
0203,6,166,328.85
0203,6,167,330.97
0203,6,168,333.17
0203,6,169,335.35
0203,6,170,337.48
0203,6,171,339.66
0203,6,172,341.83
0203,6,173,343.95
0203,6,174,346.12
0203,6,175,348.32
0203,6,176,350.46
0203,6,177,352.64
0203,6,178,354.79
0203,6,179,356.95
0203,6,180,359.13
0203,6,181,361.26
0203,6,182,363.48
0203,6,183,365.58
0203,6,184,367.77
0203,6,185,369.89
0203,6,186,372.08
0203,6,187,374.25
0203,6,188,376.41
0203,6,189,378.61
0203,6,190,380.77
0203,6,191,382.94
0203,6,192,385.06
0203,6,193,387.26
0203,6,194,389.39
0203,6,195,391.53
0203,6,196,393.74
0203,6,197,395.87
0203,6,198,398.0
0203,6,199,400.17
0203,6,200,402.35
0203,7,1,26.52
0203,7,2,26.52
0203,7,3,26.52
0203,7,4,26.52
0203,7,5,26.6
0203,7,6,26.86
0203,7,7,27.12
0203,7,8,27.38
0203,7,9,27.63
0203,7,10,27.89
0203,7,11,29.22
0203,7,12,30.54
0203,7,13,31.86
0203,7,14,33.19
0203,7,15,34.51
0203,7,16,35.84
0203,7,17,37.17
0203,7,18,38.49
0203,7,19,39.81
0203,7,20,41.13
0203,7,21,42.46
0203,7,22,43.78
0203,7,23,45.11
0203,7,24,46.43
0203,7,25,47.76
0203,7,26,49.07
0203,7,27,50.41
0203,7,28,51.72
0203,7,29,53.05
0203,7,30,54.37
0203,7,31,56.05
0203,7,32,57.73
0203,7,33,59.41
0203,7,34,61.09
0203,7,35,62.76
0203,7,36,64.43
0203,7,37,66.11
0203,7,38,67.79
0203,7,39,69.47
0203,7,40,71.15
0203,7,41,72.82
0203,7,42,74.49
0203,7,43,76.17
0203,7,44,77.85
0203,7,45,79.53
0203,7,46,81.21
0203,7,47,82.89
0203,7,48,84.56
0203,7,49,86.25
0203,7,50,87.91
0203,7,51,89.59
0203,7,52,91.27
0203,7,53,92.94
0203,7,54,94.62
0203,7,55,96.3
0203,7,56,97.99
0203,7,57,99.65
0203,7,58,101.34
0203,7,59,103.02
0203,7,60,104.69
0203,7,61,106.37
0203,7,62,108.04
0203,7,63,109.72
0203,7,64,111.39
0203,7,65,113.07
0203,7,66,114.75
0203,7,67,116.43
0203,7,68,118.12
0203,7,69,119.78
0203,7,70,121.46
0203,7,71,123.62
0203,7,72,125.79
0203,7,73,127.95
0203,7,74,130.11
0203,7,75,132.26
0203,7,76,134.44
0203,7,77,136.59
0203,7,78,138.77
0203,7,79,140.93
0203,7,80,143.07
0203,7,81,145.25
0203,7,82,147.41
0203,7,83,149.59
0203,7,84,151.75
0203,7,85,153.89
0203,7,86,156.06
0203,7,87,158.23
0203,7,88,160.4
0203,7,89,162.54
0203,7,90,164.7
0203,7,91,166.89
0203,7,92,169.02
0203,7,93,171.19
0203,7,94,173.37
0203,7,95,175.52
0203,7,96,177.7
0203,7,97,179.85
0203,7,98,182.0
0203,7,99,184.17
0203,7,100,186.33
0203,7,101,188.52
0203,7,102,190.67
0203,7,103,192.83
0203,7,104,195.0
0203,7,105,197.16
0203,7,106,199.33
0203,7,107,201.48
0203,7,108,203.62
0203,7,109,205.81
0203,7,110,207.97
0203,7,111,210.11
0203,7,112,212.3
0203,7,113,214.44
0203,7,114,216.63
0203,7,115,218.77
0203,7,116,220.95
0203,7,117,223.08
0203,7,118,225.25
0203,7,119,227.41
0203,7,120,229.57
0203,7,121,231.76
0203,7,122,233.93
0203,7,123,236.06
0203,7,124,238.24
0203,7,125,240.42
0203,7,126,242.55
0203,7,127,244.73
0203,7,128,246.89
0203,7,129,249.06
0203,7,130,251.23
0203,7,131,253.36
0203,7,132,255.53
0203,7,133,257.69
0203,7,134,259.88
0203,7,135,262.03
0203,7,136,264.17
0203,7,137,266.33
0203,7,138,268.54
0203,7,139,270.66
0203,7,140,272.86
0203,7,141,275.01
0203,7,142,277.16
0203,7,143,279.32
0203,7,144,281.51
0203,7,145,283.66
0203,7,146,285.83
0203,7,147,287.99
0203,7,148,290.14
0203,7,149,292.3
0203,7,150,294.49
0203,7,151,296.6
0203,7,152,298.78
0203,7,153,300.96
0203,7,154,303.12
0203,7,155,305.31
0203,7,156,307.42
0203,7,157,309.62
0203,7,158,311.75
0203,7,159,313.9
0203,7,160,316.07
0203,7,161,318.24
0203,7,162,320.42
0203,7,163,322.61
0203,7,164,324.73
0203,7,165,326.92
0203,7,166,329.1
0203,7,167,331.22
0203,7,168,333.39
0203,7,169,335.58
0203,7,170,337.72
0203,7,171,339.89
0203,7,172,342.05
0203,7,173,344.22
0203,7,174,346.36
0203,7,175,348.51
0203,7,176,350.72
0203,7,177,352.88
0203,7,178,355.02
0203,7,179,357.16
0203,7,180,359.38
0203,7,181,361.49
0203,7,182,363.65
0203,7,183,365.85
0203,7,184,368.0
0203,7,185,370.13
0203,7,186,372.35
0203,7,187,374.46
0203,7,188,376.61
0203,7,189,378.79
0203,7,190,380.95
0203,7,191,383.11
0203,7,192,385.33
0203,7,193,387.46
0203,7,194,389.61
0203,7,195,391.81
0203,7,196,393.96
0203,7,197,396.07
0203,7,198,398.3
0203,7,199,400.44
0203,7,200,402.61
0203,8,1,26.52
0203,8,2,26.52
0203,8,3,26.52
0203,8,4,26.58
0203,8,5,26.83
0203,8,6,27.09
0203,8,7,27.35
0203,8,8,27.61
0203,8,9,27.87
0203,8,10,28.13
0203,8,11,29.45
0203,8,12,30.77
0203,8,13,32.1
0203,8,14,33.42
0203,8,15,34.75
0203,8,16,36.07
0203,8,17,37.39
0203,8,18,38.72
0203,8,19,40.04
0203,8,20,41.36
0203,8,21,42.69
0203,8,22,44.02
0203,8,23,45.34
0203,8,24,46.66
0203,8,25,47.99
0203,8,26,49.31
0203,8,27,50.63
0203,8,28,51.95
0203,8,29,53.28
0203,8,30,54.61
0203,8,31,56.28
0203,8,32,57.96
0203,8,33,59.64
0203,8,34,61.31
0203,8,35,63.0
0203,8,36,64.67
0203,8,37,66.35
0203,8,38,68.02
0203,8,39,69.7
0203,8,40,71.38
0203,8,41,73.06
0203,8,42,74.74
0203,8,43,76.42
0203,8,44,78.09
0203,8,45,79.76
0203,8,46,81.43
0203,8,47,83.12
0203,8,48,84.8
0203,8,49,86.48
0203,8,50,88.15
0203,8,51,89.83
0203,8,52,91.5
0203,8,53,93.18
0203,8,54,94.85
0203,8,55,96.53
0203,8,56,98.21
0203,8,57,99.89
0203,8,58,101.57
0203,8,59,103.24
0203,8,60,104.92
0203,8,61,106.6
0203,8,62,108.28
0203,8,63,109.95
0203,8,64,111.63
0203,8,65,113.31
0203,8,66,114.99
0203,8,67,116.67
0203,8,68,118.33
0203,8,69,120.01
0203,8,70,121.68
0203,8,71,123.84
0203,8,72,126.01
0203,8,73,128.17
0203,8,74,130.34
0203,8,75,132.49
0203,8,76,134.67
0203,8,77,136.84
0203,8,78,139.01
0203,8,79,141.14
0203,8,80,143.32
0203,8,81,145.49
0203,8,82,147.66
0203,8,83,149.81
0203,8,84,151.97
0203,8,85,154.13
0203,8,86,156.3
0203,8,87,158.45
0203,8,88,160.6
0203,8,89,162.77
0203,8,90,164.93
0203,8,91,167.11
0203,8,92,169.28
0203,8,93,171.45
0203,8,94,173.61
0203,8,95,175.74
0203,8,96,177.93
0203,8,97,180.1
0203,8,98,182.26
0203,8,99,184.42
0203,8,100,186.59
0203,8,101,188.72
0203,8,102,190.88
0203,8,103,193.07
0203,8,104,195.22
0203,8,105,197.4
0203,8,106,199.55
0203,8,107,201.7
0203,8,108,203.85
0203,8,109,206.04
0203,8,110,208.18
0203,8,111,210.37
0203,8,112,212.51
0203,8,113,214.68
0203,8,114,216.84
0203,8,115,218.99
0203,8,116,221.17
0203,8,117,223.33
0203,8,118,225.48
0203,8,119,227.64
0203,8,120,229.84
0203,8,121,231.99
0203,8,122,234.17
0203,8,123,236.33
0203,8,124,238.48
0203,8,125,240.65
0203,8,126,242.78
0203,8,127,244.95
0203,8,128,247.13
0203,8,129,249.31
0203,8,130,251.43
0203,8,131,253.62
0203,8,132,255.79
0203,8,133,257.96
0203,8,134,260.08
0203,8,135,262.27
0203,8,136,264.44
0203,8,137,266.59
0203,8,138,268.76
0203,8,139,270.93
0203,8,140,273.09
0203,8,141,275.25
0203,8,142,277.39
0203,8,143,279.54
0203,8,144,281.72
0203,8,145,283.91
0203,8,146,286.05
0203,8,147,288.21
0203,8,148,290.4
0203,8,149,292.55
0203,8,150,294.7
0203,8,151,296.85
0203,8,152,299.04
0203,8,153,301.18
0203,8,154,303.36
0203,8,155,305.51
0203,8,156,307.71
0203,8,157,309.86
0203,8,158,311.98
0203,8,159,314.18
0203,8,160,316.35
0203,8,161,318.5
0203,8,162,320.65
0203,8,163,322.85
0203,8,164,324.95
0203,8,165,327.13
0203,8,166,329.28
0203,8,167,331.49
0203,8,168,333.64
0203,8,169,335.79
0203,8,170,337.96
0203,8,171,340.13
0203,8,172,342.31
0203,8,173,344.43
0203,8,174,346.63
0203,8,175,348.8
0203,8,176,350.91
0203,8,177,353.08
0203,8,178,355.26
0203,8,179,357.44
0203,8,180,359.61
0203,8,181,361.75
0203,8,182,363.94
0203,8,183,366.09
0203,8,184,368.25
0203,8,185,370.39
0203,8,186,372.58
0203,8,187,374.75
0203,8,188,376.92
0203,8,189,379.05
0203,8,190,381.21
0203,8,191,383.38
0203,8,192,385.51
0203,8,193,387.7
0203,8,194,389.89
0203,8,195,392.04
0203,8,196,394.2
0203,8,197,396.37
0203,8,198,398.51
0203,8,199,400.66
0203,8,200,402.86
0205,2,1,40.65
0205,2,2,40.65
0205,2,3,40.65
0205,2,4,40.65
0205,2,5,40.65
0205,2,6,40.65
0205,2,7,40.65
0205,2,8,40.65
0205,2,9,40.65
0205,2,10,40.65
0205,2,11,41.57
0205,2,12,43.92
0205,2,13,46.28
0205,2,14,48.62
0205,2,15,50.97
0205,2,16,53.33
0205,2,17,55.68
0205,2,18,58.03
0205,2,19,60.38
0205,2,20,62.74
0205,2,21,65.1
0205,2,22,67.44
0205,2,23,69.8
0205,2,24,72.16
0205,2,25,74.51
0205,2,26,76.85
0205,2,27,79.22
0205,2,28,81.56
0205,2,29,83.91
0205,2,30,86.26
0205,2,31,89.32
0205,2,32,92.4
0205,2,33,95.45
0205,2,34,98.51
0205,2,35,101.59
0205,2,36,104.64
0205,2,37,107.7
0205,2,38,110.76
0205,2,39,113.83
0205,2,40,116.88
0205,2,41,119.94
0205,2,42,123.0
0205,2,43,126.07
0205,2,44,129.13
0205,2,45,132.19
0205,2,46,135.26
0205,2,47,138.3
0205,2,48,141.38
0205,2,49,144.43
0205,2,50,147.5
0205,2,51,150.55
0205,2,52,153.63
0205,2,53,156.7
0205,2,54,159.74
0205,2,55,162.81
0205,2,56,165.86
0205,2,57,168.94
0205,2,58,172.0
0205,2,59,175.05
0205,2,60,178.13
0205,2,61,181.18
0205,2,62,184.22
0205,2,63,187.28
0205,2,64,190.36
0205,2,65,193.44
0205,2,66,196.49
0205,2,67,199.55
0205,2,68,202.59
0205,2,69,205.68
0205,2,70,208.74
0205,2,71,212.49
0205,2,72,216.2
0205,2,73,219.95
0205,2,74,223.66
0205,2,75,227.42
0205,2,76,231.11
0205,2,77,234.86
0205,2,78,238.62
0205,2,79,242.36
0205,2,80,246.06
0205,2,81,249.8
0205,2,82,253.51
0205,2,83,257.25
0205,2,84,261.03
0205,2,85,264.76
0205,2,86,268.5
0205,2,87,272.21
0205,2,88,275.94
0205,2,89,279.67
0205,2,90,283.42
0205,2,91,287.14
0205,2,92,290.9
0205,2,93,294.62
0205,2,94,298.32
0205,2,95,302.08
0205,2,96,305.82
0205,2,97,309.55
0205,2,98,313.31
0205,2,99,317.0
0205,2,100,320.73
0205,2,101,324.47
0205,2,102,328.2
0205,2,103,331.92
0205,2,104,335.66
0205,2,105,339.44
0205,2,106,343.13
0205,2,107,346.88
0205,2,108,350.58
0205,2,109,354.37
0205,2,110,358.11
0205,2,111,361.85
0205,2,112,365.57
0205,2,113,369.25
0205,2,114,373.0
0205,2,115,376.74
0205,2,116,380.5
0205,2,117,384.25
0205,2,118,387.94
0205,2,119,391.69
0205,2,120,395.44
0205,2,121,399.19
0205,2,122,402.86
0205,2,123,406.6
0205,2,124,410.38
0205,2,125,414.13
0205,2,126,417.83
0205,2,127,421.56
0205,2,128,425.28
0205,2,129,429.05
0205,2,130,432.72
0205,2,131,436.5
0205,2,132,440.25
0205,2,133,443.98
0205,2,134,447.66
0205,2,135,451.43
0205,2,136,455.15
0205,2,137,458.9
0205,2,138,462.63
0205,2,139,466.33
0205,2,140,470.08
0205,2,141,473.88
0205,2,142,477.55
0205,2,143,481.29
0205,2,144,485.08
0205,2,145,488.81
0205,2,146,492.54
0205,2,147,496.2
0205,2,148,499.94
0205,2,149,503.71
0205,2,150,507.46
0205,2,151,511.17
0205,2,152,514.96
0205,2,153,518.63
0205,2,154,522.35
0205,2,155,526.06
0205,2,156,529.87
0205,2,157,533.54
0205,2,158,537.3
0205,2,159,541.05
0205,2,160,544.75
0205,2,161,548.47
0205,2,162,552.2
0205,2,163,556.0
0205,2,164,559.66
0205,2,165,563.4
0205,2,166,567.21
0205,2,167,570.87
0205,2,168,574.67
0205,2,169,578.39
0205,2,170,582.06
0205,2,171,585.89
0205,2,172,589.54
0205,2,173,593.37
0205,2,174,597.09
0205,2,175,600.82
0205,2,176,604.48
0205,2,177,608.25
0205,2,178,611.98
0205,2,179,615.67
0205,2,180,619.44
0205,2,181,623.2
0205,2,182,626.93
0205,2,183,630.69
0205,2,184,634.34
0205,2,185,638.08
0205,2,186,641.86
0205,2,187,645.64
0205,2,188,649.27
0205,2,189,653.06
0205,2,190,656.86
0205,2,191,660.53
0205,2,192,664.23
0205,2,193,668.03
0205,2,194,671.77
0205,2,195,675.44
0205,2,196,679.16
0205,2,197,682.9
0205,2,198,686.6
0205,2,199,690.39
0205,2,200,694.18
0205,3,1,40.65
0205,3,2,40.65
0205,3,3,40.65
0205,3,4,40.65
0205,3,5,40.65
0205,3,6,40.65
0205,3,7,40.65
0205,3,8,40.65
0205,3,9,40.65
0205,3,10,40.65
0205,3,11,41.79
0205,3,12,44.14
0205,3,13,46.49
0205,3,14,48.85
0205,3,15,51.19
0205,3,16,53.55
0205,3,17,55.9
0205,3,18,58.26
0205,3,19,60.61
0205,3,20,62.96
0205,3,21,65.31
0205,3,22,67.66
0205,3,23,70.03
0205,3,24,72.37
0205,3,25,74.73
0205,3,26,77.08
0205,3,27,79.43
0205,3,28,81.78
0205,3,29,84.14
0205,3,30,86.5
0205,3,31,89.55
0205,3,32,92.61
0205,3,33,95.67
0205,3,34,98.73
0205,3,35,101.81
0205,3,36,104.86
0205,3,37,107.92
0205,3,38,110.99
0205,3,39,114.05
0205,3,40,117.11
0205,3,41,120.18
0205,3,42,123.23
0205,3,43,126.29
0205,3,44,129.35
0205,3,45,132.41
0205,3,46,135.46
0205,3,47,138.54
0205,3,48,141.59
0205,3,49,144.66
0205,3,50,147.73
0205,3,51,150.78
0205,3,52,153.84
0205,3,53,156.9
0205,3,54,159.96
0205,3,55,163.03
0205,3,56,166.08
0205,3,57,169.17
0205,3,58,172.23
0205,3,59,175.28
0205,3,60,178.33
0205,3,61,181.39
0205,3,62,184.47
0205,3,63,187.52
0205,3,64,190.58
0205,3,65,193.64
0205,3,66,196.7
0205,3,67,199.77
0205,3,68,202.84
0205,3,69,205.91
0205,3,70,208.94
0205,3,71,212.7
0205,3,72,216.41
0205,3,73,220.16
0205,3,74,223.88
0205,3,75,227.62
0205,3,76,231.35
0205,3,77,235.1
0205,3,78,238.83
0205,3,79,242.54
0205,3,80,246.3
0205,3,81,250.04
0205,3,82,253.77
0205,3,83,257.48
0205,3,84,261.24
0205,3,85,264.98
0205,3,86,268.68
0205,3,87,272.44
0205,3,88,276.16
0205,3,89,279.88
0205,3,90,283.63
0205,3,91,287.35
0205,3,92,291.1
0205,3,93,294.83
0205,3,94,298.54
0205,3,95,302.31
0205,3,96,306.02
0205,3,97,309.8
0205,3,98,313.52
0205,3,99,317.26
0205,3,100,320.94
0205,3,101,324.68
0205,3,102,328.46
0205,3,103,332.2
0205,3,104,335.9
0205,3,105,339.67
0205,3,106,343.38
0205,3,107,347.09
0205,3,108,350.84
0205,3,109,354.55
0205,3,110,358.27
0205,3,111,362.03
0205,3,112,365.81
0205,3,113,369.51
0205,3,114,373.24
0205,3,115,376.97
0205,3,116,380.68
0205,3,117,384.42
0205,3,118,388.17
0205,3,119,391.93
0205,3,120,395.61
0205,3,121,399.41
0205,3,122,403.09
0205,3,123,406.85
0205,3,124,410.56
0205,3,125,414.34
0205,3,126,418.08
0205,3,127,421.8
0205,3,128,425.49
0205,3,129,429.28
0205,3,130,432.99
0205,3,131,436.67
0205,3,132,440.44
0205,3,133,444.2
0205,3,134,447.9
0205,3,135,451.65
0205,3,136,455.36
0205,3,137,459.13
0205,3,138,462.86
0205,3,139,466.57
0205,3,140,470.33
0205,3,141,474.09
0205,3,142,477.76
0205,3,143,481.53
0205,3,144,485.24
0205,3,145,488.96
0205,3,146,492.75
0205,3,147,496.49
0205,3,148,500.16
0205,3,149,503.94
0205,3,150,507.71
0205,3,151,511.35
0205,3,152,515.15
0205,3,153,518.91
0205,3,154,522.57
0205,3,155,526.33
0205,3,156,530.02
0205,3,157,533.83
0205,3,158,537.5
0205,3,159,541.26
0205,3,160,544.96
0205,3,161,548.7
0205,3,162,552.43
0205,3,163,556.16
0205,3,164,559.9
0205,3,165,563.64
0205,3,166,567.41
0205,3,167,571.15
0205,3,168,574.85
0205,3,169,578.57
0205,3,170,582.29
0205,3,171,586.02
0205,3,172,589.83
0205,3,173,593.53
0205,3,174,597.3
0205,3,175,600.99
0205,3,176,604.75
0205,3,177,608.46
0205,3,178,612.21
0205,3,179,615.91
0205,3,180,619.72
0205,3,181,623.41
0205,3,182,627.18
0205,3,183,630.88
0205,3,184,634.59
0205,3,185,638.34
0205,3,186,642.09
0205,3,187,645.85
0205,3,188,649.56
0205,3,189,653.26
0205,3,190,657.04
0205,3,191,660.76
0205,3,192,664.51
0205,3,193,668.2
0205,3,194,671.99
0205,3,195,675.64
0205,3,196,679.39
0205,3,197,683.14
0205,3,198,686.85
0205,3,199,690.59
0205,3,200,694.31
0205,4,1,40.65
0205,4,2,40.65
0205,4,3,40.65
0205,4,4,40.65
0205,4,5,40.65
0205,4,6,40.65
0205,4,7,40.65
0205,4,8,40.65
0205,4,9,40.65
0205,4,10,40.65
0205,4,11,42.01
0205,4,12,44.36
0205,4,13,46.71
0205,4,14,49.07
0205,4,15,51.41
0205,4,16,53.77
0205,4,17,56.12
0205,4,18,58.47
0205,4,19,60.83
0205,4,20,63.18
0205,4,21,65.53
0205,4,22,67.89
0205,4,23,70.24
0205,4,24,72.59
0205,4,25,74.95
0205,4,26,77.3
0205,4,27,79.66
0205,4,28,82.0
0205,4,29,84.36
0205,4,30,86.7
0205,4,31,89.78
0205,4,32,92.82
0205,4,33,95.9
0205,4,34,98.95
0205,4,35,102.01
0205,4,36,105.09
0205,4,37,108.14
0205,4,38,111.2
0205,4,39,114.27
0205,4,40,117.32
0205,4,41,120.4
0205,4,42,123.44
0205,4,43,126.51
0205,4,44,129.57
0205,4,45,132.63
0205,4,46,135.68
0205,4,47,138.74
0205,4,48,141.82
0205,4,49,144.89
0205,4,50,147.95
0205,4,51,151.02
0205,4,52,154.05
0205,4,53,157.13
0205,4,54,160.2
0205,4,55,163.26
0205,4,56,166.3
0205,4,57,169.38
0205,4,58,172.42
0205,4,59,175.5
0205,4,60,178.54
0205,4,61,181.6
0205,4,62,184.69
0205,4,63,187.73
0205,4,64,190.79
0205,4,65,193.86
0205,4,66,196.94
0205,4,67,200.0
0205,4,68,203.04
0205,4,69,206.13
0205,4,70,209.16
0205,4,71,212.89
0205,4,72,216.66
0205,4,73,220.39
0205,4,74,224.11
0205,4,75,227.82
0205,4,76,231.58
0205,4,77,235.29
0205,4,78,239.03
0205,4,79,242.76
0205,4,80,246.49
0205,4,81,250.23
0205,4,82,254.0
0205,4,83,257.73
0205,4,84,261.45
0205,4,85,265.17
0205,4,86,268.9
0205,4,87,272.63
0205,4,88,276.36
0205,4,89,280.1
0205,4,90,283.86
0205,4,91,287.6
0205,4,92,291.29
0205,4,93,295.04
0205,4,94,298.76
0205,4,95,302.52
0205,4,96,306.27
0205,4,97,310.0
0205,4,98,313.71
0205,4,99,317.46
0205,4,100,321.18
0205,4,101,324.92
0205,4,102,328.69
0205,4,103,332.42
0205,4,104,336.11
0205,4,105,339.86
0205,4,106,343.61
0205,4,107,347.34
0205,4,108,351.08
0205,4,109,354.79
0205,4,110,358.52
0205,4,111,362.26
0205,4,112,365.99
0205,4,113,369.75
0205,4,114,373.44
0205,4,115,377.2
0205,4,116,380.92
0205,4,117,384.65
0205,4,118,388.4
0205,4,119,392.12
0205,4,120,395.85
0205,4,121,399.59
0205,4,122,403.32
0205,4,123,407.04
0205,4,124,410.76
0205,4,125,414.53
0205,4,126,418.28
0205,4,127,421.97
0205,4,128,425.77
0205,4,129,429.49
0205,4,130,433.22
0205,4,131,436.95
0205,4,132,440.65
0205,4,133,444.38
0205,4,134,448.09
0205,4,135,451.85
0205,4,136,455.6
0205,4,137,459.34
0205,4,138,463.07
0205,4,139,466.8
0205,4,140,470.58
0205,4,141,474.27
0205,4,142,478.0
0205,4,143,481.7
0205,4,144,485.52
0205,4,145,489.25
0205,4,146,492.99
0205,4,147,496.66
0205,4,148,500.37
0205,4,149,504.14
0205,4,150,507.87
0205,4,151,511.63
0205,4,152,515.34
0205,4,153,519.09
0205,4,154,522.8
0205,4,155,526.55
0205,4,156,530.28
0205,4,157,534.06
0205,4,158,537.79
0205,4,159,541.48
0205,4,160,545.2
0205,4,161,548.92
0205,4,162,552.73
0205,4,163,556.38
0205,4,164,560.21
0205,4,165,563.85
0205,4,166,567.64
0205,4,167,571.33
0205,4,168,575.03
0205,4,169,578.79
0205,4,170,582.56
0205,4,171,586.23
0205,4,172,590.01
0205,4,173,593.79
0205,4,174,597.49
0205,4,175,601.24
0205,4,176,604.93
0205,4,177,608.64
0205,4,178,612.43
0205,4,179,616.11
0205,4,180,619.89
0205,4,181,623.63
0205,4,182,627.39
0205,4,183,631.04
0205,4,184,634.86
0205,4,185,638.59
0205,4,186,642.31
0205,4,187,645.97
0205,4,188,649.83
0205,4,189,653.55
0205,4,190,657.22
0205,4,191,660.99
0205,4,192,664.69
0205,4,193,668.46
0205,4,194,672.14
0205,4,195,675.85
0205,4,196,679.69
0205,4,197,683.31
0205,4,198,687.09
0205,4,199,690.82
0205,4,200,694.51
0205,5,1,40.65
0205,5,2,40.65
0205,5,3,40.65
0205,5,4,40.65
0205,5,5,40.65
0205,5,6,40.65
0205,5,7,40.65
0205,5,8,40.65
0205,5,9,40.65
0205,5,10,40.65
0205,5,11,42.22
0205,5,12,44.58
0205,5,13,46.94
0205,5,14,49.28
0205,5,15,51.64
0205,5,16,53.99
0205,5,17,56.34
0205,5,18,58.7
0205,5,19,61.05
0205,5,20,63.4
0205,5,21,65.75
0205,5,22,68.11
0205,5,23,70.47
0205,5,24,72.81
0205,5,25,75.17
0205,5,26,77.52
0205,5,27,79.88
0205,5,28,82.22
0205,5,29,84.58
0205,5,30,86.94
0205,5,31,90.0
0205,5,32,93.05
0205,5,33,96.12
0205,5,34,99.18
0205,5,35,102.24
0205,5,36,105.31
0205,5,37,108.36
0205,5,38,111.43
0205,5,39,114.49
0205,5,40,117.55
0205,5,41,120.6
0205,5,42,123.68
0205,5,43,126.73
0205,5,44,129.79
0205,5,45,132.86
0205,5,46,135.91
0205,5,47,138.99
0205,5,48,142.05
0205,5,49,145.09
0205,5,50,148.16
0205,5,51,151.23
0205,5,52,154.28
0205,5,53,157.36
0205,5,54,160.41
0205,5,55,163.48
0205,5,56,166.52
0205,5,57,169.61
0205,5,58,172.65
0205,5,59,175.7
0205,5,60,178.76
0205,5,61,181.84
0205,5,62,184.9
0205,5,63,187.97
0205,5,64,191.02
0205,5,65,194.08
0205,5,66,197.13
0205,5,67,200.2
0205,5,68,203.27
0205,5,69,206.35
0205,5,70,209.38
0205,5,71,213.12
0205,5,72,216.88
0205,5,73,220.59
0205,5,74,224.34
0205,5,75,228.05
0205,5,76,231.8
0205,5,77,235.51
0205,5,78,239.28
0205,5,79,242.98
0205,5,80,246.72
0205,5,81,250.48
0205,5,82,254.2
0205,5,83,257.96
0205,5,84,261.67
0205,5,85,265.4
0205,5,86,269.15
0205,5,87,272.86
0205,5,88,276.61
0205,5,89,280.32
0205,5,90,284.05
0205,5,91,287.79
0205,5,92,291.53
0205,5,93,295.25
0205,5,94,298.98
0205,5,95,302.76
0205,5,96,306.44
0205,5,97,310.21
0205,5,98,313.94
0205,5,99,317.65
0205,5,100,321.44
0205,5,101,325.16
0205,5,102,328.89
0205,5,103,332.64
0205,5,104,336.31
0205,5,105,340.06
0205,5,106,343.79
0205,5,107,347.58
0205,5,108,351.27
0205,5,109,355.03
0205,5,110,358.77
0205,5,111,362.47
0205,5,112,366.22
0205,5,113,369.91
0205,5,114,373.71
0205,5,115,377.4
0205,5,116,381.11
0205,5,117,384.89
0205,5,118,388.65
0205,5,119,392.36
0205,5,120,396.11
0205,5,121,399.79
0205,5,122,403.53
0205,5,123,407.28
0205,5,124,411.06
0205,5,125,414.72
0205,5,126,418.5
0205,5,127,422.23
0205,5,128,425.96
0205,5,129,429.72
0205,5,130,433.4
0205,5,131,437.12
0205,5,132,440.9
0205,5,133,444.6
0205,5,134,448.37
0205,5,135,452.11
0205,5,136,455.79
0205,5,137,459.57
0205,5,138,463.31
0205,5,139,466.98
0205,5,140,470.79
0205,5,141,474.51
0205,5,142,478.25
0205,5,143,481.99
0205,5,144,485.68
0205,5,145,489.43
0205,5,146,493.14
0205,5,147,496.92
0205,5,148,500.62
0205,5,149,504.4
0205,5,150,508.07
0205,5,151,511.88
0205,5,152,515.55
0205,5,153,519.28
0205,5,154,523.01
0205,5,155,526.73
0205,5,156,530.47
0205,5,157,534.19
0205,5,158,537.98
0205,5,159,541.66
0205,5,160,545.39
0205,5,161,549.17
0205,5,162,552.87
0205,5,163,556.59
0205,5,164,560.4
0205,5,165,564.13
0205,5,166,567.85
0205,5,167,571.6
0205,5,168,575.3
0205,5,169,579.0
0205,5,170,582.79
0205,5,171,586.56
0205,5,172,590.25
0205,5,173,593.99
0205,5,174,597.76
0205,5,175,601.41
0205,5,176,605.18
0205,5,177,608.86
0205,5,178,612.6
0205,5,179,616.34
0205,5,180,620.06
0205,5,181,623.79
0205,5,182,627.63
0205,5,183,631.28
0205,5,184,635.01
0205,5,185,638.78
0205,5,186,642.54
0205,5,187,646.24
0205,5,188,650.01
0205,5,189,653.7
0205,5,190,657.4
0205,5,191,661.16
0205,5,192,664.98
0205,5,193,668.64
0205,5,194,672.36
0205,5,195,676.18
0205,5,196,679.86
0205,5,197,683.62
0205,5,198,687.25
0205,5,199,691.1
0205,5,200,694.85
0205,6,1,40.65
0205,6,2,40.65
0205,6,3,40.65
0205,6,4,40.65
0205,6,5,40.65
0205,6,6,40.65
0205,6,7,40.65
0205,6,8,40.65
0205,6,9,40.65
0205,6,10,40.65
0205,6,11,42.45
0205,6,12,44.8
0205,6,13,47.15
0205,6,14,49.51
0205,6,15,51.86
0205,6,16,54.21
0205,6,17,56.56
0205,6,18,58.92
0205,6,19,61.27
0205,6,20,63.62
0205,6,21,65.97
0205,6,22,68.32
0205,6,23,70.68
0205,6,24,73.04
0205,6,25,75.39
0205,6,26,77.74
0205,6,27,80.1
0205,6,28,82.45
0205,6,29,84.8
0205,6,30,87.15
0205,6,31,90.21
0205,6,32,93.28
0205,6,33,96.34
0205,6,34,99.39
0205,6,35,102.46
0205,6,36,105.52
0205,6,37,108.58
0205,6,38,111.65
0205,6,39,114.69
0205,6,40,117.76
0205,6,41,120.82
0205,6,42,123.89
0205,6,43,126.96
0205,6,44,130.01
0205,6,45,133.08
0205,6,46,136.15
0205,6,47,139.21
0205,6,48,142.26
0205,6,49,145.31
0205,6,50,148.38
0205,6,51,151.45
0205,6,52,154.5
0205,6,53,157.56
0205,6,54,160.63
0205,6,55,163.67
0205,6,56,166.74
0205,6,57,169.83
0205,6,58,172.87
0205,6,59,175.93
0205,6,60,179.0
0205,6,61,182.04
0205,6,62,185.14
0205,6,63,188.18
0205,6,64,191.24
0205,6,65,194.3
0205,6,66,197.39
0205,6,67,200.44
0205,6,68,203.48
0205,6,69,206.56
0205,6,70,209.62
0205,6,71,213.34
0205,6,72,217.08
0205,6,73,220.83
0205,6,74,224.56
0205,6,75,228.29
0205,6,76,232.01
0205,6,77,235.75
0205,6,78,239.46
0205,6,79,243.24
0205,6,80,246.94
0205,6,81,250.69
0205,6,82,254.41
0205,6,83,258.13
0205,6,84,261.87
0205,6,85,265.65
0205,6,86,269.36
0205,6,87,273.08
0205,6,88,276.82
0205,6,89,280.54
0205,6,90,284.3
0205,6,91,288.0
0205,6,92,291.77
0205,6,93,295.52
0205,6,94,299.2
0205,6,95,302.94
0205,6,96,306.71
0205,6,97,310.41
0205,6,98,314.17
0205,6,99,317.91
0205,6,100,321.62
0205,6,101,325.39
0205,6,102,329.08
0205,6,103,332.81
0205,6,104,336.54
0205,6,105,340.33
0205,6,106,344.02
0205,6,107,347.77
0205,6,108,351.5
0205,6,109,355.2
0205,6,110,359.0
0205,6,111,362.73
0205,6,112,366.46
0205,6,113,370.13
0205,6,114,373.88
0205,6,115,377.66
0205,6,116,381.39
0205,6,117,385.14
0205,6,118,388.87
0205,6,119,392.54
0205,6,120,396.3
0205,6,121,400.01
0205,6,122,403.79
0205,6,123,407.53
0205,6,124,411.24
0205,6,125,414.94
0205,6,126,418.72
0205,6,127,422.42
0205,6,128,426.14
0205,6,129,429.93
0205,6,130,433.63
0205,6,131,437.37
0205,6,132,441.08
0205,6,133,444.88
0205,6,134,448.6
0205,6,135,452.35
0205,6,136,456.06
0205,6,137,459.82
0205,6,138,463.54
0205,6,139,467.29
0205,6,140,470.95
0205,6,141,474.7
0205,6,142,478.45
0205,6,143,482.2
0205,6,144,485.89
0205,6,145,489.7
0205,6,146,493.41
0205,6,147,497.1
0205,6,148,500.84
0205,6,149,504.57
0205,6,150,508.35
0205,6,151,512.01
0205,6,152,515.79
0205,6,153,519.55
0205,6,154,523.22
0205,6,155,526.96
0205,6,156,530.74
0205,6,157,534.49
0205,6,158,538.22
0205,6,159,541.88
0205,6,160,545.71
0205,6,161,549.36
0205,6,162,553.14
0205,6,163,556.9
0205,6,164,560.59
0205,6,165,564.36
0205,6,166,568.05
0205,6,167,571.81
0205,6,168,575.49
0205,6,169,579.21
0205,6,170,582.99
0205,6,171,586.67
0205,6,172,590.45
0205,6,173,594.25
0205,6,174,597.98
0205,6,175,601.68
0205,6,176,605.39
0205,6,177,609.17
0205,6,178,612.92
0205,6,179,616.64
0205,6,180,620.28
0205,6,181,624.11
0205,6,182,627.81
0205,6,183,631.54
0205,6,184,635.22
0205,6,185,638.96
0205,6,186,642.74
0205,6,187,646.53
0205,6,188,650.23
0205,6,189,653.92
0205,6,190,657.69
0205,6,191,661.34
0205,6,192,665.18
0205,6,193,668.85
0205,6,194,672.58
0205,6,195,676.38
0205,6,196,680.05
0205,6,197,683.86
0205,6,198,687.48
0205,6,199,691.25
0205,6,200,695.07
0205,7,1,40.65
0205,7,2,40.65
0205,7,3,40.65
0205,7,4,40.65
0205,7,5,40.65
0205,7,6,40.65
0205,7,7,40.65
0205,7,8,40.65
0205,7,9,40.65
0205,7,10,40.65
0205,7,11,42.67
0205,7,12,45.02
0205,7,13,47.38
0205,7,14,49.72
0205,7,15,52.08
0205,7,16,54.43
0205,7,17,56.79
0205,7,18,59.14
0205,7,19,61.49
0205,7,20,63.84
0205,7,21,66.19
0205,7,22,68.54
0205,7,23,70.9
0205,7,24,73.26
0205,7,25,75.6
0205,7,26,77.95
0205,7,27,80.32
0205,7,28,82.66
0205,7,29,85.01
0205,7,30,87.37
0205,7,31,90.43
0205,7,32,93.49
0205,7,33,96.56
0205,7,34,99.62
0205,7,35,102.68
0205,7,36,105.74
0205,7,37,108.8
0205,7,38,111.86
0205,7,39,114.92
0205,7,40,117.98
0205,7,41,121.06
0205,7,42,124.11
0205,7,43,127.16
0205,7,44,130.24
0205,7,45,133.29
0205,7,46,136.36
0205,7,47,139.41
0205,7,48,142.47
0205,7,49,145.53
0205,7,50,148.61
0205,7,51,151.67
0205,7,52,154.71
0205,7,53,157.79
0205,7,54,160.85
0205,7,55,163.9
0205,7,56,166.97
0205,7,57,170.02
0205,7,58,173.1
0205,7,59,176.16
0205,7,60,179.23
0205,7,61,182.26
0205,7,62,185.33
0205,7,63,188.41
0205,7,64,191.47
0205,7,65,194.54
0205,7,66,197.59
0205,7,67,200.63
0205,7,68,203.7
0205,7,69,206.78
0205,7,70,209.82
0205,7,71,213.59
0205,7,72,217.32
0205,7,73,221.04
0205,7,74,224.79
0205,7,75,228.48
0205,7,76,232.24
0205,7,77,235.96
0205,7,78,239.72
0205,7,79,243.45
0205,7,80,247.16
0205,7,81,250.91
0205,7,82,254.62
0205,7,83,258.36
0205,7,84,262.12
0205,7,85,265.82
0205,7,86,269.58
0205,7,87,273.3
0205,7,88,277.04
0205,7,89,280.78
0205,7,90,284.53
0205,7,91,288.23
0205,7,92,291.96
0205,7,93,295.73
0205,7,94,299.42
0205,7,95,303.17
0205,7,96,306.92
0205,7,97,310.65
0205,7,98,314.41
0205,7,99,318.11
0205,7,100,321.83
0205,7,101,325.57
0205,7,102,329.29
0205,7,103,333.03
0205,7,104,336.79
0205,7,105,340.49
0205,7,106,344.26
0205,7,107,347.96
0205,7,108,351.69
0205,7,109,355.49
0205,7,110,359.2
0205,7,111,362.94
0205,7,112,366.67
0205,7,113,370.36
0205,7,114,374.1
0205,7,115,377.89
0205,7,116,381.59
0205,7,117,385.33
0205,7,118,389.07
0205,7,119,392.82
0205,7,120,396.49
0205,7,121,400.23
0205,7,122,403.97
0205,7,123,407.7
0205,7,124,411.48
0205,7,125,415.22
0205,7,126,418.96
0205,7,127,422.65
0205,7,128,426.39
0205,7,129,430.14
0205,7,130,433.88
0205,7,131,437.59
0205,7,132,441.3
0205,7,133,445.08
0205,7,134,448.77
0205,7,135,452.52
0205,7,136,456.3
0205,7,137,460.03
0205,7,138,463.75
0205,7,139,467.47
0205,7,140,471.24
0205,7,141,474.93
0205,7,142,478.64
0205,7,143,482.4
0205,7,144,486.1
0205,7,145,489.9
0205,7,146,493.64
0205,7,147,497.36
0205,7,148,501.07
0205,7,149,504.78
0205,7,150,508.5
0205,7,151,512.25
0205,7,152,515.98
0205,7,153,519.71
0205,7,154,523.5
0205,7,155,527.21
0205,7,156,530.97
0205,7,157,534.63
0205,7,158,538.4
0205,7,159,542.12
0205,7,160,545.85
0205,7,161,549.58
0205,7,162,553.39
0205,7,163,557.12
0205,7,164,560.86
0205,7,165,564.52
0205,7,166,568.28
0205,7,167,572.01
0205,7,168,575.71
0205,7,169,579.51
0205,7,170,583.23
0205,7,171,586.94
0205,7,172,590.74
0205,7,173,594.42
0205,7,174,598.17
0205,7,175,601.84
0205,7,176,605.59
0205,7,177,609.34
0205,7,178,613.06
0205,7,179,616.77
0205,7,180,620.6
0205,7,181,624.29
0205,7,182,628.0
0205,7,183,631.74
0205,7,184,635.43
0205,7,185,639.28
0205,7,186,642.91
0205,7,187,646.74
0205,7,188,650.39
0205,7,189,654.12
0205,7,190,657.95
0205,7,191,661.68
0205,7,192,665.41
0205,7,193,669.1
0205,7,194,672.88
0205,7,195,676.62
0205,7,196,680.31
0205,7,197,684.09
0205,7,198,687.69
0205,7,199,691.56
0205,7,200,695.21
0205,8,1,40.65
0205,8,2,40.65
0205,8,3,40.65
0205,8,4,40.65
0205,8,5,40.65
0205,8,6,40.65
0205,8,7,40.65
0205,8,8,40.65
0205,8,9,40.65
0205,8,10,40.65
0205,8,11,42.89
0205,8,12,45.24
0205,8,13,47.59
0205,8,14,49.95
0205,8,15,52.3
0205,8,16,54.65
0205,8,17,57.0
0205,8,18,59.36
0205,8,19,61.71
0205,8,20,64.06
0205,8,21,66.42
0205,8,22,68.77
0205,8,23,71.12
0205,8,24,73.47
0205,8,25,75.83
0205,8,26,78.18
0205,8,27,80.53
0205,8,28,82.89
0205,8,29,85.23
0205,8,30,87.6
0205,8,31,90.65
0205,8,32,93.72
0205,8,33,96.77
0205,8,34,99.83
0205,8,35,102.91
0205,8,36,105.95
0205,8,37,109.02
0205,8,38,112.09
0205,8,39,115.14
0205,8,40,118.2
0205,8,41,121.27
0205,8,42,124.32
0205,8,43,127.38
0205,8,44,130.45
0205,8,45,133.52
0205,8,46,136.57
0205,8,47,139.65
0205,8,48,142.7
0205,8,49,145.77
0205,8,50,148.83
0205,8,51,151.87
0205,8,52,154.96
0205,8,53,158.01
0205,8,54,161.05
0205,8,55,164.12
0205,8,56,167.19
0205,8,57,170.26
0205,8,58,173.33
0205,8,59,176.37
0205,8,60,179.44
0205,8,61,182.49
0205,8,62,185.55
0205,8,63,188.63
0205,8,64,191.69
0205,8,65,194.76
0205,8,66,197.81
0205,8,67,200.89
0205,8,68,203.94
0205,8,69,207.01
0205,8,70,210.04
0205,8,71,213.79
0205,8,72,217.51
0205,8,73,221.26
0205,8,74,224.97
0205,8,75,228.73
0205,8,76,232.48
0205,8,77,236.2
0205,8,78,239.93
0205,8,79,243.64
0205,8,80,247.4
0205,8,81,251.15
0205,8,82,254.86
0205,8,83,258.6
0205,8,84,262.31
0205,8,85,266.08
0205,8,86,269.78
0205,8,87,273.5
0205,8,88,277.24
0205,8,89,281.01
0205,8,90,284.71
0205,8,91,288.45
0205,8,92,292.17
0205,8,93,295.93
0205,8,94,299.67
0205,8,95,303.37
0205,8,96,307.15
0205,8,97,310.88
0205,8,98,314.59
0205,8,99,318.35
0205,8,100,322.08
0205,8,101,325.82
0205,8,102,329.53
0205,8,103,333.28
0205,8,104,337.03
0205,8,105,340.71
0205,8,106,344.46
0205,8,107,348.18
0205,8,108,351.91
0205,8,109,355.65
0205,8,110,359.43
0205,8,111,363.13
0205,8,112,366.84
0205,8,113,370.58
0205,8,114,374.31
0205,8,115,378.07
0205,8,116,381.8
0205,8,117,385.56
0205,8,118,389.25
0205,8,119,393.03
0205,8,120,396.76
0205,8,121,400.51
0205,8,122,404.21
0205,8,123,407.98
0205,8,124,411.69
0205,8,125,415.45
0205,8,126,419.15
0205,8,127,422.87
0205,8,128,426.61
0205,8,129,430.38
0205,8,130,434.09
0205,8,131,437.83
0205,8,132,441.53
0205,8,133,445.28
0205,8,134,448.99
0205,8,135,452.78
0205,8,136,456.48
0205,8,137,460.2
0205,8,138,463.96
0205,8,139,467.73
0205,8,140,471.45
0205,8,141,475.19
0205,8,142,478.86
0205,8,143,482.6
0205,8,144,486.38
0205,8,145,490.09
0205,8,146,493.78
0205,8,147,497.57
0205,8,148,501.32
0205,8,149,504.99
0205,8,150,508.71
0205,8,151,512.52
0205,8,152,516.23
0205,8,153,520.0
0205,8,154,523.7
0205,8,155,527.42
0205,8,156,531.18
0205,8,157,534.92
0205,8,158,538.66
0205,8,159,542.31
0205,8,160,546.06
0205,8,161,549.87
0205,8,162,553.6
0205,8,163,557.27
0205,8,164,560.98
0205,8,165,564.81
0205,8,166,568.51
0205,8,167,572.19
0205,8,168,575.97
0205,8,169,579.65
0205,8,170,583.44
0205,8,171,587.12
0205,8,172,590.87
0205,8,173,594.64
0205,8,174,598.41
0205,8,175,602.05
0205,8,176,605.84
0205,8,177,609.61
0205,8,178,613.26
0205,8,179,617.08
0205,8,180,620.8
0205,8,181,624.46
0205,8,182,628.2
0205,8,183,631.97
0205,8,184,635.7
0205,8,185,639.46
0205,8,186,643.12
0205,8,187,646.94
0205,8,188,650.64
0205,8,189,654.4
0205,8,190,658.18
0205,8,191,661.82
0205,8,192,665.52
0205,8,193,669.25
0205,8,194,672.98
0205,8,195,676.8
0205,8,196,680.45
0205,8,197,684.29
0205,8,198,687.92
0205,8,199,691.69
0205,8,200,695.49
0206,2,1,45.97
0206,2,2,45.97
0206,2,3,45.97
0206,2,4,45.97
0206,2,5,46.04
0206,2,6,46.36
0206,2,7,46.69
0206,2,8,47.01
0206,2,9,47.33
0206,2,10,47.66
0206,2,11,51.18
0206,2,12,54.7
0206,2,13,58.22
0206,2,14,61.75
0206,2,15,65.26
0206,2,16,68.78
0206,2,17,72.3
0206,2,18,75.82
0206,2,19,79.34
0206,2,20,82.86
0206,2,21,86.37
0206,2,22,89.9
0206,2,23,93.41
0206,2,24,96.94
0206,2,25,100.46
0206,2,26,103.97
0206,2,27,107.5
0206,2,28,111.02
0206,2,29,114.53
0206,2,30,118.07
0206,2,31,122.68
0206,2,32,127.31
0206,2,33,131.92
0206,2,34,136.56
0206,2,35,141.18
0206,2,36,145.81
0206,2,37,150.43
0206,2,38,155.07
0206,2,39,159.68
0206,2,40,164.31
0206,2,41,168.94
0206,2,42,173.57
0206,2,43,178.19
0206,2,44,182.82
0206,2,45,187.45
0206,2,46,192.08
0206,2,47,196.7
0206,2,48,201.33
0206,2,49,205.94
0206,2,50,210.56
0206,2,51,215.2
0206,2,52,219.82
0206,2,53,224.45
0206,2,54,229.09
0206,2,55,233.7
0206,2,56,238.35
0206,2,57,242.97
0206,2,58,247.58
0206,2,59,252.19
0206,2,60,256.85
0206,2,61,261.47
0206,2,62,266.07
0206,2,63,270.7
0206,2,64,275.34
0206,2,65,279.99
0206,2,66,284.6
0206,2,67,289.23
0206,2,68,293.86
0206,2,69,298.44
0206,2,70,303.11
0206,2,71,308.83
0206,2,72,314.57
0206,2,73,320.29
0206,2,74,325.96
0206,2,75,331.67
0206,2,76,337.4
0206,2,77,343.11
0206,2,78,348.83
0206,2,79,354.57
0206,2,80,360.32
0206,2,81,365.99
0206,2,82,371.74
0206,2,83,377.46
0206,2,84,383.14
0206,2,85,388.91
0206,2,86,394.6
0206,2,87,400.37
0206,2,88,406.03
0206,2,89,411.81
0206,2,90,417.5
0206,2,91,423.25
0206,2,92,428.94
0206,2,93,434.65
0206,2,94,440.4
0206,2,95,446.1
0206,2,96,451.78
0206,2,97,457.52
0206,2,98,463.22
0206,2,99,468.94
0206,2,100,474.72
0206,2,101,480.43
0206,2,102,486.12
0206,2,103,491.82
0206,2,104,497.58
0206,2,105,503.31
0206,2,106,509.04
0206,2,107,514.73
0206,2,108,520.42
0206,2,109,526.15
0206,2,110,531.89
0206,2,111,537.64
0206,2,112,543.32
0206,2,113,549.08
0206,2,114,554.78
0206,2,115,560.46
0206,2,116,566.19
0206,2,117,571.97
0206,2,118,577.61
0206,2,119,583.42
0206,2,120,589.13
0206,2,121,594.79
0206,2,122,600.59
0206,2,123,606.24
0206,2,124,611.96
0206,2,125,617.72
0206,2,126,623.45
0206,2,127,629.18
0206,2,128,634.8
0206,2,129,640.56
0206,2,130,646.26
0206,2,131,652.04
0206,2,132,657.71
0206,2,133,663.48
0206,2,134,669.15
0206,2,135,674.95
0206,2,136,680.67
0206,2,137,686.27
0206,2,138,691.99
0206,2,139,697.76
0206,2,140,703.48
0206,2,141,709.18
0206,2,142,714.9
0206,2,143,720.66
0206,2,144,726.42
0206,2,145,732.09
0206,2,146,737.87
0206,2,147,743.57
0206,2,148,749.29
0206,2,149,754.95
0206,2,150,760.7
0206,2,151,766.41
0206,2,152,772.08
0206,2,153,777.93
0206,2,154,783.54
0206,2,155,789.37
0206,2,156,795.01
0206,2,157,800.78
0206,2,158,806.38
0206,2,159,812.2
0206,2,160,817.81
0206,2,161,823.64
0206,2,162,829.26
0206,2,163,835.11
0206,2,164,840.73
0206,2,165,846.56
0206,2,166,852.16
0206,2,167,857.97
0206,2,168,863.62
0206,2,169,869.43
0206,2,170,875.05
0206,2,171,880.78
0206,2,172,886.57
0206,2,173,892.23
0206,2,174,897.92
0206,2,175,903.62
0206,2,176,909.34
0206,2,177,915.05
0206,2,178,920.87
0206,2,179,926.57
0206,2,180,932.33
0206,2,181,938.06
0206,2,182,943.74
0206,2,183,949.47
0206,2,184,955.11
0206,2,185,960.91
0206,2,186,966.63
0206,2,187,972.27
0206,2,188,977.99
0206,2,189,983.75
0206,2,190,989.45
0206,2,191,995.15
0206,2,192,1001.0
0206,2,193,1006.72
0206,2,194,1012.41
0206,2,195,1018.18
0206,2,196,1023.89
0206,2,197,1029.55
0206,2,198,1035.25
0206,2,199,1041.02
0206,2,200,1046.65
0206,3,1,45.97
0206,3,2,45.97
0206,3,3,45.97
0206,3,4,45.97
0206,3,5,46.26
0206,3,6,46.59
0206,3,7,46.91
0206,3,8,47.23
0206,3,9,47.55
0206,3,10,47.88
0206,3,11,51.4
0206,3,12,54.91
0206,3,13,58.43
0206,3,14,61.96
0206,3,15,65.47
0206,3,16,68.99
0206,3,17,72.52
0206,3,18,76.05
0206,3,19,79.56
0206,3,20,83.08
0206,3,21,86.6
0206,3,22,90.12
0206,3,23,93.63
0206,3,24,97.15
0206,3,25,100.69
0206,3,26,104.19
0206,3,27,107.72
0206,3,28,111.24
0206,3,29,114.75
0206,3,30,118.28
0206,3,31,122.9
0206,3,32,127.53
0206,3,33,132.16
0206,3,34,136.77
0206,3,35,141.4
0206,3,36,146.03
0206,3,37,150.65
0206,3,38,155.27
0206,3,39,159.91
0206,3,40,164.55
0206,3,41,169.16
0206,3,42,173.79
0206,3,43,178.41
0206,3,44,183.04
0206,3,45,187.67
0206,3,46,192.31
0206,3,47,196.92
0206,3,48,201.56
0206,3,49,206.17
0206,3,50,210.79
0206,3,51,215.43
0206,3,52,220.07
0206,3,53,224.68
0206,3,54,229.3
0206,3,55,233.91
0206,3,56,238.55
0206,3,57,243.17
0206,3,58,247.8
0206,3,59,252.41
0206,3,60,257.08
0206,3,61,261.7
0206,3,62,266.33
0206,3,63,270.93
0206,3,64,275.56
0206,3,65,280.18
0206,3,66,284.83
0206,3,67,289.46
0206,3,68,294.08
0206,3,69,298.71
0206,3,70,303.31
0206,3,71,309.04
0206,3,72,314.75
0206,3,73,320.48
0206,3,74,326.22
0206,3,75,331.89
0206,3,76,337.65
0206,3,77,343.33
0206,3,78,349.05
0206,3,79,354.82
0206,3,80,360.48
0206,3,81,366.2
0206,3,82,371.94
0206,3,83,377.72
0206,3,84,383.4
0206,3,85,389.09
0206,3,86,394.83
0206,3,87,400.59
0206,3,88,406.24
0206,3,89,412.03
0206,3,90,417.68
0206,3,91,423.41
0206,3,92,429.15
0206,3,93,434.86
0206,3,94,440.62
0206,3,95,446.28
0206,3,96,452.01
0206,3,97,457.73
0206,3,98,463.51
0206,3,99,469.18
0206,3,100,474.95
0206,3,101,480.64
0206,3,102,486.33
0206,3,103,492.08
0206,3,104,497.79
0206,3,105,503.55
0206,3,106,509.23
0206,3,107,514.96
0206,3,108,520.72
0206,3,109,526.41
0206,3,110,532.17
0206,3,111,537.87
0206,3,112,543.53
0206,3,113,549.33
0206,3,114,554.95
0206,3,115,560.69
0206,3,116,566.44
0206,3,117,572.19
0206,3,118,577.93
0206,3,119,583.63
0206,3,120,589.3
0206,3,121,595.0
0206,3,122,600.8
0206,3,123,606.52
0206,3,124,612.22
0206,3,125,617.92
0206,3,126,623.62
0206,3,127,629.32
0206,3,128,635.09
0206,3,129,640.81
0206,3,130,646.46
0206,3,131,652.18
0206,3,132,657.94
0206,3,133,663.7
0206,3,134,669.33
0206,3,135,675.16
0206,3,136,680.83
0206,3,137,686.62
0206,3,138,692.28
0206,3,139,697.93
0206,3,140,703.68
0206,3,141,709.44
0206,3,142,715.21
0206,3,143,720.9
0206,3,144,726.58
0206,3,145,732.28
0206,3,146,738.08
0206,3,147,743.74
0206,3,148,749.49
0206,3,149,755.2
0206,3,150,760.98
0206,3,151,766.62
0206,3,152,772.37
0206,3,153,778.12
0206,3,154,783.85
0206,3,155,789.54
0206,3,156,795.28
0206,3,157,800.97
0206,3,158,806.71
0206,3,159,812.43
0206,3,160,818.14
0206,3,161,823.87
0206,3,162,829.61
0206,3,163,835.2
0206,3,164,840.99
0206,3,165,846.65
0206,3,166,852.48
0206,3,167,858.16
0206,3,168,863.89
0206,3,169,869.6
0206,3,170,875.25
0206,3,171,881.04
0206,3,172,886.71
0206,3,173,892.52
0206,3,174,898.26
0206,3,175,903.92
0206,3,176,909.68
0206,3,177,915.41
0206,3,178,921.15
0206,3,179,926.86
0206,3,180,932.44
0206,3,181,938.29
0206,3,182,944.01
0206,3,183,949.62
0206,3,184,955.44
0206,3,185,961.16
0206,3,186,966.81
0206,3,187,972.56
0206,3,188,978.36
0206,3,189,983.9
0206,3,190,989.73
0206,3,191,995.33
0206,3,192,1001.16
0206,3,193,1006.8
0206,3,194,1012.61
0206,3,195,1018.3
0206,3,196,1024.01
0206,3,197,1029.83
0206,3,198,1035.5
0206,3,199,1041.12
0206,3,200,1046.85
0206,4,1,45.97
0206,4,2,45.97
0206,4,3,45.97
0206,4,4,46.16
0206,4,5,46.48
0206,4,6,46.81
0206,4,7,47.13
0206,4,8,47.45
0206,4,9,47.78
0206,4,10,48.1
0206,4,11,51.62
0206,4,12,55.14
0206,4,13,58.65
0206,4,14,62.18
0206,4,15,65.7
0206,4,16,69.21
0206,4,17,72.74
0206,4,18,76.26
0206,4,19,79.78
0206,4,20,83.31
0206,4,21,86.83
0206,4,22,90.34
0206,4,23,93.86
0206,4,24,97.37
0206,4,25,100.9
0206,4,26,104.42
0206,4,27,107.94
0206,4,28,111.46
0206,4,29,114.98
0206,4,30,118.49
0206,4,31,123.13
0206,4,32,127.74
0206,4,33,132.38
0206,4,34,137.0
0206,4,35,141.62
0206,4,36,146.26
0206,4,37,150.89
0206,4,38,155.5
0206,4,39,160.13
0206,4,40,164.77
0206,4,41,169.37
0206,4,42,174.02
0206,4,43,178.65
0206,4,44,183.27
0206,4,45,187.9
0206,4,46,192.51
0206,4,47,197.13
0206,4,48,201.78
0206,4,49,206.38
0206,4,50,211.03
0206,4,51,215.66
0206,4,52,220.27
0206,4,53,224.88
0206,4,54,229.53
0206,4,55,234.16
0206,4,56,238.79
0206,4,57,243.39
0206,4,58,248.05
0206,4,59,252.67
0206,4,60,257.3
0206,4,61,261.89
0206,4,62,266.54
0206,4,63,271.13
0206,4,64,275.79
0206,4,65,280.41
0206,4,66,285.04
0206,4,67,289.68
0206,4,68,294.28
0206,4,69,298.94
0206,4,70,303.52
0206,4,71,309.29
0206,4,72,314.97
0206,4,73,320.68
0206,4,74,326.39
0206,4,75,332.12
0206,4,76,337.87
0206,4,77,343.6
0206,4,78,349.32
0206,4,79,354.98
0206,4,80,360.77
0206,4,81,366.45
0206,4,82,372.15
0206,4,83,377.91
0206,4,84,383.59
0206,4,85,389.35
0206,4,86,395.02
0206,4,87,400.8
0206,4,88,406.46
0206,4,89,412.21
0206,4,90,417.91
0206,4,91,423.67
0206,4,92,429.35
0206,4,93,435.1
0206,4,94,440.81
0206,4,95,446.53
0206,4,96,452.22
0206,4,97,458.0
0206,4,98,463.67
0206,4,99,469.4
0206,4,100,475.09
0206,4,101,480.86
0206,4,102,486.57
0206,4,103,492.27
0206,4,104,497.98
0206,4,105,503.76
0206,4,106,509.45
0206,4,107,515.14
0206,4,108,520.89
0206,4,109,526.65
0206,4,110,532.35
0206,4,111,538.07
0206,4,112,543.76
0206,4,113,549.5
0206,4,114,555.17
0206,4,115,560.98
0206,4,116,566.68
0206,4,117,572.41
0206,4,118,578.14
0206,4,119,583.86
0206,4,120,589.59
0206,4,121,595.26
0206,4,122,601.03
0206,4,123,606.64
0206,4,124,612.45
0206,4,125,618.07
0206,4,126,623.91
0206,4,127,629.6
0206,4,128,635.26
0206,4,129,641.07
0206,4,130,646.69
0206,4,131,652.45
0206,4,132,658.12
0206,4,133,663.84
0206,4,134,669.67
0206,4,135,675.31
0206,4,136,681.11
0206,4,137,686.73
0206,4,138,692.55
0206,4,139,698.2
0206,4,140,703.93
0206,4,141,709.71
0206,4,142,715.37
0206,4,143,721.05
0206,4,144,726.88
0206,4,145,732.59
0206,4,146,738.28
0206,4,147,743.91
0206,4,148,749.64
0206,4,149,755.39
0206,4,150,761.09
0206,4,151,766.84
0206,4,152,772.62
0206,4,153,778.37
0206,4,154,783.98
0206,4,155,789.73
0206,4,156,795.46
0206,4,157,801.25
0206,4,158,806.87
0206,4,159,812.56
0206,4,160,818.32
0206,4,161,824.11
0206,4,162,829.78
0206,4,163,835.46
0206,4,164,841.23
0206,4,165,846.97
0206,4,166,852.59
0206,4,167,858.38
0206,4,168,864.01
0206,4,169,869.87
0206,4,170,875.49
0206,4,171,881.17
0206,4,172,887.03
0206,4,173,892.68
0206,4,174,898.37
0206,4,175,904.05
0206,4,176,909.84
0206,4,177,915.6
0206,4,178,921.35
0206,4,179,926.99
0206,4,180,932.73
0206,4,181,938.53
0206,4,182,944.24
0206,4,183,949.93
0206,4,184,955.61
0206,4,185,961.33
0206,4,186,967.13
0206,4,187,972.68
0206,4,188,978.55
0206,4,189,984.23
0206,4,190,990.0
0206,4,191,995.73
0206,4,192,1001.38
0206,4,193,1007.15
0206,4,194,1012.73
0206,4,195,1018.46
0206,4,196,1024.25
0206,4,197,1030.06
0206,4,198,1035.62
0206,4,199,1041.42
0206,4,200,1047.18
0206,5,1,45.97
0206,5,2,45.97
0206,5,3,46.05
0206,5,4,46.37
0206,5,5,46.7
0206,5,6,47.03
0206,5,7,47.35
0206,5,8,47.67
0206,5,9,48.0
0206,5,10,48.32
0206,5,11,51.84
0206,5,12,55.36
0206,5,13,58.88
0206,5,14,62.39
0206,5,15,65.92
0206,5,16,69.44
0206,5,17,72.97
0206,5,18,76.47
0206,5,19,80.0
0206,5,20,83.52
0206,5,21,87.04
0206,5,22,90.56
0206,5,23,94.08
0206,5,24,97.61
0206,5,25,101.12
0206,5,26,104.64
0206,5,27,108.16
0206,5,28,111.69
0206,5,29,115.19
0206,5,30,118.72
0206,5,31,123.35
0206,5,32,127.96
0206,5,33,132.6
0206,5,34,137.22
0206,5,35,141.83
0206,5,36,146.48
0206,5,37,151.09
0206,5,38,155.74
0206,5,39,160.34
0206,5,40,164.98
0206,5,41,169.6
0206,5,42,174.22
0206,5,43,178.87
0206,5,44,183.49
0206,5,45,188.11
0206,5,46,192.72
0206,5,47,197.35
0206,5,48,202.01
0206,5,49,206.63
0206,5,50,211.25
0206,5,51,215.86
0206,5,52,220.48
0206,5,53,225.1
0206,5,54,229.75
0206,5,55,234.39
0206,5,56,238.97
0206,5,57,243.62
0206,5,58,248.24
0206,5,59,252.87
0206,5,60,257.5
0206,5,61,262.13
0206,5,62,266.73
0206,5,63,271.38
0206,5,64,276.02
0206,5,65,280.62
0206,5,66,285.25
0206,5,67,289.89
0206,5,68,294.49
0206,5,69,299.14
0206,5,70,303.73
0206,5,71,309.46
0206,5,72,315.22
0206,5,73,320.89
0206,5,74,326.63
0206,5,75,332.33
0206,5,76,338.09
0206,5,77,343.81
0206,5,78,349.53
0206,5,79,355.24
0206,5,80,360.99
0206,5,81,366.69
0206,5,82,372.41
0206,5,83,378.12
0206,5,84,383.82
0206,5,85,389.53
0206,5,86,395.31
0206,5,87,400.98
0206,5,88,406.74
0206,5,89,412.44
0206,5,90,418.17
0206,5,91,423.89
0206,5,92,429.58
0206,5,93,435.31
0206,5,94,441.04
0206,5,95,446.75
0206,5,96,452.5
0206,5,97,458.23
0206,5,98,463.93
0206,5,99,469.63
0206,5,100,475.34
0206,5,101,481.05
0206,5,102,486.83
0206,5,103,492.51
0206,5,104,498.23
0206,5,105,503.93
0206,5,106,509.7
0206,5,107,515.41
0206,5,108,521.07
0206,5,109,526.85
0206,5,110,532.53
0206,5,111,538.31
0206,5,112,544.05
0206,5,113,549.67
0206,5,114,555.45
0206,5,115,561.21
0206,5,116,566.87
0206,5,117,572.6
0206,5,118,578.3
0206,5,119,583.99
0206,5,120,589.77
0206,5,121,595.52
0206,5,122,601.19
0206,5,123,606.94
0206,5,124,612.59
0206,5,125,618.4
0206,5,126,624.05
0206,5,127,629.8
0206,5,128,635.51
0206,5,129,641.27
0206,5,130,646.99
0206,5,131,652.68
0206,5,132,658.42
0206,5,133,664.05
0206,5,134,669.85
0206,5,135,675.58
0206,5,136,681.31
0206,5,137,686.97
0206,5,138,692.74
0206,5,139,698.49
0206,5,140,704.18
0206,5,141,709.92
0206,5,142,715.63
0206,5,143,721.3
0206,5,144,727.06
0206,5,145,732.73
0206,5,146,738.47
0206,5,147,744.12
0206,5,148,749.94
0206,5,149,755.58
0206,5,150,761.41
0206,5,151,767.02
0206,5,152,772.83
0206,5,153,778.57
0206,5,154,784.19
0206,5,155,789.9
0206,5,156,795.67
0206,5,157,801.38
0206,5,158,807.09
0206,5,159,812.77
0206,5,160,818.6
0206,5,161,824.29
0206,5,162,829.94
0206,5,163,835.67
0206,5,164,841.51
0206,5,165,847.18
0206,5,166,852.91
0206,5,167,858.65
0206,5,168,864.36
0206,5,169,870.09
0206,5,170,875.7
0206,5,171,881.55
0206,5,172,887.2
0206,5,173,892.98
0206,5,174,898.64
0206,5,175,904.28
0206,5,176,910.05
0206,5,177,915.74
0206,5,178,921.54
0206,5,179,927.31
0206,5,180,932.89
0206,5,181,938.72
0206,5,182,944.43
0206,5,183,950.19
0206,5,184,955.77
0206,5,185,961.63
0206,5,186,967.25
0206,5,187,973.08
0206,5,188,978.64
0206,5,189,984.51
0206,5,190,990.09
0206,5,191,995.91
0206,5,192,1001.56
0206,5,193,1007.33
0206,5,194,1013.06
0206,5,195,1018.67
0206,5,196,1024.54
0206,5,197,1030.28
0206,5,198,1035.82
0206,5,199,1041.67
0206,5,200,1047.32
0206,6,1,45.97
0206,6,2,45.97
0206,6,3,46.27
0206,6,4,46.6
0206,6,5,46.92
0206,6,6,47.24
0206,6,7,47.56
0206,6,8,47.89
0206,6,9,48.22
0206,6,10,48.54
0206,6,11,52.06
0206,6,12,55.58
0206,6,13,59.1
0206,6,14,62.62
0206,6,15,66.13
0206,6,16,69.66
0206,6,17,73.18
0206,6,18,76.7
0206,6,19,80.23
0206,6,20,83.73
0206,6,21,87.26
0206,6,22,90.78
0206,6,23,94.29
0206,6,24,97.82
0206,6,25,101.34
0206,6,26,104.86
0206,6,27,108.37
0206,6,28,111.89
0206,6,29,115.43
0206,6,30,118.93
0206,6,31,123.56
0206,6,32,128.19
0206,6,33,132.82
0206,6,34,137.44
0206,6,35,142.06
0206,6,36,146.68
0206,6,37,151.33
0206,6,38,155.94
0206,6,39,160.59
0206,6,40,165.21
0206,6,41,169.82
0206,6,42,174.46
0206,6,43,179.08
0206,6,44,183.69
0206,6,45,188.33
0206,6,46,192.97
0206,6,47,197.56
0206,6,48,202.23
0206,6,49,206.82
0206,6,50,211.47
0206,6,51,216.09
0206,6,52,220.72
0206,6,53,225.32
0206,6,54,229.98
0206,6,55,234.6
0206,6,56,239.19
0206,6,57,243.83
0206,6,58,248.46
0206,6,59,253.1
0206,6,60,257.74
0206,6,61,262.33
0206,6,62,266.98
0206,6,63,271.6
0206,6,64,276.2
0206,6,65,280.86
0206,6,66,285.45
0206,6,67,290.1
0206,6,68,294.71
0206,6,69,299.33
0206,6,70,304.0
0206,6,71,309.7
0206,6,72,315.44
0206,6,73,321.13
0206,6,74,326.84
0206,6,75,332.55
0206,6,76,338.29
0206,6,77,344.04
0206,6,78,349.76
0206,6,79,355.45
0206,6,80,361.15
0206,6,81,366.89
0206,6,82,372.64
0206,6,83,378.34
0206,6,84,384.08
0206,6,85,389.77
0206,6,86,395.49
0206,6,87,401.2
0206,6,88,406.91
0206,6,89,412.66
0206,6,90,418.36
0206,6,91,424.08
0206,6,92,429.84
0206,6,93,435.55
0206,6,94,441.26
0206,6,95,446.96
0206,6,96,452.7
0206,6,97,458.46
0206,6,98,464.16
0206,6,99,469.84
0206,6,100,475.6
0206,6,101,481.31
0206,6,102,486.98
0206,6,103,492.7
0206,6,104,498.5
0206,6,105,504.22
0206,6,106,509.94
0206,6,107,515.65
0206,6,108,521.33
0206,6,109,527.04
0206,6,110,532.74
0206,6,111,538.53
0206,6,112,544.26
0206,6,113,549.88
0206,6,114,555.69
0206,6,115,561.36
0206,6,116,567.06
0206,6,117,572.83
0206,6,118,578.5
0206,6,119,584.31
0206,6,120,589.93
0206,6,121,595.74
0206,6,122,601.46
0206,6,123,607.17
0206,6,124,612.89
0206,6,125,618.62
0206,6,126,624.24
0206,6,127,629.95
0206,6,128,635.71
0206,6,129,641.39
0206,6,130,647.13
0206,6,131,652.91
0206,6,132,658.62
0206,6,133,664.29
0206,6,134,670.0
0206,6,135,675.75
0206,6,136,681.54
0206,6,137,687.22
0206,6,138,692.92
0206,6,139,698.66
0206,6,140,704.44
0206,6,141,710.09
0206,6,142,715.81
0206,6,143,721.58
0206,6,144,727.32
0206,6,145,732.93
0206,6,146,738.68
0206,6,147,744.43
0206,6,148,750.12
0206,6,149,755.92
0206,6,150,761.59
0206,6,151,767.24
0206,6,152,772.93
0206,6,153,778.71
0206,6,154,784.45
0206,6,155,790.21
0206,6,156,795.84
0206,6,157,801.59
0206,6,158,807.28
0206,6,159,813.12
0206,6,160,818.77
0206,6,161,824.54
0206,6,162,830.16
0206,6,163,835.94
0206,6,164,841.7
0206,6,165,847.41
0206,6,166,853.04
0206,6,167,858.73
0206,6,168,864.48
0206,6,169,870.19
0206,6,170,876.03
0206,6,171,881.6
0206,6,172,887.37
0206,6,173,893.06
0206,6,174,898.83
0206,6,175,904.48
0206,6,176,910.21
0206,6,177,915.96
0206,6,178,921.68
0206,6,179,927.39
0206,6,180,933.21
0206,6,181,938.88
0206,6,182,944.52
0206,6,183,950.26
0206,6,184,956.04
0206,6,185,961.77
0206,6,186,967.41
0206,6,187,973.2
0206,6,188,978.98
0206,6,189,984.73
0206,6,190,990.36
0206,6,191,996.05
0206,6,192,1001.86
0206,6,193,1007.5
0206,6,194,1013.27
0206,6,195,1018.96
0206,6,196,1024.66
0206,6,197,1030.48
0206,6,198,1036.22
0206,6,199,1041.81
0206,6,200,1047.59
0206,7,1,45.97
0206,7,2,46.17
0206,7,3,46.49
0206,7,4,46.82
0206,7,5,47.14
0206,7,6,47.46
0206,7,7,47.79
0206,7,8,48.11
0206,7,9,48.44
0206,7,10,48.76
0206,7,11,52.28
0206,7,12,55.8
0206,7,13,59.32
0206,7,14,62.83
0206,7,15,66.36
0206,7,16,69.88
0206,7,17,73.4
0206,7,18,76.92
0206,7,19,80.45
0206,7,20,83.96
0206,7,21,87.49
0206,7,22,91.01
0206,7,23,94.53
0206,7,24,98.04
0206,7,25,101.55
0206,7,26,105.08
0206,7,27,108.6
0206,7,28,112.12
0206,7,29,115.64
0206,7,30,119.17
0206,7,31,123.8
0206,7,32,128.42
0206,7,33,133.04
0206,7,34,137.67
0206,7,35,142.29
0206,7,36,146.92
0206,7,37,151.53
0206,7,38,156.17
0206,7,39,160.78
0206,7,40,165.41
0206,7,41,170.05
0206,7,42,174.68
0206,7,43,179.29
0206,7,44,183.93
0206,7,45,188.56
0206,7,46,193.16
0206,7,47,197.8
0206,7,48,202.42
0206,7,49,207.05
0206,7,50,211.68
0206,7,51,216.31
0206,7,52,220.94
0206,7,53,225.57
0206,7,54,230.17
0206,7,55,234.82
0206,7,56,239.43
0206,7,57,244.08
0206,7,58,248.69
0206,7,59,253.3
0206,7,60,257.93
0206,7,61,262.58
0206,7,62,267.21
0206,7,63,271.82
0206,7,64,276.46
0206,7,65,281.05
0206,7,66,285.69
0206,7,67,290.34
0206,7,68,294.97
0206,7,69,299.57
0206,7,70,304.18
0206,7,71,309.9
0206,7,72,315.61
0206,7,73,321.33
0206,7,74,327.06
0206,7,75,332.83
0206,7,76,338.52
0206,7,77,344.24
0206,7,78,349.96
0206,7,79,355.65
0206,7,80,361.4
0206,7,81,367.15
0206,7,82,372.83
0206,7,83,378.56
0206,7,84,384.28
0206,7,85,390.03
0206,7,86,395.7
0206,7,87,401.41
0206,7,88,407.18
0206,7,89,412.9
0206,7,90,418.56
0206,7,91,424.34
0206,7,92,430.03
0206,7,93,435.78
0206,7,94,441.51
0206,7,95,447.2
0206,7,96,452.89
0206,7,97,458.67
0206,7,98,464.33
0206,7,99,470.08
0206,7,100,475.81
0206,7,101,481.56
0206,7,102,487.27
0206,7,103,492.96
0206,7,104,498.68
0206,7,105,504.4
0206,7,106,510.1
0206,7,107,515.81
0206,7,108,521.58
0206,7,109,527.3
0206,7,110,532.98
0206,7,111,538.72
0206,7,112,544.4
0206,7,113,550.17
0206,7,114,555.86
0206,7,115,561.55
0206,7,116,567.35
0206,7,117,573.06
0206,7,118,578.81
0206,7,119,584.51
0206,7,120,590.16
0206,7,121,595.89
0206,7,122,601.61
0206,7,123,607.41
0206,7,124,613.09
0206,7,125,618.83
0206,7,126,624.56
0206,7,127,630.24
0206,7,128,635.9
0206,7,129,641.62
0206,7,130,647.44
0206,7,131,653.07
0206,7,132,658.79
0206,7,133,664.58
0206,7,134,670.33
0206,7,135,676.04
0206,7,136,681.65
0206,7,137,687.38
0206,7,138,693.16
0206,7,139,698.91
0206,7,140,704.62
0206,7,141,710.32
0206,7,142,716.01
0206,7,143,721.68
0206,7,144,727.44
0206,7,145,733.19
0206,7,146,738.93
0206,7,147,744.67
0206,7,148,750.31
0206,7,149,756.09
0206,7,150,761.74
0206,7,151,767.44
0206,7,152,773.22
0206,7,153,778.95
0206,7,154,784.63
0206,7,155,790.41
0206,7,156,796.05
0206,7,157,801.91
0206,7,158,807.49
0206,7,159,813.2
0206,7,160,818.93
0206,7,161,824.65
0206,7,162,830.38
0206,7,163,836.09
0206,7,164,841.9
0206,7,165,847.62
0206,7,166,853.3
0206,7,167,859.02
0206,7,168,864.78
0206,7,169,870.39
0206,7,170,876.21
0206,7,171,881.95
0206,7,172,887.56
0206,7,173,893.28
0206,7,174,899.05
0206,7,175,904.72
0206,7,176,910.45
0206,7,177,916.16
0206,7,178,921.99
0206,7,179,927.66
0206,7,180,933.43
0206,7,181,939.14
0206,7,182,944.91
0206,7,183,950.6
0206,7,184,956.35
0206,7,185,961.93
0206,7,186,967.73
0206,7,187,973.47
0206,7,188,979.06
0206,7,189,984.88
0206,7,190,990.57
0206,7,191,996.27
0206,7,192,1002.03
0206,7,193,1007.78
0206,7,194,1013.46
0206,7,195,1019.26
0206,7,196,1024.97
0206,7,197,1030.68
0206,7,198,1036.26
0206,7,199,1042.12
0206,7,200,1047.74
0206,8,1,46.06
0206,8,2,46.39
0206,8,3,46.72
0206,8,4,47.04
0206,8,5,47.36
0206,8,6,47.68
0206,8,7,48.01
0206,8,8,48.33
0206,8,9,48.66
0206,8,10,48.98
0206,8,11,52.5
0206,8,12,56.02
0206,8,13,59.54
0206,8,14,63.06
0206,8,15,66.58
0206,8,16,70.1
0206,8,17,73.62
0206,8,18,77.15
0206,8,19,80.66
0206,8,20,84.18
0206,8,21,87.69
0206,8,22,91.22
0206,8,23,94.74
0206,8,24,98.26
0206,8,25,101.77
0206,8,26,105.3
0206,8,27,108.82
0206,8,28,112.33
0206,8,29,115.86
0206,8,30,119.38
0206,8,31,123.99
0206,8,32,128.62
0206,8,33,133.27
0206,8,34,137.87
0206,8,35,142.5
0206,8,36,147.13
0206,8,37,151.76
0206,8,38,156.38
0206,8,39,161.01
0206,8,40,165.63
0206,8,41,170.28
0206,8,42,174.88
0206,8,43,179.5
0206,8,44,184.16
0206,8,45,188.78
0206,8,46,193.41
0206,8,47,198.0
0206,8,48,202.67
0206,8,49,207.29
0206,8,50,211.9
0206,8,51,216.52
0206,8,52,221.14
0206,8,53,225.76
0206,8,54,230.4
0206,8,55,235.01
0206,8,56,239.66
0206,8,57,244.26
0206,8,58,248.92
0206,8,59,253.56
0206,8,60,258.16
0206,8,61,262.8
0206,8,62,267.39
0206,8,63,272.02
0206,8,64,276.64
0206,8,65,281.28
0206,8,66,285.92
0206,8,67,290.56
0206,8,68,295.16
0206,8,69,299.78
0206,8,70,304.44
0206,8,71,310.16
0206,8,72,315.87
0206,8,73,321.59
0206,8,74,327.28
0206,8,75,333.03
0206,8,76,338.72
0206,8,77,344.44
0206,8,78,350.15
0206,8,79,355.91
0206,8,80,361.65
0206,8,81,367.33
0206,8,82,373.06
0206,8,83,378.81
0206,8,84,384.51
0206,8,85,390.21
0206,8,86,395.97
0206,8,87,401.64
0206,8,88,407.34
0206,8,89,413.09
0206,8,90,418.83
0206,8,91,424.58
0206,8,92,430.25
0206,8,93,435.97
0206,8,94,441.67
0206,8,95,447.39
0206,8,96,453.13
0206,8,97,458.82
0206,8,98,464.61
0206,8,99,470.27
0206,8,100,476.01
0206,8,101,481.7
0206,8,102,487.46
0206,8,103,493.2
0206,8,104,498.93
0206,8,105,504.62
0206,8,106,510.29
0206,8,107,516.01
0206,8,108,521.82
0206,8,109,527.53
0206,8,110,533.22
0206,8,111,538.89
0206,8,112,544.64
0206,8,113,550.4
0206,8,114,556.05
0206,8,115,561.78
0206,8,116,567.54
0206,8,117,573.26
0206,8,118,578.98
0206,8,119,584.73
0206,8,120,590.43
0206,8,121,596.13
0206,8,122,601.81
0206,8,123,607.52
0206,8,124,613.32
0206,8,125,619.07
0206,8,126,624.76
0206,8,127,630.45
0206,8,128,636.13
0206,8,129,641.83
0206,8,130,647.61
0206,8,131,653.3
0206,8,132,659.05
0206,8,133,664.74
0206,8,134,670.44
0206,8,135,676.15
0206,8,136,681.98
0206,8,137,687.63
0206,8,138,693.38
0206,8,139,699.06
0206,8,140,704.78
0206,8,141,710.57
0206,8,142,716.21
0206,8,143,722.0
0206,8,144,727.62
0206,8,145,733.42
0206,8,146,739.08
0206,8,147,744.86
0206,8,148,750.58
0206,8,149,756.27
0206,8,150,762.0
0206,8,151,767.72
0206,8,152,773.41
0206,8,153,779.1
0206,8,154,784.83
0206,8,155,790.53
0206,8,156,796.28
0206,8,157,802.08
0206,8,158,807.83
0206,8,159,813.44
0206,8,160,819.19
0206,8,161,824.98
0206,8,162,830.72
0206,8,163,836.36
0206,8,164,842.05
0206,8,165,847.8
0206,8,166,853.51
0206,8,167,859.3
0206,8,168,864.9
0206,8,169,870.7
0206,8,170,876.41
0206,8,171,882.19
0206,8,172,887.88
0206,8,173,893.56
0206,8,174,899.2
0206,8,175,905.1
0206,8,176,910.71
0206,8,177,916.43
0206,8,178,922.13
0206,8,179,927.86
0206,8,180,933.62
0206,8,181,939.38
0206,8,182,945.1
0206,8,183,950.68
0206,8,184,956.5
0206,8,185,962.24
0206,8,186,967.85
0206,8,187,973.6
0206,8,188,979.27
0206,8,189,985.12
0206,8,190,990.82
0206,8,191,996.54
0206,8,192,1002.34
0206,8,193,1007.88
0206,8,194,1013.73
0206,8,195,1019.46
0206,8,196,1025.2
0206,8,197,1030.87
0206,8,198,1036.52
0206,8,199,1042.18
0206,8,200,1047.95
0207,2,1,7.85
0207,2,2,7.85
0207,2,3,7.85
0207,2,4,7.85
0207,2,5,7.89
0207,2,6,8.1
0207,2,7,8.32
0207,2,8,8.53
0207,2,9,8.75
0207,2,10,8.97
0207,2,11,9.32
0207,2,12,9.68
0207,2,13,10.04
0207,2,14,10.39
0207,2,15,10.75
0207,2,16,11.1
0207,2,17,11.46
0207,2,18,11.82
0207,2,19,12.17
0207,2,20,12.53
0207,2,21,12.89
0207,2,22,13.24
0207,2,23,13.6
0207,2,24,13.95
0207,2,25,14.31
0207,2,26,14.67
0207,2,27,15.02
0207,2,28,15.38
0207,2,29,15.73
0207,2,30,16.09
0207,2,31,16.54
0207,2,32,16.98
0207,2,33,17.43
0207,2,34,17.88
0207,2,35,18.32
0207,2,36,18.77
0207,2,37,19.22
0207,2,38,19.67
0207,2,39,20.11
0207,2,40,20.56
0207,2,41,21.01
0207,2,42,21.46
0207,2,43,21.9
0207,2,44,22.35
0207,2,45,22.8
0207,2,46,23.24
0207,2,47,23.69
0207,2,48,24.14
0207,2,49,24.59
0207,2,50,25.03
0207,2,51,25.48
0207,2,52,25.92
0207,2,53,26.37
0207,2,54,26.82
0207,2,55,27.27
0207,2,56,27.71
0207,2,57,28.16
0207,2,58,28.6
0207,2,59,29.05
0207,2,60,29.5
0207,2,61,29.94
0207,2,62,30.4
0207,2,63,30.84
0207,2,64,31.29
0207,2,65,31.74
0207,2,66,32.19
0207,2,67,32.63
0207,2,68,33.08
0207,2,69,33.52
0207,2,70,33.97
0207,2,71,34.54
0207,2,72,35.1
0207,2,73,35.67
0207,2,74,36.24
0207,2,75,36.8
0207,2,76,37.36
0207,2,77,37.93
0207,2,78,38.49
0207,2,79,39.07
0207,2,80,39.63
0207,2,81,40.19
0207,2,82,40.76
0207,2,83,41.33
0207,2,84,41.89
0207,2,85,42.46
0207,2,86,43.02
0207,2,87,43.59
0207,2,88,44.16
0207,2,89,44.72
0207,2,90,45.29
0207,2,91,45.85
0207,2,92,46.41
0207,2,93,46.98
0207,2,94,47.55
0207,2,95,48.11
0207,2,96,48.68
0207,2,97,49.24
0207,2,98,49.81
0207,2,99,50.38
0207,2,100,50.94
0207,2,101,51.51
0207,2,102,52.07
0207,2,103,52.64
0207,2,104,53.2
0207,2,105,53.77
0207,2,106,54.34
0207,2,107,54.9
0207,2,108,55.46
0207,2,109,56.03
0207,2,110,56.6
0207,2,111,57.16
0207,2,112,57.73
0207,2,113,58.3
0207,2,114,58.86
0207,2,115,59.42
0207,2,116,59.99
0207,2,117,60.55
0207,2,118,61.13
0207,2,119,61.68
0207,2,120,62.25
0207,2,121,62.83
0207,2,122,63.39
0207,2,123,63.95
0207,2,124,64.52
0207,2,125,65.09
0207,2,126,65.65
0207,2,127,66.22
0207,2,128,66.78
0207,2,129,67.35
0207,2,130,67.91
0207,2,131,68.48
0207,2,132,69.05
0207,2,133,69.61
0207,2,134,70.18
0207,2,135,70.73
0207,2,136,71.3
0207,2,137,71.87
0207,2,138,72.44
0207,2,139,73.0
0207,2,140,73.57
0207,2,141,74.14
0207,2,142,74.7
0207,2,143,75.26
0207,2,144,75.83
0207,2,145,76.4
0207,2,146,76.97
0207,2,147,77.52
0207,2,148,78.09
0207,2,149,78.67
0207,2,150,79.23
0207,2,151,79.79
0207,2,152,80.36
0207,2,153,80.92
0207,2,154,81.48
0207,2,155,82.06
0207,2,156,82.62
0207,2,157,83.19
0207,2,158,83.75
0207,2,159,84.32
0207,2,160,84.88
0207,2,161,85.45
0207,2,162,86.02
0207,2,163,86.59
0207,2,164,87.15
0207,2,165,87.71
0207,2,166,88.28
0207,2,167,88.84
0207,2,168,89.4
0207,2,169,89.97
0207,2,170,90.54
0207,2,171,91.1
0207,2,172,91.67
0207,2,173,92.23
0207,2,174,92.8
0207,2,175,93.36
0207,2,176,93.94
0207,2,177,94.49
0207,2,178,95.06
0207,2,179,95.64
0207,2,180,96.19
0207,2,181,96.77
0207,2,182,97.34
0207,2,183,97.89
0207,2,184,98.46
0207,2,185,99.02
0207,2,186,99.59
0207,2,187,100.16
0207,2,188,100.73
0207,2,189,101.28
0207,2,190,101.86
0207,2,191,102.42
0207,2,192,102.99
0207,2,193,103.55
0207,2,194,104.13
0207,2,195,104.68
0207,2,196,105.24
0207,2,197,105.81
0207,2,198,106.39
0207,2,199,106.95
0207,2,200,107.51
0207,3,1,7.85
0207,3,2,7.85
0207,3,3,7.85
0207,3,4,7.85
0207,3,5,8.05
0207,3,6,8.27
0207,3,7,8.49
0207,3,8,8.7
0207,3,9,8.92
0207,3,10,9.14
0207,3,11,9.49
0207,3,12,9.85
0207,3,13,10.2
0207,3,14,10.56
0207,3,15,10.92
0207,3,16,11.27
0207,3,17,11.63
0207,3,18,11.98
0207,3,19,12.34
0207,3,20,12.7
0207,3,21,13.05
0207,3,22,13.41
0207,3,23,13.77
0207,3,24,14.12
0207,3,25,14.48
0207,3,26,14.83
0207,3,27,15.19
0207,3,28,15.55
0207,3,29,15.9
0207,3,30,16.26
0207,3,31,16.7
0207,3,32,17.15
0207,3,33,17.6
0207,3,34,18.05
0207,3,35,18.49
0207,3,36,18.94
0207,3,37,19.39
0207,3,38,19.83
0207,3,39,20.28
0207,3,40,20.73
0207,3,41,21.17
0207,3,42,21.62
0207,3,43,22.07
0207,3,44,22.52
0207,3,45,22.96
0207,3,46,23.41
0207,3,47,23.86
0207,3,48,24.31
0207,3,49,24.75
0207,3,50,25.2
0207,3,51,25.64
0207,3,52,26.09
0207,3,53,26.54
0207,3,54,26.99
0207,3,55,27.43
0207,3,56,27.88
0207,3,57,28.33
0207,3,58,28.78
0207,3,59,29.22
0207,3,60,29.67
0207,3,61,30.12
0207,3,62,30.56
0207,3,63,31.01
0207,3,64,31.45
0207,3,65,31.9
0207,3,66,32.35
0207,3,67,32.8
0207,3,68,33.25
0207,3,69,33.69
0207,3,70,34.14
0207,3,71,34.7
0207,3,72,35.27
0207,3,73,35.84
0207,3,74,36.4
0207,3,75,36.97
0207,3,76,37.53
0207,3,77,38.1
0207,3,78,38.67
0207,3,79,39.23
0207,3,80,39.8
0207,3,81,40.36
0207,3,82,40.93
0207,3,83,41.49
0207,3,84,42.06
0207,3,85,42.63
0207,3,86,43.19
0207,3,87,43.75
0207,3,88,44.32
0207,3,89,44.88
0207,3,90,45.45
0207,3,91,46.01
0207,3,92,46.58
0207,3,93,47.15
0207,3,94,47.72
0207,3,95,48.28
0207,3,96,48.85
0207,3,97,49.41
0207,3,98,49.98
0207,3,99,50.55
0207,3,100,51.11
0207,3,101,51.68
0207,3,102,52.24
0207,3,103,52.8
0207,3,104,53.37
0207,3,105,53.94
0207,3,106,54.5
0207,3,107,55.07
0207,3,108,55.63
0207,3,109,56.2
0207,3,110,56.77
0207,3,111,57.33
0207,3,112,57.9
0207,3,113,58.46
0207,3,114,59.03
0207,3,115,59.59
0207,3,116,60.16
0207,3,117,60.72
0207,3,118,61.29
0207,3,119,61.85
0207,3,120,62.42
0207,3,121,62.98
0207,3,122,63.56
0207,3,123,64.12
0207,3,124,64.68
0207,3,125,65.25
0207,3,126,65.82
0207,3,127,66.38
0207,3,128,66.94
0207,3,129,67.51
0207,3,130,68.08
0207,3,131,68.64
0207,3,132,69.22
0207,3,133,69.78
0207,3,134,70.35
0207,3,135,70.91
0207,3,136,71.47
0207,3,137,72.04
0207,3,138,72.6
0207,3,139,73.18
0207,3,140,73.73
0207,3,141,74.3
0207,3,142,74.87
0207,3,143,75.43
0207,3,144,76.0
0207,3,145,76.56
0207,3,146,77.14
0207,3,147,77.69
0207,3,148,78.27
0207,3,149,78.83
0207,3,150,79.4
0207,3,151,79.96
0207,3,152,80.52
0207,3,153,81.09
0207,3,154,81.66
0207,3,155,82.23
0207,3,156,82.78
0207,3,157,83.35
0207,3,158,83.93
0207,3,159,84.48
0207,3,160,85.06
0207,3,161,85.62
0207,3,162,86.19
0207,3,163,86.75
0207,3,164,87.31
0207,3,165,87.88
0207,3,166,88.45
0207,3,167,89.0
0207,3,168,89.57
0207,3,169,90.14
0207,3,170,90.71
0207,3,171,91.27
0207,3,172,91.83
0207,3,173,92.41
0207,3,174,92.97
0207,3,175,93.53
0207,3,176,94.1
0207,3,177,94.66
0207,3,178,95.23
0207,3,179,95.81
0207,3,180,96.37
0207,3,181,96.93
0207,3,182,97.5
0207,3,183,98.07
0207,3,184,98.63
0207,3,185,99.19
0207,3,186,99.76
0207,3,187,100.33
0207,3,188,100.89
0207,3,189,101.45
0207,3,190,102.02
0207,3,191,102.59
0207,3,192,103.15
0207,3,193,103.72
0207,3,194,104.29
0207,3,195,104.85
0207,3,196,105.43
0207,3,197,105.98
0207,3,198,106.55
0207,3,199,107.11
0207,3,200,107.67
0207,4,1,7.85
0207,4,2,7.85
0207,4,3,7.85
0207,4,4,8.0
0207,4,5,8.22
0207,4,6,8.44
0207,4,7,8.65
0207,4,8,8.87
0207,4,9,9.09
0207,4,10,9.3
0207,4,11,9.66
0207,4,12,10.02
0207,4,13,10.37
0207,4,14,10.73
0207,4,15,11.08
0207,4,16,11.44
0207,4,17,11.8
0207,4,18,12.15
0207,4,19,12.51
0207,4,20,12.86
0207,4,21,13.22
0207,4,22,13.58
0207,4,23,13.93
0207,4,24,14.29
0207,4,25,14.65
0207,4,26,15.0
0207,4,27,15.36
0207,4,28,15.71
0207,4,29,16.07
0207,4,30,16.43
0207,4,31,16.87
0207,4,32,17.32
0207,4,33,17.77
0207,4,34,18.21
0207,4,35,18.66
0207,4,36,19.11
0207,4,37,19.55
0207,4,38,20.0
0207,4,39,20.45
0207,4,40,20.9
0207,4,41,21.34
0207,4,42,21.79
0207,4,43,22.24
0207,4,44,22.68
0207,4,45,23.13
0207,4,46,23.58
0207,4,47,24.03
0207,4,48,24.47
0207,4,49,24.92
0207,4,50,25.37
0207,4,51,25.81
0207,4,52,26.26
0207,4,53,26.7
0207,4,54,27.15
0207,4,55,27.6
0207,4,56,28.05
0207,4,57,28.49
0207,4,58,28.94
0207,4,59,29.39
0207,4,60,29.83
0207,4,61,30.28
0207,4,62,30.73
0207,4,63,31.17
0207,4,64,31.63
0207,4,65,32.07
0207,4,66,32.52
0207,4,67,32.96
0207,4,68,33.41
0207,4,69,33.86
0207,4,70,34.31
0207,4,71,34.87
0207,4,72,35.44
0207,4,73,36.0
0207,4,74,36.57
0207,4,75,37.13
0207,4,76,37.7
0207,4,77,38.27
0207,4,78,38.83
0207,4,79,39.39
0207,4,80,39.96
0207,4,81,40.53
0207,4,82,41.1
0207,4,83,41.66
0207,4,84,42.22
0207,4,85,42.79
0207,4,86,43.36
0207,4,87,43.92
0207,4,88,44.49
0207,4,89,45.05
0207,4,90,45.62
0207,4,91,46.19
0207,4,92,46.75
0207,4,93,47.31
0207,4,94,47.89
0207,4,95,48.45
0207,4,96,49.01
0207,4,97,49.58
0207,4,98,50.14
0207,4,99,50.71
0207,4,100,51.28
0207,4,101,51.84
0207,4,102,52.41
0207,4,103,52.98
0207,4,104,53.54
0207,4,105,54.11
0207,4,106,54.67
0207,4,107,55.23
0207,4,108,55.8
0207,4,109,56.36
0207,4,110,56.94
0207,4,111,57.5
0207,4,112,58.06
0207,4,113,58.63
0207,4,114,59.2
0207,4,115,59.77
0207,4,116,60.33
0207,4,117,60.89
0207,4,118,61.46
0207,4,119,62.02
0207,4,120,62.59
0207,4,121,63.15
0207,4,122,63.73
0207,4,123,64.29
0207,4,124,64.85
0207,4,125,65.41
0207,4,126,65.98
0207,4,127,66.56
0207,4,128,67.12
0207,4,129,67.68
0207,4,130,68.25
0207,4,131,68.82
0207,4,132,69.38
0207,4,133,69.95
0207,4,134,70.51
0207,4,135,71.07
0207,4,136,71.64
0207,4,137,72.2
0207,4,138,72.78
0207,4,139,73.34
0207,4,140,73.9
0207,4,141,74.47
0207,4,142,75.04
0207,4,143,75.61
0207,4,144,76.17
0207,4,145,76.73
0207,4,146,77.3
0207,4,147,77.86
0207,4,148,78.43
0207,4,149,79.0
0207,4,150,79.56
0207,4,151,80.13
0207,4,152,80.7
0207,4,153,81.26
0207,4,154,81.83
0207,4,155,82.39
0207,4,156,82.96
0207,4,157,83.52
0207,4,158,84.08
0207,4,159,84.66
0207,4,160,85.22
0207,4,161,85.78
0207,4,162,86.36
0207,4,163,86.91
0207,4,164,87.48
0207,4,165,88.04
0207,4,166,88.61
0207,4,167,89.17
0207,4,168,89.74
0207,4,169,90.3
0207,4,170,90.87
0207,4,171,91.43
0207,4,172,92.0
0207,4,173,92.58
0207,4,174,93.14
0207,4,175,93.71
0207,4,176,94.27
0207,4,177,94.83
0207,4,178,95.4
0207,4,179,95.97
0207,4,180,96.54
0207,4,181,97.1
0207,4,182,97.67
0207,4,183,98.22
0207,4,184,98.79
0207,4,185,99.36
0207,4,186,99.92
0207,4,187,100.5
0207,4,188,101.07
0207,4,189,101.63
0207,4,190,102.19
0207,4,191,102.75
0207,4,192,103.33
0207,4,193,103.9
0207,4,194,104.45
0207,4,195,105.03
0207,4,196,105.58
0207,4,197,106.15
0207,4,198,106.71
0207,4,199,107.28
0207,4,200,107.86
0207,5,1,7.85
0207,5,2,7.85
0207,5,3,7.96
0207,5,4,8.17
0207,5,5,8.39
0207,5,6,8.6
0207,5,7,8.82
0207,5,8,9.04
0207,5,9,9.25
0207,5,10,9.47
0207,5,11,9.83
0207,5,12,10.18
0207,5,13,10.54
0207,5,14,10.9
0207,5,15,11.25
0207,5,16,11.61
0207,5,17,11.96
0207,5,18,12.32
0207,5,19,12.68
0207,5,20,13.03
0207,5,21,13.39
0207,5,22,13.74
0207,5,23,14.1
0207,5,24,14.46
0207,5,25,14.81
0207,5,26,15.17
0207,5,27,15.52
0207,5,28,15.88
0207,5,29,16.24
0207,5,30,16.59
0207,5,31,17.04
0207,5,32,17.49
0207,5,33,17.93
0207,5,34,18.38
0207,5,35,18.83
0207,5,36,19.28
0207,5,37,19.72
0207,5,38,20.17
0207,5,39,20.62
0207,5,40,21.06
0207,5,41,21.51
0207,5,42,21.96
0207,5,43,22.41
0207,5,44,22.85
0207,5,45,23.3
0207,5,46,23.74
0207,5,47,24.19
0207,5,48,24.64
0207,5,49,25.08
0207,5,50,25.54
0207,5,51,25.98
0207,5,52,26.43
0207,5,53,26.87
0207,5,54,27.32
0207,5,55,27.77
0207,5,56,28.22
0207,5,57,28.66
0207,5,58,29.11
0207,5,59,29.55
0207,5,60,30.0
0207,5,61,30.45
0207,5,62,30.9
0207,5,63,31.35
0207,5,64,31.79
0207,5,65,32.24
0207,5,66,32.68
0207,5,67,33.13
0207,5,68,33.58
0207,5,69,34.03
0207,5,70,34.47
0207,5,71,35.04
0207,5,72,35.6
0207,5,73,36.17
0207,5,74,36.74
0207,5,75,37.3
0207,5,76,37.87
0207,5,77,38.44
0207,5,78,39.0
0207,5,79,39.56
0207,5,80,40.13
0207,5,81,40.7
0207,5,82,41.26
0207,5,83,41.83
0207,5,84,42.39
0207,5,85,42.96
0207,5,86,43.52
0207,5,87,44.09
0207,5,88,44.66
0207,5,89,45.22
0207,5,90,45.79
0207,5,91,46.35
0207,5,92,46.92
0207,5,93,47.48
0207,5,94,48.05
0207,5,95,48.62
0207,5,96,49.18
0207,5,97,49.75
0207,5,98,50.32
0207,5,99,50.88
0207,5,100,51.44
0207,5,101,52.01
0207,5,102,52.58
0207,5,103,53.14
0207,5,104,53.7
0207,5,105,54.27
0207,5,106,54.84
0207,5,107,55.41
0207,5,108,55.97
0207,5,109,56.53
0207,5,110,57.1
0207,5,111,57.67
0207,5,112,58.23
0207,5,113,58.8
0207,5,114,59.37
0207,5,115,59.93
0207,5,116,60.5
0207,5,117,61.06
0207,5,118,61.63
0207,5,119,62.19
0207,5,120,62.76
0207,5,121,63.32
0207,5,122,63.89
0207,5,123,64.46
0207,5,124,65.02
0207,5,125,65.59
0207,5,126,66.15
0207,5,127,66.72
0207,5,128,67.29
0207,5,129,67.85
0207,5,130,68.41
0207,5,131,68.99
0207,5,132,69.55
0207,5,133,70.11
0207,5,134,70.68
0207,5,135,71.25
0207,5,136,71.81
0207,5,137,72.37
0207,5,138,72.93
0207,5,139,73.51
0207,5,140,74.07
0207,5,141,74.64
0207,5,142,75.21
0207,5,143,75.77
0207,5,144,76.33
0207,5,145,76.9
0207,5,146,77.47
0207,5,147,78.03
0207,5,148,78.59
0207,5,149,79.17
0207,5,150,79.73
0207,5,151,80.29
0207,5,152,80.86
0207,5,153,81.43
0207,5,154,81.99
0207,5,155,82.55
0207,5,156,83.13
0207,5,157,83.69
0207,5,158,84.26
0207,5,159,84.82
0207,5,160,85.38
0207,5,161,85.95
0207,5,162,86.53
0207,5,163,87.08
0207,5,164,87.65
0207,5,165,88.21
0207,5,166,88.79
0207,5,167,89.35
0207,5,168,89.92
0207,5,169,90.47
0207,5,170,91.05
0207,5,171,91.6
0207,5,172,92.17
0207,5,173,92.75
0207,5,174,93.3
0207,5,175,93.87
0207,5,176,94.44
0207,5,177,95.01
0207,5,178,95.57
0207,5,179,96.14
0207,5,180,96.69
0207,5,181,97.27
0207,5,182,97.82
0207,5,183,98.4
0207,5,184,98.96
0207,5,185,99.54
0207,5,186,100.1
0207,5,187,100.65
0207,5,188,101.23
0207,5,189,101.78
0207,5,190,102.36
0207,5,191,102.93
0207,5,192,103.5
0207,5,193,104.05
0207,5,194,104.63
0207,5,195,105.19
0207,5,196,105.75
0207,5,197,106.31
0207,5,198,106.89
0207,5,199,107.45
0207,5,200,108.01
0207,6,1,7.85
0207,6,2,7.91
0207,6,3,8.12
0207,6,4,8.34
0207,6,5,8.56
0207,6,6,8.77
0207,6,7,8.99
0207,6,8,9.2
0207,6,9,9.42
0207,6,10,9.64
0207,6,11,9.99
0207,6,12,10.35
0207,6,13,10.71
0207,6,14,11.06
0207,6,15,11.42
0207,6,16,11.77
0207,6,17,12.13
0207,6,18,12.49
0207,6,19,12.84
0207,6,20,13.2
0207,6,21,13.56
0207,6,22,13.91
0207,6,23,14.27
0207,6,24,14.62
0207,6,25,14.98
0207,6,26,15.34
0207,6,27,15.69
0207,6,28,16.05
0207,6,29,16.41
0207,6,30,16.76
0207,6,31,17.21
0207,6,32,17.66
0207,6,33,18.1
0207,6,34,18.55
0207,6,35,19.0
0207,6,36,19.44
0207,6,37,19.89
0207,6,38,20.34
0207,6,39,20.79
0207,6,40,21.23
0207,6,41,21.68
0207,6,42,22.13
0207,6,43,22.57
0207,6,44,23.02
0207,6,45,23.47
0207,6,46,23.91
0207,6,47,24.36
0207,6,48,24.81
0207,6,49,25.25
0207,6,50,25.7
0207,6,51,26.15
0207,6,52,26.6
0207,6,53,27.04
0207,6,54,27.49
0207,6,55,27.94
0207,6,56,28.38
0207,6,57,28.83
0207,6,58,29.28
0207,6,59,29.72
0207,6,60,30.17
0207,6,61,30.62
0207,6,62,31.07
0207,6,63,31.51
0207,6,64,31.96
0207,6,65,32.41
0207,6,66,32.85
0207,6,67,33.3
0207,6,68,33.75
0207,6,69,34.19
0207,6,70,34.64
0207,6,71,35.2
0207,6,72,35.78
0207,6,73,36.34
0207,6,74,36.9
0207,6,75,37.47
0207,6,76,38.04
0207,6,77,38.6
0207,6,78,39.17
0207,6,79,39.73
0207,6,80,40.3
0207,6,81,40.87
0207,6,82,41.43
0207,6,83,41.99
0207,6,84,42.56
0207,6,85,43.13
0207,6,86,43.69
0207,6,87,44.26
0207,6,88,44.82
0207,6,89,45.39
0207,6,90,45.96
0207,6,91,46.52
0207,6,92,47.08
0207,6,93,47.65
0207,6,94,48.22
0207,6,95,48.78
0207,6,96,49.35
0207,6,97,49.92
0207,6,98,50.48
0207,6,99,51.05
0207,6,100,51.61
0207,6,101,52.18
0207,6,102,52.74
0207,6,103,53.31
0207,6,104,53.87
0207,6,105,54.44
0207,6,106,55.0
0207,6,107,55.57
0207,6,108,56.14
0207,6,109,56.7
0207,6,110,57.27
0207,6,111,57.83
0207,6,112,58.4
0207,6,113,58.97
0207,6,114,59.54
0207,6,115,60.1
0207,6,116,60.67
0207,6,117,61.23
0207,6,118,61.8
0207,6,119,62.37
0207,6,120,62.92
0207,6,121,63.49
0207,6,122,64.06
0207,6,123,64.63
0207,6,124,65.19
0207,6,125,65.76
0207,6,126,66.32
0207,6,127,66.88
0207,6,128,67.45
0207,6,129,68.01
0207,6,130,68.58
0207,6,131,69.15
0207,6,132,69.71
0207,6,133,70.27
0207,6,134,70.84
0207,6,135,71.41
0207,6,136,71.97
0207,6,137,72.54
0207,6,138,73.11
0207,6,139,73.67
0207,6,140,74.24
0207,6,141,74.81
0207,6,142,75.37
0207,6,143,75.94
0207,6,144,76.5
0207,6,145,77.07
0207,6,146,77.63
0207,6,147,78.2
0207,6,148,78.77
0207,6,149,79.33
0207,6,150,79.9
0207,6,151,80.46
0207,6,152,81.03
0207,6,153,81.59
0207,6,154,82.15
0207,6,155,82.72
0207,6,156,83.3
0207,6,157,83.86
0207,6,158,84.42
0207,6,159,85.0
0207,6,160,85.55
0207,6,161,86.12
0207,6,162,86.68
0207,6,163,87.26
0207,6,164,87.82
0207,6,165,88.37
0207,6,166,88.95
0207,6,167,89.51
0207,6,168,90.07
0207,6,169,90.65
0207,6,170,91.21
0207,6,171,91.77
0207,6,172,92.35
0207,6,173,92.92
0207,6,174,93.48
0207,6,175,94.03
0207,6,176,94.6
0207,6,177,95.16
0207,6,178,95.73
0207,6,179,96.3
0207,6,180,96.87
0207,6,181,97.43
0207,6,182,98.01
0207,6,183,98.57
0207,6,184,99.14
0207,6,185,99.69
0207,6,186,100.26
0207,6,187,100.83
0207,6,188,101.4
0207,6,189,101.97
0207,6,190,102.52
0207,6,191,103.08
0207,6,192,103.65
0207,6,193,104.23
0207,6,194,104.78
0207,6,195,105.36
0207,6,196,105.93
0207,6,197,106.49
0207,6,198,107.05
0207,6,199,107.61
0207,6,200,108.19
0207,7,1,7.86
0207,7,2,8.07
0207,7,3,8.29
0207,7,4,8.51
0207,7,5,8.72
0207,7,6,8.94
0207,7,7,9.16
0207,7,8,9.37
0207,7,9,9.59
0207,7,10,9.81
0207,7,11,10.16
0207,7,12,10.52
0207,7,13,10.87
0207,7,14,11.23
0207,7,15,11.59
0207,7,16,11.94
0207,7,17,12.3
0207,7,18,12.65
0207,7,19,13.01
0207,7,20,13.37
0207,7,21,13.72
0207,7,22,14.08
0207,7,23,14.44
0207,7,24,14.79
0207,7,25,15.15
0207,7,26,15.51
0207,7,27,15.86
0207,7,28,16.22
0207,7,29,16.57
0207,7,30,16.93
0207,7,31,17.38
0207,7,32,17.82
0207,7,33,18.27
0207,7,34,18.72
0207,7,35,19.17
0207,7,36,19.61
0207,7,37,20.06
0207,7,38,20.51
0207,7,39,20.95
0207,7,40,21.4
0207,7,41,21.85
0207,7,42,22.29
0207,7,43,22.74
0207,7,44,23.19
0207,7,45,23.64
0207,7,46,24.08
0207,7,47,24.53
0207,7,48,24.97
0207,7,49,25.42
0207,7,50,25.87
0207,7,51,26.31
0207,7,52,26.76
0207,7,53,27.21
0207,7,54,27.65
0207,7,55,28.11
0207,7,56,28.55
0207,7,57,29.0
0207,7,58,29.45
0207,7,59,29.89
0207,7,60,30.34
0207,7,61,30.79
0207,7,62,31.23
0207,7,63,31.68
0207,7,64,32.13
0207,7,65,32.57
0207,7,66,33.02
0207,7,67,33.46
0207,7,68,33.92
0207,7,69,34.36
0207,7,70,34.81
0207,7,71,35.37
0207,7,72,35.94
0207,7,73,36.51
0207,7,74,37.07
0207,7,75,37.64
0207,7,76,38.2
0207,7,77,38.77
0207,7,78,39.33
0207,7,79,39.9
0207,7,80,40.46
0207,7,81,41.03
0207,7,82,41.59
0207,7,83,42.16
0207,7,84,42.73
0207,7,85,43.3
0207,7,86,43.86
0207,7,87,44.42
0207,7,88,44.99
0207,7,89,45.56
0207,7,90,46.13
0207,7,91,46.68
0207,7,92,47.25
0207,7,93,47.82
0207,7,94,48.38
0207,7,95,48.95
0207,7,96,49.51
0207,7,97,50.08
0207,7,98,50.65
0207,7,99,51.21
0207,7,100,51.77
0207,7,101,52.34
0207,7,102,52.92
0207,7,103,53.48
0207,7,104,54.04
0207,7,105,54.61
0207,7,106,55.17
0207,7,107,55.74
0207,7,108,56.3
0207,7,109,56.87
0207,7,110,57.43
0207,7,111,58.0
0207,7,112,58.57
0207,7,113,59.13
0207,7,114,59.7
0207,7,115,60.26
0207,7,116,60.82
0207,7,117,61.4
0207,7,118,61.96
0207,7,119,62.53
0207,7,120,63.09
0207,7,121,63.66
0207,7,122,64.22
0207,7,123,64.8
0207,7,124,65.35
0207,7,125,65.92
0207,7,126,66.48
0207,7,127,67.05
0207,7,128,67.62
0207,7,129,68.18
0207,7,130,68.75
0207,7,131,69.32
0207,7,132,69.89
0207,7,133,70.45
0207,7,134,71.02
0207,7,135,71.59
0207,7,136,72.15
0207,7,137,72.72
0207,7,138,73.28
0207,7,139,73.85
0207,7,140,74.41
0207,7,141,74.97
0207,7,142,75.54
0207,7,143,76.11
0207,7,144,76.67
0207,7,145,77.23
0207,7,146,77.79
0207,7,147,78.37
0207,7,148,78.93
0207,7,149,79.5
0207,7,150,80.07
0207,7,151,80.64
0207,7,152,81.2
0207,7,153,81.76
0207,7,154,82.33
0207,7,155,82.89
0207,7,156,83.45
0207,7,157,84.02
0207,7,158,84.59
0207,7,159,85.15
0207,7,160,85.72
0207,7,161,86.28
0207,7,162,86.85
0207,7,163,87.41
0207,7,164,87.98
0207,7,165,88.54
0207,7,166,89.12
0207,7,167,89.68
0207,7,168,90.24
0207,7,169,90.81
0207,7,170,91.39
0207,7,171,91.94
0207,7,172,92.52
0207,7,173,93.08
0207,7,174,93.64
0207,7,175,94.2
0207,7,176,94.78
0207,7,177,95.34
0207,7,178,95.9
0207,7,179,96.48
0207,7,180,97.04
0207,7,181,97.61
0207,7,182,98.17
0207,7,183,98.73
0207,7,184,99.3
0207,7,185,99.86
0207,7,186,100.42
0207,7,187,100.99
0207,7,188,101.56
0207,7,189,102.12
0207,7,190,102.69
0207,7,191,103.25
0207,7,192,103.83
0207,7,193,104.39
0207,7,194,104.95
0207,7,195,105.53
0207,7,196,106.08
0207,7,197,106.65
0207,7,198,107.21
0207,7,199,107.77
0207,7,200,108.36
0207,8,1,8.02
0207,8,2,8.24
0207,8,3,8.46
0207,8,4,8.67
0207,8,5,8.89
0207,8,6,9.11
0207,8,7,9.32
0207,8,8,9.54
0207,8,9,9.76
0207,8,10,9.97
0207,8,11,10.33
0207,8,12,10.69
0207,8,13,11.04
0207,8,14,11.4
0207,8,15,11.76
0207,8,16,12.11
0207,8,17,12.47
0207,8,18,12.82
0207,8,19,13.18
0207,8,20,13.53
0207,8,21,13.89
0207,8,22,14.25
0207,8,23,14.6
0207,8,24,14.96
0207,8,25,15.32
0207,8,26,15.67
0207,8,27,16.03
0207,8,28,16.39
0207,8,29,16.74
0207,8,30,17.1
0207,8,31,17.54
0207,8,32,17.99
0207,8,33,18.44
0207,8,34,18.88
0207,8,35,19.33
0207,8,36,19.78
0207,8,37,20.22
0207,8,38,20.67
0207,8,39,21.12
0207,8,40,21.56
0207,8,41,22.01
0207,8,42,22.46
0207,8,43,22.91
0207,8,44,23.35
0207,8,45,23.8
0207,8,46,24.25
0207,8,47,24.69
0207,8,48,25.14
0207,8,49,25.59
0207,8,50,26.03
0207,8,51,26.48
0207,8,52,26.93
0207,8,53,27.38
0207,8,54,27.83
0207,8,55,28.27
0207,8,56,28.72
0207,8,57,29.17
0207,8,58,29.61
0207,8,59,30.06
0207,8,60,30.5
0207,8,61,30.96
0207,8,62,31.4
0207,8,63,31.85
0207,8,64,32.29
0207,8,65,32.74
0207,8,66,33.19
0207,8,67,33.63
0207,8,68,34.08
0207,8,69,34.53
0207,8,70,34.97
0207,8,71,35.54
0207,8,72,36.11
0207,8,73,36.68
0207,8,74,37.24
0207,8,75,37.81
0207,8,76,38.37
0207,8,77,38.94
0207,8,78,39.5
0207,8,79,40.07
0207,8,80,40.64
0207,8,81,41.2
0207,8,82,41.76
0207,8,83,42.33
0207,8,84,42.89
0207,8,85,43.46
0207,8,86,44.02
0207,8,87,44.59
0207,8,88,45.16
0207,8,89,45.73
0207,8,90,46.29
0207,8,91,46.86
0207,8,92,47.42
0207,8,93,47.99
0207,8,94,48.55
0207,8,95,49.12
0207,8,96,49.68
0207,8,97,50.25
0207,8,98,50.82
0207,8,99,51.38
0207,8,100,51.95
0207,8,101,52.51
0207,8,102,53.08
0207,8,103,53.65
0207,8,104,54.21
0207,8,105,54.77
0207,8,106,55.34
0207,8,107,55.9
0207,8,108,56.47
0207,8,109,57.04
0207,8,110,57.6
0207,8,111,58.17
0207,8,112,58.74
0207,8,113,59.3
0207,8,114,59.87
0207,8,115,60.43
0207,8,116,61.0
0207,8,117,61.57
0207,8,118,62.13
0207,8,119,62.7
0207,8,120,63.26
0207,8,121,63.83
0207,8,122,64.4
0207,8,123,64.96
0207,8,124,65.53
0207,8,125,66.1
0207,8,126,66.65
0207,8,127,67.22
0207,8,128,67.79
0207,8,129,68.35
0207,8,130,68.92
0207,8,131,69.48
0207,8,132,70.05
0207,8,133,70.61
0207,8,134,71.18
0207,8,135,71.75
0207,8,136,72.31
0207,8,137,72.89
0207,8,138,73.45
0207,8,139,74.01
0207,8,140,74.57
0207,8,141,75.14
0207,8,142,75.71
0207,8,143,76.26
0207,8,144,76.84
0207,8,145,77.4
0207,8,146,77.97
0207,8,147,78.53
0207,8,148,79.1
0207,8,149,79.66
0207,8,150,80.24
0207,8,151,80.79
0207,8,152,81.36
0207,8,153,81.92
0207,8,154,82.49
0207,8,155,83.06
0207,8,156,83.62
0207,8,157,84.2
0207,8,158,84.76
0207,8,159,85.33
0207,8,160,85.89
0207,8,161,86.45
0207,8,162,87.01
0207,8,163,87.59
0207,8,164,88.16
0207,8,165,88.72
0207,8,166,89.29
0207,8,167,89.85
0207,8,168,90.41
0207,8,169,90.99
0207,8,170,91.55
0207,8,171,92.11
0207,8,172,92.68
0207,8,173,93.25
0207,8,174,93.8
0207,8,175,94.37
0207,8,176,94.94
0207,8,177,95.51
0207,8,178,96.06
0207,8,179,96.64
0207,8,180,97.21
0207,8,181,97.76
0207,8,182,98.33
0207,8,183,98.9
0207,8,184,99.46
0207,8,185,100.02
0207,8,186,100.61
0207,8,187,101.17
0207,8,188,101.74
0207,8,189,102.3
0207,8,190,102.85
0207,8,191,103.42
0207,8,192,103.98
0207,8,193,104.56
0207,8,194,105.12
0207,8,195,105.68
0207,8,196,106.25
0207,8,197,106.83
0207,8,198,107.39
0207,8,199,107.95
0207,8,200,108.51
